{
	"credit": "Made with Blockbench",
	"textures": {
		"0": "items/3d/halo (29)",
		"particle": "items/3d/halo (29)"
	},
	"elements": [
		{
			"name": "halo (29)_0",
			"from": [0.75, 0, 0.75],
			"to": [8.75, 0.25, 1],
			"faces": {
				"north": {"uv": [8.75, 0.75, 0.75, 1], "texture": "#0"},
				"east": {"uv": [8.5, 0.75, 8.75, 1], "rotation": 90, "texture": "#0"},
				"south": {"uv": [0.75, 0.75, 8.75, 1], "texture": "#0"},
				"west": {"uv": [0.75, 0.75, 1, 1], "rotation": 270, "texture": "#0"},
				"up": {"uv": [0.75, 0.75, 8.75, 1], "texture": "#0"},
				"down": {"uv": [0.75, 1, 8.75, 0.75], "texture": "#0"}
			}
		},
		{
			"name": "halo (29)_1",
			"from": [0.75, 0, 1],
			"to": [8.75, 0.25, 1.25],
			"faces": {
				"north": {"uv": [8.75, 1, 0.75, 1.25], "texture": "#0"},
				"east": {"uv": [8.5, 1, 8.75, 1.25], "rotation": 90, "texture": "#0"},
				"south": {"uv": [0.75, 1, 8.75, 1.25], "texture": "#0"},
				"west": {"uv": [0.75, 1, 1, 1.25], "rotation": 270, "texture": "#0"},
				"up": {"uv": [0.75, 1, 8.75, 1.25], "texture": "#0"},
				"down": {"uv": [0.75, 1.25, 8.75, 1], "texture": "#0"}
			}
		},
		{
			"name": "halo (29)_2",
			"from": [0.75, 0, 1.25],
			"to": [8.75, 0.25, 1.5],
			"faces": {
				"north": {"uv": [8.75, 1.25, 0.75, 1.5], "texture": "#0"},
				"east": {"uv": [8.5, 1.25, 8.75, 1.5], "rotation": 90, "texture": "#0"},
				"south": {"uv": [0.75, 1.25, 8.75, 1.5], "texture": "#0"},
				"west": {"uv": [0.75, 1.25, 1, 1.5], "rotation": 270, "texture": "#0"},
				"up": {"uv": [0.75, 1.25, 8.75, 1.5], "texture": "#0"},
				"down": {"uv": [0.75, 1.5, 8.75, 1.25], "texture": "#0"}
			}
		},
		{
			"name": "halo (29)_3",
			"from": [0.75, 0, 1.5],
			"to": [8.75, 0.25, 1.75],
			"faces": {
				"north": {"uv": [8.75, 1.5, 0.75, 1.75], "texture": "#0"},
				"east": {"uv": [8.5, 1.5, 8.75, 1.75], "rotation": 90, "texture": "#0"},
				"south": {"uv": [0.75, 1.5, 8.75, 1.75], "texture": "#0"},
				"west": {"uv": [0.75, 1.5, 1, 1.75], "rotation": 270, "texture": "#0"},
				"up": {"uv": [0.75, 1.5, 8.75, 1.75], "texture": "#0"},
				"down": {"uv": [0.75, 1.75, 8.75, 1.5], "texture": "#0"}
			}
		},
		{
			"name": "halo (29)_4",
			"from": [0.75, 0, 1.75],
			"to": [1.75, 0.25, 2],
			"faces": {
				"north": {"uv": [1.75, 1.75, 0.75, 2], "texture": "#0"},
				"east": {"uv": [1.5, 1.75, 1.75, 2], "rotation": 90, "texture": "#0"},
				"south": {"uv": [0.75, 1.75, 1.75, 2], "texture": "#0"},
				"west": {"uv": [0.75, 1.75, 1, 2], "rotation": 270, "texture": "#0"},
				"up": {"uv": [0.75, 1.75, 1.75, 2], "texture": "#0"},
				"down": {"uv": [0.75, 2, 1.75, 1.75], "texture": "#0"}
			}
		},
		{
			"name": "halo (29)_5",
			"from": [7.75, 0, 1.75],
			"to": [8.75, 0.25, 2],
			"faces": {
				"north": {"uv": [8.75, 1.75, 7.75, 2], "texture": "#0"},
				"east": {"uv": [8.5, 1.75, 8.75, 2], "rotation": 90, "texture": "#0"},
				"south": {"uv": [7.75, 1.75, 8.75, 2], "texture": "#0"},
				"west": {"uv": [7.75, 1.75, 8, 2], "rotation": 270, "texture": "#0"},
				"up": {"uv": [7.75, 1.75, 8.75, 2], "texture": "#0"},
				"down": {"uv": [7.75, 2, 8.75, 1.75], "texture": "#0"}
			}
		},
		{
			"name": "halo (29)_6",
			"from": [0.75, 0, 2],
			"to": [1.75, 0.25, 2.25],
			"faces": {
				"north": {"uv": [1.75, 2, 0.75, 2.25], "texture": "#0"},
				"east": {"uv": [1.5, 2, 1.75, 2.25], "rotation": 90, "texture": "#0"},
				"south": {"uv": [0.75, 2, 1.75, 2.25], "texture": "#0"},
				"west": {"uv": [0.75, 2, 1, 2.25], "rotation": 270, "texture": "#0"},
				"up": {"uv": [0.75, 2, 1.75, 2.25], "texture": "#0"},
				"down": {"uv": [0.75, 2.25, 1.75, 2], "texture": "#0"}
			}
		},
		{
			"name": "halo (29)_7",
			"from": [7.75, 0, 2],
			"to": [8.75, 0.25, 2.25],
			"faces": {
				"north": {"uv": [8.75, 2, 7.75, 2.25], "texture": "#0"},
				"east": {"uv": [8.5, 2, 8.75, 2.25], "rotation": 90, "texture": "#0"},
				"south": {"uv": [7.75, 2, 8.75, 2.25], "texture": "#0"},
				"west": {"uv": [7.75, 2, 8, 2.25], "rotation": 270, "texture": "#0"},
				"up": {"uv": [7.75, 2, 8.75, 2.25], "texture": "#0"},
				"down": {"uv": [7.75, 2.25, 8.75, 2], "texture": "#0"}
			}
		},
		{
			"name": "halo (29)_8",
			"from": [0.75, 0, 2.25],
			"to": [1.75, 0.25, 2.5],
			"faces": {
				"north": {"uv": [1.75, 2.25, 0.75, 2.5], "texture": "#0"},
				"east": {"uv": [1.5, 2.25, 1.75, 2.5], "rotation": 90, "texture": "#0"},
				"south": {"uv": [0.75, 2.25, 1.75, 2.5], "texture": "#0"},
				"west": {"uv": [0.75, 2.25, 1, 2.5], "rotation": 270, "texture": "#0"},
				"up": {"uv": [0.75, 2.25, 1.75, 2.5], "texture": "#0"},
				"down": {"uv": [0.75, 2.5, 1.75, 2.25], "texture": "#0"}
			}
		},
		{
			"name": "halo (29)_9",
			"from": [7.75, 0, 2.25],
			"to": [8.75, 0.25, 2.5],
			"faces": {
				"north": {"uv": [8.75, 2.25, 7.75, 2.5], "texture": "#0"},
				"east": {"uv": [8.5, 2.25, 8.75, 2.5], "rotation": 90, "texture": "#0"},
				"south": {"uv": [7.75, 2.25, 8.75, 2.5], "texture": "#0"},
				"west": {"uv": [7.75, 2.25, 8, 2.5], "rotation": 270, "texture": "#0"},
				"up": {"uv": [7.75, 2.25, 8.75, 2.5], "texture": "#0"},
				"down": {"uv": [7.75, 2.5, 8.75, 2.25], "texture": "#0"}
			}
		},
		{
			"name": "halo (29)_10",
			"from": [0.75, 0, 2.5],
			"to": [1.75, 0.25, 2.75],
			"faces": {
				"north": {"uv": [1.75, 2.5, 0.75, 2.75], "texture": "#0"},
				"east": {"uv": [1.5, 2.5, 1.75, 2.75], "rotation": 90, "texture": "#0"},
				"south": {"uv": [0.75, 2.5, 1.75, 2.75], "texture": "#0"},
				"west": {"uv": [0.75, 2.5, 1, 2.75], "rotation": 270, "texture": "#0"},
				"up": {"uv": [0.75, 2.5, 1.75, 2.75], "texture": "#0"},
				"down": {"uv": [0.75, 2.75, 1.75, 2.5], "texture": "#0"}
			}
		},
		{
			"name": "halo (29)_11",
			"from": [7.75, 0, 2.5],
			"to": [8.75, 0.25, 2.75],
			"faces": {
				"north": {"uv": [8.75, 2.5, 7.75, 2.75], "texture": "#0"},
				"east": {"uv": [8.5, 2.5, 8.75, 2.75], "rotation": 90, "texture": "#0"},
				"south": {"uv": [7.75, 2.5, 8.75, 2.75], "texture": "#0"},
				"west": {"uv": [7.75, 2.5, 8, 2.75], "rotation": 270, "texture": "#0"},
				"up": {"uv": [7.75, 2.5, 8.75, 2.75], "texture": "#0"},
				"down": {"uv": [7.75, 2.75, 8.75, 2.5], "texture": "#0"}
			}
		},
		{
			"name": "halo (29)_12",
			"from": [0.75, 0, 2.75],
			"to": [1.75, 0.25, 3],
			"faces": {
				"north": {"uv": [1.75, 2.75, 0.75, 3], "texture": "#0"},
				"east": {"uv": [1.5, 2.75, 1.75, 3], "rotation": 90, "texture": "#0"},
				"south": {"uv": [0.75, 2.75, 1.75, 3], "texture": "#0"},
				"west": {"uv": [0.75, 2.75, 1, 3], "rotation": 270, "texture": "#0"},
				"up": {"uv": [0.75, 2.75, 1.75, 3], "texture": "#0"},
				"down": {"uv": [0.75, 3, 1.75, 2.75], "texture": "#0"}
			}
		},
		{
			"name": "halo (29)_13",
			"from": [7.75, 0, 2.75],
			"to": [8.75, 0.25, 3],
			"faces": {
				"north": {"uv": [8.75, 2.75, 7.75, 3], "texture": "#0"},
				"east": {"uv": [8.5, 2.75, 8.75, 3], "rotation": 90, "texture": "#0"},
				"south": {"uv": [7.75, 2.75, 8.75, 3], "texture": "#0"},
				"west": {"uv": [7.75, 2.75, 8, 3], "rotation": 270, "texture": "#0"},
				"up": {"uv": [7.75, 2.75, 8.75, 3], "texture": "#0"},
				"down": {"uv": [7.75, 3, 8.75, 2.75], "texture": "#0"}
			}
		},
		{
			"name": "halo (29)_14",
			"from": [0.75, 0, 3],
			"to": [1.75, 0.25, 3.25],
			"faces": {
				"north": {"uv": [1.75, 3, 0.75, 3.25], "texture": "#0"},
				"east": {"uv": [1.5, 3, 1.75, 3.25], "rotation": 90, "texture": "#0"},
				"south": {"uv": [0.75, 3, 1.75, 3.25], "texture": "#0"},
				"west": {"uv": [0.75, 3, 1, 3.25], "rotation": 270, "texture": "#0"},
				"up": {"uv": [0.75, 3, 1.75, 3.25], "texture": "#0"},
				"down": {"uv": [0.75, 3.25, 1.75, 3], "texture": "#0"}
			}
		},
		{
			"name": "halo (29)_15",
			"from": [7.75, 0, 3],
			"to": [8.75, 0.25, 3.25],
			"faces": {
				"north": {"uv": [8.75, 3, 7.75, 3.25], "texture": "#0"},
				"east": {"uv": [8.5, 3, 8.75, 3.25], "rotation": 90, "texture": "#0"},
				"south": {"uv": [7.75, 3, 8.75, 3.25], "texture": "#0"},
				"west": {"uv": [7.75, 3, 8, 3.25], "rotation": 270, "texture": "#0"},
				"up": {"uv": [7.75, 3, 8.75, 3.25], "texture": "#0"},
				"down": {"uv": [7.75, 3.25, 8.75, 3], "texture": "#0"}
			}
		},
		{
			"name": "halo (29)_16",
			"from": [0.75, 0, 3.25],
			"to": [1.75, 0.25, 3.5],
			"faces": {
				"north": {"uv": [1.75, 3.25, 0.75, 3.5], "texture": "#0"},
				"east": {"uv": [1.5, 3.25, 1.75, 3.5], "rotation": 90, "texture": "#0"},
				"south": {"uv": [0.75, 3.25, 1.75, 3.5], "texture": "#0"},
				"west": {"uv": [0.75, 3.25, 1, 3.5], "rotation": 270, "texture": "#0"},
				"up": {"uv": [0.75, 3.25, 1.75, 3.5], "texture": "#0"},
				"down": {"uv": [0.75, 3.5, 1.75, 3.25], "texture": "#0"}
			}
		},
		{
			"name": "halo (29)_17",
			"from": [7.75, 0, 3.25],
			"to": [8.75, 0.25, 3.5],
			"faces": {
				"north": {"uv": [8.75, 3.25, 7.75, 3.5], "texture": "#0"},
				"east": {"uv": [8.5, 3.25, 8.75, 3.5], "rotation": 90, "texture": "#0"},
				"south": {"uv": [7.75, 3.25, 8.75, 3.5], "texture": "#0"},
				"west": {"uv": [7.75, 3.25, 8, 3.5], "rotation": 270, "texture": "#0"},
				"up": {"uv": [7.75, 3.25, 8.75, 3.5], "texture": "#0"},
				"down": {"uv": [7.75, 3.5, 8.75, 3.25], "texture": "#0"}
			}
		},
		{
			"name": "halo (29)_18",
			"from": [0.75, 0, 3.5],
			"to": [1.75, 0.25, 3.75],
			"faces": {
				"north": {"uv": [1.75, 3.5, 0.75, 3.75], "texture": "#0"},
				"east": {"uv": [1.5, 3.5, 1.75, 3.75], "rotation": 90, "texture": "#0"},
				"south": {"uv": [0.75, 3.5, 1.75, 3.75], "texture": "#0"},
				"west": {"uv": [0.75, 3.5, 1, 3.75], "rotation": 270, "texture": "#0"},
				"up": {"uv": [0.75, 3.5, 1.75, 3.75], "texture": "#0"},
				"down": {"uv": [0.75, 3.75, 1.75, 3.5], "texture": "#0"}
			}
		},
		{
			"name": "halo (29)_19",
			"from": [7.75, 0, 3.5],
			"to": [8.75, 0.25, 3.75],
			"faces": {
				"north": {"uv": [8.75, 3.5, 7.75, 3.75], "texture": "#0"},
				"east": {"uv": [8.5, 3.5, 8.75, 3.75], "rotation": 90, "texture": "#0"},
				"south": {"uv": [7.75, 3.5, 8.75, 3.75], "texture": "#0"},
				"west": {"uv": [7.75, 3.5, 8, 3.75], "rotation": 270, "texture": "#0"},
				"up": {"uv": [7.75, 3.5, 8.75, 3.75], "texture": "#0"},
				"down": {"uv": [7.75, 3.75, 8.75, 3.5], "texture": "#0"}
			}
		},
		{
			"name": "halo (29)_20",
			"from": [0.75, 0, 3.75],
			"to": [1.75, 0.25, 4],
			"faces": {
				"north": {"uv": [1.75, 3.75, 0.75, 4], "texture": "#0"},
				"east": {"uv": [1.5, 3.75, 1.75, 4], "rotation": 90, "texture": "#0"},
				"south": {"uv": [0.75, 3.75, 1.75, 4], "texture": "#0"},
				"west": {"uv": [0.75, 3.75, 1, 4], "rotation": 270, "texture": "#0"},
				"up": {"uv": [0.75, 3.75, 1.75, 4], "texture": "#0"},
				"down": {"uv": [0.75, 4, 1.75, 3.75], "texture": "#0"}
			}
		},
		{
			"name": "halo (29)_21",
			"from": [7.75, 0, 3.75],
			"to": [8.75, 0.25, 4],
			"faces": {
				"north": {"uv": [8.75, 3.75, 7.75, 4], "texture": "#0"},
				"east": {"uv": [8.5, 3.75, 8.75, 4], "rotation": 90, "texture": "#0"},
				"south": {"uv": [7.75, 3.75, 8.75, 4], "texture": "#0"},
				"west": {"uv": [7.75, 3.75, 8, 4], "rotation": 270, "texture": "#0"},
				"up": {"uv": [7.75, 3.75, 8.75, 4], "texture": "#0"},
				"down": {"uv": [7.75, 4, 8.75, 3.75], "texture": "#0"}
			}
		},
		{
			"name": "halo (29)_22",
			"from": [0.75, 0, 4],
			"to": [1.75, 0.25, 4.25],
			"faces": {
				"north": {"uv": [1.75, 4, 0.75, 4.25], "texture": "#0"},
				"east": {"uv": [1.5, 4, 1.75, 4.25], "rotation": 90, "texture": "#0"},
				"south": {"uv": [0.75, 4, 1.75, 4.25], "texture": "#0"},
				"west": {"uv": [0.75, 4, 1, 4.25], "rotation": 270, "texture": "#0"},
				"up": {"uv": [0.75, 4, 1.75, 4.25], "texture": "#0"},
				"down": {"uv": [0.75, 4.25, 1.75, 4], "texture": "#0"}
			}
		},
		{
			"name": "halo (29)_23",
			"from": [7.75, 0, 4],
			"to": [8.75, 0.25, 4.25],
			"faces": {
				"north": {"uv": [8.75, 4, 7.75, 4.25], "texture": "#0"},
				"east": {"uv": [8.5, 4, 8.75, 4.25], "rotation": 90, "texture": "#0"},
				"south": {"uv": [7.75, 4, 8.75, 4.25], "texture": "#0"},
				"west": {"uv": [7.75, 4, 8, 4.25], "rotation": 270, "texture": "#0"},
				"up": {"uv": [7.75, 4, 8.75, 4.25], "texture": "#0"},
				"down": {"uv": [7.75, 4.25, 8.75, 4], "texture": "#0"}
			}
		},
		{
			"name": "halo (29)_24",
			"from": [0.75, 0, 4.25],
			"to": [1.75, 0.25, 4.5],
			"faces": {
				"north": {"uv": [1.75, 4.25, 0.75, 4.5], "texture": "#0"},
				"east": {"uv": [1.5, 4.25, 1.75, 4.5], "rotation": 90, "texture": "#0"},
				"south": {"uv": [0.75, 4.25, 1.75, 4.5], "texture": "#0"},
				"west": {"uv": [0.75, 4.25, 1, 4.5], "rotation": 270, "texture": "#0"},
				"up": {"uv": [0.75, 4.25, 1.75, 4.5], "texture": "#0"},
				"down": {"uv": [0.75, 4.5, 1.75, 4.25], "texture": "#0"}
			}
		},
		{
			"name": "halo (29)_25",
			"from": [7.75, 0, 4.25],
			"to": [8.75, 0.25, 4.5],
			"faces": {
				"north": {"uv": [8.75, 4.25, 7.75, 4.5], "texture": "#0"},
				"east": {"uv": [8.5, 4.25, 8.75, 4.5], "rotation": 90, "texture": "#0"},
				"south": {"uv": [7.75, 4.25, 8.75, 4.5], "texture": "#0"},
				"west": {"uv": [7.75, 4.25, 8, 4.5], "rotation": 270, "texture": "#0"},
				"up": {"uv": [7.75, 4.25, 8.75, 4.5], "texture": "#0"},
				"down": {"uv": [7.75, 4.5, 8.75, 4.25], "texture": "#0"}
			}
		},
		{
			"name": "halo (29)_26",
			"from": [0.75, 0, 4.5],
			"to": [1.75, 0.25, 4.75],
			"faces": {
				"north": {"uv": [1.75, 4.5, 0.75, 4.75], "texture": "#0"},
				"east": {"uv": [1.5, 4.5, 1.75, 4.75], "rotation": 90, "texture": "#0"},
				"south": {"uv": [0.75, 4.5, 1.75, 4.75], "texture": "#0"},
				"west": {"uv": [0.75, 4.5, 1, 4.75], "rotation": 270, "texture": "#0"},
				"up": {"uv": [0.75, 4.5, 1.75, 4.75], "texture": "#0"},
				"down": {"uv": [0.75, 4.75, 1.75, 4.5], "texture": "#0"}
			}
		},
		{
			"name": "halo (29)_27",
			"from": [7.75, 0, 4.5],
			"to": [8.75, 0.25, 4.75],
			"faces": {
				"north": {"uv": [8.75, 4.5, 7.75, 4.75], "texture": "#0"},
				"east": {"uv": [8.5, 4.5, 8.75, 4.75], "rotation": 90, "texture": "#0"},
				"south": {"uv": [7.75, 4.5, 8.75, 4.75], "texture": "#0"},
				"west": {"uv": [7.75, 4.5, 8, 4.75], "rotation": 270, "texture": "#0"},
				"up": {"uv": [7.75, 4.5, 8.75, 4.75], "texture": "#0"},
				"down": {"uv": [7.75, 4.75, 8.75, 4.5], "texture": "#0"}
			}
		},
		{
			"name": "halo (29)_28",
			"from": [0.75, 0, 4.75],
			"to": [1.75, 0.25, 5],
			"faces": {
				"north": {"uv": [1.75, 4.75, 0.75, 5], "texture": "#0"},
				"east": {"uv": [1.5, 4.75, 1.75, 5], "rotation": 90, "texture": "#0"},
				"south": {"uv": [0.75, 4.75, 1.75, 5], "texture": "#0"},
				"west": {"uv": [0.75, 4.75, 1, 5], "rotation": 270, "texture": "#0"},
				"up": {"uv": [0.75, 4.75, 1.75, 5], "texture": "#0"},
				"down": {"uv": [0.75, 5, 1.75, 4.75], "texture": "#0"}
			}
		},
		{
			"name": "halo (29)_29",
			"from": [7.75, 0, 4.75],
			"to": [8.75, 0.25, 5],
			"faces": {
				"north": {"uv": [8.75, 4.75, 7.75, 5], "texture": "#0"},
				"east": {"uv": [8.5, 4.75, 8.75, 5], "rotation": 90, "texture": "#0"},
				"south": {"uv": [7.75, 4.75, 8.75, 5], "texture": "#0"},
				"west": {"uv": [7.75, 4.75, 8, 5], "rotation": 270, "texture": "#0"},
				"up": {"uv": [7.75, 4.75, 8.75, 5], "texture": "#0"},
				"down": {"uv": [7.75, 5, 8.75, 4.75], "texture": "#0"}
			}
		},
		{
			"name": "halo (29)_30",
			"from": [0.75, 0, 5],
			"to": [1.75, 0.25, 5.25],
			"faces": {
				"north": {"uv": [1.75, 5, 0.75, 5.25], "texture": "#0"},
				"east": {"uv": [1.5, 5, 1.75, 5.25], "rotation": 90, "texture": "#0"},
				"south": {"uv": [0.75, 5, 1.75, 5.25], "texture": "#0"},
				"west": {"uv": [0.75, 5, 1, 5.25], "rotation": 270, "texture": "#0"},
				"up": {"uv": [0.75, 5, 1.75, 5.25], "texture": "#0"},
				"down": {"uv": [0.75, 5.25, 1.75, 5], "texture": "#0"}
			}
		},
		{
			"name": "halo (29)_31",
			"from": [7.75, 0, 5],
			"to": [8.75, 0.25, 5.25],
			"faces": {
				"north": {"uv": [8.75, 5, 7.75, 5.25], "texture": "#0"},
				"east": {"uv": [8.5, 5, 8.75, 5.25], "rotation": 90, "texture": "#0"},
				"south": {"uv": [7.75, 5, 8.75, 5.25], "texture": "#0"},
				"west": {"uv": [7.75, 5, 8, 5.25], "rotation": 270, "texture": "#0"},
				"up": {"uv": [7.75, 5, 8.75, 5.25], "texture": "#0"},
				"down": {"uv": [7.75, 5.25, 8.75, 5], "texture": "#0"}
			}
		},
		{
			"name": "halo (29)_32",
			"from": [0.75, 0, 5.25],
			"to": [1.75, 0.25, 5.5],
			"faces": {
				"north": {"uv": [1.75, 5.25, 0.75, 5.5], "texture": "#0"},
				"east": {"uv": [1.5, 5.25, 1.75, 5.5], "rotation": 90, "texture": "#0"},
				"south": {"uv": [0.75, 5.25, 1.75, 5.5], "texture": "#0"},
				"west": {"uv": [0.75, 5.25, 1, 5.5], "rotation": 270, "texture": "#0"},
				"up": {"uv": [0.75, 5.25, 1.75, 5.5], "texture": "#0"},
				"down": {"uv": [0.75, 5.5, 1.75, 5.25], "texture": "#0"}
			}
		},
		{
			"name": "halo (29)_33",
			"from": [7.75, 0, 5.25],
			"to": [8.75, 0.25, 5.5],
			"faces": {
				"north": {"uv": [8.75, 5.25, 7.75, 5.5], "texture": "#0"},
				"east": {"uv": [8.5, 5.25, 8.75, 5.5], "rotation": 90, "texture": "#0"},
				"south": {"uv": [7.75, 5.25, 8.75, 5.5], "texture": "#0"},
				"west": {"uv": [7.75, 5.25, 8, 5.5], "rotation": 270, "texture": "#0"},
				"up": {"uv": [7.75, 5.25, 8.75, 5.5], "texture": "#0"},
				"down": {"uv": [7.75, 5.5, 8.75, 5.25], "texture": "#0"}
			}
		},
		{
			"name": "halo (29)_34",
			"from": [0.75, 0, 5.5],
			"to": [1.75, 0.25, 5.75],
			"faces": {
				"north": {"uv": [1.75, 5.5, 0.75, 5.75], "texture": "#0"},
				"east": {"uv": [1.5, 5.5, 1.75, 5.75], "rotation": 90, "texture": "#0"},
				"south": {"uv": [0.75, 5.5, 1.75, 5.75], "texture": "#0"},
				"west": {"uv": [0.75, 5.5, 1, 5.75], "rotation": 270, "texture": "#0"},
				"up": {"uv": [0.75, 5.5, 1.75, 5.75], "texture": "#0"},
				"down": {"uv": [0.75, 5.75, 1.75, 5.5], "texture": "#0"}
			}
		},
		{
			"name": "halo (29)_35",
			"from": [7.75, 0, 5.5],
			"to": [8.75, 0.25, 5.75],
			"faces": {
				"north": {"uv": [8.75, 5.5, 7.75, 5.75], "texture": "#0"},
				"east": {"uv": [8.5, 5.5, 8.75, 5.75], "rotation": 90, "texture": "#0"},
				"south": {"uv": [7.75, 5.5, 8.75, 5.75], "texture": "#0"},
				"west": {"uv": [7.75, 5.5, 8, 5.75], "rotation": 270, "texture": "#0"},
				"up": {"uv": [7.75, 5.5, 8.75, 5.75], "texture": "#0"},
				"down": {"uv": [7.75, 5.75, 8.75, 5.5], "texture": "#0"}
			}
		},
		{
			"name": "halo (29)_36",
			"from": [0.75, 0, 5.75],
			"to": [1.75, 0.25, 6],
			"faces": {
				"north": {"uv": [1.75, 5.75, 0.75, 6], "texture": "#0"},
				"east": {"uv": [1.5, 5.75, 1.75, 6], "rotation": 90, "texture": "#0"},
				"south": {"uv": [0.75, 5.75, 1.75, 6], "texture": "#0"},
				"west": {"uv": [0.75, 5.75, 1, 6], "rotation": 270, "texture": "#0"},
				"up": {"uv": [0.75, 5.75, 1.75, 6], "texture": "#0"},
				"down": {"uv": [0.75, 6, 1.75, 5.75], "texture": "#0"}
			}
		},
		{
			"name": "halo (29)_37",
			"from": [7.75, 0, 5.75],
			"to": [8.75, 0.25, 6],
			"faces": {
				"north": {"uv": [8.75, 5.75, 7.75, 6], "texture": "#0"},
				"east": {"uv": [8.5, 5.75, 8.75, 6], "rotation": 90, "texture": "#0"},
				"south": {"uv": [7.75, 5.75, 8.75, 6], "texture": "#0"},
				"west": {"uv": [7.75, 5.75, 8, 6], "rotation": 270, "texture": "#0"},
				"up": {"uv": [7.75, 5.75, 8.75, 6], "texture": "#0"},
				"down": {"uv": [7.75, 6, 8.75, 5.75], "texture": "#0"}
			}
		},
		{
			"name": "halo (29)_38",
			"from": [0.75, 0, 6],
			"to": [1.75, 0.25, 6.25],
			"faces": {
				"north": {"uv": [1.75, 6, 0.75, 6.25], "texture": "#0"},
				"east": {"uv": [1.5, 6, 1.75, 6.25], "rotation": 90, "texture": "#0"},
				"south": {"uv": [0.75, 6, 1.75, 6.25], "texture": "#0"},
				"west": {"uv": [0.75, 6, 1, 6.25], "rotation": 270, "texture": "#0"},
				"up": {"uv": [0.75, 6, 1.75, 6.25], "texture": "#0"},
				"down": {"uv": [0.75, 6.25, 1.75, 6], "texture": "#0"}
			}
		},
		{
			"name": "halo (29)_39",
			"from": [7.75, 0, 6],
			"to": [8.75, 0.25, 6.25],
			"faces": {
				"north": {"uv": [8.75, 6, 7.75, 6.25], "texture": "#0"},
				"east": {"uv": [8.5, 6, 8.75, 6.25], "rotation": 90, "texture": "#0"},
				"south": {"uv": [7.75, 6, 8.75, 6.25], "texture": "#0"},
				"west": {"uv": [7.75, 6, 8, 6.25], "rotation": 270, "texture": "#0"},
				"up": {"uv": [7.75, 6, 8.75, 6.25], "texture": "#0"},
				"down": {"uv": [7.75, 6.25, 8.75, 6], "texture": "#0"}
			}
		},
		{
			"name": "halo (29)_40",
			"from": [0.75, 0, 6.25],
			"to": [1.75, 0.25, 6.5],
			"faces": {
				"north": {"uv": [1.75, 6.25, 0.75, 6.5], "texture": "#0"},
				"east": {"uv": [1.5, 6.25, 1.75, 6.5], "rotation": 90, "texture": "#0"},
				"south": {"uv": [0.75, 6.25, 1.75, 6.5], "texture": "#0"},
				"west": {"uv": [0.75, 6.25, 1, 6.5], "rotation": 270, "texture": "#0"},
				"up": {"uv": [0.75, 6.25, 1.75, 6.5], "texture": "#0"},
				"down": {"uv": [0.75, 6.5, 1.75, 6.25], "texture": "#0"}
			}
		},
		{
			"name": "halo (29)_41",
			"from": [7.75, 0, 6.25],
			"to": [8.75, 0.25, 6.5],
			"faces": {
				"north": {"uv": [8.75, 6.25, 7.75, 6.5], "texture": "#0"},
				"east": {"uv": [8.5, 6.25, 8.75, 6.5], "rotation": 90, "texture": "#0"},
				"south": {"uv": [7.75, 6.25, 8.75, 6.5], "texture": "#0"},
				"west": {"uv": [7.75, 6.25, 8, 6.5], "rotation": 270, "texture": "#0"},
				"up": {"uv": [7.75, 6.25, 8.75, 6.5], "texture": "#0"},
				"down": {"uv": [7.75, 6.5, 8.75, 6.25], "texture": "#0"}
			}
		},
		{
			"name": "halo (29)_42",
			"from": [0.75, 0, 6.5],
			"to": [1.75, 0.25, 6.75],
			"faces": {
				"north": {"uv": [1.75, 6.5, 0.75, 6.75], "texture": "#0"},
				"east": {"uv": [1.5, 6.5, 1.75, 6.75], "rotation": 90, "texture": "#0"},
				"south": {"uv": [0.75, 6.5, 1.75, 6.75], "texture": "#0"},
				"west": {"uv": [0.75, 6.5, 1, 6.75], "rotation": 270, "texture": "#0"},
				"up": {"uv": [0.75, 6.5, 1.75, 6.75], "texture": "#0"},
				"down": {"uv": [0.75, 6.75, 1.75, 6.5], "texture": "#0"}
			}
		},
		{
			"name": "halo (29)_43",
			"from": [7.75, 0, 6.5],
			"to": [8.75, 0.25, 6.75],
			"faces": {
				"north": {"uv": [8.75, 6.5, 7.75, 6.75], "texture": "#0"},
				"east": {"uv": [8.5, 6.5, 8.75, 6.75], "rotation": 90, "texture": "#0"},
				"south": {"uv": [7.75, 6.5, 8.75, 6.75], "texture": "#0"},
				"west": {"uv": [7.75, 6.5, 8, 6.75], "rotation": 270, "texture": "#0"},
				"up": {"uv": [7.75, 6.5, 8.75, 6.75], "texture": "#0"},
				"down": {"uv": [7.75, 6.75, 8.75, 6.5], "texture": "#0"}
			}
		},
		{
			"name": "halo (29)_44",
			"from": [0.75, 0, 6.75],
			"to": [1.75, 0.25, 7],
			"faces": {
				"north": {"uv": [1.75, 6.75, 0.75, 7], "texture": "#0"},
				"east": {"uv": [1.5, 6.75, 1.75, 7], "rotation": 90, "texture": "#0"},
				"south": {"uv": [0.75, 6.75, 1.75, 7], "texture": "#0"},
				"west": {"uv": [0.75, 6.75, 1, 7], "rotation": 270, "texture": "#0"},
				"up": {"uv": [0.75, 6.75, 1.75, 7], "texture": "#0"},
				"down": {"uv": [0.75, 7, 1.75, 6.75], "texture": "#0"}
			}
		},
		{
			"name": "halo (29)_45",
			"from": [7.75, 0, 6.75],
			"to": [8.75, 0.25, 7],
			"faces": {
				"north": {"uv": [8.75, 6.75, 7.75, 7], "texture": "#0"},
				"east": {"uv": [8.5, 6.75, 8.75, 7], "rotation": 90, "texture": "#0"},
				"south": {"uv": [7.75, 6.75, 8.75, 7], "texture": "#0"},
				"west": {"uv": [7.75, 6.75, 8, 7], "rotation": 270, "texture": "#0"},
				"up": {"uv": [7.75, 6.75, 8.75, 7], "texture": "#0"},
				"down": {"uv": [7.75, 7, 8.75, 6.75], "texture": "#0"}
			}
		},
		{
			"name": "halo (29)_46",
			"from": [0.75, 0, 7],
			"to": [1.75, 0.25, 7.25],
			"faces": {
				"north": {"uv": [1.75, 7, 0.75, 7.25], "texture": "#0"},
				"east": {"uv": [1.5, 7, 1.75, 7.25], "rotation": 90, "texture": "#0"},
				"south": {"uv": [0.75, 7, 1.75, 7.25], "texture": "#0"},
				"west": {"uv": [0.75, 7, 1, 7.25], "rotation": 270, "texture": "#0"},
				"up": {"uv": [0.75, 7, 1.75, 7.25], "texture": "#0"},
				"down": {"uv": [0.75, 7.25, 1.75, 7], "texture": "#0"}
			}
		},
		{
			"name": "halo (29)_47",
			"from": [7.75, 0, 7],
			"to": [8.75, 0.25, 7.25],
			"faces": {
				"north": {"uv": [8.75, 7, 7.75, 7.25], "texture": "#0"},
				"east": {"uv": [8.5, 7, 8.75, 7.25], "rotation": 90, "texture": "#0"},
				"south": {"uv": [7.75, 7, 8.75, 7.25], "texture": "#0"},
				"west": {"uv": [7.75, 7, 8, 7.25], "rotation": 270, "texture": "#0"},
				"up": {"uv": [7.75, 7, 8.75, 7.25], "texture": "#0"},
				"down": {"uv": [7.75, 7.25, 8.75, 7], "texture": "#0"}
			}
		},
		{
			"name": "halo (29)_48",
			"from": [0.75, 0, 7.25],
			"to": [1.75, 0.25, 7.5],
			"faces": {
				"north": {"uv": [1.75, 7.25, 0.75, 7.5], "texture": "#0"},
				"east": {"uv": [1.5, 7.25, 1.75, 7.5], "rotation": 90, "texture": "#0"},
				"south": {"uv": [0.75, 7.25, 1.75, 7.5], "texture": "#0"},
				"west": {"uv": [0.75, 7.25, 1, 7.5], "rotation": 270, "texture": "#0"},
				"up": {"uv": [0.75, 7.25, 1.75, 7.5], "texture": "#0"},
				"down": {"uv": [0.75, 7.5, 1.75, 7.25], "texture": "#0"}
			}
		},
		{
			"name": "halo (29)_49",
			"from": [7.75, 0, 7.25],
			"to": [8.75, 0.25, 7.5],
			"faces": {
				"north": {"uv": [8.75, 7.25, 7.75, 7.5], "texture": "#0"},
				"east": {"uv": [8.5, 7.25, 8.75, 7.5], "rotation": 90, "texture": "#0"},
				"south": {"uv": [7.75, 7.25, 8.75, 7.5], "texture": "#0"},
				"west": {"uv": [7.75, 7.25, 8, 7.5], "rotation": 270, "texture": "#0"},
				"up": {"uv": [7.75, 7.25, 8.75, 7.5], "texture": "#0"},
				"down": {"uv": [7.75, 7.5, 8.75, 7.25], "texture": "#0"}
			}
		},
		{
			"name": "halo (29)_50",
			"from": [0.75, 0, 7.5],
			"to": [1.75, 0.25, 7.75],
			"faces": {
				"north": {"uv": [1.75, 7.5, 0.75, 7.75], "texture": "#0"},
				"east": {"uv": [1.5, 7.5, 1.75, 7.75], "rotation": 90, "texture": "#0"},
				"south": {"uv": [0.75, 7.5, 1.75, 7.75], "texture": "#0"},
				"west": {"uv": [0.75, 7.5, 1, 7.75], "rotation": 270, "texture": "#0"},
				"up": {"uv": [0.75, 7.5, 1.75, 7.75], "texture": "#0"},
				"down": {"uv": [0.75, 7.75, 1.75, 7.5], "texture": "#0"}
			}
		},
		{
			"name": "halo (29)_51",
			"from": [7.75, 0, 7.5],
			"to": [8.75, 0.25, 7.75],
			"faces": {
				"north": {"uv": [8.75, 7.5, 7.75, 7.75], "texture": "#0"},
				"east": {"uv": [8.5, 7.5, 8.75, 7.75], "rotation": 90, "texture": "#0"},
				"south": {"uv": [7.75, 7.5, 8.75, 7.75], "texture": "#0"},
				"west": {"uv": [7.75, 7.5, 8, 7.75], "rotation": 270, "texture": "#0"},
				"up": {"uv": [7.75, 7.5, 8.75, 7.75], "texture": "#0"},
				"down": {"uv": [7.75, 7.75, 8.75, 7.5], "texture": "#0"}
			}
		},
		{
			"name": "halo (29)_52",
			"from": [0.75, 0, 7.75],
			"to": [8.75, 0.25, 8],
			"faces": {
				"north": {"uv": [8.75, 7.75, 0.75, 8], "texture": "#0"},
				"east": {"uv": [8.5, 7.75, 8.75, 8], "rotation": 90, "texture": "#0"},
				"south": {"uv": [0.75, 7.75, 8.75, 8], "texture": "#0"},
				"west": {"uv": [0.75, 7.75, 1, 8], "rotation": 270, "texture": "#0"},
				"up": {"uv": [0.75, 7.75, 8.75, 8], "texture": "#0"},
				"down": {"uv": [0.75, 8, 8.75, 7.75], "texture": "#0"}
			}
		},
		{
			"name": "halo (29)_53",
			"from": [0.75, 0, 8],
			"to": [8.75, 0.25, 8.25],
			"faces": {
				"north": {"uv": [8.75, 8, 0.75, 8.25], "texture": "#0"},
				"east": {"uv": [8.5, 8, 8.75, 8.25], "rotation": 90, "texture": "#0"},
				"south": {"uv": [0.75, 8, 8.75, 8.25], "texture": "#0"},
				"west": {"uv": [0.75, 8, 1, 8.25], "rotation": 270, "texture": "#0"},
				"up": {"uv": [0.75, 8, 8.75, 8.25], "texture": "#0"},
				"down": {"uv": [0.75, 8.25, 8.75, 8], "texture": "#0"}
			}
		},
		{
			"name": "halo (29)_54",
			"from": [0.75, 0, 8.25],
			"to": [8.75, 0.25, 8.5],
			"faces": {
				"north": {"uv": [8.75, 8.25, 0.75, 8.5], "texture": "#0"},
				"east": {"uv": [8.5, 8.25, 8.75, 8.5], "rotation": 90, "texture": "#0"},
				"south": {"uv": [0.75, 8.25, 8.75, 8.5], "texture": "#0"},
				"west": {"uv": [0.75, 8.25, 1, 8.5], "rotation": 270, "texture": "#0"},
				"up": {"uv": [0.75, 8.25, 8.75, 8.5], "texture": "#0"},
				"down": {"uv": [0.75, 8.5, 8.75, 8.25], "texture": "#0"}
			}
		},
		{
			"name": "halo (29)_55",
			"from": [0.75, 0, 8.5],
			"to": [8.75, 0.25, 8.75],
			"faces": {
				"north": {"uv": [8.75, 8.5, 0.75, 8.75], "texture": "#0"},
				"east": {"uv": [8.5, 8.5, 8.75, 8.75], "rotation": 90, "texture": "#0"},
				"south": {"uv": [0.75, 8.5, 8.75, 8.75], "texture": "#0"},
				"west": {"uv": [0.75, 8.5, 1, 8.75], "rotation": 270, "texture": "#0"},
				"up": {"uv": [0.75, 8.5, 8.75, 8.75], "texture": "#0"},
				"down": {"uv": [0.75, 8.75, 8.75, 8.5], "texture": "#0"}
			}
		}
	],
	"display": {
		"gui": {
			"rotation": [90, 0, 0]
		},
		"head": {
			"rotation": [20, 0, 0],
			"translation": [0, 17, 10]
		}
	},
	"groups": [
		{
			"name": "halo (29)",
			"origin": [8, 8, 8],
			"color": 0,
			"children": [
				0,
				1,
				2,
				3,
				4,
				5,
				6,
				7,
				8,
				9,
				10,
				11,
				12,
				13,
				14,
				15,
				16,
				17,
				18,
				19,
				20,
				21,
				22,
				23,
				24,
				25,
				26,
				27,
				28,
				29,
				30,
				31,
				32,
				33,
				34,
				35,
				36,
				37,
				38,
				39,
				40,
				41,
				42,
				43,
				44,
				45,
				46,
				47,
				48,
				49,
				50,
				51,
				52,
				53,
				54,
				55
			]
		}
	]
}