{
	"credit": "Made with Blockbench",
	"textures": {
		"0": "items/3d/halo (46)",
		"particle": "items/3d/halo (46)"
	},
	"elements": [
		{
			"name": "halo (46)_0",
			"from": [7.5, 0, 2.25],
			"to": [8.5, 0.25, 2.5],
			"faces": {
				"north": {"uv": [8.5, 2.25, 7.5, 2.5], "texture": "#0"},
				"east": {"uv": [8.25, 2.25, 8.5, 2.5], "rotation": 90, "texture": "#0"},
				"south": {"uv": [7.5, 2.25, 8.5, 2.5], "texture": "#0"},
				"west": {"uv": [7.5, 2.25, 7.75, 2.5], "rotation": 270, "texture": "#0"},
				"up": {"uv": [7.5, 2.25, 8.5, 2.5], "texture": "#0"},
				"down": {"uv": [7.5, 2.5, 8.5, 2.25], "texture": "#0"}
			}
		},
		{
			"name": "halo (46)_1",
			"from": [7.5, 0, 2.5],
			"to": [8.5, 0.25, 2.75],
			"faces": {
				"north": {"uv": [8.5, 2.5, 7.5, 2.75], "texture": "#0"},
				"east": {"uv": [8.25, 2.5, 8.5, 2.75], "rotation": 90, "texture": "#0"},
				"south": {"uv": [7.5, 2.5, 8.5, 2.75], "texture": "#0"},
				"west": {"uv": [7.5, 2.5, 7.75, 2.75], "rotation": 270, "texture": "#0"},
				"up": {"uv": [7.5, 2.5, 8.5, 2.75], "texture": "#0"},
				"down": {"uv": [7.5, 2.75, 8.5, 2.5], "texture": "#0"}
			}
		},
		{
			"name": "halo (46)_2",
			"from": [7.5, 0, 2.75],
			"to": [8.5, 0.25, 3],
			"faces": {
				"north": {"uv": [8.5, 2.75, 7.5, 3], "texture": "#0"},
				"east": {"uv": [8.25, 2.75, 8.5, 3], "rotation": 90, "texture": "#0"},
				"south": {"uv": [7.5, 2.75, 8.5, 3], "texture": "#0"},
				"west": {"uv": [7.5, 2.75, 7.75, 3], "rotation": 270, "texture": "#0"},
				"up": {"uv": [7.5, 2.75, 8.5, 3], "texture": "#0"},
				"down": {"uv": [7.5, 3, 8.5, 2.75], "texture": "#0"}
			}
		},
		{
			"name": "halo (46)_3",
			"from": [7.5, 0, 3],
			"to": [8.5, 0.25, 3.25],
			"faces": {
				"north": {"uv": [8.5, 3, 7.5, 3.25], "texture": "#0"},
				"east": {"uv": [8.25, 3, 8.5, 3.25], "rotation": 90, "texture": "#0"},
				"south": {"uv": [7.5, 3, 8.5, 3.25], "texture": "#0"},
				"west": {"uv": [7.5, 3, 7.75, 3.25], "rotation": 270, "texture": "#0"},
				"up": {"uv": [7.5, 3, 8.5, 3.25], "texture": "#0"},
				"down": {"uv": [7.5, 3.25, 8.5, 3], "texture": "#0"}
			}
		},
		{
			"name": "halo (46)_4",
			"from": [7.5, 0, 3.25],
			"to": [8.5, 0.25, 3.5],
			"faces": {
				"north": {"uv": [8.5, 3.25, 7.5, 3.5], "texture": "#0"},
				"east": {"uv": [8.25, 3.25, 8.5, 3.5], "rotation": 90, "texture": "#0"},
				"south": {"uv": [7.5, 3.25, 8.5, 3.5], "texture": "#0"},
				"west": {"uv": [7.5, 3.25, 7.75, 3.5], "rotation": 270, "texture": "#0"},
				"up": {"uv": [7.5, 3.25, 8.5, 3.5], "texture": "#0"},
				"down": {"uv": [7.5, 3.5, 8.5, 3.25], "texture": "#0"}
			}
		},
		{
			"name": "halo (46)_5",
			"from": [7.5, 0, 3.5],
			"to": [8.5, 0.25, 3.75],
			"faces": {
				"north": {"uv": [8.5, 3.5, 7.5, 3.75], "texture": "#0"},
				"east": {"uv": [8.25, 3.5, 8.5, 3.75], "rotation": 90, "texture": "#0"},
				"south": {"uv": [7.5, 3.5, 8.5, 3.75], "texture": "#0"},
				"west": {"uv": [7.5, 3.5, 7.75, 3.75], "rotation": 270, "texture": "#0"},
				"up": {"uv": [7.5, 3.5, 8.5, 3.75], "texture": "#0"},
				"down": {"uv": [7.5, 3.75, 8.5, 3.5], "texture": "#0"}
			}
		},
		{
			"name": "halo (46)_6",
			"from": [7.5, 0, 3.75],
			"to": [8.5, 0.25, 4],
			"faces": {
				"north": {"uv": [8.5, 3.75, 7.5, 4], "texture": "#0"},
				"east": {"uv": [8.25, 3.75, 8.5, 4], "rotation": 90, "texture": "#0"},
				"south": {"uv": [7.5, 3.75, 8.5, 4], "texture": "#0"},
				"west": {"uv": [7.5, 3.75, 7.75, 4], "rotation": 270, "texture": "#0"},
				"up": {"uv": [7.5, 3.75, 8.5, 4], "texture": "#0"},
				"down": {"uv": [7.5, 4, 8.5, 3.75], "texture": "#0"}
			}
		},
		{
			"name": "halo (46)_7",
			"from": [7.5, 0, 4],
			"to": [8.5, 0.25, 4.25],
			"faces": {
				"north": {"uv": [8.5, 4, 7.5, 4.25], "texture": "#0"},
				"east": {"uv": [8.25, 4, 8.5, 4.25], "rotation": 90, "texture": "#0"},
				"south": {"uv": [7.5, 4, 8.5, 4.25], "texture": "#0"},
				"west": {"uv": [7.5, 4, 7.75, 4.25], "rotation": 270, "texture": "#0"},
				"up": {"uv": [7.5, 4, 8.5, 4.25], "texture": "#0"},
				"down": {"uv": [7.5, 4.25, 8.5, 4], "texture": "#0"}
			}
		},
		{
			"name": "halo (46)_8",
			"from": [7.5, 0, 4.25],
			"to": [8.5, 0.25, 4.5],
			"faces": {
				"north": {"uv": [8.5, 4.25, 7.5, 4.5], "texture": "#0"},
				"east": {"uv": [8.25, 4.25, 8.5, 4.5], "rotation": 90, "texture": "#0"},
				"south": {"uv": [7.5, 4.25, 8.5, 4.5], "texture": "#0"},
				"west": {"uv": [7.5, 4.25, 7.75, 4.5], "rotation": 270, "texture": "#0"},
				"up": {"uv": [7.5, 4.25, 8.5, 4.5], "texture": "#0"},
				"down": {"uv": [7.5, 4.5, 8.5, 4.25], "texture": "#0"}
			}
		},
		{
			"name": "halo (46)_9",
			"from": [7.5, 0, 4.5],
			"to": [8.5, 0.25, 4.75],
			"faces": {
				"north": {"uv": [8.5, 4.5, 7.5, 4.75], "texture": "#0"},
				"east": {"uv": [8.25, 4.5, 8.5, 4.75], "rotation": 90, "texture": "#0"},
				"south": {"uv": [7.5, 4.5, 8.5, 4.75], "texture": "#0"},
				"west": {"uv": [7.5, 4.5, 7.75, 4.75], "rotation": 270, "texture": "#0"},
				"up": {"uv": [7.5, 4.5, 8.5, 4.75], "texture": "#0"},
				"down": {"uv": [7.5, 4.75, 8.5, 4.5], "texture": "#0"}
			}
		},
		{
			"name": "halo (46)_10",
			"from": [7.5, 0, 4.75],
			"to": [8.5, 0.25, 5],
			"faces": {
				"north": {"uv": [8.5, 4.75, 7.5, 5], "texture": "#0"},
				"east": {"uv": [8.25, 4.75, 8.5, 5], "rotation": 90, "texture": "#0"},
				"south": {"uv": [7.5, 4.75, 8.5, 5], "texture": "#0"},
				"west": {"uv": [7.5, 4.75, 7.75, 5], "rotation": 270, "texture": "#0"},
				"up": {"uv": [7.5, 4.75, 8.5, 5], "texture": "#0"},
				"down": {"uv": [7.5, 5, 8.5, 4.75], "texture": "#0"}
			}
		},
		{
			"name": "halo (46)_11",
			"from": [7.5, 0, 5],
			"to": [8.5, 0.25, 5.25],
			"faces": {
				"north": {"uv": [8.5, 5, 7.5, 5.25], "texture": "#0"},
				"east": {"uv": [8.25, 5, 8.5, 5.25], "rotation": 90, "texture": "#0"},
				"south": {"uv": [7.5, 5, 8.5, 5.25], "texture": "#0"},
				"west": {"uv": [7.5, 5, 7.75, 5.25], "rotation": 270, "texture": "#0"},
				"up": {"uv": [7.5, 5, 8.5, 5.25], "texture": "#0"},
				"down": {"uv": [7.5, 5.25, 8.5, 5], "texture": "#0"}
			}
		},
		{
			"name": "halo (46)_12",
			"from": [7.5, 0, 5.25],
			"to": [8.5, 0.25, 5.5],
			"faces": {
				"north": {"uv": [8.5, 5.25, 7.5, 5.5], "texture": "#0"},
				"east": {"uv": [8.25, 5.25, 8.5, 5.5], "rotation": 90, "texture": "#0"},
				"south": {"uv": [7.5, 5.25, 8.5, 5.5], "texture": "#0"},
				"west": {"uv": [7.5, 5.25, 7.75, 5.5], "rotation": 270, "texture": "#0"},
				"up": {"uv": [7.5, 5.25, 8.5, 5.5], "texture": "#0"},
				"down": {"uv": [7.5, 5.5, 8.5, 5.25], "texture": "#0"}
			}
		},
		{
			"name": "halo (46)_13",
			"from": [7.5, 0, 5.5],
			"to": [8.5, 0.25, 5.75],
			"faces": {
				"north": {"uv": [8.5, 5.5, 7.5, 5.75], "texture": "#0"},
				"east": {"uv": [8.25, 5.5, 8.5, 5.75], "rotation": 90, "texture": "#0"},
				"south": {"uv": [7.5, 5.5, 8.5, 5.75], "texture": "#0"},
				"west": {"uv": [7.5, 5.5, 7.75, 5.75], "rotation": 270, "texture": "#0"},
				"up": {"uv": [7.5, 5.5, 8.5, 5.75], "texture": "#0"},
				"down": {"uv": [7.5, 5.75, 8.5, 5.5], "texture": "#0"}
			}
		},
		{
			"name": "halo (46)_14",
			"from": [7.5, 0, 5.75],
			"to": [8.5, 0.25, 6],
			"faces": {
				"north": {"uv": [8.5, 5.75, 7.5, 6], "texture": "#0"},
				"east": {"uv": [8.25, 5.75, 8.5, 6], "rotation": 90, "texture": "#0"},
				"south": {"uv": [7.5, 5.75, 8.5, 6], "texture": "#0"},
				"west": {"uv": [7.5, 5.75, 7.75, 6], "rotation": 270, "texture": "#0"},
				"up": {"uv": [7.5, 5.75, 8.5, 6], "texture": "#0"},
				"down": {"uv": [7.5, 6, 8.5, 5.75], "texture": "#0"}
			}
		},
		{
			"name": "halo (46)_15",
			"from": [7.5, 0, 6],
			"to": [8.5, 0.25, 6.25],
			"faces": {
				"north": {"uv": [8.5, 6, 7.5, 6.25], "texture": "#0"},
				"east": {"uv": [8.25, 6, 8.5, 6.25], "rotation": 90, "texture": "#0"},
				"south": {"uv": [7.5, 6, 8.5, 6.25], "texture": "#0"},
				"west": {"uv": [7.5, 6, 7.75, 6.25], "rotation": 270, "texture": "#0"},
				"up": {"uv": [7.5, 6, 8.5, 6.25], "texture": "#0"},
				"down": {"uv": [7.5, 6.25, 8.5, 6], "texture": "#0"}
			}
		},
		{
			"name": "halo (46)_16",
			"from": [7.5, 0, 6.25],
			"to": [8.5, 0.25, 6.5],
			"faces": {
				"north": {"uv": [8.5, 6.25, 7.5, 6.5], "texture": "#0"},
				"east": {"uv": [8.25, 6.25, 8.5, 6.5], "rotation": 90, "texture": "#0"},
				"south": {"uv": [7.5, 6.25, 8.5, 6.5], "texture": "#0"},
				"west": {"uv": [7.5, 6.25, 7.75, 6.5], "rotation": 270, "texture": "#0"},
				"up": {"uv": [7.5, 6.25, 8.5, 6.5], "texture": "#0"},
				"down": {"uv": [7.5, 6.5, 8.5, 6.25], "texture": "#0"}
			}
		},
		{
			"name": "halo (46)_17",
			"from": [7.5, 0, 6.5],
			"to": [8.5, 0.25, 6.75],
			"faces": {
				"north": {"uv": [8.5, 6.5, 7.5, 6.75], "texture": "#0"},
				"east": {"uv": [8.25, 6.5, 8.5, 6.75], "rotation": 90, "texture": "#0"},
				"south": {"uv": [7.5, 6.5, 8.5, 6.75], "texture": "#0"},
				"west": {"uv": [7.5, 6.5, 7.75, 6.75], "rotation": 270, "texture": "#0"},
				"up": {"uv": [7.5, 6.5, 8.5, 6.75], "texture": "#0"},
				"down": {"uv": [7.5, 6.75, 8.5, 6.5], "texture": "#0"}
			}
		},
		{
			"name": "halo (46)_18",
			"from": [7.5, 0, 6.75],
			"to": [8.5, 0.25, 7],
			"faces": {
				"north": {"uv": [8.5, 6.75, 7.5, 7], "texture": "#0"},
				"east": {"uv": [8.25, 6.75, 8.5, 7], "rotation": 90, "texture": "#0"},
				"south": {"uv": [7.5, 6.75, 8.5, 7], "texture": "#0"},
				"west": {"uv": [7.5, 6.75, 7.75, 7], "rotation": 270, "texture": "#0"},
				"up": {"uv": [7.5, 6.75, 8.5, 7], "texture": "#0"},
				"down": {"uv": [7.5, 7, 8.5, 6.75], "texture": "#0"}
			}
		},
		{
			"name": "halo (46)_19",
			"from": [7.5, 0, 7],
			"to": [8.5, 0.25, 7.25],
			"faces": {
				"north": {"uv": [8.5, 7, 7.5, 7.25], "texture": "#0"},
				"east": {"uv": [8.25, 7, 8.5, 7.25], "rotation": 90, "texture": "#0"},
				"south": {"uv": [7.5, 7, 8.5, 7.25], "texture": "#0"},
				"west": {"uv": [7.5, 7, 7.75, 7.25], "rotation": 270, "texture": "#0"},
				"up": {"uv": [7.5, 7, 8.5, 7.25], "texture": "#0"},
				"down": {"uv": [7.5, 7.25, 8.5, 7], "texture": "#0"}
			}
		},
		{
			"name": "halo (46)_20",
			"from": [7.5, 0, 7.25],
			"to": [8.5, 0.25, 7.5],
			"faces": {
				"north": {"uv": [8.5, 7.25, 7.5, 7.5], "texture": "#0"},
				"east": {"uv": [8.25, 7.25, 8.5, 7.5], "rotation": 90, "texture": "#0"},
				"south": {"uv": [7.5, 7.25, 8.5, 7.5], "texture": "#0"},
				"west": {"uv": [7.5, 7.25, 7.75, 7.5], "rotation": 270, "texture": "#0"},
				"up": {"uv": [7.5, 7.25, 8.5, 7.5], "texture": "#0"},
				"down": {"uv": [7.5, 7.5, 8.5, 7.25], "texture": "#0"}
			}
		},
		{
			"name": "halo (46)_21",
			"from": [2.25, 0, 7.5],
			"to": [8.5, 0.25, 7.75],
			"faces": {
				"north": {"uv": [8.5, 7.5, 2.25, 7.75], "texture": "#0"},
				"east": {"uv": [8.25, 7.5, 8.5, 7.75], "rotation": 90, "texture": "#0"},
				"south": {"uv": [2.25, 7.5, 8.5, 7.75], "texture": "#0"},
				"west": {"uv": [2.25, 7.5, 2.5, 7.75], "rotation": 270, "texture": "#0"},
				"up": {"uv": [2.25, 7.5, 8.5, 7.75], "texture": "#0"},
				"down": {"uv": [2.25, 7.75, 8.5, 7.5], "texture": "#0"}
			}
		},
		{
			"name": "halo (46)_22",
			"from": [2.25, 0, 7.75],
			"to": [8.5, 0.25, 8],
			"faces": {
				"north": {"uv": [8.5, 7.75, 2.25, 8], "texture": "#0"},
				"east": {"uv": [8.25, 7.75, 8.5, 8], "rotation": 90, "texture": "#0"},
				"south": {"uv": [2.25, 7.75, 8.5, 8], "texture": "#0"},
				"west": {"uv": [2.25, 7.75, 2.5, 8], "rotation": 270, "texture": "#0"},
				"up": {"uv": [2.25, 7.75, 8.5, 8], "texture": "#0"},
				"down": {"uv": [2.25, 8, 8.5, 7.75], "texture": "#0"}
			}
		},
		{
			"name": "halo (46)_23",
			"from": [2.25, 0, 8],
			"to": [8.5, 0.25, 8.25],
			"faces": {
				"north": {"uv": [8.5, 8, 2.25, 8.25], "texture": "#0"},
				"east": {"uv": [8.25, 8, 8.5, 8.25], "rotation": 90, "texture": "#0"},
				"south": {"uv": [2.25, 8, 8.5, 8.25], "texture": "#0"},
				"west": {"uv": [2.25, 8, 2.5, 8.25], "rotation": 270, "texture": "#0"},
				"up": {"uv": [2.25, 8, 8.5, 8.25], "texture": "#0"},
				"down": {"uv": [2.25, 8.25, 8.5, 8], "texture": "#0"}
			}
		},
		{
			"name": "halo (46)_24",
			"from": [2.25, 0, 8.25],
			"to": [8.5, 0.25, 8.5],
			"faces": {
				"north": {"uv": [8.5, 8.25, 2.25, 8.5], "texture": "#0"},
				"east": {"uv": [8.25, 8.25, 8.5, 8.5], "rotation": 90, "texture": "#0"},
				"south": {"uv": [2.25, 8.25, 8.5, 8.5], "texture": "#0"},
				"west": {"uv": [2.25, 8.25, 2.5, 8.5], "rotation": 270, "texture": "#0"},
				"up": {"uv": [2.25, 8.25, 8.5, 8.5], "texture": "#0"},
				"down": {"uv": [2.25, 8.5, 8.5, 8.25], "texture": "#0"}
			}
		}
	],
	"display": {
		"gui": {
			"rotation": [90, 0, 0]
		},
		"head": {
			"rotation": [20, 0, 0],
			"translation": [0, 17, 10]
		}
	},
	"groups": [
		{
			"name": "halo (46)",
			"origin": [8, 8, 8],
			"color": 0,
			"children": [0, 1, 2, 3, 4, 5, 6, 7, 8, 9, 10, 11, 12, 13, 14, 15, 16, 17, 18, 19, 20, 21, 22, 23, 24]
		}
	]
}