{
	"credit": "Made with Blockbench",
	"textures": {
		"0": "items/3d/halo (12)",
		"particle": "items/3d/halo (12)"
	},
	"elements": [
		{
			"name": "halo (12)_0",
			"from": [7.75, 0, 0.75],
			"to": [8.25, 0.25, 1],
			"faces": {
				"north": {"uv": [8.25, 0.75, 7.75, 1], "texture": "#0"},
				"east": {"uv": [8, 0.75, 8.25, 1], "rotation": 90, "texture": "#0"},
				"south": {"uv": [7.75, 0.75, 8.25, 1], "texture": "#0"},
				"west": {"uv": [7.75, 0.75, 8, 1], "rotation": 270, "texture": "#0"},
				"up": {"uv": [7.75, 0.75, 8.25, 1], "texture": "#0"},
				"down": {"uv": [7.75, 1, 8.25, 0.75], "texture": "#0"}
			}
		},
		{
			"name": "halo (12)_1",
			"from": [7.75, 0, 1],
			"to": [8.25, 0.25, 1.25],
			"faces": {
				"north": {"uv": [8.25, 1, 7.75, 1.25], "texture": "#0"},
				"east": {"uv": [8, 1, 8.25, 1.25], "rotation": 90, "texture": "#0"},
				"south": {"uv": [7.75, 1, 8.25, 1.25], "texture": "#0"},
				"west": {"uv": [7.75, 1, 8, 1.25], "rotation": 270, "texture": "#0"},
				"up": {"uv": [7.75, 1, 8.25, 1.25], "texture": "#0"},
				"down": {"uv": [7.75, 1.25, 8.25, 1], "texture": "#0"}
			}
		},
		{
			"name": "halo (12)_2",
			"from": [7.5, 0, 1.25],
			"to": [8.5, 0.25, 1.5],
			"faces": {
				"north": {"uv": [8.5, 1.25, 7.5, 1.5], "texture": "#0"},
				"east": {"uv": [8.25, 1.25, 8.5, 1.5], "rotation": 90, "texture": "#0"},
				"south": {"uv": [7.5, 1.25, 8.5, 1.5], "texture": "#0"},
				"west": {"uv": [7.5, 1.25, 7.75, 1.5], "rotation": 270, "texture": "#0"},
				"up": {"uv": [7.5, 1.25, 8.5, 1.5], "texture": "#0"},
				"down": {"uv": [7.5, 1.5, 8.5, 1.25], "texture": "#0"}
			}
		},
		{
			"name": "halo (12)_3",
			"from": [7.5, 0, 1.5],
			"to": [8.5, 0.25, 1.75],
			"faces": {
				"north": {"uv": [8.5, 1.5, 7.5, 1.75], "texture": "#0"},
				"east": {"uv": [8.25, 1.5, 8.5, 1.75], "rotation": 90, "texture": "#0"},
				"south": {"uv": [7.5, 1.5, 8.5, 1.75], "texture": "#0"},
				"west": {"uv": [7.5, 1.5, 7.75, 1.75], "rotation": 270, "texture": "#0"},
				"up": {"uv": [7.5, 1.5, 8.5, 1.75], "texture": "#0"},
				"down": {"uv": [7.5, 1.75, 8.5, 1.5], "texture": "#0"}
			}
		},
		{
			"name": "halo (12)_4",
			"from": [7.5, 0, 1.75],
			"to": [8.5, 0.25, 2],
			"faces": {
				"north": {"uv": [8.5, 1.75, 7.5, 2], "texture": "#0"},
				"east": {"uv": [8.25, 1.75, 8.5, 2], "rotation": 90, "texture": "#0"},
				"south": {"uv": [7.5, 1.75, 8.5, 2], "texture": "#0"},
				"west": {"uv": [7.5, 1.75, 7.75, 2], "rotation": 270, "texture": "#0"},
				"up": {"uv": [7.5, 1.75, 8.5, 2], "texture": "#0"},
				"down": {"uv": [7.5, 2, 8.5, 1.75], "texture": "#0"}
			}
		},
		{
			"name": "halo (12)_5",
			"from": [7.25, 0, 2],
			"to": [8.75, 0.25, 2.25],
			"faces": {
				"north": {"uv": [8.75, 2, 7.25, 2.25], "texture": "#0"},
				"east": {"uv": [8.5, 2, 8.75, 2.25], "rotation": 90, "texture": "#0"},
				"south": {"uv": [7.25, 2, 8.75, 2.25], "texture": "#0"},
				"west": {"uv": [7.25, 2, 7.5, 2.25], "rotation": 270, "texture": "#0"},
				"up": {"uv": [7.25, 2, 8.75, 2.25], "texture": "#0"},
				"down": {"uv": [7.25, 2.25, 8.75, 2], "texture": "#0"}
			}
		},
		{
			"name": "halo (12)_6",
			"from": [7.25, 0, 2.25],
			"to": [8.75, 0.25, 2.5],
			"faces": {
				"north": {"uv": [8.75, 2.25, 7.25, 2.5], "texture": "#0"},
				"east": {"uv": [8.5, 2.25, 8.75, 2.5], "rotation": 90, "texture": "#0"},
				"south": {"uv": [7.25, 2.25, 8.75, 2.5], "texture": "#0"},
				"west": {"uv": [7.25, 2.25, 7.5, 2.5], "rotation": 270, "texture": "#0"},
				"up": {"uv": [7.25, 2.25, 8.75, 2.5], "texture": "#0"},
				"down": {"uv": [7.25, 2.5, 8.75, 2.25], "texture": "#0"}
			}
		},
		{
			"name": "halo (12)_7",
			"from": [7.25, 0, 2.5],
			"to": [8.75, 0.25, 2.75],
			"faces": {
				"north": {"uv": [8.75, 2.5, 7.25, 2.75], "texture": "#0"},
				"east": {"uv": [8.5, 2.5, 8.75, 2.75], "rotation": 90, "texture": "#0"},
				"south": {"uv": [7.25, 2.5, 8.75, 2.75], "texture": "#0"},
				"west": {"uv": [7.25, 2.5, 7.5, 2.75], "rotation": 270, "texture": "#0"},
				"up": {"uv": [7.25, 2.5, 8.75, 2.75], "texture": "#0"},
				"down": {"uv": [7.25, 2.75, 8.75, 2.5], "texture": "#0"}
			}
		},
		{
			"name": "halo (12)_8",
			"from": [7, 0, 2.75],
			"to": [9, 0.25, 3],
			"faces": {
				"north": {"uv": [9, 2.75, 7, 3], "texture": "#0"},
				"east": {"uv": [8.75, 2.75, 9, 3], "rotation": 90, "texture": "#0"},
				"south": {"uv": [7, 2.75, 9, 3], "texture": "#0"},
				"west": {"uv": [7, 2.75, 7.25, 3], "rotation": 270, "texture": "#0"},
				"up": {"uv": [7, 2.75, 9, 3], "texture": "#0"},
				"down": {"uv": [7, 3, 9, 2.75], "texture": "#0"}
			}
		},
		{
			"name": "halo (12)_9",
			"from": [7, 0, 3],
			"to": [9, 0.25, 3.25],
			"faces": {
				"north": {"uv": [9, 3, 7, 3.25], "texture": "#0"},
				"east": {"uv": [8.75, 3, 9, 3.25], "rotation": 90, "texture": "#0"},
				"south": {"uv": [7, 3, 9, 3.25], "texture": "#0"},
				"west": {"uv": [7, 3, 7.25, 3.25], "rotation": 270, "texture": "#0"},
				"up": {"uv": [7, 3, 9, 3.25], "texture": "#0"},
				"down": {"uv": [7, 3.25, 9, 3], "texture": "#0"}
			}
		},
		{
			"name": "halo (12)_10",
			"from": [7, 0, 3.25],
			"to": [9, 0.25, 3.5],
			"faces": {
				"north": {"uv": [9, 3.25, 7, 3.5], "texture": "#0"},
				"east": {"uv": [8.75, 3.25, 9, 3.5], "rotation": 90, "texture": "#0"},
				"south": {"uv": [7, 3.25, 9, 3.5], "texture": "#0"},
				"west": {"uv": [7, 3.25, 7.25, 3.5], "rotation": 270, "texture": "#0"},
				"up": {"uv": [7, 3.25, 9, 3.5], "texture": "#0"},
				"down": {"uv": [7, 3.5, 9, 3.25], "texture": "#0"}
			}
		},
		{
			"name": "halo (12)_11",
			"from": [7, 0, 3.5],
			"to": [9, 0.25, 3.75],
			"faces": {
				"north": {"uv": [9, 3.5, 7, 3.75], "texture": "#0"},
				"east": {"uv": [8.75, 3.5, 9, 3.75], "rotation": 90, "texture": "#0"},
				"south": {"uv": [7, 3.5, 9, 3.75], "texture": "#0"},
				"west": {"uv": [7, 3.5, 7.25, 3.75], "rotation": 270, "texture": "#0"},
				"up": {"uv": [7, 3.5, 9, 3.75], "texture": "#0"},
				"down": {"uv": [7, 3.75, 9, 3.5], "texture": "#0"}
			}
		},
		{
			"name": "halo (12)_12",
			"from": [7, 0, 3.75],
			"to": [9, 0.25, 4],
			"faces": {
				"north": {"uv": [9, 3.75, 7, 4], "texture": "#0"},
				"east": {"uv": [8.75, 3.75, 9, 4], "rotation": 90, "texture": "#0"},
				"south": {"uv": [7, 3.75, 9, 4], "texture": "#0"},
				"west": {"uv": [7, 3.75, 7.25, 4], "rotation": 270, "texture": "#0"},
				"up": {"uv": [7, 3.75, 9, 4], "texture": "#0"},
				"down": {"uv": [7, 4, 9, 3.75], "texture": "#0"}
			}
		},
		{
			"name": "halo (12)_13",
			"from": [7, 0, 4],
			"to": [9, 0.25, 4.25],
			"faces": {
				"north": {"uv": [9, 4, 7, 4.25], "texture": "#0"},
				"east": {"uv": [8.75, 4, 9, 4.25], "rotation": 90, "texture": "#0"},
				"south": {"uv": [7, 4, 9, 4.25], "texture": "#0"},
				"west": {"uv": [7, 4, 7.25, 4.25], "rotation": 270, "texture": "#0"},
				"up": {"uv": [7, 4, 9, 4.25], "texture": "#0"},
				"down": {"uv": [7, 4.25, 9, 4], "texture": "#0"}
			}
		},
		{
			"name": "halo (12)_14",
			"from": [7, 0, 4.25],
			"to": [9, 0.25, 4.5],
			"faces": {
				"north": {"uv": [9, 4.25, 7, 4.5], "texture": "#0"},
				"east": {"uv": [8.75, 4.25, 9, 4.5], "rotation": 90, "texture": "#0"},
				"south": {"uv": [7, 4.25, 9, 4.5], "texture": "#0"},
				"west": {"uv": [7, 4.25, 7.25, 4.5], "rotation": 270, "texture": "#0"},
				"up": {"uv": [7, 4.25, 9, 4.5], "texture": "#0"},
				"down": {"uv": [7, 4.5, 9, 4.25], "texture": "#0"}
			}
		},
		{
			"name": "halo (12)_15",
			"from": [7, 0, 4.5],
			"to": [9, 0.25, 4.75],
			"faces": {
				"north": {"uv": [9, 4.5, 7, 4.75], "texture": "#0"},
				"east": {"uv": [8.75, 4.5, 9, 4.75], "rotation": 90, "texture": "#0"},
				"south": {"uv": [7, 4.5, 9, 4.75], "texture": "#0"},
				"west": {"uv": [7, 4.5, 7.25, 4.75], "rotation": 270, "texture": "#0"},
				"up": {"uv": [7, 4.5, 9, 4.75], "texture": "#0"},
				"down": {"uv": [7, 4.75, 9, 4.5], "texture": "#0"}
			}
		},
		{
			"name": "halo (12)_16",
			"from": [7, 0, 4.75],
			"to": [9, 0.25, 5],
			"faces": {
				"north": {"uv": [9, 4.75, 7, 5], "texture": "#0"},
				"east": {"uv": [8.75, 4.75, 9, 5], "rotation": 90, "texture": "#0"},
				"south": {"uv": [7, 4.75, 9, 5], "texture": "#0"},
				"west": {"uv": [7, 4.75, 7.25, 5], "rotation": 270, "texture": "#0"},
				"up": {"uv": [7, 4.75, 9, 5], "texture": "#0"},
				"down": {"uv": [7, 5, 9, 4.75], "texture": "#0"}
			}
		},
		{
			"name": "halo (12)_17",
			"from": [7.25, 0, 5],
			"to": [8.75, 0.25, 5.25],
			"faces": {
				"north": {"uv": [8.75, 5, 7.25, 5.25], "texture": "#0"},
				"east": {"uv": [8.5, 5, 8.75, 5.25], "rotation": 90, "texture": "#0"},
				"south": {"uv": [7.25, 5, 8.75, 5.25], "texture": "#0"},
				"west": {"uv": [7.25, 5, 7.5, 5.25], "rotation": 270, "texture": "#0"},
				"up": {"uv": [7.25, 5, 8.75, 5.25], "texture": "#0"},
				"down": {"uv": [7.25, 5.25, 8.75, 5], "texture": "#0"}
			}
		},
		{
			"name": "halo (12)_18",
			"from": [7.5, 0, 5.25],
			"to": [8.5, 0.25, 5.5],
			"faces": {
				"north": {"uv": [8.5, 5.25, 7.5, 5.5], "texture": "#0"},
				"east": {"uv": [8.25, 5.25, 8.5, 5.5], "rotation": 90, "texture": "#0"},
				"south": {"uv": [7.5, 5.25, 8.5, 5.5], "texture": "#0"},
				"west": {"uv": [7.5, 5.25, 7.75, 5.5], "rotation": 270, "texture": "#0"},
				"up": {"uv": [7.5, 5.25, 8.5, 5.5], "texture": "#0"},
				"down": {"uv": [7.5, 5.5, 8.5, 5.25], "texture": "#0"}
			}
		},
		{
			"name": "halo (12)_19",
			"from": [7.75, 0, 5.5],
			"to": [8.25, 0.25, 5.75],
			"faces": {
				"north": {"uv": [8.25, 5.5, 7.75, 5.75], "texture": "#0"},
				"east": {"uv": [8, 5.5, 8.25, 5.75], "rotation": 90, "texture": "#0"},
				"south": {"uv": [7.75, 5.5, 8.25, 5.75], "texture": "#0"},
				"west": {"uv": [7.75, 5.5, 8, 5.75], "rotation": 270, "texture": "#0"},
				"up": {"uv": [7.75, 5.5, 8.25, 5.75], "texture": "#0"},
				"down": {"uv": [7.75, 5.75, 8.25, 5.5], "texture": "#0"}
			}
		},
		{
			"name": "halo (12)_20",
			"from": [2.75, 0, 7],
			"to": [5, 0.25, 7.25],
			"faces": {
				"north": {"uv": [5, 7, 2.75, 7.25], "texture": "#0"},
				"east": {"uv": [4.75, 7, 5, 7.25], "rotation": 90, "texture": "#0"},
				"south": {"uv": [2.75, 7, 5, 7.25], "texture": "#0"},
				"west": {"uv": [2.75, 7, 3, 7.25], "rotation": 270, "texture": "#0"},
				"up": {"uv": [2.75, 7, 5, 7.25], "texture": "#0"},
				"down": {"uv": [2.75, 7.25, 5, 7], "texture": "#0"}
			}
		},
		{
			"name": "halo (12)_21",
			"from": [11, 0, 7],
			"to": [13.25, 0.25, 7.25],
			"faces": {
				"north": {"uv": [13.25, 7, 11, 7.25], "texture": "#0"},
				"east": {"uv": [13, 7, 13.25, 7.25], "rotation": 90, "texture": "#0"},
				"south": {"uv": [11, 7, 13.25, 7.25], "texture": "#0"},
				"west": {"uv": [11, 7, 11.25, 7.25], "rotation": 270, "texture": "#0"},
				"up": {"uv": [11, 7, 13.25, 7.25], "texture": "#0"},
				"down": {"uv": [11, 7.25, 13.25, 7], "texture": "#0"}
			}
		},
		{
			"name": "halo (12)_22",
			"from": [2, 0, 7.25],
			"to": [5.25, 0.25, 7.5],
			"faces": {
				"north": {"uv": [5.25, 7.25, 2, 7.5], "texture": "#0"},
				"east": {"uv": [5, 7.25, 5.25, 7.5], "rotation": 90, "texture": "#0"},
				"south": {"uv": [2, 7.25, 5.25, 7.5], "texture": "#0"},
				"west": {"uv": [2, 7.25, 2.25, 7.5], "rotation": 270, "texture": "#0"},
				"up": {"uv": [2, 7.25, 5.25, 7.5], "texture": "#0"},
				"down": {"uv": [2, 7.5, 5.25, 7.25], "texture": "#0"}
			}
		},
		{
			"name": "halo (12)_23",
			"from": [10.75, 0, 7.25],
			"to": [14, 0.25, 7.5],
			"faces": {
				"north": {"uv": [14, 7.25, 10.75, 7.5], "texture": "#0"},
				"east": {"uv": [13.75, 7.25, 14, 7.5], "rotation": 90, "texture": "#0"},
				"south": {"uv": [10.75, 7.25, 14, 7.5], "texture": "#0"},
				"west": {"uv": [10.75, 7.25, 11, 7.5], "rotation": 270, "texture": "#0"},
				"up": {"uv": [10.75, 7.25, 14, 7.5], "texture": "#0"},
				"down": {"uv": [10.75, 7.5, 14, 7.25], "texture": "#0"}
			}
		},
		{
			"name": "halo (12)_24",
			"from": [1.25, 0, 7.5],
			"to": [5.5, 0.25, 7.75],
			"faces": {
				"north": {"uv": [5.5, 7.5, 1.25, 7.75], "texture": "#0"},
				"east": {"uv": [5.25, 7.5, 5.5, 7.75], "rotation": 90, "texture": "#0"},
				"south": {"uv": [1.25, 7.5, 5.5, 7.75], "texture": "#0"},
				"west": {"uv": [1.25, 7.5, 1.5, 7.75], "rotation": 270, "texture": "#0"},
				"up": {"uv": [1.25, 7.5, 5.5, 7.75], "texture": "#0"},
				"down": {"uv": [1.25, 7.75, 5.5, 7.5], "texture": "#0"}
			}
		},
		{
			"name": "halo (12)_25",
			"from": [10.5, 0, 7.5],
			"to": [14.75, 0.25, 7.75],
			"faces": {
				"north": {"uv": [14.75, 7.5, 10.5, 7.75], "texture": "#0"},
				"east": {"uv": [14.5, 7.5, 14.75, 7.75], "rotation": 90, "texture": "#0"},
				"south": {"uv": [10.5, 7.5, 14.75, 7.75], "texture": "#0"},
				"west": {"uv": [10.5, 7.5, 10.75, 7.75], "rotation": 270, "texture": "#0"},
				"up": {"uv": [10.5, 7.5, 14.75, 7.75], "texture": "#0"},
				"down": {"uv": [10.5, 7.75, 14.75, 7.5], "texture": "#0"}
			}
		},
		{
			"name": "halo (12)_26",
			"from": [0.75, 0, 7.75],
			"to": [5.75, 0.25, 8],
			"faces": {
				"north": {"uv": [5.75, 7.75, 0.75, 8], "texture": "#0"},
				"east": {"uv": [5.5, 7.75, 5.75, 8], "rotation": 90, "texture": "#0"},
				"south": {"uv": [0.75, 7.75, 5.75, 8], "texture": "#0"},
				"west": {"uv": [0.75, 7.75, 1, 8], "rotation": 270, "texture": "#0"},
				"up": {"uv": [0.75, 7.75, 5.75, 8], "texture": "#0"},
				"down": {"uv": [0.75, 8, 5.75, 7.75], "texture": "#0"}
			}
		},
		{
			"name": "halo (12)_27",
			"from": [10.25, 0, 7.75],
			"to": [15.25, 0.25, 8],
			"faces": {
				"north": {"uv": [15.25, 7.75, 10.25, 8], "texture": "#0"},
				"east": {"uv": [15, 7.75, 15.25, 8], "rotation": 90, "texture": "#0"},
				"south": {"uv": [10.25, 7.75, 15.25, 8], "texture": "#0"},
				"west": {"uv": [10.25, 7.75, 10.5, 8], "rotation": 270, "texture": "#0"},
				"up": {"uv": [10.25, 7.75, 15.25, 8], "texture": "#0"},
				"down": {"uv": [10.25, 8, 15.25, 7.75], "texture": "#0"}
			}
		},
		{
			"name": "halo (12)_28",
			"from": [0.75, 0, 8],
			"to": [5.75, 0.25, 8.25],
			"faces": {
				"north": {"uv": [5.75, 8, 0.75, 8.25], "texture": "#0"},
				"east": {"uv": [5.5, 8, 5.75, 8.25], "rotation": 90, "texture": "#0"},
				"south": {"uv": [0.75, 8, 5.75, 8.25], "texture": "#0"},
				"west": {"uv": [0.75, 8, 1, 8.25], "rotation": 270, "texture": "#0"},
				"up": {"uv": [0.75, 8, 5.75, 8.25], "texture": "#0"},
				"down": {"uv": [0.75, 8.25, 5.75, 8], "texture": "#0"}
			}
		},
		{
			"name": "halo (12)_29",
			"from": [10.25, 0, 8],
			"to": [15.25, 0.25, 8.25],
			"faces": {
				"north": {"uv": [15.25, 8, 10.25, 8.25], "texture": "#0"},
				"east": {"uv": [15, 8, 15.25, 8.25], "rotation": 90, "texture": "#0"},
				"south": {"uv": [10.25, 8, 15.25, 8.25], "texture": "#0"},
				"west": {"uv": [10.25, 8, 10.5, 8.25], "rotation": 270, "texture": "#0"},
				"up": {"uv": [10.25, 8, 15.25, 8.25], "texture": "#0"},
				"down": {"uv": [10.25, 8.25, 15.25, 8], "texture": "#0"}
			}
		},
		{
			"name": "halo (12)_30",
			"from": [1.25, 0, 8.25],
			"to": [5.5, 0.25, 8.5],
			"faces": {
				"north": {"uv": [5.5, 8.25, 1.25, 8.5], "texture": "#0"},
				"east": {"uv": [5.25, 8.25, 5.5, 8.5], "rotation": 90, "texture": "#0"},
				"south": {"uv": [1.25, 8.25, 5.5, 8.5], "texture": "#0"},
				"west": {"uv": [1.25, 8.25, 1.5, 8.5], "rotation": 270, "texture": "#0"},
				"up": {"uv": [1.25, 8.25, 5.5, 8.5], "texture": "#0"},
				"down": {"uv": [1.25, 8.5, 5.5, 8.25], "texture": "#0"}
			}
		},
		{
			"name": "halo (12)_31",
			"from": [10.5, 0, 8.25],
			"to": [14.75, 0.25, 8.5],
			"faces": {
				"north": {"uv": [14.75, 8.25, 10.5, 8.5], "texture": "#0"},
				"east": {"uv": [14.5, 8.25, 14.75, 8.5], "rotation": 90, "texture": "#0"},
				"south": {"uv": [10.5, 8.25, 14.75, 8.5], "texture": "#0"},
				"west": {"uv": [10.5, 8.25, 10.75, 8.5], "rotation": 270, "texture": "#0"},
				"up": {"uv": [10.5, 8.25, 14.75, 8.5], "texture": "#0"},
				"down": {"uv": [10.5, 8.5, 14.75, 8.25], "texture": "#0"}
			}
		},
		{
			"name": "halo (12)_32",
			"from": [2, 0, 8.5],
			"to": [5.25, 0.25, 8.75],
			"faces": {
				"north": {"uv": [5.25, 8.5, 2, 8.75], "texture": "#0"},
				"east": {"uv": [5, 8.5, 5.25, 8.75], "rotation": 90, "texture": "#0"},
				"south": {"uv": [2, 8.5, 5.25, 8.75], "texture": "#0"},
				"west": {"uv": [2, 8.5, 2.25, 8.75], "rotation": 270, "texture": "#0"},
				"up": {"uv": [2, 8.5, 5.25, 8.75], "texture": "#0"},
				"down": {"uv": [2, 8.75, 5.25, 8.5], "texture": "#0"}
			}
		},
		{
			"name": "halo (12)_33",
			"from": [10.75, 0, 8.5],
			"to": [14, 0.25, 8.75],
			"faces": {
				"north": {"uv": [14, 8.5, 10.75, 8.75], "texture": "#0"},
				"east": {"uv": [13.75, 8.5, 14, 8.75], "rotation": 90, "texture": "#0"},
				"south": {"uv": [10.75, 8.5, 14, 8.75], "texture": "#0"},
				"west": {"uv": [10.75, 8.5, 11, 8.75], "rotation": 270, "texture": "#0"},
				"up": {"uv": [10.75, 8.5, 14, 8.75], "texture": "#0"},
				"down": {"uv": [10.75, 8.75, 14, 8.5], "texture": "#0"}
			}
		},
		{
			"name": "halo (12)_34",
			"from": [2.75, 0, 8.75],
			"to": [5, 0.25, 9],
			"faces": {
				"north": {"uv": [5, 8.75, 2.75, 9], "texture": "#0"},
				"east": {"uv": [4.75, 8.75, 5, 9], "rotation": 90, "texture": "#0"},
				"south": {"uv": [2.75, 8.75, 5, 9], "texture": "#0"},
				"west": {"uv": [2.75, 8.75, 3, 9], "rotation": 270, "texture": "#0"},
				"up": {"uv": [2.75, 8.75, 5, 9], "texture": "#0"},
				"down": {"uv": [2.75, 9, 5, 8.75], "texture": "#0"}
			}
		},
		{
			"name": "halo (12)_35",
			"from": [11, 0, 8.75],
			"to": [13.25, 0.25, 9],
			"faces": {
				"north": {"uv": [13.25, 8.75, 11, 9], "texture": "#0"},
				"east": {"uv": [13, 8.75, 13.25, 9], "rotation": 90, "texture": "#0"},
				"south": {"uv": [11, 8.75, 13.25, 9], "texture": "#0"},
				"west": {"uv": [11, 8.75, 11.25, 9], "rotation": 270, "texture": "#0"},
				"up": {"uv": [11, 8.75, 13.25, 9], "texture": "#0"},
				"down": {"uv": [11, 9, 13.25, 8.75], "texture": "#0"}
			}
		},
		{
			"name": "halo (12)_36",
			"from": [7.75, 0, 10.25],
			"to": [8.25, 0.25, 10.5],
			"faces": {
				"north": {"uv": [8.25, 10.25, 7.75, 10.5], "texture": "#0"},
				"east": {"uv": [8, 10.25, 8.25, 10.5], "rotation": 90, "texture": "#0"},
				"south": {"uv": [7.75, 10.25, 8.25, 10.5], "texture": "#0"},
				"west": {"uv": [7.75, 10.25, 8, 10.5], "rotation": 270, "texture": "#0"},
				"up": {"uv": [7.75, 10.25, 8.25, 10.5], "texture": "#0"},
				"down": {"uv": [7.75, 10.5, 8.25, 10.25], "texture": "#0"}
			}
		},
		{
			"name": "halo (12)_37",
			"from": [7.5, 0, 10.5],
			"to": [8.5, 0.25, 10.75],
			"faces": {
				"north": {"uv": [8.5, 10.5, 7.5, 10.75], "texture": "#0"},
				"east": {"uv": [8.25, 10.5, 8.5, 10.75], "rotation": 90, "texture": "#0"},
				"south": {"uv": [7.5, 10.5, 8.5, 10.75], "texture": "#0"},
				"west": {"uv": [7.5, 10.5, 7.75, 10.75], "rotation": 270, "texture": "#0"},
				"up": {"uv": [7.5, 10.5, 8.5, 10.75], "texture": "#0"},
				"down": {"uv": [7.5, 10.75, 8.5, 10.5], "texture": "#0"}
			}
		},
		{
			"name": "halo (12)_38",
			"from": [7.25, 0, 10.75],
			"to": [8.75, 0.25, 11],
			"faces": {
				"north": {"uv": [8.75, 10.75, 7.25, 11], "texture": "#0"},
				"east": {"uv": [8.5, 10.75, 8.75, 11], "rotation": 90, "texture": "#0"},
				"south": {"uv": [7.25, 10.75, 8.75, 11], "texture": "#0"},
				"west": {"uv": [7.25, 10.75, 7.5, 11], "rotation": 270, "texture": "#0"},
				"up": {"uv": [7.25, 10.75, 8.75, 11], "texture": "#0"},
				"down": {"uv": [7.25, 11, 8.75, 10.75], "texture": "#0"}
			}
		},
		{
			"name": "halo (12)_39",
			"from": [7, 0, 11],
			"to": [9, 0.25, 11.25],
			"faces": {
				"north": {"uv": [9, 11, 7, 11.25], "texture": "#0"},
				"east": {"uv": [8.75, 11, 9, 11.25], "rotation": 90, "texture": "#0"},
				"south": {"uv": [7, 11, 9, 11.25], "texture": "#0"},
				"west": {"uv": [7, 11, 7.25, 11.25], "rotation": 270, "texture": "#0"},
				"up": {"uv": [7, 11, 9, 11.25], "texture": "#0"},
				"down": {"uv": [7, 11.25, 9, 11], "texture": "#0"}
			}
		},
		{
			"name": "halo (12)_40",
			"from": [7, 0, 11.25],
			"to": [9, 0.25, 11.5],
			"faces": {
				"north": {"uv": [9, 11.25, 7, 11.5], "texture": "#0"},
				"east": {"uv": [8.75, 11.25, 9, 11.5], "rotation": 90, "texture": "#0"},
				"south": {"uv": [7, 11.25, 9, 11.5], "texture": "#0"},
				"west": {"uv": [7, 11.25, 7.25, 11.5], "rotation": 270, "texture": "#0"},
				"up": {"uv": [7, 11.25, 9, 11.5], "texture": "#0"},
				"down": {"uv": [7, 11.5, 9, 11.25], "texture": "#0"}
			}
		},
		{
			"name": "halo (12)_41",
			"from": [7, 0, 11.5],
			"to": [9, 0.25, 11.75],
			"faces": {
				"north": {"uv": [9, 11.5, 7, 11.75], "texture": "#0"},
				"east": {"uv": [8.75, 11.5, 9, 11.75], "rotation": 90, "texture": "#0"},
				"south": {"uv": [7, 11.5, 9, 11.75], "texture": "#0"},
				"west": {"uv": [7, 11.5, 7.25, 11.75], "rotation": 270, "texture": "#0"},
				"up": {"uv": [7, 11.5, 9, 11.75], "texture": "#0"},
				"down": {"uv": [7, 11.75, 9, 11.5], "texture": "#0"}
			}
		},
		{
			"name": "halo (12)_42",
			"from": [7, 0, 11.75],
			"to": [9, 0.25, 12],
			"faces": {
				"north": {"uv": [9, 11.75, 7, 12], "texture": "#0"},
				"east": {"uv": [8.75, 11.75, 9, 12], "rotation": 90, "texture": "#0"},
				"south": {"uv": [7, 11.75, 9, 12], "texture": "#0"},
				"west": {"uv": [7, 11.75, 7.25, 12], "rotation": 270, "texture": "#0"},
				"up": {"uv": [7, 11.75, 9, 12], "texture": "#0"},
				"down": {"uv": [7, 12, 9, 11.75], "texture": "#0"}
			}
		},
		{
			"name": "halo (12)_43",
			"from": [7, 0, 12],
			"to": [9, 0.25, 12.25],
			"faces": {
				"north": {"uv": [9, 12, 7, 12.25], "texture": "#0"},
				"east": {"uv": [8.75, 12, 9, 12.25], "rotation": 90, "texture": "#0"},
				"south": {"uv": [7, 12, 9, 12.25], "texture": "#0"},
				"west": {"uv": [7, 12, 7.25, 12.25], "rotation": 270, "texture": "#0"},
				"up": {"uv": [7, 12, 9, 12.25], "texture": "#0"},
				"down": {"uv": [7, 12.25, 9, 12], "texture": "#0"}
			}
		},
		{
			"name": "halo (12)_44",
			"from": [7, 0, 12.25],
			"to": [9, 0.25, 12.5],
			"faces": {
				"north": {"uv": [9, 12.25, 7, 12.5], "texture": "#0"},
				"east": {"uv": [8.75, 12.25, 9, 12.5], "rotation": 90, "texture": "#0"},
				"south": {"uv": [7, 12.25, 9, 12.5], "texture": "#0"},
				"west": {"uv": [7, 12.25, 7.25, 12.5], "rotation": 270, "texture": "#0"},
				"up": {"uv": [7, 12.25, 9, 12.5], "texture": "#0"},
				"down": {"uv": [7, 12.5, 9, 12.25], "texture": "#0"}
			}
		},
		{
			"name": "halo (12)_45",
			"from": [7, 0, 12.5],
			"to": [9, 0.25, 12.75],
			"faces": {
				"north": {"uv": [9, 12.5, 7, 12.75], "texture": "#0"},
				"east": {"uv": [8.75, 12.5, 9, 12.75], "rotation": 90, "texture": "#0"},
				"south": {"uv": [7, 12.5, 9, 12.75], "texture": "#0"},
				"west": {"uv": [7, 12.5, 7.25, 12.75], "rotation": 270, "texture": "#0"},
				"up": {"uv": [7, 12.5, 9, 12.75], "texture": "#0"},
				"down": {"uv": [7, 12.75, 9, 12.5], "texture": "#0"}
			}
		},
		{
			"name": "halo (12)_46",
			"from": [7, 0, 12.75],
			"to": [9, 0.25, 13],
			"faces": {
				"north": {"uv": [9, 12.75, 7, 13], "texture": "#0"},
				"east": {"uv": [8.75, 12.75, 9, 13], "rotation": 90, "texture": "#0"},
				"south": {"uv": [7, 12.75, 9, 13], "texture": "#0"},
				"west": {"uv": [7, 12.75, 7.25, 13], "rotation": 270, "texture": "#0"},
				"up": {"uv": [7, 12.75, 9, 13], "texture": "#0"},
				"down": {"uv": [7, 13, 9, 12.75], "texture": "#0"}
			}
		},
		{
			"name": "halo (12)_47",
			"from": [7, 0, 13],
			"to": [9, 0.25, 13.25],
			"faces": {
				"north": {"uv": [9, 13, 7, 13.25], "texture": "#0"},
				"east": {"uv": [8.75, 13, 9, 13.25], "rotation": 90, "texture": "#0"},
				"south": {"uv": [7, 13, 9, 13.25], "texture": "#0"},
				"west": {"uv": [7, 13, 7.25, 13.25], "rotation": 270, "texture": "#0"},
				"up": {"uv": [7, 13, 9, 13.25], "texture": "#0"},
				"down": {"uv": [7, 13.25, 9, 13], "texture": "#0"}
			}
		},
		{
			"name": "halo (12)_48",
			"from": [7.25, 0, 13.25],
			"to": [8.75, 0.25, 13.5],
			"faces": {
				"north": {"uv": [8.75, 13.25, 7.25, 13.5], "texture": "#0"},
				"east": {"uv": [8.5, 13.25, 8.75, 13.5], "rotation": 90, "texture": "#0"},
				"south": {"uv": [7.25, 13.25, 8.75, 13.5], "texture": "#0"},
				"west": {"uv": [7.25, 13.25, 7.5, 13.5], "rotation": 270, "texture": "#0"},
				"up": {"uv": [7.25, 13.25, 8.75, 13.5], "texture": "#0"},
				"down": {"uv": [7.25, 13.5, 8.75, 13.25], "texture": "#0"}
			}
		},
		{
			"name": "halo (12)_49",
			"from": [7.25, 0, 13.5],
			"to": [8.75, 0.25, 13.75],
			"faces": {
				"north": {"uv": [8.75, 13.5, 7.25, 13.75], "texture": "#0"},
				"east": {"uv": [8.5, 13.5, 8.75, 13.75], "rotation": 90, "texture": "#0"},
				"south": {"uv": [7.25, 13.5, 8.75, 13.75], "texture": "#0"},
				"west": {"uv": [7.25, 13.5, 7.5, 13.75], "rotation": 270, "texture": "#0"},
				"up": {"uv": [7.25, 13.5, 8.75, 13.75], "texture": "#0"},
				"down": {"uv": [7.25, 13.75, 8.75, 13.5], "texture": "#0"}
			}
		},
		{
			"name": "halo (12)_50",
			"from": [7.25, 0, 13.75],
			"to": [8.75, 0.25, 14],
			"faces": {
				"north": {"uv": [8.75, 13.75, 7.25, 14], "texture": "#0"},
				"east": {"uv": [8.5, 13.75, 8.75, 14], "rotation": 90, "texture": "#0"},
				"south": {"uv": [7.25, 13.75, 8.75, 14], "texture": "#0"},
				"west": {"uv": [7.25, 13.75, 7.5, 14], "rotation": 270, "texture": "#0"},
				"up": {"uv": [7.25, 13.75, 8.75, 14], "texture": "#0"},
				"down": {"uv": [7.25, 14, 8.75, 13.75], "texture": "#0"}
			}
		},
		{
			"name": "halo (12)_51",
			"from": [7.5, 0, 14],
			"to": [8.5, 0.25, 14.25],
			"faces": {
				"north": {"uv": [8.5, 14, 7.5, 14.25], "texture": "#0"},
				"east": {"uv": [8.25, 14, 8.5, 14.25], "rotation": 90, "texture": "#0"},
				"south": {"uv": [7.5, 14, 8.5, 14.25], "texture": "#0"},
				"west": {"uv": [7.5, 14, 7.75, 14.25], "rotation": 270, "texture": "#0"},
				"up": {"uv": [7.5, 14, 8.5, 14.25], "texture": "#0"},
				"down": {"uv": [7.5, 14.25, 8.5, 14], "texture": "#0"}
			}
		},
		{
			"name": "halo (12)_52",
			"from": [7.5, 0, 14.25],
			"to": [8.5, 0.25, 14.5],
			"faces": {
				"north": {"uv": [8.5, 14.25, 7.5, 14.5], "texture": "#0"},
				"east": {"uv": [8.25, 14.25, 8.5, 14.5], "rotation": 90, "texture": "#0"},
				"south": {"uv": [7.5, 14.25, 8.5, 14.5], "texture": "#0"},
				"west": {"uv": [7.5, 14.25, 7.75, 14.5], "rotation": 270, "texture": "#0"},
				"up": {"uv": [7.5, 14.25, 8.5, 14.5], "texture": "#0"},
				"down": {"uv": [7.5, 14.5, 8.5, 14.25], "texture": "#0"}
			}
		},
		{
			"name": "halo (12)_53",
			"from": [7.5, 0, 14.5],
			"to": [8.5, 0.25, 14.75],
			"faces": {
				"north": {"uv": [8.5, 14.5, 7.5, 14.75], "texture": "#0"},
				"east": {"uv": [8.25, 14.5, 8.5, 14.75], "rotation": 90, "texture": "#0"},
				"south": {"uv": [7.5, 14.5, 8.5, 14.75], "texture": "#0"},
				"west": {"uv": [7.5, 14.5, 7.75, 14.75], "rotation": 270, "texture": "#0"},
				"up": {"uv": [7.5, 14.5, 8.5, 14.75], "texture": "#0"},
				"down": {"uv": [7.5, 14.75, 8.5, 14.5], "texture": "#0"}
			}
		},
		{
			"name": "halo (12)_54",
			"from": [7.75, 0, 14.75],
			"to": [8.25, 0.25, 15],
			"faces": {
				"north": {"uv": [8.25, 14.75, 7.75, 15], "texture": "#0"},
				"east": {"uv": [8, 14.75, 8.25, 15], "rotation": 90, "texture": "#0"},
				"south": {"uv": [7.75, 14.75, 8.25, 15], "texture": "#0"},
				"west": {"uv": [7.75, 14.75, 8, 15], "rotation": 270, "texture": "#0"},
				"up": {"uv": [7.75, 14.75, 8.25, 15], "texture": "#0"},
				"down": {"uv": [7.75, 15, 8.25, 14.75], "texture": "#0"}
			}
		},
		{
			"name": "halo (12)_55",
			"from": [7.75, 0, 15],
			"to": [8.25, 0.25, 15.25],
			"faces": {
				"north": {"uv": [8.25, 15, 7.75, 15.25], "texture": "#0"},
				"east": {"uv": [8, 15, 8.25, 15.25], "rotation": 90, "texture": "#0"},
				"south": {"uv": [7.75, 15, 8.25, 15.25], "texture": "#0"},
				"west": {"uv": [7.75, 15, 8, 15.25], "rotation": 270, "texture": "#0"},
				"up": {"uv": [7.75, 15, 8.25, 15.25], "texture": "#0"},
				"down": {"uv": [7.75, 15.25, 8.25, 15], "texture": "#0"}
			}
		}
	],
	"display": {
		"gui": {
			"rotation": [90, 0, 0]
		},
		"head": {
			"rotation": [20, 0, 0],
			"translation": [0, 17, 10]
		}
	},
	"groups": [
		{
			"name": "halo (12)",
			"origin": [8, 8, 8],
			"color": 0,
			"children": [
				0,
				1,
				2,
				3,
				4,
				5,
				6,
				7,
				8,
				9,
				10,
				11,
				12,
				13,
				14,
				15,
				16,
				17,
				18,
				19,
				20,
				21,
				22,
				23,
				24,
				25,
				26,
				27,
				28,
				29,
				30,
				31,
				32,
				33,
				34,
				35,
				36,
				37,
				38,
				39,
				40,
				41,
				42,
				43,
				44,
				45,
				46,
				47,
				48,
				49,
				50,
				51,
				52,
				53,
				54,
				55
			]
		}
	]
}