{
	"credit": "Made with Blockbench",
	"textures": {
		"0": "blocks/log_oak",
		"1": "blocks/log_oak_top",
		"2": "blocks/coal_ore"
	},
	"elements": [
		{
			"from": [0, 3, 10],
			"to": [16, 5, 13],
			"rotation": {"angle": 0, "axis": "y", "origin": [8, 0.5, 8]},
			"faces": {
				"north": {"uv": [0, 0, 16, 2], "texture": "#0"},
				"east": {"uv": [0, 0, 3, 2], "texture": "#1"},
				"south": {"uv": [0, 0, 16, 2], "texture": "#0"},
				"west": {"uv": [0, 0, 3, 2], "texture": "#1"},
				"up": {"uv": [0, 0, 3, 16], "rotation": 270, "texture": "#0"},
				"down": {"uv": [0, 0, 3, 16], "rotation": 90, "texture": "#0"}
			}
		},
		{
			"from": [0, 3, 3],
			"to": [16, 5, 6],
			"rotation": {"angle": 0, "axis": "y", "origin": [8, 0.5, 8]},
			"faces": {
				"north": {"uv": [0, 0, 16, 2], "texture": "#0"},
				"east": {"uv": [0, 0, 3, 2], "texture": "#1"},
				"south": {"uv": [0, 0, 16, 2], "texture": "#0"},
				"west": {"uv": [0, 0, 3, 2], "texture": "#1"},
				"up": {"uv": [0, 0, 3, 16], "rotation": 270, "texture": "#0"},
				"down": {"uv": [0, 0, 3, 16], "rotation": 90, "texture": "#0"}
			}
		},
		{
			"from": [0, 9, 10],
			"to": [16, 11, 13],
			"rotation": {"angle": 22.5, "axis": "y", "origin": [8, 0.5, 8]},
			"faces": {
				"north": {"uv": [0, 0, 16, 2], "texture": "#0"},
				"east": {"uv": [0, 0, 3, 2], "texture": "#1"},
				"south": {"uv": [0, 0, 16, 2], "texture": "#0"},
				"west": {"uv": [0, 0, 3, 2], "texture": "#1"},
				"up": {"uv": [0, 0, 3, 16], "rotation": 270, "texture": "#0"},
				"down": {"uv": [0, 0, 3, 16], "rotation": 90, "texture": "#0"}
			}
		},
		{
			"from": [0, 9, 3],
			"to": [16, 11, 6],
			"rotation": {"angle": 22.5, "axis": "y", "origin": [8, 0.5, 8]},
			"faces": {
				"north": {"uv": [0, 0, 16, 2], "texture": "#0"},
				"east": {"uv": [0, 0, 3, 2], "texture": "#1"},
				"south": {"uv": [0, 0, 16, 2], "texture": "#0"},
				"west": {"uv": [0, 0, 3, 2], "texture": "#1"},
				"up": {"uv": [0, 0, 3, 16], "rotation": 270, "texture": "#0"},
				"down": {"uv": [0, 0, 3, 16], "rotation": 90, "texture": "#0"}
			}
		},
		{
			"from": [0, 7, 10],
			"to": [16, 9, 13],
			"rotation": {"angle": -45, "axis": "y", "origin": [8, 0.5, 8]},
			"faces": {
				"north": {"uv": [0, 0, 16, 2], "texture": "#0"},
				"east": {"uv": [0, 0, 3, 2], "texture": "#1"},
				"south": {"uv": [0, 0, 16, 2], "texture": "#0"},
				"west": {"uv": [0, 0, 3, 2], "texture": "#1"},
				"up": {"uv": [0, 0, 3, 16], "rotation": 270, "texture": "#0"},
				"down": {"uv": [0, 0, 3, 16], "rotation": 90, "texture": "#0"}
			}
		},
		{
			"from": [0, 7, 3],
			"to": [16, 9, 6],
			"rotation": {"angle": -45, "axis": "y", "origin": [8, 0.5, 8]},
			"faces": {
				"north": {"uv": [0, 0, 16, 2], "texture": "#0"},
				"east": {"uv": [0, 0, 3, 2], "texture": "#1"},
				"south": {"uv": [0, 0, 16, 2], "texture": "#0"},
				"west": {"uv": [0, 0, 3, 2], "texture": "#1"},
				"up": {"uv": [0, 0, 3, 16], "rotation": 270, "texture": "#0"},
				"down": {"uv": [0, 0, 3, 16], "rotation": 90, "texture": "#0"}
			}
		},
		{
			"from": [10, 5, 0],
			"to": [13, 7, 16],
			"rotation": {"angle": -22.5, "axis": "y", "origin": [8, 0.5, 8]},
			"faces": {
				"north": {"uv": [0, 0, 3, 2], "texture": "#1"},
				"east": {"uv": [0, 0, 16, 2], "texture": "#0"},
				"south": {"uv": [0, 0, 3, 2], "texture": "#1"},
				"west": {"uv": [0, 0, 16, 2], "texture": "#0"},
				"up": {"uv": [0, 0, 3, 16], "rotation": 180, "texture": "#0"},
				"down": {"uv": [0, 0, 3, 16], "rotation": 180, "texture": "#0"}
			}
		},
		{
			"from": [3, 5, 0],
			"to": [6, 7, 16],
			"rotation": {"angle": -22.5, "axis": "y", "origin": [8, 0.5, 8]},
			"faces": {
				"north": {"uv": [0, 0, 3, 2], "texture": "#1"},
				"east": {"uv": [0, 0, 16, 2], "texture": "#0"},
				"south": {"uv": [0, 0, 3, 2], "texture": "#1"},
				"west": {"uv": [0, 0, 16, 2], "texture": "#0"},
				"up": {"uv": [0, 0, 3, 16], "rotation": 180, "texture": "#0"},
				"down": {"uv": [0, 0, 3, 16], "rotation": 180, "texture": "#0"}
			}
		},
		{
			"from": [3, 1, 0],
			"to": [6, 3, 16],
			"rotation": {"angle": 22.5, "axis": "y", "origin": [8, 0.5, 8]},
			"faces": {
				"north": {"uv": [0, 0, 3, 2], "texture": "#1"},
				"east": {"uv": [0, 0, 16, 2], "texture": "#0"},
				"south": {"uv": [0, 0, 3, 2], "texture": "#1"},
				"west": {"uv": [0, 0, 16, 2], "texture": "#0"},
				"up": {"uv": [0, 0, 3, 16], "texture": "#0"},
				"down": {"uv": [0, 0, 3, 16], "texture": "#0"}
			}
		},
		{
			"from": [10, 1, 0],
			"to": [13, 3, 16],
			"rotation": {"angle": 22.5, "axis": "y", "origin": [8, 0.5, 8]},
			"faces": {
				"north": {"uv": [0, 0, 3, 2], "texture": "#1"},
				"east": {"uv": [0, 0, 16, 2], "texture": "#0"},
				"south": {"uv": [0, 0, 3, 2], "texture": "#1"},
				"west": {"uv": [0, 0, 16, 2], "texture": "#0"},
				"up": {"uv": [0, 0, 3, 16], "texture": "#0"},
				"down": {"uv": [0, 0, 3, 16], "texture": "#0"}
			}
		},
		{
			"from": [3, 0, 3],
			"to": [13, 2, 13],
			"rotation": {"angle": 0, "axis": "y", "origin": [8, 0.5, 8]},
			"faces": {
				"north": {"uv": [0, 0, 10, 2], "texture": "#2"},
				"east": {"uv": [0, 0, 10, 2], "texture": "#2"},
				"south": {"uv": [0, 0, 10, 2], "texture": "#2"},
				"west": {"uv": [0, 0, 10, 2], "texture": "#2"},
				"up": {"uv": [0, 0, 10, 10], "texture": "#2"},
				"down": {"uv": [0, 0, 10, 10], "texture": "#2"}
			}
		},
		{
			"from": [1, 0, 1],
			"to": [15, 1, 15],
			"rotation": {"angle": 0, "axis": "y", "origin": [8, 0.5, 8]},
			"faces": {
				"north": {"uv": [0, 0, 10, 2], "texture": "#2"},
				"east": {"uv": [0, 0, 10, 2], "texture": "#2"},
				"south": {"uv": [0, 0, 10, 2], "texture": "#2"},
				"west": {"uv": [0, 0, 10, 2], "texture": "#2"},
				"up": {"uv": [0, 0, 10, 10], "texture": "#2"},
				"down": {"uv": [0, 0, 10, 10], "texture": "#2"}
			}
		}
	],
	"display": {
		"gui": {
			"rotation": [90, 0, 0]
		},
		"head": {
			"scale": [2, 2, 2]
		}
	},
	"groups": [
		{
			"name": "group",
			"origin": [8, 4.5, 8],
			"color": 0,
			"children": [
				0,
				1,
				{
					"name": "group",
					"origin": [8, 4.5, 8],
					"color": 0,
					"children": [2, 3]
				}
			]
		},
		{
			"name": "group",
			"origin": [8, 4.5, 8],
			"color": 0,
			"children": [4, 5]
		},
		{
			"name": "group",
			"origin": [8, 4.5, 8],
			"color": 0,
			"children": [6, 7]
		},
		{
			"name": "group",
			"origin": [0, 0, 0],
			"color": 0,
			"children": [8, 9]
		},
		10,
		11
	]
}