{
	"credit": "Made with Blockbench",
	"parent": "item/handheld",
	"textures": {
		"layer0": "items/0232"
	},
	"display": {
		"thirdperson_righthand": {
			"rotation": [0, -90, 45],
			"translation": [0, 2.25, 1.25],
			"scale": [0.8, 0.8, 0.55]
		},
		"thirdperson_lefthand": {
			"rotation": [0, 90, -45],
			"translation": [0, 2.25, 1.25],
			"scale": [0.8, 0.8, 0.55]
		},
		"firstperson_righthand": {
			"rotation": [0, -90, 55],
			"translation": [3, 1, 0],
			"scale": [0.75, 0.75, 0.35]
		},
		"firstperson_lefthand": {
			"rotation": [-55, 90, 0],
			"translation": [3, 1, 0],
			"scale": [0.75, 0.75, 0.35]
		},
		"ground": {
			"rotation": [90, 0, 0],
			"translation": [0, -3, 0]
		},
		"gui": {
			"scale": [0.75, 0.75, 1]
		},
		"head": {
			"rotation": [0, 0, -180],
			"translation": [0, -22.75, 7.75]
		}
	}
}