{
	"credit": "Made with Blockbench",
	"parent": "item/handheld",
	"textures": {
                "layer0":"items/1028"
	},
	"display": {
		"thirdperson_righthand": {
			"rotation": [-90, 0, -45],
			"translation": [0, 0.75, 3.75],
			"scale": [0.75, 0.75, 1]
		},
		"firstperson_righthand": {
			"rotation": [-88.25, -10, -45.75],
			"translation": [5.25, 0, -3.5],
			"scale": [0.75, 0.75, 0.75]
		},
		"gui": {
			"rotation": [-64.25, 0, 11.25],
			"translation": [0.5, 0, 0],
			"scale": [0.8, 0.8, 0.8]
		}
	}
}