{
  "parent": "minecraft:item/handheld_rod",
  "textures": {
    "layer0": "minecraft:item/firework_star"
  },
  "overrides": [
    {"predicate": {"custom_model_data": 1}, "model": "minecraft:item/ammo/1"},
    {"predicate": {"custom_model_data": 2}, "model": "minecraft:item/ammo/2"},
    {"predicate": {"custom_model_data": 3}, "model": "minecraft:item/ammo/3"},
    {"predicate": {"custom_model_data": 4}, "model": "minecraft:item/ammo/4"},
    {"predicate": {"custom_model_data": 5}, "model": "minecraft:item/ammo/5"},
    {"predicate": {"custom_model_data": 6}, "model": "minecraft:item/ammo/6"},
    {"predicate": {"custom_model_data": 7}, "model": "minecraft:item/ammo/7"},
    {"predicate": {"custom_model_data": 8}, "model": "minecraft:item/ammo/8"},
    {"predicate": {"custom_model_data": 9}, "model": "minecraft:item/ammo/9"},
    {"predicate": {"custom_model_data": 10}, "model": "minecraft:item/ammo/10"},
    {"predicate": {"custom_model_data": 11}, "model": "minecraft:item/ammo/11"}
  ]
}