{
	"credit": "Made with Blockbench",
	"textures": {
		"0": "items/3d/halo (42)",
		"particle": "items/3d/halo (42)"
	},
	"elements": [
		{
			"name": "halo (42)_0",
			"from": [7.75, 0, 5.25],
			"to": [8.25, 0.25, 5.5],
			"faces": {
				"north": {"uv": [8.25, 5.25, 7.75, 5.5], "texture": "#0"},
				"east": {"uv": [8, 5.25, 8.25, 5.5], "rotation": 90, "texture": "#0"},
				"south": {"uv": [7.75, 5.25, 8.25, 5.5], "texture": "#0"},
				"west": {"uv": [7.75, 5.25, 8, 5.5], "rotation": 270, "texture": "#0"},
				"up": {"uv": [7.75, 5.25, 8.25, 5.5], "texture": "#0"},
				"down": {"uv": [7.75, 5.5, 8.25, 5.25], "texture": "#0"}
			}
		},
		{
			"name": "halo (42)_1",
			"from": [7.5, 0, 5.5],
			"to": [8.5, 0.25, 5.75],
			"faces": {
				"north": {"uv": [8.5, 5.5, 7.5, 5.75], "texture": "#0"},
				"east": {"uv": [8.25, 5.5, 8.5, 5.75], "rotation": 90, "texture": "#0"},
				"south": {"uv": [7.5, 5.5, 8.5, 5.75], "texture": "#0"},
				"west": {"uv": [7.5, 5.5, 7.75, 5.75], "rotation": 270, "texture": "#0"},
				"up": {"uv": [7.5, 5.5, 8.5, 5.75], "texture": "#0"},
				"down": {"uv": [7.5, 5.75, 8.5, 5.5], "texture": "#0"}
			}
		},
		{
			"name": "halo (42)_2",
			"from": [7.25, 0, 5.75],
			"to": [8.75, 0.25, 6],
			"faces": {
				"north": {"uv": [8.75, 5.75, 7.25, 6], "texture": "#0"},
				"east": {"uv": [8.5, 5.75, 8.75, 6], "rotation": 90, "texture": "#0"},
				"south": {"uv": [7.25, 5.75, 8.75, 6], "texture": "#0"},
				"west": {"uv": [7.25, 5.75, 7.5, 6], "rotation": 270, "texture": "#0"},
				"up": {"uv": [7.25, 5.75, 8.75, 6], "texture": "#0"},
				"down": {"uv": [7.25, 6, 8.75, 5.75], "texture": "#0"}
			}
		},
		{
			"name": "halo (42)_3",
			"from": [7, 0, 6],
			"to": [9, 0.25, 6.25],
			"faces": {
				"north": {"uv": [9, 6, 7, 6.25], "texture": "#0"},
				"east": {"uv": [8.75, 6, 9, 6.25], "rotation": 90, "texture": "#0"},
				"south": {"uv": [7, 6, 9, 6.25], "texture": "#0"},
				"west": {"uv": [7, 6, 7.25, 6.25], "rotation": 270, "texture": "#0"},
				"up": {"uv": [7, 6, 9, 6.25], "texture": "#0"},
				"down": {"uv": [7, 6.25, 9, 6], "texture": "#0"}
			}
		},
		{
			"name": "halo (42)_4",
			"from": [6.75, 0, 6.25],
			"to": [9.25, 0.25, 6.5],
			"faces": {
				"north": {"uv": [9.25, 6.25, 6.75, 6.5], "texture": "#0"},
				"east": {"uv": [9, 6.25, 9.25, 6.5], "rotation": 90, "texture": "#0"},
				"south": {"uv": [6.75, 6.25, 9.25, 6.5], "texture": "#0"},
				"west": {"uv": [6.75, 6.25, 7, 6.5], "rotation": 270, "texture": "#0"},
				"up": {"uv": [6.75, 6.25, 9.25, 6.5], "texture": "#0"},
				"down": {"uv": [6.75, 6.5, 9.25, 6.25], "texture": "#0"}
			}
		},
		{
			"name": "halo (42)_5",
			"from": [6.5, 0, 6.5],
			"to": [9.5, 0.25, 6.75],
			"faces": {
				"north": {"uv": [9.5, 6.5, 6.5, 6.75], "texture": "#0"},
				"east": {"uv": [9.25, 6.5, 9.5, 6.75], "rotation": 90, "texture": "#0"},
				"south": {"uv": [6.5, 6.5, 9.5, 6.75], "texture": "#0"},
				"west": {"uv": [6.5, 6.5, 6.75, 6.75], "rotation": 270, "texture": "#0"},
				"up": {"uv": [6.5, 6.5, 9.5, 6.75], "texture": "#0"},
				"down": {"uv": [6.5, 6.75, 9.5, 6.5], "texture": "#0"}
			}
		},
		{
			"name": "halo (42)_6",
			"from": [6.25, 0, 6.75],
			"to": [9.75, 0.25, 7],
			"faces": {
				"north": {"uv": [9.75, 6.75, 6.25, 7], "texture": "#0"},
				"east": {"uv": [9.5, 6.75, 9.75, 7], "rotation": 90, "texture": "#0"},
				"south": {"uv": [6.25, 6.75, 9.75, 7], "texture": "#0"},
				"west": {"uv": [6.25, 6.75, 6.5, 7], "rotation": 270, "texture": "#0"},
				"up": {"uv": [6.25, 6.75, 9.75, 7], "texture": "#0"},
				"down": {"uv": [6.25, 7, 9.75, 6.75], "texture": "#0"}
			}
		},
		{
			"name": "halo (42)_7",
			"from": [6, 0, 7],
			"to": [7.75, 0.25, 7.25],
			"faces": {
				"north": {"uv": [7.75, 7, 6, 7.25], "texture": "#0"},
				"east": {"uv": [7.5, 7, 7.75, 7.25], "rotation": 90, "texture": "#0"},
				"south": {"uv": [6, 7, 7.75, 7.25], "texture": "#0"},
				"west": {"uv": [6, 7, 6.25, 7.25], "rotation": 270, "texture": "#0"},
				"up": {"uv": [6, 7, 7.75, 7.25], "texture": "#0"},
				"down": {"uv": [6, 7.25, 7.75, 7], "texture": "#0"}
			}
		},
		{
			"name": "halo (42)_8",
			"from": [8.25, 0, 7],
			"to": [10, 0.25, 7.25],
			"faces": {
				"north": {"uv": [10, 7, 8.25, 7.25], "texture": "#0"},
				"east": {"uv": [9.75, 7, 10, 7.25], "rotation": 90, "texture": "#0"},
				"south": {"uv": [8.25, 7, 10, 7.25], "texture": "#0"},
				"west": {"uv": [8.25, 7, 8.5, 7.25], "rotation": 270, "texture": "#0"},
				"up": {"uv": [8.25, 7, 10, 7.25], "texture": "#0"},
				"down": {"uv": [8.25, 7.25, 10, 7], "texture": "#0"}
			}
		},
		{
			"name": "halo (42)_9",
			"from": [5.75, 0, 7.25],
			"to": [7.5, 0.25, 7.5],
			"faces": {
				"north": {"uv": [7.5, 7.25, 5.75, 7.5], "texture": "#0"},
				"east": {"uv": [7.25, 7.25, 7.5, 7.5], "rotation": 90, "texture": "#0"},
				"south": {"uv": [5.75, 7.25, 7.5, 7.5], "texture": "#0"},
				"west": {"uv": [5.75, 7.25, 6, 7.5], "rotation": 270, "texture": "#0"},
				"up": {"uv": [5.75, 7.25, 7.5, 7.5], "texture": "#0"},
				"down": {"uv": [5.75, 7.5, 7.5, 7.25], "texture": "#0"}
			}
		},
		{
			"name": "halo (42)_10",
			"from": [8.5, 0, 7.25],
			"to": [10.25, 0.25, 7.5],
			"faces": {
				"north": {"uv": [10.25, 7.25, 8.5, 7.5], "texture": "#0"},
				"east": {"uv": [10, 7.25, 10.25, 7.5], "rotation": 90, "texture": "#0"},
				"south": {"uv": [8.5, 7.25, 10.25, 7.5], "texture": "#0"},
				"west": {"uv": [8.5, 7.25, 8.75, 7.5], "rotation": 270, "texture": "#0"},
				"up": {"uv": [8.5, 7.25, 10.25, 7.5], "texture": "#0"},
				"down": {"uv": [8.5, 7.5, 10.25, 7.25], "texture": "#0"}
			}
		},
		{
			"name": "halo (42)_11",
			"from": [5.5, 0, 7.5],
			"to": [7.25, 0.25, 7.75],
			"faces": {
				"north": {"uv": [7.25, 7.5, 5.5, 7.75], "texture": "#0"},
				"east": {"uv": [7, 7.5, 7.25, 7.75], "rotation": 90, "texture": "#0"},
				"south": {"uv": [5.5, 7.5, 7.25, 7.75], "texture": "#0"},
				"west": {"uv": [5.5, 7.5, 5.75, 7.75], "rotation": 270, "texture": "#0"},
				"up": {"uv": [5.5, 7.5, 7.25, 7.75], "texture": "#0"},
				"down": {"uv": [5.5, 7.75, 7.25, 7.5], "texture": "#0"}
			}
		},
		{
			"name": "halo (42)_12",
			"from": [8.75, 0, 7.5],
			"to": [10.5, 0.25, 7.75],
			"faces": {
				"north": {"uv": [10.5, 7.5, 8.75, 7.75], "texture": "#0"},
				"east": {"uv": [10.25, 7.5, 10.5, 7.75], "rotation": 90, "texture": "#0"},
				"south": {"uv": [8.75, 7.5, 10.5, 7.75], "texture": "#0"},
				"west": {"uv": [8.75, 7.5, 9, 7.75], "rotation": 270, "texture": "#0"},
				"up": {"uv": [8.75, 7.5, 10.5, 7.75], "texture": "#0"},
				"down": {"uv": [8.75, 7.75, 10.5, 7.5], "texture": "#0"}
			}
		},
		{
			"name": "halo (42)_13",
			"from": [5.25, 0, 7.75],
			"to": [7, 0.25, 8],
			"faces": {
				"north": {"uv": [7, 7.75, 5.25, 8], "texture": "#0"},
				"east": {"uv": [6.75, 7.75, 7, 8], "rotation": 90, "texture": "#0"},
				"south": {"uv": [5.25, 7.75, 7, 8], "texture": "#0"},
				"west": {"uv": [5.25, 7.75, 5.5, 8], "rotation": 270, "texture": "#0"},
				"up": {"uv": [5.25, 7.75, 7, 8], "texture": "#0"},
				"down": {"uv": [5.25, 8, 7, 7.75], "texture": "#0"}
			}
		},
		{
			"name": "halo (42)_14",
			"from": [9, 0, 7.75],
			"to": [10.75, 0.25, 8],
			"faces": {
				"north": {"uv": [10.75, 7.75, 9, 8], "texture": "#0"},
				"east": {"uv": [10.5, 7.75, 10.75, 8], "rotation": 90, "texture": "#0"},
				"south": {"uv": [9, 7.75, 10.75, 8], "texture": "#0"},
				"west": {"uv": [9, 7.75, 9.25, 8], "rotation": 270, "texture": "#0"},
				"up": {"uv": [9, 7.75, 10.75, 8], "texture": "#0"},
				"down": {"uv": [9, 8, 10.75, 7.75], "texture": "#0"}
			}
		},
		{
			"name": "halo (42)_15",
			"from": [5, 0, 8],
			"to": [6.75, 0.25, 8.25],
			"faces": {
				"north": {"uv": [6.75, 8, 5, 8.25], "texture": "#0"},
				"east": {"uv": [6.5, 8, 6.75, 8.25], "rotation": 90, "texture": "#0"},
				"south": {"uv": [5, 8, 6.75, 8.25], "texture": "#0"},
				"west": {"uv": [5, 8, 5.25, 8.25], "rotation": 270, "texture": "#0"},
				"up": {"uv": [5, 8, 6.75, 8.25], "texture": "#0"},
				"down": {"uv": [5, 8.25, 6.75, 8], "texture": "#0"}
			}
		},
		{
			"name": "halo (42)_16",
			"from": [9.25, 0, 8],
			"to": [11, 0.25, 8.25],
			"faces": {
				"north": {"uv": [11, 8, 9.25, 8.25], "texture": "#0"},
				"east": {"uv": [10.75, 8, 11, 8.25], "rotation": 90, "texture": "#0"},
				"south": {"uv": [9.25, 8, 11, 8.25], "texture": "#0"},
				"west": {"uv": [9.25, 8, 9.5, 8.25], "rotation": 270, "texture": "#0"},
				"up": {"uv": [9.25, 8, 11, 8.25], "texture": "#0"},
				"down": {"uv": [9.25, 8.25, 11, 8], "texture": "#0"}
			}
		},
		{
			"name": "halo (42)_17",
			"from": [4.75, 0, 8.25],
			"to": [6.5, 0.25, 8.5],
			"faces": {
				"north": {"uv": [6.5, 8.25, 4.75, 8.5], "texture": "#0"},
				"east": {"uv": [6.25, 8.25, 6.5, 8.5], "rotation": 90, "texture": "#0"},
				"south": {"uv": [4.75, 8.25, 6.5, 8.5], "texture": "#0"},
				"west": {"uv": [4.75, 8.25, 5, 8.5], "rotation": 270, "texture": "#0"},
				"up": {"uv": [4.75, 8.25, 6.5, 8.5], "texture": "#0"},
				"down": {"uv": [4.75, 8.5, 6.5, 8.25], "texture": "#0"}
			}
		},
		{
			"name": "halo (42)_18",
			"from": [9.5, 0, 8.25],
			"to": [11.25, 0.25, 8.5],
			"faces": {
				"north": {"uv": [11.25, 8.25, 9.5, 8.5], "texture": "#0"},
				"east": {"uv": [11, 8.25, 11.25, 8.5], "rotation": 90, "texture": "#0"},
				"south": {"uv": [9.5, 8.25, 11.25, 8.5], "texture": "#0"},
				"west": {"uv": [9.5, 8.25, 9.75, 8.5], "rotation": 270, "texture": "#0"},
				"up": {"uv": [9.5, 8.25, 11.25, 8.5], "texture": "#0"},
				"down": {"uv": [9.5, 8.5, 11.25, 8.25], "texture": "#0"}
			}
		},
		{
			"name": "halo (42)_19",
			"from": [4.5, 0, 8.5],
			"to": [6.25, 0.25, 8.75],
			"faces": {
				"north": {"uv": [6.25, 8.5, 4.5, 8.75], "texture": "#0"},
				"east": {"uv": [6, 8.5, 6.25, 8.75], "rotation": 90, "texture": "#0"},
				"south": {"uv": [4.5, 8.5, 6.25, 8.75], "texture": "#0"},
				"west": {"uv": [4.5, 8.5, 4.75, 8.75], "rotation": 270, "texture": "#0"},
				"up": {"uv": [4.5, 8.5, 6.25, 8.75], "texture": "#0"},
				"down": {"uv": [4.5, 8.75, 6.25, 8.5], "texture": "#0"}
			}
		},
		{
			"name": "halo (42)_20",
			"from": [9.75, 0, 8.5],
			"to": [11.5, 0.25, 8.75],
			"faces": {
				"north": {"uv": [11.5, 8.5, 9.75, 8.75], "texture": "#0"},
				"east": {"uv": [11.25, 8.5, 11.5, 8.75], "rotation": 90, "texture": "#0"},
				"south": {"uv": [9.75, 8.5, 11.5, 8.75], "texture": "#0"},
				"west": {"uv": [9.75, 8.5, 10, 8.75], "rotation": 270, "texture": "#0"},
				"up": {"uv": [9.75, 8.5, 11.5, 8.75], "texture": "#0"},
				"down": {"uv": [9.75, 8.75, 11.5, 8.5], "texture": "#0"}
			}
		},
		{
			"name": "halo (42)_21",
			"from": [4.25, 0, 8.75],
			"to": [6, 0.25, 9],
			"faces": {
				"north": {"uv": [6, 8.75, 4.25, 9], "texture": "#0"},
				"east": {"uv": [5.75, 8.75, 6, 9], "rotation": 90, "texture": "#0"},
				"south": {"uv": [4.25, 8.75, 6, 9], "texture": "#0"},
				"west": {"uv": [4.25, 8.75, 4.5, 9], "rotation": 270, "texture": "#0"},
				"up": {"uv": [4.25, 8.75, 6, 9], "texture": "#0"},
				"down": {"uv": [4.25, 9, 6, 8.75], "texture": "#0"}
			}
		},
		{
			"name": "halo (42)_22",
			"from": [10, 0, 8.75],
			"to": [11.75, 0.25, 9],
			"faces": {
				"north": {"uv": [11.75, 8.75, 10, 9], "texture": "#0"},
				"east": {"uv": [11.5, 8.75, 11.75, 9], "rotation": 90, "texture": "#0"},
				"south": {"uv": [10, 8.75, 11.75, 9], "texture": "#0"},
				"west": {"uv": [10, 8.75, 10.25, 9], "rotation": 270, "texture": "#0"},
				"up": {"uv": [10, 8.75, 11.75, 9], "texture": "#0"},
				"down": {"uv": [10, 9, 11.75, 8.75], "texture": "#0"}
			}
		},
		{
			"name": "halo (42)_23",
			"from": [4, 0, 9],
			"to": [5.75, 0.25, 9.25],
			"faces": {
				"north": {"uv": [5.75, 9, 4, 9.25], "texture": "#0"},
				"east": {"uv": [5.5, 9, 5.75, 9.25], "rotation": 90, "texture": "#0"},
				"south": {"uv": [4, 9, 5.75, 9.25], "texture": "#0"},
				"west": {"uv": [4, 9, 4.25, 9.25], "rotation": 270, "texture": "#0"},
				"up": {"uv": [4, 9, 5.75, 9.25], "texture": "#0"},
				"down": {"uv": [4, 9.25, 5.75, 9], "texture": "#0"}
			}
		},
		{
			"name": "halo (42)_24",
			"from": [10.25, 0, 9],
			"to": [12, 0.25, 9.25],
			"faces": {
				"north": {"uv": [12, 9, 10.25, 9.25], "texture": "#0"},
				"east": {"uv": [11.75, 9, 12, 9.25], "rotation": 90, "texture": "#0"},
				"south": {"uv": [10.25, 9, 12, 9.25], "texture": "#0"},
				"west": {"uv": [10.25, 9, 10.5, 9.25], "rotation": 270, "texture": "#0"},
				"up": {"uv": [10.25, 9, 12, 9.25], "texture": "#0"},
				"down": {"uv": [10.25, 9.25, 12, 9], "texture": "#0"}
			}
		},
		{
			"name": "halo (42)_25",
			"from": [3.75, 0, 9.25],
			"to": [5.5, 0.25, 9.5],
			"faces": {
				"north": {"uv": [5.5, 9.25, 3.75, 9.5], "texture": "#0"},
				"east": {"uv": [5.25, 9.25, 5.5, 9.5], "rotation": 90, "texture": "#0"},
				"south": {"uv": [3.75, 9.25, 5.5, 9.5], "texture": "#0"},
				"west": {"uv": [3.75, 9.25, 4, 9.5], "rotation": 270, "texture": "#0"},
				"up": {"uv": [3.75, 9.25, 5.5, 9.5], "texture": "#0"},
				"down": {"uv": [3.75, 9.5, 5.5, 9.25], "texture": "#0"}
			}
		},
		{
			"name": "halo (42)_26",
			"from": [10.5, 0, 9.25],
			"to": [12.25, 0.25, 9.5],
			"faces": {
				"north": {"uv": [12.25, 9.25, 10.5, 9.5], "texture": "#0"},
				"east": {"uv": [12, 9.25, 12.25, 9.5], "rotation": 90, "texture": "#0"},
				"south": {"uv": [10.5, 9.25, 12.25, 9.5], "texture": "#0"},
				"west": {"uv": [10.5, 9.25, 10.75, 9.5], "rotation": 270, "texture": "#0"},
				"up": {"uv": [10.5, 9.25, 12.25, 9.5], "texture": "#0"},
				"down": {"uv": [10.5, 9.5, 12.25, 9.25], "texture": "#0"}
			}
		},
		{
			"name": "halo (42)_27",
			"from": [3.5, 0, 9.5],
			"to": [5.25, 0.25, 9.75],
			"faces": {
				"north": {"uv": [5.25, 9.5, 3.5, 9.75], "texture": "#0"},
				"east": {"uv": [5, 9.5, 5.25, 9.75], "rotation": 90, "texture": "#0"},
				"south": {"uv": [3.5, 9.5, 5.25, 9.75], "texture": "#0"},
				"west": {"uv": [3.5, 9.5, 3.75, 9.75], "rotation": 270, "texture": "#0"},
				"up": {"uv": [3.5, 9.5, 5.25, 9.75], "texture": "#0"},
				"down": {"uv": [3.5, 9.75, 5.25, 9.5], "texture": "#0"}
			}
		},
		{
			"name": "halo (42)_28",
			"from": [10.75, 0, 9.5],
			"to": [12.5, 0.25, 9.75],
			"faces": {
				"north": {"uv": [12.5, 9.5, 10.75, 9.75], "texture": "#0"},
				"east": {"uv": [12.25, 9.5, 12.5, 9.75], "rotation": 90, "texture": "#0"},
				"south": {"uv": [10.75, 9.5, 12.5, 9.75], "texture": "#0"},
				"west": {"uv": [10.75, 9.5, 11, 9.75], "rotation": 270, "texture": "#0"},
				"up": {"uv": [10.75, 9.5, 12.5, 9.75], "texture": "#0"},
				"down": {"uv": [10.75, 9.75, 12.5, 9.5], "texture": "#0"}
			}
		},
		{
			"name": "halo (42)_29",
			"from": [3.25, 0, 9.75],
			"to": [5, 0.25, 10],
			"faces": {
				"north": {"uv": [5, 9.75, 3.25, 10], "texture": "#0"},
				"east": {"uv": [4.75, 9.75, 5, 10], "rotation": 90, "texture": "#0"},
				"south": {"uv": [3.25, 9.75, 5, 10], "texture": "#0"},
				"west": {"uv": [3.25, 9.75, 3.5, 10], "rotation": 270, "texture": "#0"},
				"up": {"uv": [3.25, 9.75, 5, 10], "texture": "#0"},
				"down": {"uv": [3.25, 10, 5, 9.75], "texture": "#0"}
			}
		},
		{
			"name": "halo (42)_30",
			"from": [11, 0, 9.75],
			"to": [12.75, 0.25, 10],
			"faces": {
				"north": {"uv": [12.75, 9.75, 11, 10], "texture": "#0"},
				"east": {"uv": [12.5, 9.75, 12.75, 10], "rotation": 90, "texture": "#0"},
				"south": {"uv": [11, 9.75, 12.75, 10], "texture": "#0"},
				"west": {"uv": [11, 9.75, 11.25, 10], "rotation": 270, "texture": "#0"},
				"up": {"uv": [11, 9.75, 12.75, 10], "texture": "#0"},
				"down": {"uv": [11, 10, 12.75, 9.75], "texture": "#0"}
			}
		},
		{
			"name": "halo (42)_31",
			"from": [3, 0, 10],
			"to": [4.75, 0.25, 10.25],
			"faces": {
				"north": {"uv": [4.75, 10, 3, 10.25], "texture": "#0"},
				"east": {"uv": [4.5, 10, 4.75, 10.25], "rotation": 90, "texture": "#0"},
				"south": {"uv": [3, 10, 4.75, 10.25], "texture": "#0"},
				"west": {"uv": [3, 10, 3.25, 10.25], "rotation": 270, "texture": "#0"},
				"up": {"uv": [3, 10, 4.75, 10.25], "texture": "#0"},
				"down": {"uv": [3, 10.25, 4.75, 10], "texture": "#0"}
			}
		},
		{
			"name": "halo (42)_32",
			"from": [11.25, 0, 10],
			"to": [13, 0.25, 10.25],
			"faces": {
				"north": {"uv": [13, 10, 11.25, 10.25], "texture": "#0"},
				"east": {"uv": [12.75, 10, 13, 10.25], "rotation": 90, "texture": "#0"},
				"south": {"uv": [11.25, 10, 13, 10.25], "texture": "#0"},
				"west": {"uv": [11.25, 10, 11.5, 10.25], "rotation": 270, "texture": "#0"},
				"up": {"uv": [11.25, 10, 13, 10.25], "texture": "#0"},
				"down": {"uv": [11.25, 10.25, 13, 10], "texture": "#0"}
			}
		},
		{
			"name": "halo (42)_33",
			"from": [2.75, 0, 10.25],
			"to": [4.5, 0.25, 10.5],
			"faces": {
				"north": {"uv": [4.5, 10.25, 2.75, 10.5], "texture": "#0"},
				"east": {"uv": [4.25, 10.25, 4.5, 10.5], "rotation": 90, "texture": "#0"},
				"south": {"uv": [2.75, 10.25, 4.5, 10.5], "texture": "#0"},
				"west": {"uv": [2.75, 10.25, 3, 10.5], "rotation": 270, "texture": "#0"},
				"up": {"uv": [2.75, 10.25, 4.5, 10.5], "texture": "#0"},
				"down": {"uv": [2.75, 10.5, 4.5, 10.25], "texture": "#0"}
			}
		},
		{
			"name": "halo (42)_34",
			"from": [11.5, 0, 10.25],
			"to": [13.25, 0.25, 10.5],
			"faces": {
				"north": {"uv": [13.25, 10.25, 11.5, 10.5], "texture": "#0"},
				"east": {"uv": [13, 10.25, 13.25, 10.5], "rotation": 90, "texture": "#0"},
				"south": {"uv": [11.5, 10.25, 13.25, 10.5], "texture": "#0"},
				"west": {"uv": [11.5, 10.25, 11.75, 10.5], "rotation": 270, "texture": "#0"},
				"up": {"uv": [11.5, 10.25, 13.25, 10.5], "texture": "#0"},
				"down": {"uv": [11.5, 10.5, 13.25, 10.25], "texture": "#0"}
			}
		},
		{
			"name": "halo (42)_35",
			"from": [2.75, 0, 10.5],
			"to": [4.5, 0.25, 10.75],
			"faces": {
				"north": {"uv": [4.5, 10.5, 2.75, 10.75], "texture": "#0"},
				"east": {"uv": [4.25, 10.5, 4.5, 10.75], "rotation": 90, "texture": "#0"},
				"south": {"uv": [2.75, 10.5, 4.5, 10.75], "texture": "#0"},
				"west": {"uv": [2.75, 10.5, 3, 10.75], "rotation": 270, "texture": "#0"},
				"up": {"uv": [2.75, 10.5, 4.5, 10.75], "texture": "#0"},
				"down": {"uv": [2.75, 10.75, 4.5, 10.5], "texture": "#0"}
			}
		},
		{
			"name": "halo (42)_36",
			"from": [11.5, 0, 10.5],
			"to": [13.25, 0.25, 10.75],
			"faces": {
				"north": {"uv": [13.25, 10.5, 11.5, 10.75], "texture": "#0"},
				"east": {"uv": [13, 10.5, 13.25, 10.75], "rotation": 90, "texture": "#0"},
				"south": {"uv": [11.5, 10.5, 13.25, 10.75], "texture": "#0"},
				"west": {"uv": [11.5, 10.5, 11.75, 10.75], "rotation": 270, "texture": "#0"},
				"up": {"uv": [11.5, 10.5, 13.25, 10.75], "texture": "#0"},
				"down": {"uv": [11.5, 10.75, 13.25, 10.5], "texture": "#0"}
			}
		},
		{
			"name": "halo (42)_37",
			"from": [3, 0, 10.75],
			"to": [4.75, 0.25, 11],
			"faces": {
				"north": {"uv": [4.75, 10.75, 3, 11], "texture": "#0"},
				"east": {"uv": [4.5, 10.75, 4.75, 11], "rotation": 90, "texture": "#0"},
				"south": {"uv": [3, 10.75, 4.75, 11], "texture": "#0"},
				"west": {"uv": [3, 10.75, 3.25, 11], "rotation": 270, "texture": "#0"},
				"up": {"uv": [3, 10.75, 4.75, 11], "texture": "#0"},
				"down": {"uv": [3, 11, 4.75, 10.75], "texture": "#0"}
			}
		},
		{
			"name": "halo (42)_38",
			"from": [11.25, 0, 10.75],
			"to": [13, 0.25, 11],
			"faces": {
				"north": {"uv": [13, 10.75, 11.25, 11], "texture": "#0"},
				"east": {"uv": [12.75, 10.75, 13, 11], "rotation": 90, "texture": "#0"},
				"south": {"uv": [11.25, 10.75, 13, 11], "texture": "#0"},
				"west": {"uv": [11.25, 10.75, 11.5, 11], "rotation": 270, "texture": "#0"},
				"up": {"uv": [11.25, 10.75, 13, 11], "texture": "#0"},
				"down": {"uv": [11.25, 11, 13, 10.75], "texture": "#0"}
			}
		},
		{
			"name": "halo (42)_39",
			"from": [3.25, 0, 11],
			"to": [5, 0.25, 11.25],
			"faces": {
				"north": {"uv": [5, 11, 3.25, 11.25], "texture": "#0"},
				"east": {"uv": [4.75, 11, 5, 11.25], "rotation": 90, "texture": "#0"},
				"south": {"uv": [3.25, 11, 5, 11.25], "texture": "#0"},
				"west": {"uv": [3.25, 11, 3.5, 11.25], "rotation": 270, "texture": "#0"},
				"up": {"uv": [3.25, 11, 5, 11.25], "texture": "#0"},
				"down": {"uv": [3.25, 11.25, 5, 11], "texture": "#0"}
			}
		},
		{
			"name": "halo (42)_40",
			"from": [11, 0, 11],
			"to": [12.75, 0.25, 11.25],
			"faces": {
				"north": {"uv": [12.75, 11, 11, 11.25], "texture": "#0"},
				"east": {"uv": [12.5, 11, 12.75, 11.25], "rotation": 90, "texture": "#0"},
				"south": {"uv": [11, 11, 12.75, 11.25], "texture": "#0"},
				"west": {"uv": [11, 11, 11.25, 11.25], "rotation": 270, "texture": "#0"},
				"up": {"uv": [11, 11, 12.75, 11.25], "texture": "#0"},
				"down": {"uv": [11, 11.25, 12.75, 11], "texture": "#0"}
			}
		},
		{
			"name": "halo (42)_41",
			"from": [3.5, 0, 11.25],
			"to": [5.25, 0.25, 11.5],
			"faces": {
				"north": {"uv": [5.25, 11.25, 3.5, 11.5], "texture": "#0"},
				"east": {"uv": [5, 11.25, 5.25, 11.5], "rotation": 90, "texture": "#0"},
				"south": {"uv": [3.5, 11.25, 5.25, 11.5], "texture": "#0"},
				"west": {"uv": [3.5, 11.25, 3.75, 11.5], "rotation": 270, "texture": "#0"},
				"up": {"uv": [3.5, 11.25, 5.25, 11.5], "texture": "#0"},
				"down": {"uv": [3.5, 11.5, 5.25, 11.25], "texture": "#0"}
			}
		},
		{
			"name": "halo (42)_42",
			"from": [10.75, 0, 11.25],
			"to": [12.5, 0.25, 11.5],
			"faces": {
				"north": {"uv": [12.5, 11.25, 10.75, 11.5], "texture": "#0"},
				"east": {"uv": [12.25, 11.25, 12.5, 11.5], "rotation": 90, "texture": "#0"},
				"south": {"uv": [10.75, 11.25, 12.5, 11.5], "texture": "#0"},
				"west": {"uv": [10.75, 11.25, 11, 11.5], "rotation": 270, "texture": "#0"},
				"up": {"uv": [10.75, 11.25, 12.5, 11.5], "texture": "#0"},
				"down": {"uv": [10.75, 11.5, 12.5, 11.25], "texture": "#0"}
			}
		},
		{
			"name": "halo (42)_43",
			"from": [3.75, 0, 11.5],
			"to": [5.5, 0.25, 11.75],
			"faces": {
				"north": {"uv": [5.5, 11.5, 3.75, 11.75], "texture": "#0"},
				"east": {"uv": [5.25, 11.5, 5.5, 11.75], "rotation": 90, "texture": "#0"},
				"south": {"uv": [3.75, 11.5, 5.5, 11.75], "texture": "#0"},
				"west": {"uv": [3.75, 11.5, 4, 11.75], "rotation": 270, "texture": "#0"},
				"up": {"uv": [3.75, 11.5, 5.5, 11.75], "texture": "#0"},
				"down": {"uv": [3.75, 11.75, 5.5, 11.5], "texture": "#0"}
			}
		},
		{
			"name": "halo (42)_44",
			"from": [10.5, 0, 11.5],
			"to": [12.25, 0.25, 11.75],
			"faces": {
				"north": {"uv": [12.25, 11.5, 10.5, 11.75], "texture": "#0"},
				"east": {"uv": [12, 11.5, 12.25, 11.75], "rotation": 90, "texture": "#0"},
				"south": {"uv": [10.5, 11.5, 12.25, 11.75], "texture": "#0"},
				"west": {"uv": [10.5, 11.5, 10.75, 11.75], "rotation": 270, "texture": "#0"},
				"up": {"uv": [10.5, 11.5, 12.25, 11.75], "texture": "#0"},
				"down": {"uv": [10.5, 11.75, 12.25, 11.5], "texture": "#0"}
			}
		},
		{
			"name": "halo (42)_45",
			"from": [4, 0, 11.75],
			"to": [5.75, 0.25, 12],
			"faces": {
				"north": {"uv": [5.75, 11.75, 4, 12], "texture": "#0"},
				"east": {"uv": [5.5, 11.75, 5.75, 12], "rotation": 90, "texture": "#0"},
				"south": {"uv": [4, 11.75, 5.75, 12], "texture": "#0"},
				"west": {"uv": [4, 11.75, 4.25, 12], "rotation": 270, "texture": "#0"},
				"up": {"uv": [4, 11.75, 5.75, 12], "texture": "#0"},
				"down": {"uv": [4, 12, 5.75, 11.75], "texture": "#0"}
			}
		},
		{
			"name": "halo (42)_46",
			"from": [10.25, 0, 11.75],
			"to": [12, 0.25, 12],
			"faces": {
				"north": {"uv": [12, 11.75, 10.25, 12], "texture": "#0"},
				"east": {"uv": [11.75, 11.75, 12, 12], "rotation": 90, "texture": "#0"},
				"south": {"uv": [10.25, 11.75, 12, 12], "texture": "#0"},
				"west": {"uv": [10.25, 11.75, 10.5, 12], "rotation": 270, "texture": "#0"},
				"up": {"uv": [10.25, 11.75, 12, 12], "texture": "#0"},
				"down": {"uv": [10.25, 12, 12, 11.75], "texture": "#0"}
			}
		},
		{
			"name": "halo (42)_47",
			"from": [4.25, 0, 12],
			"to": [6, 0.25, 12.25],
			"faces": {
				"north": {"uv": [6, 12, 4.25, 12.25], "texture": "#0"},
				"east": {"uv": [5.75, 12, 6, 12.25], "rotation": 90, "texture": "#0"},
				"south": {"uv": [4.25, 12, 6, 12.25], "texture": "#0"},
				"west": {"uv": [4.25, 12, 4.5, 12.25], "rotation": 270, "texture": "#0"},
				"up": {"uv": [4.25, 12, 6, 12.25], "texture": "#0"},
				"down": {"uv": [4.25, 12.25, 6, 12], "texture": "#0"}
			}
		},
		{
			"name": "halo (42)_48",
			"from": [10, 0, 12],
			"to": [11.75, 0.25, 12.25],
			"faces": {
				"north": {"uv": [11.75, 12, 10, 12.25], "texture": "#0"},
				"east": {"uv": [11.5, 12, 11.75, 12.25], "rotation": 90, "texture": "#0"},
				"south": {"uv": [10, 12, 11.75, 12.25], "texture": "#0"},
				"west": {"uv": [10, 12, 10.25, 12.25], "rotation": 270, "texture": "#0"},
				"up": {"uv": [10, 12, 11.75, 12.25], "texture": "#0"},
				"down": {"uv": [10, 12.25, 11.75, 12], "texture": "#0"}
			}
		},
		{
			"name": "halo (42)_49",
			"from": [4.5, 0, 12.25],
			"to": [6.25, 0.25, 12.5],
			"faces": {
				"north": {"uv": [6.25, 12.25, 4.5, 12.5], "texture": "#0"},
				"east": {"uv": [6, 12.25, 6.25, 12.5], "rotation": 90, "texture": "#0"},
				"south": {"uv": [4.5, 12.25, 6.25, 12.5], "texture": "#0"},
				"west": {"uv": [4.5, 12.25, 4.75, 12.5], "rotation": 270, "texture": "#0"},
				"up": {"uv": [4.5, 12.25, 6.25, 12.5], "texture": "#0"},
				"down": {"uv": [4.5, 12.5, 6.25, 12.25], "texture": "#0"}
			}
		},
		{
			"name": "halo (42)_50",
			"from": [9.75, 0, 12.25],
			"to": [11.5, 0.25, 12.5],
			"faces": {
				"north": {"uv": [11.5, 12.25, 9.75, 12.5], "texture": "#0"},
				"east": {"uv": [11.25, 12.25, 11.5, 12.5], "rotation": 90, "texture": "#0"},
				"south": {"uv": [9.75, 12.25, 11.5, 12.5], "texture": "#0"},
				"west": {"uv": [9.75, 12.25, 10, 12.5], "rotation": 270, "texture": "#0"},
				"up": {"uv": [9.75, 12.25, 11.5, 12.5], "texture": "#0"},
				"down": {"uv": [9.75, 12.5, 11.5, 12.25], "texture": "#0"}
			}
		},
		{
			"name": "halo (42)_51",
			"from": [4.75, 0, 12.5],
			"to": [6.5, 0.25, 12.75],
			"faces": {
				"north": {"uv": [6.5, 12.5, 4.75, 12.75], "texture": "#0"},
				"east": {"uv": [6.25, 12.5, 6.5, 12.75], "rotation": 90, "texture": "#0"},
				"south": {"uv": [4.75, 12.5, 6.5, 12.75], "texture": "#0"},
				"west": {"uv": [4.75, 12.5, 5, 12.75], "rotation": 270, "texture": "#0"},
				"up": {"uv": [4.75, 12.5, 6.5, 12.75], "texture": "#0"},
				"down": {"uv": [4.75, 12.75, 6.5, 12.5], "texture": "#0"}
			}
		},
		{
			"name": "halo (42)_52",
			"from": [9.5, 0, 12.5],
			"to": [11.25, 0.25, 12.75],
			"faces": {
				"north": {"uv": [11.25, 12.5, 9.5, 12.75], "texture": "#0"},
				"east": {"uv": [11, 12.5, 11.25, 12.75], "rotation": 90, "texture": "#0"},
				"south": {"uv": [9.5, 12.5, 11.25, 12.75], "texture": "#0"},
				"west": {"uv": [9.5, 12.5, 9.75, 12.75], "rotation": 270, "texture": "#0"},
				"up": {"uv": [9.5, 12.5, 11.25, 12.75], "texture": "#0"},
				"down": {"uv": [9.5, 12.75, 11.25, 12.5], "texture": "#0"}
			}
		},
		{
			"name": "halo (42)_53",
			"from": [5, 0, 12.75],
			"to": [6.75, 0.25, 13],
			"faces": {
				"north": {"uv": [6.75, 12.75, 5, 13], "texture": "#0"},
				"east": {"uv": [6.5, 12.75, 6.75, 13], "rotation": 90, "texture": "#0"},
				"south": {"uv": [5, 12.75, 6.75, 13], "texture": "#0"},
				"west": {"uv": [5, 12.75, 5.25, 13], "rotation": 270, "texture": "#0"},
				"up": {"uv": [5, 12.75, 6.75, 13], "texture": "#0"},
				"down": {"uv": [5, 13, 6.75, 12.75], "texture": "#0"}
			}
		},
		{
			"name": "halo (42)_54",
			"from": [9.25, 0, 12.75],
			"to": [11, 0.25, 13],
			"faces": {
				"north": {"uv": [11, 12.75, 9.25, 13], "texture": "#0"},
				"east": {"uv": [10.75, 12.75, 11, 13], "rotation": 90, "texture": "#0"},
				"south": {"uv": [9.25, 12.75, 11, 13], "texture": "#0"},
				"west": {"uv": [9.25, 12.75, 9.5, 13], "rotation": 270, "texture": "#0"},
				"up": {"uv": [9.25, 12.75, 11, 13], "texture": "#0"},
				"down": {"uv": [9.25, 13, 11, 12.75], "texture": "#0"}
			}
		},
		{
			"name": "halo (42)_55",
			"from": [5.25, 0, 13],
			"to": [7, 0.25, 13.25],
			"faces": {
				"north": {"uv": [7, 13, 5.25, 13.25], "texture": "#0"},
				"east": {"uv": [6.75, 13, 7, 13.25], "rotation": 90, "texture": "#0"},
				"south": {"uv": [5.25, 13, 7, 13.25], "texture": "#0"},
				"west": {"uv": [5.25, 13, 5.5, 13.25], "rotation": 270, "texture": "#0"},
				"up": {"uv": [5.25, 13, 7, 13.25], "texture": "#0"},
				"down": {"uv": [5.25, 13.25, 7, 13], "texture": "#0"}
			}
		},
		{
			"name": "halo (42)_56",
			"from": [9, 0, 13],
			"to": [10.75, 0.25, 13.25],
			"faces": {
				"north": {"uv": [10.75, 13, 9, 13.25], "texture": "#0"},
				"east": {"uv": [10.5, 13, 10.75, 13.25], "rotation": 90, "texture": "#0"},
				"south": {"uv": [9, 13, 10.75, 13.25], "texture": "#0"},
				"west": {"uv": [9, 13, 9.25, 13.25], "rotation": 270, "texture": "#0"},
				"up": {"uv": [9, 13, 10.75, 13.25], "texture": "#0"},
				"down": {"uv": [9, 13.25, 10.75, 13], "texture": "#0"}
			}
		},
		{
			"name": "halo (42)_57",
			"from": [5.5, 0, 13.25],
			"to": [7.25, 0.25, 13.5],
			"faces": {
				"north": {"uv": [7.25, 13.25, 5.5, 13.5], "texture": "#0"},
				"east": {"uv": [7, 13.25, 7.25, 13.5], "rotation": 90, "texture": "#0"},
				"south": {"uv": [5.5, 13.25, 7.25, 13.5], "texture": "#0"},
				"west": {"uv": [5.5, 13.25, 5.75, 13.5], "rotation": 270, "texture": "#0"},
				"up": {"uv": [5.5, 13.25, 7.25, 13.5], "texture": "#0"},
				"down": {"uv": [5.5, 13.5, 7.25, 13.25], "texture": "#0"}
			}
		},
		{
			"name": "halo (42)_58",
			"from": [8.75, 0, 13.25],
			"to": [10.5, 0.25, 13.5],
			"faces": {
				"north": {"uv": [10.5, 13.25, 8.75, 13.5], "texture": "#0"},
				"east": {"uv": [10.25, 13.25, 10.5, 13.5], "rotation": 90, "texture": "#0"},
				"south": {"uv": [8.75, 13.25, 10.5, 13.5], "texture": "#0"},
				"west": {"uv": [8.75, 13.25, 9, 13.5], "rotation": 270, "texture": "#0"},
				"up": {"uv": [8.75, 13.25, 10.5, 13.5], "texture": "#0"},
				"down": {"uv": [8.75, 13.5, 10.5, 13.25], "texture": "#0"}
			}
		},
		{
			"name": "halo (42)_59",
			"from": [5.75, 0, 13.5],
			"to": [7.5, 0.25, 13.75],
			"faces": {
				"north": {"uv": [7.5, 13.5, 5.75, 13.75], "texture": "#0"},
				"east": {"uv": [7.25, 13.5, 7.5, 13.75], "rotation": 90, "texture": "#0"},
				"south": {"uv": [5.75, 13.5, 7.5, 13.75], "texture": "#0"},
				"west": {"uv": [5.75, 13.5, 6, 13.75], "rotation": 270, "texture": "#0"},
				"up": {"uv": [5.75, 13.5, 7.5, 13.75], "texture": "#0"},
				"down": {"uv": [5.75, 13.75, 7.5, 13.5], "texture": "#0"}
			}
		},
		{
			"name": "halo (42)_60",
			"from": [8.5, 0, 13.5],
			"to": [10.25, 0.25, 13.75],
			"faces": {
				"north": {"uv": [10.25, 13.5, 8.5, 13.75], "texture": "#0"},
				"east": {"uv": [10, 13.5, 10.25, 13.75], "rotation": 90, "texture": "#0"},
				"south": {"uv": [8.5, 13.5, 10.25, 13.75], "texture": "#0"},
				"west": {"uv": [8.5, 13.5, 8.75, 13.75], "rotation": 270, "texture": "#0"},
				"up": {"uv": [8.5, 13.5, 10.25, 13.75], "texture": "#0"},
				"down": {"uv": [8.5, 13.75, 10.25, 13.5], "texture": "#0"}
			}
		},
		{
			"name": "halo (42)_61",
			"from": [6, 0, 13.75],
			"to": [7.75, 0.25, 14],
			"faces": {
				"north": {"uv": [7.75, 13.75, 6, 14], "texture": "#0"},
				"east": {"uv": [7.5, 13.75, 7.75, 14], "rotation": 90, "texture": "#0"},
				"south": {"uv": [6, 13.75, 7.75, 14], "texture": "#0"},
				"west": {"uv": [6, 13.75, 6.25, 14], "rotation": 270, "texture": "#0"},
				"up": {"uv": [6, 13.75, 7.75, 14], "texture": "#0"},
				"down": {"uv": [6, 14, 7.75, 13.75], "texture": "#0"}
			}
		},
		{
			"name": "halo (42)_62",
			"from": [8.25, 0, 13.75],
			"to": [10, 0.25, 14],
			"faces": {
				"north": {"uv": [10, 13.75, 8.25, 14], "texture": "#0"},
				"east": {"uv": [9.75, 13.75, 10, 14], "rotation": 90, "texture": "#0"},
				"south": {"uv": [8.25, 13.75, 10, 14], "texture": "#0"},
				"west": {"uv": [8.25, 13.75, 8.5, 14], "rotation": 270, "texture": "#0"},
				"up": {"uv": [8.25, 13.75, 10, 14], "texture": "#0"},
				"down": {"uv": [8.25, 14, 10, 13.75], "texture": "#0"}
			}
		},
		{
			"name": "halo (42)_63",
			"from": [6.25, 0, 14],
			"to": [9.75, 0.25, 14.25],
			"faces": {
				"north": {"uv": [9.75, 14, 6.25, 14.25], "texture": "#0"},
				"east": {"uv": [9.5, 14, 9.75, 14.25], "rotation": 90, "texture": "#0"},
				"south": {"uv": [6.25, 14, 9.75, 14.25], "texture": "#0"},
				"west": {"uv": [6.25, 14, 6.5, 14.25], "rotation": 270, "texture": "#0"},
				"up": {"uv": [6.25, 14, 9.75, 14.25], "texture": "#0"},
				"down": {"uv": [6.25, 14.25, 9.75, 14], "texture": "#0"}
			}
		},
		{
			"name": "halo (42)_64",
			"from": [6.5, 0, 14.25],
			"to": [9.5, 0.25, 14.5],
			"faces": {
				"north": {"uv": [9.5, 14.25, 6.5, 14.5], "texture": "#0"},
				"east": {"uv": [9.25, 14.25, 9.5, 14.5], "rotation": 90, "texture": "#0"},
				"south": {"uv": [6.5, 14.25, 9.5, 14.5], "texture": "#0"},
				"west": {"uv": [6.5, 14.25, 6.75, 14.5], "rotation": 270, "texture": "#0"},
				"up": {"uv": [6.5, 14.25, 9.5, 14.5], "texture": "#0"},
				"down": {"uv": [6.5, 14.5, 9.5, 14.25], "texture": "#0"}
			}
		},
		{
			"name": "halo (42)_65",
			"from": [6.75, 0, 14.5],
			"to": [9.25, 0.25, 14.75],
			"faces": {
				"north": {"uv": [9.25, 14.5, 6.75, 14.75], "texture": "#0"},
				"east": {"uv": [9, 14.5, 9.25, 14.75], "rotation": 90, "texture": "#0"},
				"south": {"uv": [6.75, 14.5, 9.25, 14.75], "texture": "#0"},
				"west": {"uv": [6.75, 14.5, 7, 14.75], "rotation": 270, "texture": "#0"},
				"up": {"uv": [6.75, 14.5, 9.25, 14.75], "texture": "#0"},
				"down": {"uv": [6.75, 14.75, 9.25, 14.5], "texture": "#0"}
			}
		},
		{
			"name": "halo (42)_66",
			"from": [7, 0, 14.75],
			"to": [9, 0.25, 15],
			"faces": {
				"north": {"uv": [9, 14.75, 7, 15], "texture": "#0"},
				"east": {"uv": [8.75, 14.75, 9, 15], "rotation": 90, "texture": "#0"},
				"south": {"uv": [7, 14.75, 9, 15], "texture": "#0"},
				"west": {"uv": [7, 14.75, 7.25, 15], "rotation": 270, "texture": "#0"},
				"up": {"uv": [7, 14.75, 9, 15], "texture": "#0"},
				"down": {"uv": [7, 15, 9, 14.75], "texture": "#0"}
			}
		},
		{
			"name": "halo (42)_67",
			"from": [7.25, 0, 15],
			"to": [8.75, 0.25, 15.25],
			"faces": {
				"north": {"uv": [8.75, 15, 7.25, 15.25], "texture": "#0"},
				"east": {"uv": [8.5, 15, 8.75, 15.25], "rotation": 90, "texture": "#0"},
				"south": {"uv": [7.25, 15, 8.75, 15.25], "texture": "#0"},
				"west": {"uv": [7.25, 15, 7.5, 15.25], "rotation": 270, "texture": "#0"},
				"up": {"uv": [7.25, 15, 8.75, 15.25], "texture": "#0"},
				"down": {"uv": [7.25, 15.25, 8.75, 15], "texture": "#0"}
			}
		},
		{
			"name": "halo (42)_68",
			"from": [7.5, 0, 15.25],
			"to": [8.5, 0.25, 15.5],
			"faces": {
				"north": {"uv": [8.5, 15.25, 7.5, 15.5], "texture": "#0"},
				"east": {"uv": [8.25, 15.25, 8.5, 15.5], "rotation": 90, "texture": "#0"},
				"south": {"uv": [7.5, 15.25, 8.5, 15.5], "texture": "#0"},
				"west": {"uv": [7.5, 15.25, 7.75, 15.5], "rotation": 270, "texture": "#0"},
				"up": {"uv": [7.5, 15.25, 8.5, 15.5], "texture": "#0"},
				"down": {"uv": [7.5, 15.5, 8.5, 15.25], "texture": "#0"}
			}
		},
		{
			"name": "halo (42)_69",
			"from": [7.75, 0, 15.5],
			"to": [8.25, 0.25, 15.75],
			"faces": {
				"north": {"uv": [8.25, 15.5, 7.75, 15.75], "texture": "#0"},
				"east": {"uv": [8, 15.5, 8.25, 15.75], "rotation": 90, "texture": "#0"},
				"south": {"uv": [7.75, 15.5, 8.25, 15.75], "texture": "#0"},
				"west": {"uv": [7.75, 15.5, 8, 15.75], "rotation": 270, "texture": "#0"},
				"up": {"uv": [7.75, 15.5, 8.25, 15.75], "texture": "#0"},
				"down": {"uv": [7.75, 15.75, 8.25, 15.5], "texture": "#0"}
			}
		}
	],
	"display": {
		"gui": {
			"rotation": [90, 0, 0]
		},
		"head": {
			"rotation": [20, 0, 0],
			"translation": [0, 17, 10]
		}
	},
	"groups": [
		{
			"name": "halo (42)",
			"origin": [8, 8, 8],
			"color": 0,
			"children": [
				0,
				1,
				2,
				3,
				4,
				5,
				6,
				7,
				8,
				9,
				10,
				11,
				12,
				13,
				14,
				15,
				16,
				17,
				18,
				19,
				20,
				21,
				22,
				23,
				24,
				25,
				26,
				27,
				28,
				29,
				30,
				31,
				32,
				33,
				34,
				35,
				36,
				37,
				38,
				39,
				40,
				41,
				42,
				43,
				44,
				45,
				46,
				47,
				48,
				49,
				50,
				51,
				52,
				53,
				54,
				55,
				56,
				57,
				58,
				59,
				60,
				61,
				62,
				63,
				64,
				65,
				66,
				67,
				68,
				69
			]
		}
	]
}