{
        "parent": "block/block",
        "ambientocclusion": false,
	"textures": {
		"particle": "blocks/zihanki2"
	},
	"elements": [
		{
			"from": [0, 0, 2],
			"to": [16, 16, 16],
			"faces": {
				"north": {"uv": [0, 0, 4, 4], "texture": "#particle"},
				"east": {"uv": [4, 0, 7.5, 4], "texture": "#particle"},
				"south": {"uv": [0, 4, 4, 8], "texture": "#particle"},
				"west": {"uv": [4, 4, 7.5, 8], "texture": "#particle"},
				"up": {"uv": [11.5, 3.5, 7.5, 0], "texture": "#particle"},
				"down": {"uv": [11.5, 3.5, 7.5, 7], "texture": "#particle"}
			}
		},
		{
			"from": [0, 14, 0],
			"to": [16, 16, 2],
			"faces": {
				"north": {"uv": [9.25, 7.5, 13.25, 8], "texture": "#particle"},
				"east": {"uv": [11.5, 9.5, 12, 10], "texture": "#particle"},
				"south": {"uv": [9.25, 8, 13.25, 8.5], "texture": "#particle"},
				"west": {"uv": [11.5, 10, 12, 10.5], "texture": "#particle"},
				"up": {"uv": [4, 10, 0, 9.5], "texture": "#particle"},
				"down": {"uv": [8, 9.5, 4, 10], "texture": "#particle"}
			}
		},
		{
			"from": [15, 0, 0],
			"to": [16, 14, 2],
			"faces": {
				"north": {"uv": [6.5, 10.5, 6.75, 13.5], "texture": "#particle"},
				"east": {"uv": [8, 10, 8.5, 13], "texture": "#particle"},
				"south": {"uv": [6.75, 10.5, 7, 13.5], "texture": "#particle"},
				"west": {"uv": [8.5, 10, 9, 13], "texture": "#particle"},
				"up": {"uv": [6, 12.5, 5.75, 12], "texture": "#particle"},
				"down": {"uv": [12.25, 6, 12, 6.5], "texture": "#particle"}
			}
		},
		{
			"from": [0, 0, 0],
			"to": [1, 14, 2],
			"faces": {
				"north": {"uv": [6, 10.5, 6.25, 13.5], "texture": "#particle"},
				"east": {"uv": [7, 10, 7.5, 13], "texture": "#particle"},
				"south": {"uv": [6.25, 10.5, 6.5, 13.5], "texture": "#particle"},
				"west": {"uv": [7.5, 10, 8, 13], "texture": "#particle"},
				"up": {"uv": [5.5, 12.5, 5.25, 12], "texture": "#particle"},
				"down": {"uv": [5.75, 12, 5.5, 12.5], "texture": "#particle"}
			}
		},
		{
			"from": [1, 7, 0],
			"to": [15, 8, 2],
			"faces": {
				"north": {"uv": [2.5, 10.5, 6, 10.75], "texture": "#particle"},
				"east": {"uv": [4.75, 12, 5.25, 12.25], "texture": "#particle"},
				"south": {"uv": [9, 10.5, 12.5, 10.75], "texture": "#particle"},
				"west": {"uv": [12, 5, 12.5, 5.25], "texture": "#particle"},
				"up": {"uv": [11.5, 10, 8, 9.5], "texture": "#particle"},
				"down": {"uv": [13.25, 9, 9.75, 9.5], "texture": "#particle"}
			}
		},
		{
			"from": [5.5, 8, 1],
			"to": [7.5, 12, 2],
			"faces": {
				"north": {"uv": [1, 11, 1.5, 12], "texture": "#particle"},
				"east": {"uv": [10, 11.75, 10.25, 12.75], "texture": "#particle"},
				"south": {"uv": [1.5, 11, 2, 12], "texture": "#particle"},
				"west": {"uv": [10.25, 11.75, 10.5, 12.75], "texture": "#particle"},
				"up": {"uv": [12.5, 7, 12, 6.75], "texture": "#particle"},
				"down": {"uv": [12.5, 9.5, 12, 9.75], "texture": "#particle"}
			}
		},
		{
			"from": [2.5, 8, 1],
			"to": [4.5, 12, 2],
			"faces": {
				"north": {"uv": [2, 11, 2.5, 12], "texture": "#particle"},
				"east": {"uv": [10.5, 11.75, 10.75, 12.75], "texture": "#particle"},
				"south": {"uv": [2.5, 11, 3, 12], "texture": "#particle"},
				"west": {"uv": [10.75, 11.75, 11, 12.75], "texture": "#particle"},
				"up": {"uv": [12.5, 10, 12, 9.75], "texture": "#particle"},
				"down": {"uv": [12.5, 10, 12, 10.25], "texture": "#particle"}
			}
		},
		{
			"from": [8.5, 8, 1],
			"to": [10.5, 12, 2],
			"faces": {
				"north": {"uv": [3, 11, 3.5, 12], "texture": "#particle"},
				"east": {"uv": [11, 11.75, 11.25, 12.75], "texture": "#particle"},
				"south": {"uv": [3.5, 11, 4, 12], "texture": "#particle"},
				"west": {"uv": [11.25, 11.75, 11.5, 12.75], "texture": "#particle"},
				"up": {"uv": [12.5, 10.5, 12, 10.25], "texture": "#particle"},
				"down": {"uv": [12.5, 11.25, 12, 11.5], "texture": "#particle"}
			}
		},
		{
			"from": [11.5, 8, 1],
			"to": [13.5, 11, 2],
			"faces": {
				"north": {"uv": [11.5, 1, 12, 1.75], "texture": "#particle"},
				"east": {"uv": [12, 3.5, 12.25, 4.25], "texture": "#particle"},
				"south": {"uv": [11.5, 1.75, 12, 2.5], "texture": "#particle"},
				"west": {"uv": [3.75, 12, 4, 12.75], "texture": "#particle"},
				"up": {"uv": [12.5, 11.75, 12, 11.5], "texture": "#particle"},
				"down": {"uv": [12.5, 11.75, 12, 12], "texture": "#particle"}
			}
		},
		{
			"from": [3, 7.25, -0.125],
			"to": [4, 7.75, 1.875],
			"faces": {
				"north": {"uv": [12.5, 6, 12.75, 6.25], "texture": "#particle"},
				"east": {"uv": [12.25, 4.25, 12.75, 4.5], "texture": "#particle"},
				"south": {"uv": [12.5, 6.5, 12.75, 6.75], "texture": "#particle"},
				"west": {"uv": [12.25, 4.5, 12.75, 4.75], "texture": "#particle"},
				"up": {"uv": [5, 12.75, 4.75, 12.25], "texture": "#particle"},
				"down": {"uv": [5.25, 12.25, 5, 12.75], "texture": "#particle"}
			}
		},
		{
			"from": [6, 7.25, -0.125],
			"to": [7, 7.75, 1.875],
			"faces": {
				"north": {"uv": [12.5, 6.75, 12.75, 7], "texture": "#particle"},
				"east": {"uv": [12.25, 4.75, 12.75, 5], "texture": "#particle"},
				"south": {"uv": [12.5, 9.5, 12.75, 9.75], "texture": "#particle"},
				"west": {"uv": [12.25, 5.5, 12.75, 5.75], "texture": "#particle"},
				"up": {"uv": [12.5, 6.25, 12.25, 5.75], "texture": "#particle"},
				"down": {"uv": [9.25, 12.25, 9, 12.75], "texture": "#particle"}
			}
		},
		{
			"from": [9, 7.25, -0.125],
			"to": [10, 7.75, 1.875],
			"faces": {
				"north": {"uv": [12.5, 9.75, 12.75, 10], "texture": "#particle"},
				"east": {"uv": [12.25, 6.25, 12.75, 6.5], "texture": "#particle"},
				"south": {"uv": [12.5, 10, 12.75, 10.25], "texture": "#particle"},
				"west": {"uv": [12.25, 8.75, 12.75, 9], "texture": "#particle"},
				"up": {"uv": [9.5, 12.75, 9.25, 12.25], "texture": "#particle"},
				"down": {"uv": [9.75, 12.25, 9.5, 12.75], "texture": "#particle"}
			}
		},
		{
			"from": [12, 7.25, -0.125],
			"to": [13, 7.75, 1.875],
			"faces": {
				"north": {"uv": [12.5, 10.25, 12.75, 10.5], "texture": "#particle"},
				"east": {"uv": [12, 12.25, 12.5, 12.5], "texture": "#particle"},
				"south": {"uv": [12.5, 10.5, 12.75, 10.75], "texture": "#particle"},
				"west": {"uv": [0, 12.5, 0.5, 12.75], "texture": "#particle"},
				"up": {"uv": [10, 12.75, 9.75, 12.25], "texture": "#particle"},
				"down": {"uv": [12.75, 0, 12.5, 0.5], "texture": "#particle"}
			}
		},
		{
			"from": [1, 0, 0],
			"to": [15, 1, 2],
			"faces": {
				"north": {"uv": [2.5, 10.75, 6, 11], "texture": "#particle"},
				"east": {"uv": [12, 5.25, 12.5, 5.5], "texture": "#particle"},
				"south": {"uv": [10.75, 8.5, 14.25, 8.75], "texture": "#particle"},
				"west": {"uv": [12, 6.5, 12.5, 6.75], "texture": "#particle"},
				"up": {"uv": [3.5, 10.5, 0, 10], "texture": "#particle"},
				"down": {"uv": [7, 10, 3.5, 10.5], "texture": "#particle"}
			}
		},
		{
			"from": [5.5, 1, 1],
			"to": [7.5, 5, 2],
			"faces": {
				"north": {"uv": [4, 11, 4.5, 12], "texture": "#particle"},
				"east": {"uv": [11.5, 11.75, 11.75, 12.75], "texture": "#particle"},
				"south": {"uv": [4.5, 11, 5, 12], "texture": "#particle"},
				"west": {"uv": [11.75, 11.75, 12, 12.75], "texture": "#particle"},
				"up": {"uv": [12.5, 12.25, 12, 12], "texture": "#particle"},
				"down": {"uv": [12.75, 1, 12.25, 1.25], "texture": "#particle"}
			}
		},
		{
			"from": [2.5, 1, 1],
			"to": [4.5, 5, 2],
			"faces": {
				"north": {"uv": [5, 11, 5.5, 12], "texture": "#particle"},
				"east": {"uv": [1, 12, 1.25, 13], "texture": "#particle"},
				"south": {"uv": [5.5, 11, 6, 12], "texture": "#particle"},
				"west": {"uv": [12, 1, 12.25, 2], "texture": "#particle"},
				"up": {"uv": [12.75, 1.5, 12.25, 1.25], "texture": "#particle"},
				"down": {"uv": [12.75, 1.5, 12.25, 1.75], "texture": "#particle"}
			}
		},
		{
			"from": [8.5, 1, 1],
			"to": [10.5, 4, 2],
			"faces": {
				"north": {"uv": [11.5, 2.5, 12, 3.25], "texture": "#particle"},
				"east": {"uv": [4, 12, 4.25, 12.75], "texture": "#particle"},
				"south": {"uv": [11.5, 3.25, 12, 4], "texture": "#particle"},
				"west": {"uv": [4.25, 12, 4.5, 12.75], "texture": "#particle"},
				"up": {"uv": [12.75, 2, 12.25, 1.75], "texture": "#particle"},
				"down": {"uv": [12.75, 3.5, 12.25, 3.75], "texture": "#particle"}
			}
		},
		{
			"from": [11.5, 1, 1],
			"to": [13.5, 4, 2],
			"faces": {
				"north": {"uv": [11.5, 4, 12, 4.75], "texture": "#particle"},
				"east": {"uv": [12, 4.25, 12.25, 5], "texture": "#particle"},
				"south": {"uv": [11.5, 4.75, 12, 5.5], "texture": "#particle"},
				"west": {"uv": [4.5, 12, 4.75, 12.75], "texture": "#particle"},
				"up": {"uv": [12.75, 4, 12.25, 3.75], "texture": "#particle"},
				"down": {"uv": [12.75, 4, 12.25, 4.25], "texture": "#particle"}
			}
		},
		{
			"from": [3, 0.25, -0.125],
			"to": [4, 0.75, 1.875],
			"faces": {
				"north": {"uv": [12.5, 10.75, 12.75, 11], "texture": "#particle"},
				"east": {"uv": [0.5, 12.5, 1, 12.75], "texture": "#particle"},
				"south": {"uv": [12.5, 11, 12.75, 11.25], "texture": "#particle"},
				"west": {"uv": [12.5, 0.5, 13, 0.75], "texture": "#particle"},
				"up": {"uv": [1.5, 13, 1.25, 12.5], "texture": "#particle"},
				"down": {"uv": [1.75, 12.5, 1.5, 13], "texture": "#particle"}
			}
		},
		{
			"from": [6, 0.25, -0.125],
			"to": [7, 0.75, 1.875],
			"faces": {
				"north": {"uv": [12.5, 11.25, 12.75, 11.5], "texture": "#particle"},
				"east": {"uv": [12.5, 0.75, 13, 1], "texture": "#particle"},
				"south": {"uv": [12.5, 11.5, 12.75, 11.75], "texture": "#particle"},
				"west": {"uv": [1.75, 12.5, 2.25, 12.75], "texture": "#particle"},
				"up": {"uv": [12.75, 2.5, 12.5, 2], "texture": "#particle"},
				"down": {"uv": [2.5, 12.5, 2.25, 13], "texture": "#particle"}
			}
		},
		{
			"from": [9, 0.25, -0.125],
			"to": [10, 0.75, 1.875],
			"faces": {
				"north": {"uv": [12.5, 11.75, 12.75, 12], "texture": "#particle"},
				"east": {"uv": [2.5, 12.5, 3, 12.75], "texture": "#particle"},
				"south": {"uv": [12, 12.5, 12.25, 12.75], "texture": "#particle"},
				"west": {"uv": [12.5, 2.5, 13, 2.75], "texture": "#particle"},
				"up": {"uv": [12.75, 3.25, 12.5, 2.75], "texture": "#particle"},
				"down": {"uv": [3.25, 12.5, 3, 13], "texture": "#particle"}
			}
		},
		{
			"from": [12, 0.25, -0.125],
			"to": [13, 0.75, 1.875],
			"faces": {
				"north": {"uv": [12.5, 12, 12.75, 12.25], "texture": "#particle"},
				"east": {"uv": [3.25, 12.5, 3.75, 12.75], "texture": "#particle"},
				"south": {"uv": [12.25, 12.5, 12.5, 12.75], "texture": "#particle"},
				"west": {"uv": [12.5, 3.25, 13, 3.5], "texture": "#particle"},
				"up": {"uv": [12.75, 5.5, 12.5, 5], "texture": "#particle"},
				"down": {"uv": [5.5, 12.5, 5.25, 13], "texture": "#particle"}
			}
		},
		{
			"from": [2, 3, 14.25],
			"to": [12, 7, 16.25],
			"faces": {
				"north": {"uv": [1.75, 8, 4.25, 9], "texture": "#particle"},
				"east": {"uv": [9, 11.25, 9.5, 12.25], "texture": "#particle"},
				"south": {"uv": [4.25, 8, 6.75, 9], "texture": "#particle"},
				"west": {"uv": [9.5, 11.25, 10, 12.25], "texture": "#particle"},
				"up": {"uv": [11.5, 10.5, 9, 10], "texture": "#particle"},
				"down": {"uv": [2.5, 10.5, 0, 11], "texture": "#particle"}
			}
		},
		{
			"from": [1, 8, 14.25],
			"to": [8, 14, 16.25],
			"faces": {
				"north": {"uv": [7.5, 7, 9.25, 8.5], "texture": "#particle"},
				"east": {"uv": [0, 11, 0.5, 12.5], "texture": "#particle"},
				"south": {"uv": [0, 8, 1.75, 9.5], "texture": "#particle"},
				"west": {"uv": [0.5, 11, 1, 12.5], "texture": "#particle"},
				"up": {"uv": [10.75, 11.25, 9, 10.75], "texture": "#particle"},
				"down": {"uv": [12.5, 10.75, 10.75, 11.25], "texture": "#particle"}
			}
		},
		{
			"from": [10, 12, 14.25],
			"to": [14, 14, 16.25],
			"faces": {
				"north": {"uv": [10, 11.25, 11, 11.75], "texture": "#particle"},
				"east": {"uv": [1.25, 12, 1.75, 12.5], "texture": "#particle"},
				"south": {"uv": [11, 11.25, 12, 11.75], "texture": "#particle"},
				"west": {"uv": [1.75, 12, 2.25, 12.5], "texture": "#particle"},
				"up": {"uv": [12.5, 0.5, 11.5, 0], "texture": "#particle"},
				"down": {"uv": [12.5, 0.5, 11.5, 1], "texture": "#particle"}
			}
		},
		{
			"from": [10, 10, 14.25],
			"to": [13, 11, 16.25],
			"faces": {
				"north": {"uv": [10.75, 8.75, 11.5, 9], "texture": "#particle"},
				"east": {"uv": [5.5, 12.5, 6, 12.75], "texture": "#particle"},
				"south": {"uv": [11.5, 8.75, 12.25, 9], "texture": "#particle"},
				"west": {"uv": [12.5, 5.75, 13, 6], "texture": "#particle"},
				"up": {"uv": [7.5, 8.5, 6.75, 8], "texture": "#particle"},
				"down": {"uv": [12.25, 5.5, 11.5, 6], "texture": "#particle"}
			}
		},
		{
			"from": [13, 5, 14.25],
			"to": [15, 7, 16.25],
			"faces": {
				"north": {"uv": [12, 2, 12.5, 2.5], "texture": "#particle"},
				"east": {"uv": [2.25, 12, 2.75, 12.5], "texture": "#particle"},
				"south": {"uv": [12, 2.5, 12.5, 3], "texture": "#particle"},
				"west": {"uv": [2.75, 12, 3.25, 12.5], "texture": "#particle"},
				"up": {"uv": [12.5, 3.5, 12, 3], "texture": "#particle"},
				"down": {"uv": [3.75, 12, 3.25, 12.5], "texture": "#particle"}
			}
		}
	],
	"display": {},
	"groups": [
		0,
		{
			"name": "group",
			"origin": [0, 0, 0],
			"color": 0,
			"children": [1, 2, 3]
		},
		{
			"name": "group",
			"origin": [0, 0, 0],
			"color": 0,
			"children": [
				4,
				{
					"name": "group",
					"origin": [0, 0, 0],
					"color": 0,
					"children": [5, 6, 7, 8]
				},
				{
					"name": "group",
					"origin": [0, 0, 0],
					"color": 0,
					"children": [9, 10, 11, 12]
				},
				13,
				{
					"name": "group",
					"origin": [0, 0, 0],
					"color": 0,
					"children": [14, 15, 16, 17]
				},
				{
					"name": "group",
					"origin": [0, 0, 0],
					"color": 0,
					"children": [18, 19, 20, 21]
				}
			]
		},
		{
			"name": "group",
			"origin": [8, 8, 8],
			"color": 0,
			"children": [22, 23, 24, 25, 26]
		}
	]
}