{
	"credit": "Made with Blockbench",
	"textures": {
		"1": "items/3d/gre_smoke"
	},
	"elements": [
		{
			"from": [6, 0.001, 7],
			"to": [10, 8, 9],
			"faces": {
				"east": {"uv": [3.5, 2, 5.5, 9.999], "texture": "#1"},
				"west": {"uv": [3.5, 2, 5.5, 9.999], "texture": "#1"},
				"up": {"uv": [0, 13, 4, 15], "texture": "#1"},
				"down": {"uv": [4.5, 11.5, 6.5, 15.5], "rotation": 90, "texture": "#1"}
			}
		},
		{
			"from": [7, 0, 6],
			"to": [9, 8, 10],
			"rotation": {"angle": 0, "axis": "y", "origin": [8, 2, 8]},
			"faces": {
				"north": {"uv": [7, 14, 15, 16], "rotation": 270, "texture": "#1"},
				"south": {"uv": [3.5, 2, 5.5, 10], "texture": "#1"},
				"up": {"uv": [0, 13, 4, 15], "rotation": 90, "texture": "#1"},
				"down": {"uv": [4.5, 11.5, 6.5, 15.5], "rotation": 180, "texture": "#1"}
			}
		},
		{
			"from": [6.94537, 0.01, 8.14207],
			"to": [8.35537, 7.99, 9.14207],
			"rotation": {"angle": -45, "axis": "y", "origin": [6.64207, 12.02, 7.93496]},
			"faces": {
				"south": {"uv": [6, 2, 7.41, 9.98], "texture": "#1"},
				"up": {"uv": [6, 0.5, 7.41, 1.5], "texture": "#1"},
				"down": {"uv": [6, 10.5, 7.41, 11.5], "rotation": 180, "texture": "#1"}
			}
		},
		{
			"from": [6.40686, 0.01, 4.67462],
			"to": [7.81686, 7.99, 5.67462],
			"rotation": {"angle": -45, "axis": "y", "origin": [6.10356, 12.03, 8.46751]},
			"faces": {
				"north": {"uv": [7, 12.02, 14.98, 13.43], "rotation": 270, "texture": "#1"},
				"up": {"uv": [6, 0.5, 7.41, 1.5], "texture": "#1"},
				"down": {"uv": [6, 10.5, 7.41, 11.5], "texture": "#1"}
			}
		},
		{
			"from": [6.71446, 0.01, 7.29594],
			"to": [7.71446, 7.99, 8.70594],
			"rotation": {"angle": -45, "axis": "y", "origin": [8.42157, 7.03, 6.99264]},
			"faces": {
				"west": {"uv": [6, 2, 7.41, 9.98], "texture": "#1"},
				"up": {"uv": [6, 0.5, 7.41, 1.5], "rotation": 90, "texture": "#1"},
				"down": {"uv": [6, 10.5, 7.41, 11.5], "rotation": 90, "texture": "#1"}
			}
		},
		{
			"from": [10.17893, 0.01, 6.76041],
			"to": [11.17893, 7.99, 8.17041],
			"rotation": {"angle": -45, "axis": "y", "origin": [7.88604, 7.04, 6.45711]},
			"faces": {
				"east": {"uv": [6, 2, 7.41, 9.98], "texture": "#1"},
				"up": {"uv": [6, 0.5, 7.41, 1.5], "rotation": 90, "texture": "#1"},
				"down": {"uv": [6, 10.5, 7.41, 11.5], "rotation": 90, "texture": "#1"}
			}
		},
		{
			"from": [5.19738, 2.54931, 7.51],
			"to": [5.69738, 7.54931, 8.49],
			"rotation": {"angle": -22.5, "axis": "z", "origin": [11.50893, 8.01398, 8.26]},
			"faces": {
				"north": {"uv": [14.5, 5.5, 14, 10.5], "texture": "#1"},
				"east": {"uv": [15.02, 5.5, 16, 10.5], "texture": "#1"},
				"south": {"uv": [14, 5.5, 14.5, 10.5], "texture": "#1"},
				"west": {"uv": [15.02, 5.5, 16, 10.5], "texture": "#1"},
				"down": {"uv": [14, 11, 14.5, 11.98], "texture": "#1"}
			}
		},
		{
			"from": [5.5, 9.5, 7.5],
			"to": [6.75, 10, 8.5],
			"rotation": {"angle": 0, "axis": "y", "origin": [7.30761, 10.03963, 8.25]},
			"faces": {
				"north": {"uv": [12.5, 4.5, 13.5, 5], "texture": "#1"},
				"south": {"uv": [12.5, 4.5, 13.5, 5], "texture": "#1"},
				"west": {"uv": [12.5, 4.5, 13.5, 5], "texture": "#1"},
				"up": {"uv": [12.5, 3, 13.5, 4], "texture": "#1"},
				"down": {"uv": [12.5, 3, 13.5, 4], "texture": "#1"}
			}
		},
		{
			"from": [6.75, 9, 7.25],
			"to": [8.75, 10, 8.75],
			"rotation": {"angle": 0, "axis": "y", "origin": [0, 3, 0]},
			"faces": {
				"north": {"uv": [8, 4.5, 10, 5.5], "texture": "#1"},
				"east": {"uv": [10.5, 4.5, 12, 5.5], "texture": "#1"},
				"south": {"uv": [8, 4.5, 10, 5.5], "texture": "#1"},
				"west": {"uv": [10.5, 4.5, 12, 5.5], "texture": "#1"},
				"up": {"uv": [8, 2.5, 10, 4], "texture": "#1"},
				"down": {"uv": [8, 2.5, 10, 4], "texture": "#1"}
			}
		},
		{
			"from": [7.5, 8.5, 7.5],
			"to": [8.5, 9, 8.5],
			"rotation": {"angle": 0, "axis": "y", "origin": [0, 3, 0]},
			"faces": {
				"north": {"uv": [8.5, 6, 9.5, 6.5], "texture": "#1"},
				"east": {"uv": [8.5, 6, 9.5, 6.5], "texture": "#1"},
				"south": {"uv": [8.5, 6, 9.5, 6.5], "texture": "#1"},
				"west": {"uv": [8.5, 6, 9.5, 6.5], "texture": "#1"}
			}
		},
		{
			"from": [7, 8, 7],
			"to": [9, 8.5, 9],
			"rotation": {"angle": 0, "axis": "y", "origin": [0, 3, 0]},
			"faces": {
				"north": {"uv": [8.5, 9.5, 10.5, 10], "texture": "#1"},
				"east": {"uv": [8.5, 9.5, 10.5, 10], "texture": "#1"},
				"south": {"uv": [8.5, 9.5, 10.5, 10], "texture": "#1"},
				"west": {"uv": [8.5, 9.5, 10.5, 10], "texture": "#1"},
				"up": {"uv": [8.5, 7.5, 10.5, 9.5], "texture": "#1"}
			}
		}
	],
	"display": {
		"thirdperson_righthand": {
			"rotation": [0, 135, 0],
			"translation": [0, 3.5, 0]
		},
		"thirdperson_lefthand": {
			"rotation": [0, -45, 0],
			"translation": [0, 3.5, 0]
		},
		"firstperson_righthand": {
			"rotation": [0, 135, 0],
			"translation": [0, 4.75, 0]
		},
		"firstperson_lefthand": {
			"rotation": [0, -45, 0],
			"translation": [0, 4.75, 0]
		},
		"ground": {
			"rotation": [45, 0, 0],
			"translation": [0, 4.25, 3]
		},
		"gui": {
			"rotation": [20, -150, 30],
			"translation": [1.75, 4.5, 0],
			"scale": [1.5, 1.5, 1.5]
		},
		"fixed": {
			"rotation": [0, 0, 45],
			"translation": [-3.5, 5.25, 0],
			"scale": [2, 2, 2]
		}
	},
	"groups": [
		0,
		1,
		{
			"name": "side lamp",
			"origin": [8, 8, 8],
			"color": 0,
			"children": [2, 3, 4, 5]
		},
		6,
		7,
		8,
		9,
		10
	]
}