{
	"credit": "Made with Blockbench",
	"texture_size": [32, 32],
	"textures": {
		"1": "items/3d/parachute"
	},
	"elements": [
		{
			"from": [12, 12, 4],
			"to": [12, 22, 12],
			"rotation": {"angle": -45, "axis": "z", "origin": [5, 12, 8]},
			"faces": {
				"north": {"uv": [0, 0, 0, 5], "texture": "#1"},
				"east": {"uv": [6.5, 0, 10.5, 5], "texture": "#1"},
				"south": {"uv": [0, 0, 0, 5], "texture": "#1"},
				"west": {"uv": [6.5, 5, 10.5, 10], "texture": "#1"},
				"up": {"uv": [0, 4, 0, 0], "texture": "#1"},
				"down": {"uv": [0, 0, 0, 4], "texture": "#1"}
			}
		},
		{
			"from": [3, 7, 4],
			"to": [3, 17, 12],
			"rotation": {"angle": 45, "axis": "z", "origin": [5, 12, 8]},
			"faces": {
				"north": {"uv": [0, 0, 0, 5], "texture": "#1"},
				"east": {"uv": [0, 8, 4, 13], "texture": "#1"},
				"south": {"uv": [0, 0, 0, 5], "texture": "#1"},
				"west": {"uv": [4, 10, 8, 15], "texture": "#1"},
				"up": {"uv": [0, 4, 0, 0], "texture": "#1"},
				"down": {"uv": [0, 0, 0, 4], "texture": "#1"}
			}
		},
		{
			"from": [2, 17, 4],
			"to": [15, 17, 12],
			"rotation": {"angle": 0, "axis": "y", "origin": [0, 7, 0]},
			"faces": {
				"north": {"uv": [0, 0, 6.5, 0], "texture": "#1"},
				"east": {"uv": [0, 0, 4, 0], "texture": "#1"},
				"south": {"uv": [0, 0, 6.5, 0], "texture": "#1"},
				"west": {"uv": [0, 0, 4, 0], "texture": "#1"},
				"up": {"uv": [6.5, 4, 0, 0], "texture": "#1"},
				"down": {"uv": [6.5, 4, 0, 8], "texture": "#1"}
			}
		},
		{
			"from": [-2, 17, 4],
			"to": [3, 17, 12],
			"rotation": {"angle": 45, "axis": "z", "origin": [2.5, 17, 8]},
			"faces": {
				"north": {"uv": [0, 0, 2.5, 0], "texture": "#1"},
				"east": {"uv": [0, 0, 4, 0], "texture": "#1"},
				"south": {"uv": [0, 0, 2.5, 0], "texture": "#1"},
				"west": {"uv": [0, 0, 4, 0], "texture": "#1"},
				"up": {"uv": [13, 8, 10.5, 4], "texture": "#1"},
				"down": {"uv": [13, 8, 10.5, 12], "texture": "#1"}
			}
		},
		{
			"from": [14, 17, 4],
			"to": [19, 17, 12],
			"rotation": {"angle": -45, "axis": "z", "origin": [14.5, 17, 8]},
			"faces": {
				"north": {"uv": [0, 0, 2.5, 0], "texture": "#1"},
				"east": {"uv": [0, 0, 4, 0], "texture": "#1"},
				"south": {"uv": [0, 0, 2.5, 0], "texture": "#1"},
				"west": {"uv": [0, 0, 4, 0], "texture": "#1"},
				"up": {"uv": [10.5, 14, 8, 10], "texture": "#1"},
				"down": {"uv": [13, 0, 10.5, 4], "texture": "#1"}
			}
		},
		{
			"from": [6, 1, 7],
			"to": [11, 7, 9],
			"faces": {
				"north": {"uv": [10.5, 12, 13, 15], "texture": "#1"},
				"east": {"uv": [2.5, 13, 3.5, 16], "texture": "#1"},
				"south": {"uv": [0, 13, 2.5, 16], "texture": "#1"},
				"west": {"uv": [13, 5, 14, 8], "texture": "#1"},
				"up": {"uv": [6.5, 9, 4, 8], "texture": "#1"},
				"down": {"uv": [6.5, 9, 4, 10], "texture": "#1"}
			}
		},
		{
			"from": [6, 1, 9],
			"to": [11, 6, 10],
			"faces": {
				"north": {"uv": [13, 0, 15.5, 2.5], "texture": "#1"},
				"east": {"uv": [3.5, 13, 4, 15.5], "texture": "#1"},
				"south": {"uv": [13, 2.5, 15.5, 5], "texture": "#1"},
				"west": {"uv": [13, 8, 13.5, 10.5], "texture": "#1"},
				"up": {"uv": [15.5, 11, 13, 10.5], "texture": "#1"},
				"down": {"uv": [15.5, 11, 13, 11.5], "texture": "#1"}
			}
		}
	],
	"display": {
		"thirdperson_righthand": {
			"rotation": [69, 0, 0],
			"translation": [-6.75, -3, 15.25],
			"scale": [2, 2, 2]
		},
		"thirdperson_lefthand": {
			"rotation": [69, 0, 0],
			"translation": [-5, -3, 15.27],
			"scale": [2, 2, 2]
		},
		"firstperson_righthand": {
			"translation": [-9.5, 4.5, 7.25]
		},
		"firstperson_lefthand": {
			"translation": [-8.5, 4.5, 8]
		},
		"ground": {
			"translation": [-0.75, 3, 0]
		},
		"gui": {
			"translation": [-1, 7.5, 0],
			"scale": [2, 2, 2]
		},
		"head": {
			"translation": [-1.25, -4.25, 5.5],
			"scale": [2.5, 2.5, 2.5]
		}
	},
	"groups": [
		{
			"name": "group",
			"origin": [5, 5, 8],
			"color": 0,
			"children": [0, 1]
		},
		{
			"name": "group",
			"origin": [14.5, 10, 8],
			"color": 0,
			"children": [2, 3, 4]
		},
		5,
		6
	]
}