{
	"credit": "Made with Blockbench",
	"parent": "item/handheld",
	"textures": {
		"layer0": "items/d-p1"
	},
	"display": {
		"thirdperson_righthand": {
			"rotation": [90, 0, 45],
			"translation": [1, 3, 4],
			"scale": [1.5, 1.5, 1]
		},
		"thirdperson_lefthand": {
			"rotation": [90, 0, -45],
			"translation": [1, 3, 4],
			"scale": [1.5, 1.5, 1]
		},
		"firstperson_righthand": {
			"rotation": [-40, -90, 0],
			"translation": [2.25, 2, -0.25],
			"scale": [0.75, 0.75, 0.75]
		},
		"firstperson_lefthand": {
			"scale": [0, 0, 0]
		},
		"ground": {
			"rotation": [90, 0, 0],
			"translation": [-0.25, -2.5, 1.5],
			"scale": [1.5, 1.5, 1]
		},
		"head": {
			"rotation": [0, 0, 20],
			"translation": [0, -14.25, 7],
			"scale": [1.5, 1.5, 1]
		}
	}
}