{
	"credit": "Made with Blockbench",
	"parent": "minecraft:item/handheld",
	"textures": {
		"layer0": "item/gun/revolver/sheriff"
	},
	"display": {
		"thirdperson_righthand": {
			"rotation": [-45, -110, 0],
			"translation": [-1, 1, 0],
			"scale": [0.5, 0.5, 0.75]
		},
		"thirdperson_lefthand": {
			"rotation": [-45, 70, 0],
			"translation": [-1, 1, 0],
			"scale": [0.5, 0.5, 0.75]
		},
		"firstperson_righthand": {
			"rotation": [-50, -94, 0],
			"translation": [7, 5, 4],
			"scale": [0.5, 0.5, 0.5]
		},
		"firstperson_lefthand": {
			"rotation": [-50, 70, 0],
			"translation": [7, 5, 4],
			"scale": [0.5, 0.5, 0.5]
		},
		"gui": {
			"translation": [2.5, 0, 0]
		},
		"head": {
			"rotation": [90, 0, 0]
		}
	}
}