{
	"credit": "Made with Blockbench",
	"parent": "minecraft:item/handheld",
	"textures": {
		"layer0": "item/gun/ar/vandal"
	},
	"display": {
		"thirdperson_righthand": {
			"rotation": [-45, -110, 0],
			"translation": [-1, 1, -2]
		},
		"thirdperson_lefthand": {
			"rotation": [-45, 70, 0],
			"translation": [-1, 1, -2]
		},
		"firstperson_righthand": {
			"rotation": [-50, -94, 0],
			"translation": [6, 5, 0]
		},
		"firstperson_lefthand": {
			"rotation": [-50, 70, 0],
			"translation": [6, 5, 0]
		},
		"head": {
			"rotation": [90, 0, 0],
			"scale": [1.5, 1.5, 1]
		}
	}
}