{
	"credit": "Made with Blockbench",
	"textures": {
		"0": "items/3d/halo (24)",
		"particle": "items/3d/halo (24)"
	},
	"elements": [
		{
			"name": "halo (24)_0",
			"from": [7.5, 0, 5.75],
			"to": [8.5, 0.25, 6],
			"faces": {
				"north": {"uv": [8.5, 5.75, 7.5, 6], "texture": "#0"},
				"east": {"uv": [8.25, 5.75, 8.5, 6], "rotation": 90, "texture": "#0"},
				"south": {"uv": [7.5, 5.75, 8.5, 6], "texture": "#0"},
				"west": {"uv": [7.5, 5.75, 7.75, 6], "rotation": 270, "texture": "#0"},
				"up": {"uv": [7.5, 5.75, 8.5, 6], "texture": "#0"},
				"down": {"uv": [7.5, 6, 8.5, 5.75], "texture": "#0"}
			}
		},
		{
			"name": "halo (24)_1",
			"from": [7.5, 0, 6],
			"to": [8.5, 0.25, 6.25],
			"faces": {
				"north": {"uv": [8.5, 6, 7.5, 6.25], "texture": "#0"},
				"east": {"uv": [8.25, 6, 8.5, 6.25], "rotation": 90, "texture": "#0"},
				"south": {"uv": [7.5, 6, 8.5, 6.25], "texture": "#0"},
				"west": {"uv": [7.5, 6, 7.75, 6.25], "rotation": 270, "texture": "#0"},
				"up": {"uv": [7.5, 6, 8.5, 6.25], "texture": "#0"},
				"down": {"uv": [7.5, 6.25, 8.5, 6], "texture": "#0"}
			}
		},
		{
			"name": "halo (24)_2",
			"from": [7.5, 0, 6.25],
			"to": [8.5, 0.25, 6.5],
			"faces": {
				"north": {"uv": [8.5, 6.25, 7.5, 6.5], "texture": "#0"},
				"east": {"uv": [8.25, 6.25, 8.5, 6.5], "rotation": 90, "texture": "#0"},
				"south": {"uv": [7.5, 6.25, 8.5, 6.5], "texture": "#0"},
				"west": {"uv": [7.5, 6.25, 7.75, 6.5], "rotation": 270, "texture": "#0"},
				"up": {"uv": [7.5, 6.25, 8.5, 6.5], "texture": "#0"},
				"down": {"uv": [7.5, 6.5, 8.5, 6.25], "texture": "#0"}
			}
		},
		{
			"name": "halo (24)_3",
			"from": [7.5, 0, 6.5],
			"to": [8.5, 0.25, 6.75],
			"faces": {
				"north": {"uv": [8.5, 6.5, 7.5, 6.75], "texture": "#0"},
				"east": {"uv": [8.25, 6.5, 8.5, 6.75], "rotation": 90, "texture": "#0"},
				"south": {"uv": [7.5, 6.5, 8.5, 6.75], "texture": "#0"},
				"west": {"uv": [7.5, 6.5, 7.75, 6.75], "rotation": 270, "texture": "#0"},
				"up": {"uv": [7.5, 6.5, 8.5, 6.75], "texture": "#0"},
				"down": {"uv": [7.5, 6.75, 8.5, 6.5], "texture": "#0"}
			}
		},
		{
			"name": "halo (24)_4",
			"from": [7.5, 0, 6.75],
			"to": [8.5, 0.25, 7],
			"faces": {
				"north": {"uv": [8.5, 6.75, 7.5, 7], "texture": "#0"},
				"east": {"uv": [8.25, 6.75, 8.5, 7], "rotation": 90, "texture": "#0"},
				"south": {"uv": [7.5, 6.75, 8.5, 7], "texture": "#0"},
				"west": {"uv": [7.5, 6.75, 7.75, 7], "rotation": 270, "texture": "#0"},
				"up": {"uv": [7.5, 6.75, 8.5, 7], "texture": "#0"},
				"down": {"uv": [7.5, 7, 8.5, 6.75], "texture": "#0"}
			}
		},
		{
			"name": "halo (24)_5",
			"from": [7.5, 0, 7],
			"to": [8.5, 0.25, 7.25],
			"faces": {
				"north": {"uv": [8.5, 7, 7.5, 7.25], "texture": "#0"},
				"east": {"uv": [8.25, 7, 8.5, 7.25], "rotation": 90, "texture": "#0"},
				"south": {"uv": [7.5, 7, 8.5, 7.25], "texture": "#0"},
				"west": {"uv": [7.5, 7, 7.75, 7.25], "rotation": 270, "texture": "#0"},
				"up": {"uv": [7.5, 7, 8.5, 7.25], "texture": "#0"},
				"down": {"uv": [7.5, 7.25, 8.5, 7], "texture": "#0"}
			}
		},
		{
			"name": "halo (24)_6",
			"from": [7.5, 0, 7.25],
			"to": [8.5, 0.25, 7.5],
			"faces": {
				"north": {"uv": [8.5, 7.25, 7.5, 7.5], "texture": "#0"},
				"east": {"uv": [8.25, 7.25, 8.5, 7.5], "rotation": 90, "texture": "#0"},
				"south": {"uv": [7.5, 7.25, 8.5, 7.5], "texture": "#0"},
				"west": {"uv": [7.5, 7.25, 7.75, 7.5], "rotation": 270, "texture": "#0"},
				"up": {"uv": [7.5, 7.25, 8.5, 7.5], "texture": "#0"},
				"down": {"uv": [7.5, 7.5, 8.5, 7.25], "texture": "#0"}
			}
		},
		{
			"name": "halo (24)_7",
			"from": [5.75, 0, 7.5],
			"to": [10.25, 0.25, 7.75],
			"faces": {
				"north": {"uv": [10.25, 7.5, 5.75, 7.75], "texture": "#0"},
				"east": {"uv": [10, 7.5, 10.25, 7.75], "rotation": 90, "texture": "#0"},
				"south": {"uv": [5.75, 7.5, 10.25, 7.75], "texture": "#0"},
				"west": {"uv": [5.75, 7.5, 6, 7.75], "rotation": 270, "texture": "#0"},
				"up": {"uv": [5.75, 7.5, 10.25, 7.75], "texture": "#0"},
				"down": {"uv": [5.75, 7.75, 10.25, 7.5], "texture": "#0"}
			}
		},
		{
			"name": "halo (24)_8",
			"from": [5.75, 0, 7.75],
			"to": [10.25, 0.25, 8],
			"faces": {
				"north": {"uv": [10.25, 7.75, 5.75, 8], "texture": "#0"},
				"east": {"uv": [10, 7.75, 10.25, 8], "rotation": 90, "texture": "#0"},
				"south": {"uv": [5.75, 7.75, 10.25, 8], "texture": "#0"},
				"west": {"uv": [5.75, 7.75, 6, 8], "rotation": 270, "texture": "#0"},
				"up": {"uv": [5.75, 7.75, 10.25, 8], "texture": "#0"},
				"down": {"uv": [5.75, 8, 10.25, 7.75], "texture": "#0"}
			}
		},
		{
			"name": "halo (24)_9",
			"from": [5.75, 0, 8],
			"to": [10.25, 0.25, 8.25],
			"faces": {
				"north": {"uv": [10.25, 8, 5.75, 8.25], "texture": "#0"},
				"east": {"uv": [10, 8, 10.25, 8.25], "rotation": 90, "texture": "#0"},
				"south": {"uv": [5.75, 8, 10.25, 8.25], "texture": "#0"},
				"west": {"uv": [5.75, 8, 6, 8.25], "rotation": 270, "texture": "#0"},
				"up": {"uv": [5.75, 8, 10.25, 8.25], "texture": "#0"},
				"down": {"uv": [5.75, 8.25, 10.25, 8], "texture": "#0"}
			}
		},
		{
			"name": "halo (24)_10",
			"from": [5.75, 0, 8.25],
			"to": [10.25, 0.25, 8.5],
			"faces": {
				"north": {"uv": [10.25, 8.25, 5.75, 8.5], "texture": "#0"},
				"east": {"uv": [10, 8.25, 10.25, 8.5], "rotation": 90, "texture": "#0"},
				"south": {"uv": [5.75, 8.25, 10.25, 8.5], "texture": "#0"},
				"west": {"uv": [5.75, 8.25, 6, 8.5], "rotation": 270, "texture": "#0"},
				"up": {"uv": [5.75, 8.25, 10.25, 8.5], "texture": "#0"},
				"down": {"uv": [5.75, 8.5, 10.25, 8.25], "texture": "#0"}
			}
		},
		{
			"name": "halo (24)_11",
			"from": [7.5, 0, 8.5],
			"to": [8.5, 0.25, 8.75],
			"faces": {
				"north": {"uv": [8.5, 8.5, 7.5, 8.75], "texture": "#0"},
				"east": {"uv": [8.25, 8.5, 8.5, 8.75], "rotation": 90, "texture": "#0"},
				"south": {"uv": [7.5, 8.5, 8.5, 8.75], "texture": "#0"},
				"west": {"uv": [7.5, 8.5, 7.75, 8.75], "rotation": 270, "texture": "#0"},
				"up": {"uv": [7.5, 8.5, 8.5, 8.75], "texture": "#0"},
				"down": {"uv": [7.5, 8.75, 8.5, 8.5], "texture": "#0"}
			}
		},
		{
			"name": "halo (24)_12",
			"from": [7.5, 0, 8.75],
			"to": [8.5, 0.25, 9],
			"faces": {
				"north": {"uv": [8.5, 8.75, 7.5, 9], "texture": "#0"},
				"east": {"uv": [8.25, 8.75, 8.5, 9], "rotation": 90, "texture": "#0"},
				"south": {"uv": [7.5, 8.75, 8.5, 9], "texture": "#0"},
				"west": {"uv": [7.5, 8.75, 7.75, 9], "rotation": 270, "texture": "#0"},
				"up": {"uv": [7.5, 8.75, 8.5, 9], "texture": "#0"},
				"down": {"uv": [7.5, 9, 8.5, 8.75], "texture": "#0"}
			}
		},
		{
			"name": "halo (24)_13",
			"from": [7.5, 0, 9],
			"to": [8.5, 0.25, 9.25],
			"faces": {
				"north": {"uv": [8.5, 9, 7.5, 9.25], "texture": "#0"},
				"east": {"uv": [8.25, 9, 8.5, 9.25], "rotation": 90, "texture": "#0"},
				"south": {"uv": [7.5, 9, 8.5, 9.25], "texture": "#0"},
				"west": {"uv": [7.5, 9, 7.75, 9.25], "rotation": 270, "texture": "#0"},
				"up": {"uv": [7.5, 9, 8.5, 9.25], "texture": "#0"},
				"down": {"uv": [7.5, 9.25, 8.5, 9], "texture": "#0"}
			}
		},
		{
			"name": "halo (24)_14",
			"from": [7.5, 0, 9.25],
			"to": [8.5, 0.25, 9.5],
			"faces": {
				"north": {"uv": [8.5, 9.25, 7.5, 9.5], "texture": "#0"},
				"east": {"uv": [8.25, 9.25, 8.5, 9.5], "rotation": 90, "texture": "#0"},
				"south": {"uv": [7.5, 9.25, 8.5, 9.5], "texture": "#0"},
				"west": {"uv": [7.5, 9.25, 7.75, 9.5], "rotation": 270, "texture": "#0"},
				"up": {"uv": [7.5, 9.25, 8.5, 9.5], "texture": "#0"},
				"down": {"uv": [7.5, 9.5, 8.5, 9.25], "texture": "#0"}
			}
		},
		{
			"name": "halo (24)_15",
			"from": [7.5, 0, 9.5],
			"to": [8.5, 0.25, 9.75],
			"faces": {
				"north": {"uv": [8.5, 9.5, 7.5, 9.75], "texture": "#0"},
				"east": {"uv": [8.25, 9.5, 8.5, 9.75], "rotation": 90, "texture": "#0"},
				"south": {"uv": [7.5, 9.5, 8.5, 9.75], "texture": "#0"},
				"west": {"uv": [7.5, 9.5, 7.75, 9.75], "rotation": 270, "texture": "#0"},
				"up": {"uv": [7.5, 9.5, 8.5, 9.75], "texture": "#0"},
				"down": {"uv": [7.5, 9.75, 8.5, 9.5], "texture": "#0"}
			}
		},
		{
			"name": "halo (24)_16",
			"from": [7.5, 0, 9.75],
			"to": [8.5, 0.25, 10],
			"faces": {
				"north": {"uv": [8.5, 9.75, 7.5, 10], "texture": "#0"},
				"east": {"uv": [8.25, 9.75, 8.5, 10], "rotation": 90, "texture": "#0"},
				"south": {"uv": [7.5, 9.75, 8.5, 10], "texture": "#0"},
				"west": {"uv": [7.5, 9.75, 7.75, 10], "rotation": 270, "texture": "#0"},
				"up": {"uv": [7.5, 9.75, 8.5, 10], "texture": "#0"},
				"down": {"uv": [7.5, 10, 8.5, 9.75], "texture": "#0"}
			}
		},
		{
			"name": "halo (24)_17",
			"from": [7.5, 0, 10],
			"to": [8.5, 0.25, 10.25],
			"faces": {
				"north": {"uv": [8.5, 10, 7.5, 10.25], "texture": "#0"},
				"east": {"uv": [8.25, 10, 8.5, 10.25], "rotation": 90, "texture": "#0"},
				"south": {"uv": [7.5, 10, 8.5, 10.25], "texture": "#0"},
				"west": {"uv": [7.5, 10, 7.75, 10.25], "rotation": 270, "texture": "#0"},
				"up": {"uv": [7.5, 10, 8.5, 10.25], "texture": "#0"},
				"down": {"uv": [7.5, 10.25, 8.5, 10], "texture": "#0"}
			}
		}
	],
	"display": {
		"gui": {
			"rotation": [90, 0, 0]
		},
		"head": {
			"rotation": [20, 0, 0],
			"translation": [0, 17, 10]
		}
	},
	"groups": [
		{
			"name": "halo (24)",
			"origin": [8, 8, 8],
			"color": 0,
			"children": [0, 1, 2, 3, 4, 5, 6, 7, 8, 9, 10, 11, 12, 13, 14, 15, 16, 17]
		}
	]
}