{
	"credit": "Made with Blockbench",
	"parent": "item/handheld",
	"textures": {
		"layer0": "items/0159"
	},
	"display": {
		"thirdperson_righthand": {
			"rotation": [90, 90, -45],
			"translation": [0, 2.25, 1.5],
			"scale": [0.8, 0.8, 0.55]
		},
		"thirdperson_lefthand": {
			"rotation": [90, -90, 45],
			"translation": [0, 2.25, 1.5],
			"scale": [0.8, 0.8, 0.55]
		},
		"firstperson_righthand": {
			"rotation": [0, 90, 55],
			"translation": [3, 1.5, 0],
			"scale": [0.8, 0.8, 0.5]
		},
		"firstperson_lefthand": {
			"rotation": [55, -90, 0],
			"translation": [3, 1.5, 0],
			"scale": [0.8, 0.8, 0.5]
		},
		"ground": {
			"rotation": [90, 0, 0],
			"translation": [0, -3, 0]
		},
		"gui": {
			"scale": [0.75, 0.75, 1]
		}
	}
}