{
	"credit": "Made with Blockbench",
	"parent": "item/handheld",
	"textures": {
		"layer0": "items/0193"
	},
	"display": {
		"thirdperson_righthand": {
			"rotation": [0, -90, 45],
			"translation": [0, 7, 2],
			"scale": [1.2, 1.2, 0.75]
		},
		"thirdperson_lefthand": {
			"rotation": [0, 90, -45],
			"translation": [0, 7, 2],
			"scale": [1.2, 1.2, 0.75]
		},
		"firstperson_righthand": {
			"rotation": [90, -75, 145],
			"translation": [2.25, 3.25, 2],
			"scale": [0.9, 0.9, 0.5]
		},
		"firstperson_lefthand": {
			"rotation": [-55, 75, 0],
			"translation": [2.25, 3.25, 2],
			"scale": [0.9, 0.9, 0.5]
		},
		"ground": {
			"rotation": [90, 0, 0],
			"translation": [0, -3, 0],
			"scale": [1.5, 1.5, 1]
		},
		"head": {
			"rotation": [0, 0, -180],
			"translation": [0, -12.5, 7.5],
			"scale": [1.5, 1.5, 1]
		}
	}
}