{
	"credit": "Made with Blockbench",
	"textures": {
		"0": "items/3d/halo (47)",
		"particle": "items/3d/halo (47)"
	},
	"elements": [
		{
			"name": "halo (47)_0",
			"from": [2.25, 0, 7.5],
			"to": [8.5, 0.25, 7.75],
			"faces": {
				"north": {"uv": [8.5, 7.5, 2.25, 7.75], "texture": "#0"},
				"east": {"uv": [8.25, 7.5, 8.5, 7.75], "rotation": 90, "texture": "#0"},
				"south": {"uv": [2.25, 7.5, 8.5, 7.75], "texture": "#0"},
				"west": {"uv": [2.25, 7.5, 2.5, 7.75], "rotation": 270, "texture": "#0"},
				"up": {"uv": [2.25, 7.5, 8.5, 7.75], "texture": "#0"},
				"down": {"uv": [2.25, 7.75, 8.5, 7.5], "texture": "#0"}
			}
		},
		{
			"name": "halo (47)_1",
			"from": [2.25, 0, 7.75],
			"to": [8.5, 0.25, 8],
			"faces": {
				"north": {"uv": [8.5, 7.75, 2.25, 8], "texture": "#0"},
				"east": {"uv": [8.25, 7.75, 8.5, 8], "rotation": 90, "texture": "#0"},
				"south": {"uv": [2.25, 7.75, 8.5, 8], "texture": "#0"},
				"west": {"uv": [2.25, 7.75, 2.5, 8], "rotation": 270, "texture": "#0"},
				"up": {"uv": [2.25, 7.75, 8.5, 8], "texture": "#0"},
				"down": {"uv": [2.25, 8, 8.5, 7.75], "texture": "#0"}
			}
		},
		{
			"name": "halo (47)_2",
			"from": [2.25, 0, 8],
			"to": [8.5, 0.25, 8.25],
			"faces": {
				"north": {"uv": [8.5, 8, 2.25, 8.25], "texture": "#0"},
				"east": {"uv": [8.25, 8, 8.5, 8.25], "rotation": 90, "texture": "#0"},
				"south": {"uv": [2.25, 8, 8.5, 8.25], "texture": "#0"},
				"west": {"uv": [2.25, 8, 2.5, 8.25], "rotation": 270, "texture": "#0"},
				"up": {"uv": [2.25, 8, 8.5, 8.25], "texture": "#0"},
				"down": {"uv": [2.25, 8.25, 8.5, 8], "texture": "#0"}
			}
		},
		{
			"name": "halo (47)_3",
			"from": [2.25, 0, 8.25],
			"to": [8.5, 0.25, 8.5],
			"faces": {
				"north": {"uv": [8.5, 8.25, 2.25, 8.5], "texture": "#0"},
				"east": {"uv": [8.25, 8.25, 8.5, 8.5], "rotation": 90, "texture": "#0"},
				"south": {"uv": [2.25, 8.25, 8.5, 8.5], "texture": "#0"},
				"west": {"uv": [2.25, 8.25, 2.5, 8.5], "rotation": 270, "texture": "#0"},
				"up": {"uv": [2.25, 8.25, 8.5, 8.5], "texture": "#0"},
				"down": {"uv": [2.25, 8.5, 8.5, 8.25], "texture": "#0"}
			}
		},
		{
			"name": "halo (47)_4",
			"from": [7.5, 0, 8.5],
			"to": [8.5, 0.25, 8.75],
			"faces": {
				"north": {"uv": [8.5, 8.5, 7.5, 8.75], "texture": "#0"},
				"east": {"uv": [8.25, 8.5, 8.5, 8.75], "rotation": 90, "texture": "#0"},
				"south": {"uv": [7.5, 8.5, 8.5, 8.75], "texture": "#0"},
				"west": {"uv": [7.5, 8.5, 7.75, 8.75], "rotation": 270, "texture": "#0"},
				"up": {"uv": [7.5, 8.5, 8.5, 8.75], "texture": "#0"},
				"down": {"uv": [7.5, 8.75, 8.5, 8.5], "texture": "#0"}
			}
		},
		{
			"name": "halo (47)_5",
			"from": [7.5, 0, 8.75],
			"to": [8.5, 0.25, 9],
			"faces": {
				"north": {"uv": [8.5, 8.75, 7.5, 9], "texture": "#0"},
				"east": {"uv": [8.25, 8.75, 8.5, 9], "rotation": 90, "texture": "#0"},
				"south": {"uv": [7.5, 8.75, 8.5, 9], "texture": "#0"},
				"west": {"uv": [7.5, 8.75, 7.75, 9], "rotation": 270, "texture": "#0"},
				"up": {"uv": [7.5, 8.75, 8.5, 9], "texture": "#0"},
				"down": {"uv": [7.5, 9, 8.5, 8.75], "texture": "#0"}
			}
		},
		{
			"name": "halo (47)_6",
			"from": [7.5, 0, 9],
			"to": [8.5, 0.25, 9.25],
			"faces": {
				"north": {"uv": [8.5, 9, 7.5, 9.25], "texture": "#0"},
				"east": {"uv": [8.25, 9, 8.5, 9.25], "rotation": 90, "texture": "#0"},
				"south": {"uv": [7.5, 9, 8.5, 9.25], "texture": "#0"},
				"west": {"uv": [7.5, 9, 7.75, 9.25], "rotation": 270, "texture": "#0"},
				"up": {"uv": [7.5, 9, 8.5, 9.25], "texture": "#0"},
				"down": {"uv": [7.5, 9.25, 8.5, 9], "texture": "#0"}
			}
		},
		{
			"name": "halo (47)_7",
			"from": [7.5, 0, 9.25],
			"to": [8.5, 0.25, 9.5],
			"faces": {
				"north": {"uv": [8.5, 9.25, 7.5, 9.5], "texture": "#0"},
				"east": {"uv": [8.25, 9.25, 8.5, 9.5], "rotation": 90, "texture": "#0"},
				"south": {"uv": [7.5, 9.25, 8.5, 9.5], "texture": "#0"},
				"west": {"uv": [7.5, 9.25, 7.75, 9.5], "rotation": 270, "texture": "#0"},
				"up": {"uv": [7.5, 9.25, 8.5, 9.5], "texture": "#0"},
				"down": {"uv": [7.5, 9.5, 8.5, 9.25], "texture": "#0"}
			}
		},
		{
			"name": "halo (47)_8",
			"from": [7.5, 0, 9.5],
			"to": [8.5, 0.25, 9.75],
			"faces": {
				"north": {"uv": [8.5, 9.5, 7.5, 9.75], "texture": "#0"},
				"east": {"uv": [8.25, 9.5, 8.5, 9.75], "rotation": 90, "texture": "#0"},
				"south": {"uv": [7.5, 9.5, 8.5, 9.75], "texture": "#0"},
				"west": {"uv": [7.5, 9.5, 7.75, 9.75], "rotation": 270, "texture": "#0"},
				"up": {"uv": [7.5, 9.5, 8.5, 9.75], "texture": "#0"},
				"down": {"uv": [7.5, 9.75, 8.5, 9.5], "texture": "#0"}
			}
		},
		{
			"name": "halo (47)_9",
			"from": [7.5, 0, 9.75],
			"to": [8.5, 0.25, 10],
			"faces": {
				"north": {"uv": [8.5, 9.75, 7.5, 10], "texture": "#0"},
				"east": {"uv": [8.25, 9.75, 8.5, 10], "rotation": 90, "texture": "#0"},
				"south": {"uv": [7.5, 9.75, 8.5, 10], "texture": "#0"},
				"west": {"uv": [7.5, 9.75, 7.75, 10], "rotation": 270, "texture": "#0"},
				"up": {"uv": [7.5, 9.75, 8.5, 10], "texture": "#0"},
				"down": {"uv": [7.5, 10, 8.5, 9.75], "texture": "#0"}
			}
		},
		{
			"name": "halo (47)_10",
			"from": [7.5, 0, 10],
			"to": [8.5, 0.25, 10.25],
			"faces": {
				"north": {"uv": [8.5, 10, 7.5, 10.25], "texture": "#0"},
				"east": {"uv": [8.25, 10, 8.5, 10.25], "rotation": 90, "texture": "#0"},
				"south": {"uv": [7.5, 10, 8.5, 10.25], "texture": "#0"},
				"west": {"uv": [7.5, 10, 7.75, 10.25], "rotation": 270, "texture": "#0"},
				"up": {"uv": [7.5, 10, 8.5, 10.25], "texture": "#0"},
				"down": {"uv": [7.5, 10.25, 8.5, 10], "texture": "#0"}
			}
		},
		{
			"name": "halo (47)_11",
			"from": [7.5, 0, 10.25],
			"to": [8.5, 0.25, 10.5],
			"faces": {
				"north": {"uv": [8.5, 10.25, 7.5, 10.5], "texture": "#0"},
				"east": {"uv": [8.25, 10.25, 8.5, 10.5], "rotation": 90, "texture": "#0"},
				"south": {"uv": [7.5, 10.25, 8.5, 10.5], "texture": "#0"},
				"west": {"uv": [7.5, 10.25, 7.75, 10.5], "rotation": 270, "texture": "#0"},
				"up": {"uv": [7.5, 10.25, 8.5, 10.5], "texture": "#0"},
				"down": {"uv": [7.5, 10.5, 8.5, 10.25], "texture": "#0"}
			}
		},
		{
			"name": "halo (47)_12",
			"from": [7.5, 0, 10.5],
			"to": [8.5, 0.25, 10.75],
			"faces": {
				"north": {"uv": [8.5, 10.5, 7.5, 10.75], "texture": "#0"},
				"east": {"uv": [8.25, 10.5, 8.5, 10.75], "rotation": 90, "texture": "#0"},
				"south": {"uv": [7.5, 10.5, 8.5, 10.75], "texture": "#0"},
				"west": {"uv": [7.5, 10.5, 7.75, 10.75], "rotation": 270, "texture": "#0"},
				"up": {"uv": [7.5, 10.5, 8.5, 10.75], "texture": "#0"},
				"down": {"uv": [7.5, 10.75, 8.5, 10.5], "texture": "#0"}
			}
		},
		{
			"name": "halo (47)_13",
			"from": [7.5, 0, 10.75],
			"to": [8.5, 0.25, 11],
			"faces": {
				"north": {"uv": [8.5, 10.75, 7.5, 11], "texture": "#0"},
				"east": {"uv": [8.25, 10.75, 8.5, 11], "rotation": 90, "texture": "#0"},
				"south": {"uv": [7.5, 10.75, 8.5, 11], "texture": "#0"},
				"west": {"uv": [7.5, 10.75, 7.75, 11], "rotation": 270, "texture": "#0"},
				"up": {"uv": [7.5, 10.75, 8.5, 11], "texture": "#0"},
				"down": {"uv": [7.5, 11, 8.5, 10.75], "texture": "#0"}
			}
		},
		{
			"name": "halo (47)_14",
			"from": [7.5, 0, 11],
			"to": [8.5, 0.25, 11.25],
			"faces": {
				"north": {"uv": [8.5, 11, 7.5, 11.25], "texture": "#0"},
				"east": {"uv": [8.25, 11, 8.5, 11.25], "rotation": 90, "texture": "#0"},
				"south": {"uv": [7.5, 11, 8.5, 11.25], "texture": "#0"},
				"west": {"uv": [7.5, 11, 7.75, 11.25], "rotation": 270, "texture": "#0"},
				"up": {"uv": [7.5, 11, 8.5, 11.25], "texture": "#0"},
				"down": {"uv": [7.5, 11.25, 8.5, 11], "texture": "#0"}
			}
		},
		{
			"name": "halo (47)_15",
			"from": [7.5, 0, 11.25],
			"to": [8.5, 0.25, 11.5],
			"faces": {
				"north": {"uv": [8.5, 11.25, 7.5, 11.5], "texture": "#0"},
				"east": {"uv": [8.25, 11.25, 8.5, 11.5], "rotation": 90, "texture": "#0"},
				"south": {"uv": [7.5, 11.25, 8.5, 11.5], "texture": "#0"},
				"west": {"uv": [7.5, 11.25, 7.75, 11.5], "rotation": 270, "texture": "#0"},
				"up": {"uv": [7.5, 11.25, 8.5, 11.5], "texture": "#0"},
				"down": {"uv": [7.5, 11.5, 8.5, 11.25], "texture": "#0"}
			}
		},
		{
			"name": "halo (47)_16",
			"from": [7.5, 0, 11.5],
			"to": [8.5, 0.25, 11.75],
			"faces": {
				"north": {"uv": [8.5, 11.5, 7.5, 11.75], "texture": "#0"},
				"east": {"uv": [8.25, 11.5, 8.5, 11.75], "rotation": 90, "texture": "#0"},
				"south": {"uv": [7.5, 11.5, 8.5, 11.75], "texture": "#0"},
				"west": {"uv": [7.5, 11.5, 7.75, 11.75], "rotation": 270, "texture": "#0"},
				"up": {"uv": [7.5, 11.5, 8.5, 11.75], "texture": "#0"},
				"down": {"uv": [7.5, 11.75, 8.5, 11.5], "texture": "#0"}
			}
		},
		{
			"name": "halo (47)_17",
			"from": [7.5, 0, 11.75],
			"to": [8.5, 0.25, 12],
			"faces": {
				"north": {"uv": [8.5, 11.75, 7.5, 12], "texture": "#0"},
				"east": {"uv": [8.25, 11.75, 8.5, 12], "rotation": 90, "texture": "#0"},
				"south": {"uv": [7.5, 11.75, 8.5, 12], "texture": "#0"},
				"west": {"uv": [7.5, 11.75, 7.75, 12], "rotation": 270, "texture": "#0"},
				"up": {"uv": [7.5, 11.75, 8.5, 12], "texture": "#0"},
				"down": {"uv": [7.5, 12, 8.5, 11.75], "texture": "#0"}
			}
		},
		{
			"name": "halo (47)_18",
			"from": [7.5, 0, 12],
			"to": [8.5, 0.25, 12.25],
			"faces": {
				"north": {"uv": [8.5, 12, 7.5, 12.25], "texture": "#0"},
				"east": {"uv": [8.25, 12, 8.5, 12.25], "rotation": 90, "texture": "#0"},
				"south": {"uv": [7.5, 12, 8.5, 12.25], "texture": "#0"},
				"west": {"uv": [7.5, 12, 7.75, 12.25], "rotation": 270, "texture": "#0"},
				"up": {"uv": [7.5, 12, 8.5, 12.25], "texture": "#0"},
				"down": {"uv": [7.5, 12.25, 8.5, 12], "texture": "#0"}
			}
		},
		{
			"name": "halo (47)_19",
			"from": [7.5, 0, 12.25],
			"to": [8.5, 0.25, 12.5],
			"faces": {
				"north": {"uv": [8.5, 12.25, 7.5, 12.5], "texture": "#0"},
				"east": {"uv": [8.25, 12.25, 8.5, 12.5], "rotation": 90, "texture": "#0"},
				"south": {"uv": [7.5, 12.25, 8.5, 12.5], "texture": "#0"},
				"west": {"uv": [7.5, 12.25, 7.75, 12.5], "rotation": 270, "texture": "#0"},
				"up": {"uv": [7.5, 12.25, 8.5, 12.5], "texture": "#0"},
				"down": {"uv": [7.5, 12.5, 8.5, 12.25], "texture": "#0"}
			}
		},
		{
			"name": "halo (47)_20",
			"from": [7.5, 0, 12.5],
			"to": [8.5, 0.25, 12.75],
			"faces": {
				"north": {"uv": [8.5, 12.5, 7.5, 12.75], "texture": "#0"},
				"east": {"uv": [8.25, 12.5, 8.5, 12.75], "rotation": 90, "texture": "#0"},
				"south": {"uv": [7.5, 12.5, 8.5, 12.75], "texture": "#0"},
				"west": {"uv": [7.5, 12.5, 7.75, 12.75], "rotation": 270, "texture": "#0"},
				"up": {"uv": [7.5, 12.5, 8.5, 12.75], "texture": "#0"},
				"down": {"uv": [7.5, 12.75, 8.5, 12.5], "texture": "#0"}
			}
		},
		{
			"name": "halo (47)_21",
			"from": [7.5, 0, 12.75],
			"to": [8.5, 0.25, 13],
			"faces": {
				"north": {"uv": [8.5, 12.75, 7.5, 13], "texture": "#0"},
				"east": {"uv": [8.25, 12.75, 8.5, 13], "rotation": 90, "texture": "#0"},
				"south": {"uv": [7.5, 12.75, 8.5, 13], "texture": "#0"},
				"west": {"uv": [7.5, 12.75, 7.75, 13], "rotation": 270, "texture": "#0"},
				"up": {"uv": [7.5, 12.75, 8.5, 13], "texture": "#0"},
				"down": {"uv": [7.5, 13, 8.5, 12.75], "texture": "#0"}
			}
		},
		{
			"name": "halo (47)_22",
			"from": [7.5, 0, 13],
			"to": [8.5, 0.25, 13.25],
			"faces": {
				"north": {"uv": [8.5, 13, 7.5, 13.25], "texture": "#0"},
				"east": {"uv": [8.25, 13, 8.5, 13.25], "rotation": 90, "texture": "#0"},
				"south": {"uv": [7.5, 13, 8.5, 13.25], "texture": "#0"},
				"west": {"uv": [7.5, 13, 7.75, 13.25], "rotation": 270, "texture": "#0"},
				"up": {"uv": [7.5, 13, 8.5, 13.25], "texture": "#0"},
				"down": {"uv": [7.5, 13.25, 8.5, 13], "texture": "#0"}
			}
		},
		{
			"name": "halo (47)_23",
			"from": [7.5, 0, 13.25],
			"to": [8.5, 0.25, 13.5],
			"faces": {
				"north": {"uv": [8.5, 13.25, 7.5, 13.5], "texture": "#0"},
				"east": {"uv": [8.25, 13.25, 8.5, 13.5], "rotation": 90, "texture": "#0"},
				"south": {"uv": [7.5, 13.25, 8.5, 13.5], "texture": "#0"},
				"west": {"uv": [7.5, 13.25, 7.75, 13.5], "rotation": 270, "texture": "#0"},
				"up": {"uv": [7.5, 13.25, 8.5, 13.5], "texture": "#0"},
				"down": {"uv": [7.5, 13.5, 8.5, 13.25], "texture": "#0"}
			}
		},
		{
			"name": "halo (47)_24",
			"from": [7.5, 0, 13.5],
			"to": [8.5, 0.25, 13.75],
			"faces": {
				"north": {"uv": [8.5, 13.5, 7.5, 13.75], "texture": "#0"},
				"east": {"uv": [8.25, 13.5, 8.5, 13.75], "rotation": 90, "texture": "#0"},
				"south": {"uv": [7.5, 13.5, 8.5, 13.75], "texture": "#0"},
				"west": {"uv": [7.5, 13.5, 7.75, 13.75], "rotation": 270, "texture": "#0"},
				"up": {"uv": [7.5, 13.5, 8.5, 13.75], "texture": "#0"},
				"down": {"uv": [7.5, 13.75, 8.5, 13.5], "texture": "#0"}
			}
		}
	],
	"display": {
		"gui": {
			"rotation": [90, 0, 0]
		},
		"head": {
			"rotation": [20, 0, 0],
			"translation": [0, 17, 10]
		}
	},
	"groups": [
		{
			"name": "halo (47)",
			"origin": [8, 8, 8],
			"color": 0,
			"children": [0, 1, 2, 3, 4, 5, 6, 7, 8, 9, 10, 11, 12, 13, 14, 15, 16, 17, 18, 19, 20, 21, 22, 23, 24]
		}
	]
}