{
    "skin.boltech1": {
        "sounds": [
            "effect/skin/shoot-boltech"
        ],
        "subtitle": ""
    },
    "skin.echo_point1": {
        "sounds": [
            "effect/skin/shoot-echo_point"
        ],
        "subtitle": ""
    },
    "skin.frostbyte1": {
        "sounds": [
            "effect/skin/shoot-frostbyte"
        ],
        "subtitle": ""
    },
    "skin.cranker1": {
        "sounds": [
            "effect/skin/shoot-cranker"
        ],
        "subtitle": ""
    },
    "effect.killsound1": {
        "sounds": [
            "effect/killsound1"
        ],
        "subtitle": ""
    },
    "effect.noise": {
        "sounds": [
            "effect/noise"
        ],
        "subtitle": ""
    },
    "effect.deathcrit": {
        "sounds": [
            "effect/deathcrit"
        ],
        "subtitle": ""
    },
    "effect.jinja": {
        "sounds": [
            "effect/jinja"
        ],
        "subtitle": "この文字列が見えた場合運営に報告してください"
    },
    "effect.call": {
        "sounds": [
            "effect/call"
        ],
        "subtitle": "呼び出し音"
    },
    "effect.noutou": {
        "sounds": [
            "effect/noutou"
        ],
        "subtitle": ""
    },
    "effect.shootA": {
        "sounds": [
            "effect/shoot-a"
        ],
        "subtitle": "射撃音"
    },
    "effect.shootRevolver": {
        "sounds": [
            "effect/shoot-revol"
        ],
        "subtitle": "射撃音"
    },
    "effect.slashA": {
        "sounds": [
            "effect/slash-a"
        ],
        "subtitle": "斬撃音"
    },
    "effect.slashB": {
        "sounds": [
            "ffect/slash-b"
        ],
        "subtitle": "重斬撃音"
    },
    "effect.slashC": {
        "sounds": [
            "effect/slash-c"
        ],
        "subtitle": ""
    },
    "effect.slashD": {
        "sounds": [
            "effect/slash-d"
        ],
        "subtitle": ""
    },
    "effect.slashE": {
        "sounds": [
            "effect/slash-e"
        ],
        "subtitle": ""
    },
    "effect.slashF": {
        "sounds": [
            "effect/slash-f"
        ],
        "subtitle": ""
    },
    "effect.slashG": {
        "sounds": [
            "effect/slash-g"
        ],
        "subtitle": ""
    },
    "effect.guardA": {
        "sounds": [
            "effect/guard-a"
        ],
        "subtitle": ""
    },
    "effect.guardB": {
        "sounds": [
            "effect/guard-b"
        ],
        "subtitle": ""
    },
    "effect.strikeA": {
        "sounds": [
            "effect/strike-a"
        ],
        "subtitle": ""
    },
    "effect.strikeB": {
        "sounds": [
            "effect/strike-b"
        ],
        "subtitle": ""
    },
    "effect.strikeC": {
        "sounds": [
            "effect/strike-c"
        ],
        "subtitle": ""
    },
    "effect.impactA": {
        "sounds": [
            "effect/impact-a"
        ],
        "subtitle": ""
    },
    "effect.impactB": {
        "sounds": [
            "effect/impact-b"
        ],
        "subtitle": ""
    },
    "effect.impactC": {
        "sounds": [
            "effect/impact-c"
        ],
        "subtitle": ""
    },
    "effect.skillA": {
        "sounds": [
            "effect/zyuuteion"
        ],
        "subtitle": "スキル重低音"
    },
    "effect.skillC": {
        "sounds": [
            "effect/gaki-n"
        ],
        "subtitle": "重斬撃音"
    },
    "effect.bulletA": {
        "sounds": [
            "effect/bullet-a"
        ],
        "subtitle": "弾丸が掠る"
    },
    "effect.death": {
        "sounds": [
            "effect/death-a"
        ],
        "subtitle": "Player死亡"
    },
    "effect.spawn": {
        "sounds": [
            "effect/spawn"
        ],
        "subtitle": ""
    },
    "effect.beamA": {
        "sounds": [
            "effect/beam-a"
        ],
        "subtitle": ""
    },
    "effect.beamB": {
        "sounds": [
            "effect/beam-b"
        ],
        "subtitle": ""
    },
    "effect.beamC": {
        "sounds": [
            "effect/beam-c"
        ],
        "subtitle": ""
    },
    "effect.beamD": {
        "sounds": [
            "effect/beam-d"
        ],
        "subtitle": ""
    },
    "effect.shout1": {
        "sounds": [
            "effect/shout1"
        ],
        "subtitle": ""
    },
    "effect.shout2": {
        "sounds": [
            "effect/shout2"
        ],
        "subtitle": ""
    },
    "effect.shout3": {
        "sounds": [
            "effect/shout3"
        ],
        "subtitle": ""
    },
    "effect.shout4": {
        "sounds": [
            "effect/shout4"
        ],
        "subtitle": ""
    },
    "gui.push1": {
        "sounds": [
            "gui/gui_push"
        ],
        "subtitle": ""
    },
    "gui.push2": {
        "sounds": [
            "gui/gui_push2"
        ],
        "subtitle": ""
    },
    "gui.cancel": {
        "sounds": [
            "gui/gui_cancel"
        ],
        "subtitle": ""
    },
    "gui.speak": {
        "sounds": [
            "gui/gui_speak"
        ],
        "subtitle": ""
    },
    "gui.open": {
        "sounds": [
            "gui/gui_open"
        ],
        "subtitle": ""
    },
    "gui.close": {
        "sounds": [
            "gui/gui_close"
        ],
        "subtitle": ""
    },
    "npc.haihai": {
        "sounds": [
            "effect/npc/haihai"
        ],
        "subtitle": ""
    },
    "npc.yobimasita": {
        "sounds": [
            "effect/npc/yobimasita"
        ],
        "subtitle": ""
    },
    "npc.ari": {
        "sounds": [
            "effect/npc/ari"
        ],
        "subtitle": ""
    },
    "npc.situkoina": {
        "sounds": [
            "effect/npc/situkoina"
        ],
        "subtitle": ""
    },
    "npc.otu": {
        "sounds": [
            "effect/npc/otu"
        ],
        "subtitle": ""
    },
    "npc.dareda": {
        "sounds": [
            "effect/npc/dareda"
        ],
        "subtitle": ""
    },
    "npc.domo": {
        "sounds": [
            "effect/npc/domo"
        ],
        "subtitle": ""
    },
    "npc.kekkahappyou": {
        "sounds": [
            "effect/npc/kekkahappyou"
        ],
        "subtitle": ""
    },
    "npc.moukarimakka": {
        "sounds": [
            "effect/npc/moukarimakka"
        ],
        "subtitle": ""
    },
    "npc.o": {
        "sounds": [
            "effect/npc/o"
        ],
        "subtitle": ""
    },
    "npc.panpaka": {
        "sounds": [
            "effect/npc/panpaka"
        ],
        "subtitle": ""
    },
    "npc.yaa": {
        "sounds": [
            "effect/npc/yaa"
        ],
        "subtitle": ""
    },
    "npc.yattane": {
        "sounds": [
            "effect/npc/yattane"
        ],
        "subtitle": ""
    },
    "npc.yo": {
        "sounds": [
            "effect/npc/yo"
        ],
        "subtitle": ""
    },
    "effect.explosion": {
        "sounds": [
            "effect/explosion"
        ],
        "subtitle": "爆発音"
    },
    "effect.gakekuzure": {
        "sounds": [
            "effect/gakekuzure"
        ],
        "subtitle": "損壊音"
    },
    "effect.horror": {
        "sounds": [
            "effect/horror"
        ],
        "subtitle": "？？音"
    },
    "effect.env1": {
        "sounds": [
            "effect/env"
        ],
        "subtitle": "環境音"
    },
    "effect.env2": {
        "sounds": [
            "effect/env2"
        ],
        "subtitle": "反響音"
    },
    "effect.reload1": {
        "sounds": [
            "effect/reload1"
        ],
        "subtitle": ""
    },
    "effect.reload2": {
        "sounds": [
            "effect/reload2"
        ],
        "subtitle": ""
    },
    "bgm.mura1": {
        "sounds": [
            "effect/bgm/mura1"
        ],
        "subtitle": "楽器団の音楽１"
    },
    "bgm.mura2": {
        "sounds": [
            "effect/bgm/mura2"
        ],
        "subtitle": "楽器団の音楽２"
    },
    "bgm.mura3": {
        "sounds": [
            "effect/bgm/mura3"
        ],
        "subtitle": "楽器団の音楽３"
    },
    "bgm.yaei": {
        "sounds": [
            "effect/bgm/yaei"
        ],
        "subtitle": "楽器団の音楽４"
    },
    "bgm.field1": {
        "sounds": [
            "effect/bgm/field1"
        ],
        "subtitle": ""
    },
    "train.melody": {
        "sounds": [
            "effect/train/train-call"
        ],
        "subtitle": ""
    },
    "train.run": {
        "sounds": [
            "effect/train/train-run"
        ],
        "subtitle": ""
    },
    "train.door": {
        "sounds": [
            "effect/train/train-door"
        ],
        "subtitle": ""
    }
}