{
	"credit": "Made with Blockbench",
	"parent": "item/handheld",
	"textures": {
		"layer0": "items/0154"
	},
	"display": {
		"thirdperson_righthand": {
			"rotation": [0, -90, 45],
			"translation": [0, 0.75, -3]
		},
		"thirdperson_lefthand": {
			"translation": [0, -2, 2.25],
			"scale": [0.45, 0.45, 1]
		},
		"firstperson_righthand": {
			"rotation": [0, -90, 45],
			"translation": [4, 0.25, 0]
		},
		"firstperson_lefthand": {
			"scale": [0, 0, 0]
		},
		"ground": {
			"rotation": [90, 0, 45],
			"translation": [0, -3.25, 0],
			"scale": [1.5, 1.5, 1]
		},
		"head": {
			"rotation": [-97.82, -50.25, -140.56],
			"translation": [0.5, -13.25, 3.75],
			"scale": [2, 2, 1.5]
		}
	}
}