{
	"credit": "Made with Blockbench",
	"parent": "item/handheld",
	"textures": {
		"0": "items/3d/Fragment_Grenade"

	},
	"elements": [
		{
			"from": [7, 0, 7],
			"to": [9, 1, 9],
			"faces": {
				"north": {"uv": [3, 10.5, 5, 11.5], "texture": "#0"},
				"east": {"uv": [3, 10.5, 5, 11.5], "texture": "#0"},
				"south": {"uv": [3, 10.5, 5, 11.5], "texture": "#0"},
				"west": {"uv": [3, 10.5, 5, 11.5], "texture": "#0"},
				"up": {"uv": [0, 0, 2, 2], "texture": "#0"},
				"down": {"uv": [3, 10.5, 5, 12.5], "texture": "#0"}
			}
		},
		{
			"from": [6.5, 1, 7],
			"to": [9.5, 5, 9],
			"faces": {
				"north": {"uv": [5.5, 3, 6.5, 7], "texture": "#0"},
				"east": {"uv": [3, 3, 5, 7], "texture": "#0"},
				"south": {"uv": [5.5, 3, 6.5, 7], "texture": "#0"},
				"west": {"uv": [3, 3, 5, 7], "texture": "#0"},
				"up": {"uv": [0.5, 3, 2.5, 6], "rotation": 90, "texture": "#0"},
				"down": {"uv": [0.5, 3, 2.5, 6], "rotation": 90, "texture": "#0"}
			}
		},
		{
			"from": [7, 1, 6.5],
			"to": [9, 5, 9.5],
			"rotation": {"angle": 0, "axis": "y", "origin": [8, 0, 8]},
			"faces": {
				"north": {"uv": [3, 3, 5, 7], "texture": "#0"},
				"east": {"uv": [5.5, 3, 6.5, 7], "texture": "#0"},
				"south": {"uv": [3, 3, 5, 7], "texture": "#0"},
				"west": {"uv": [5.5, 3, 6.5, 7], "texture": "#0"},
				"up": {"uv": [0.5, 3, 2.5, 6], "texture": "#0"},
				"down": {"uv": [0.5, 3, 2.5, 6], "texture": "#0"}
			}
		},
		{
			"from": [7, 5, 7],
			"to": [9, 5.5, 9],
			"faces": {
				"north": {"uv": [8, 9.5, 10, 10], "texture": "#0"},
				"east": {"uv": [8, 9.5, 10, 10], "texture": "#0"},
				"south": {"uv": [8, 9.5, 10, 10], "texture": "#0"},
				"west": {"uv": [8, 9.5, 10, 10], "texture": "#0"},
				"up": {"uv": [8, 7, 10, 9], "texture": "#0"},
				"down": {"uv": [0, 0, 2, 2], "texture": "#missing"}
			}
		},
		{
			"from": [7.5, 5.5, 7.5],
			"to": [8.5, 6, 8.5],
			"faces": {
				"north": {"uv": [8.5, 6, 9.5, 6.5], "texture": "#0"},
				"east": {"uv": [8.5, 6, 9.5, 6.5], "texture": "#0"},
				"south": {"uv": [8.5, 6, 9.5, 6.5], "texture": "#0"},
				"west": {"uv": [8.5, 6, 9.5, 6.5], "texture": "#0"},
				"up": {"uv": [8.5, 6, 9.5, 6.5], "texture": "#missing"},
				"down": {"uv": [8.5, 6, 9.5, 6.5], "texture": "#missing"}
			}
		},
		{
			"from": [6.75, 6, 7.25],
			"to": [8.75, 7, 8.75],
			"faces": {
				"north": {"uv": [8, 4.5, 10, 5.5], "texture": "#0"},
				"east": {"uv": [10.5, 4.5, 12, 5.5], "texture": "#0"},
				"south": {"uv": [8, 4.5, 10, 5.5], "texture": "#0"},
				"west": {"uv": [10.5, 4.5, 12, 5.5], "texture": "#0"},
				"up": {"uv": [8, 2.5, 10, 4], "texture": "#0"},
				"down": {"uv": [8, 2.5, 10, 4], "texture": "#0"}
			}
		},
		{
			"from": [5.5, 6.5, 7.5],
			"to": [6.75, 7, 8.5],
			"rotation": {"angle": 0, "axis": "y", "origin": [7.30761, 7.03963, 8.25]},
			"faces": {
				"north": {"uv": [12.5, 4.5, 13.5, 5], "texture": "#0"},
				"east": {"uv": [0, 0, 1, 0.5], "texture": "#missing"},
				"south": {"uv": [12.5, 4.5, 13.5, 5], "texture": "#0"},
				"west": {"uv": [12.5, 4.5, 13.5, 5], "texture": "#0"},
				"up": {"uv": [12.5, 3, 13.5, 4], "texture": "#0"},
				"down": {"uv": [12.5, 3, 13.5, 4], "texture": "#0"}
			}
		},
		{
			"from": [5.19738, -0.45069, 7.51],
			"to": [5.69738, 4.54931, 8.49],
			"rotation": {"angle": -22.5, "axis": "z", "origin": [11.50893, 5.01398, 8.26]},
			"faces": {
				"north": {"uv": [14.5, 5.5, 14, 10.5], "texture": "#0"},
				"east": {"uv": [15.02, 5.5, 16, 10.5], "texture": "#0"},
				"south": {"uv": [14, 5.5, 14.5, 10.5], "texture": "#0"},
				"west": {"uv": [15.02, 5.5, 16, 10.5], "texture": "#0"},
				"up": {"uv": [0, 0, 0.98, 0.5], "rotation": 270, "texture": "#missing"},
				"down": {"uv": [14, 11, 14.5, 11.98], "texture": "#0"}
			}
		},
		{
			"from": [7.01, 0.38268, 7.92388],
			"to": [8.99, 1.68268, 8.92388],
			"rotation": {"angle": 22.5, "axis": "x", "origin": [8, 0, 8]},
			"faces": {
				"north": {"uv": [0.5, 0.5, 1.8, 2.48], "rotation": 90, "texture": "#0"},
				"east": {"uv": [5.5, 8.5, 6, 9], "rotation": 90, "texture": "#0"},
				"south": {"uv": [3, 8.5, 5, 10], "texture": "#0"},
				"west": {"uv": [2, 8.5, 2.5, 9], "rotation": 270, "texture": "#0"},
				"up": {"uv": [0, 0, 1.98, 1], "texture": "#missing"},
				"down": {"uv": [0, 0, 1.98, 1], "rotation": 180, "texture": "#missing"}
			}
		},
		{
			"from": [7.07612, 0.38268, 7.01],
			"to": [8.07612, 1.68268, 8.99],
			"rotation": {"angle": 22.5, "axis": "z", "origin": [8, 0, 8]},
			"faces": {
				"north": {"uv": [2, 8.5, 2.5, 9], "rotation": 270, "texture": "#0"},
				"east": {"uv": [0, 0, 1.98, 1.3], "rotation": 180, "texture": "#missing"},
				"south": {"uv": [5.5, 8.5, 6, 9], "rotation": 90, "texture": "#0"},
				"west": {"uv": [3, 8.5, 5, 10], "texture": "#0"},
				"up": {"uv": [0, 0, 1.98, 1], "rotation": 90, "texture": "#missing"},
				"down": {"uv": [0, 0, 1.98, 1], "rotation": 90, "texture": "#missing"}
			}
		},
		{
			"from": [7.01, 0.38268, 7.07612],
			"to": [8.99, 1.68268, 8.07612],
			"rotation": {"angle": -22.5, "axis": "x", "origin": [8, 0, 8]},
			"faces": {
				"north": {"uv": [3, 8.5, 5, 10], "texture": "#0"},
				"east": {"uv": [2, 8.5, 2.3, 9], "rotation": 270, "texture": "#0"},
				"south": {"uv": [0, 0, 1.98, 1.3], "rotation": 180, "texture": "#missing"},
				"west": {"uv": [5.5, 8.5, 5.8, 9], "rotation": 90, "texture": "#0"},
				"up": {"uv": [0, 0, 1.98, 1], "rotation": 180, "texture": "#missing"},
				"down": {"uv": [0, 0, 1.98, 1], "texture": "#missing"}
			}
		},
		{
			"from": [7.92388, 0.38268, 7.01],
			"to": [8.92388, 1.68268, 8.99],
			"rotation": {"angle": -22.5, "axis": "z", "origin": [8, 0, 8]},
			"faces": {
				"north": {"uv": [5.5, 8.5, 6, 9], "rotation": 90, "texture": "#0"},
				"east": {"uv": [3, 8.5, 5, 10], "texture": "#0"},
				"south": {"uv": [2, 8.5, 2.5, 9], "rotation": 270, "texture": "#0"},
				"west": {"uv": [0, 0, 1.98, 1.3], "rotation": 180, "texture": "#missing"},
				"up": {"uv": [0, 0, 1.98, 1], "rotation": 270, "texture": "#missing"},
				"down": {"uv": [0, 0, 1.98, 1], "rotation": 270, "texture": "#missing"}
			}
		},
		{
			"from": [7, 3.64645, 6.76777],
			"to": [8.98, 4.34645, 7.76777],
			"rotation": {"angle": 45, "axis": "x", "origin": [8, 4.64645, 8.26777]},
			"faces": {
				"north": {"uv": [3, 1.5, 5, 2.5], "texture": "#0"},
				"east": {"uv": [5.5, 2, 6, 2.5], "rotation": 270, "texture": "#0"},
				"south": {"uv": [0, 0, 1.98, 0.7], "texture": "#missing"},
				"west": {"uv": [5.5, 2, 6, 2.5], "rotation": 90, "texture": "#0"},
				"up": {"uv": [0, 0, 1.98, 1], "rotation": 180, "texture": "#missing"},
				"down": {"uv": [0, 0, 1.98, 1], "texture": "#missing"}
			}
		},
		{
			"from": [6.77279, 3.65147, 7],
			"to": [7.77279, 4.35147, 8.98],
			"rotation": {"angle": -45, "axis": "z", "origin": [8.27279, 4.65147, 7.98]},
			"faces": {
				"north": {"uv": [5.5, 2, 6, 2.5], "rotation": 270, "texture": "#0"},
				"east": {"uv": [0, 0, 1.98, 0.7], "texture": "#missing"},
				"south": {"uv": [5.5, 2, 6, 2.5], "rotation": 90, "texture": "#0"},
				"west": {"uv": [3, 1.5, 5, 2.5], "texture": "#0"},
				"up": {"uv": [0, 0, 1.98, 1], "rotation": 90, "texture": "#missing"},
				"down": {"uv": [0, 0, 1.98, 1], "rotation": 90, "texture": "#missing"}
			}
		},
		{
			"from": [8.22721, 3.65147, 7.02],
			"to": [9.22721, 4.35147, 9],
			"rotation": {"angle": 45, "axis": "z", "origin": [7.72721, 4.65147, 8.02]},
			"faces": {
				"north": {"uv": [5.5, 2, 6, 2.5], "rotation": 90, "texture": "#0"},
				"east": {"uv": [3, 1.5, 5, 2.5], "rotation": 180, "texture": "#0"},
				"south": {"uv": [5.5, 2, 6, 2.5], "rotation": 270, "texture": "#0"},
				"west": {"uv": [0, 0, 1.98, 0.7], "texture": "#missing"},
				"up": {"uv": [0, 0, 1.98, 1], "rotation": 270, "texture": "#missing"},
				"down": {"uv": [0, 0, 1.98, 1], "rotation": 270, "texture": "#missing"}
			}
		},
		{
			"from": [7, 7.89411, 6.46985],
			"to": [8.98, 8.59411, 7.46985],
			"rotation": {"angle": -45, "axis": "x", "origin": [8, 8.89411, 11.96985]},
			"faces": {
				"north": {"uv": [0, 0, 1.98, 0.7], "rotation": 180, "texture": "#missing"},
				"east": {"uv": [5.5, 2, 6, 2.5], "rotation": 270, "texture": "#0"},
				"south": {"uv": [3, 1.5, 5, 2.5], "texture": "#0"},
				"west": {"uv": [5.5, 2, 6, 2.5], "rotation": 90, "texture": "#0"},
				"up": {"uv": [0, 0, 1.98, 1], "rotation": 180, "texture": "#missing"},
				"down": {"uv": [0, 0, 1.98, 1], "texture": "#missing"}
			}
		},
		{
			"from": [7.09386, 1.01, 8.49767],
			"to": [7.79386, 4.99, 8.99767],
			"rotation": {"angle": -45, "axis": "y", "origin": [6.79056, 10.01, 8.29056]},
			"faces": {
				"north": {"uv": [5, 3.5, 5.7, 7.48], "rotation": 180, "texture": "#missing"},
				"east": {"uv": [5, 4.5, 8.98, 5], "rotation": 90, "texture": "#missing"},
				"south": {"uv": [5.5, 3, 6.5, 7], "texture": "#0"},
				"west": {"uv": [5.5, 2, 6, 5.98], "rotation": 180, "texture": "#missing"},
				"up": {"uv": [5.5, 2, 6, 2.5], "texture": "#0"},
				"down": {"uv": [5.5, 7.5, 6, 8], "rotation": 180, "texture": "#0"}
			}
		},
		{
			"from": [7.09386, 1.01, 5.49767],
			"to": [7.79386, 4.99, 5.99767],
			"rotation": {"angle": -45, "axis": "y", "origin": [6.79056, 10.01, 8.29056]},
			"faces": {
				"north": {"uv": [5.5, 3, 6.5, 7], "texture": "#0"},
				"east": {"uv": [0, 0, 3.98, 0.5], "rotation": 90, "texture": "#missing"},
				"south": {"uv": [2.5, 3, 3.2, 6.98], "texture": "#missing"},
				"west": {"uv": [0, 0, 3.98, 0.5], "rotation": 270, "texture": "#missing"},
				"up": {"uv": [5.5, 2, 6, 2.5], "texture": "#0"},
				"down": {"uv": [5.5, 7.5, 6, 8], "texture": "#0"}
			}
		},
		{
			"from": [7.00736, 1.01, 7.08883],
			"to": [7.50736, 4.99, 7.78883],
			"rotation": {"angle": -45, "axis": "y", "origin": [7.71447, 5.02, 6.78553]},
			"faces": {
				"north": {"uv": [0, 0, 3.98, 0.5], "rotation": 270, "texture": "#missing"},
				"east": {"uv": [0, 0, 0.7, 3.98], "rotation": 180, "texture": "#missing"},
				"south": {"uv": [0, 0, 3.98, 0.5], "rotation": 90, "texture": "#missing"},
				"west": {"uv": [5.5, 3, 6.5, 7], "texture": "#0"},
				"up": {"uv": [5.5, 2, 6, 2.5], "rotation": 90, "texture": "#0"},
				"down": {"uv": [5.5, 7.5, 6, 8], "rotation": 90, "texture": "#0"}
			}
		},
		{
			"from": [10.00736, 1.01, 7.08883],
			"to": [10.50736, 4.99, 7.78883],
			"rotation": {"angle": -45, "axis": "y", "origin": [7.71447, 5.02, 6.78553]},
			"faces": {
				"north": {"uv": [0, 0, 3.98, 0.5], "rotation": 270, "texture": "#missing"},
				"east": {"uv": [5.5, 3, 6.5, 7], "texture": "#0"},
				"south": {"uv": [0, 0, 3.98, 0.5], "rotation": 90, "texture": "#missing"},
				"west": {"uv": [5.5, 3, 6.2, 7], "texture": "#missing"},
				"up": {"uv": [5.5, 2, 6, 2.5], "rotation": 90, "texture": "#0"},
				"down": {"uv": [5.5, 7.5, 6, 8], "rotation": 90, "texture": "#0"}
			}
		},
		{
			"from": [7, 1.125, 9],
			"to": [7.75, 1.875, 9.75],
			"shade": false,
			"rotation": {"angle": -22.5, "axis": "y", "origin": [7.5, 1.5, 9.5]},
			"faces": {
				"north": {"uv": [0, 0, 0.75, 0.75], "texture": "#missing"},
				"east": {"uv": [8.5, 10.5, 9.5, 11.5], "texture": "#0"},
				"south": {"uv": [7, 10.5, 8, 11.5], "texture": "#0"},
				"west": {"uv": [8.5, 10.5, 9.5, 11.5], "texture": "#0"},
				"up": {"uv": [7, 12, 8, 13], "rotation": 90, "texture": "#0"},
				"down": {"uv": [7, 12, 8, 13], "rotation": 270, "texture": "#0"}
			}
		},
		{
			"from": [7, 2.125, 9],
			"to": [7.75, 2.875, 9.75],
			"shade": false,
			"rotation": {"angle": -22.5, "axis": "y", "origin": [7.5, 1.5, 9.5]},
			"faces": {
				"north": {"uv": [0, 0, 0.75, 0.75], "texture": "#missing"},
				"east": {"uv": [8.5, 10.5, 9.5, 11.5], "texture": "#0"},
				"south": {"uv": [7, 10.5, 8, 11.5], "texture": "#0"},
				"west": {"uv": [8.5, 10.5, 9.5, 11.5], "texture": "#0"},
				"up": {"uv": [7, 12, 8, 13], "rotation": 90, "texture": "#0"},
				"down": {"uv": [7, 12, 8, 13], "rotation": 270, "texture": "#0"}
			}
		},
		{
			"from": [7, 3.125, 9],
			"to": [7.75, 3.875, 9.75],
			"shade": false,
			"rotation": {"angle": -22.5, "axis": "y", "origin": [7.5, 1.5, 9.5]},
			"faces": {
				"north": {"uv": [0, 0, 0.75, 0.75], "texture": "#missing"},
				"east": {"uv": [8.5, 10.5, 9.5, 11.5], "texture": "#0"},
				"south": {"uv": [7, 10.5, 8, 11.5], "texture": "#0"},
				"west": {"uv": [8.5, 10.5, 9.5, 11.5], "texture": "#0"},
				"up": {"uv": [7, 12, 8, 13], "rotation": 90, "texture": "#0"},
				"down": {"uv": [7, 12, 8, 13], "rotation": 270, "texture": "#0"}
			}
		},
		{
			"from": [7, 4.125, 9],
			"to": [7.75, 4.875, 9.75],
			"shade": false,
			"rotation": {"angle": -22.5, "axis": "y", "origin": [7.5, 1.5, 9.5]},
			"faces": {
				"north": {"uv": [0, 0, 0.75, 0.75], "texture": "#missing"},
				"east": {"uv": [8.5, 10.5, 9.5, 11.5], "texture": "#0"},
				"south": {"uv": [7, 10.5, 8, 11.5], "texture": "#0"},
				"west": {"uv": [8.5, 10.5, 9.5, 11.5], "texture": "#0"},
				"up": {"uv": [7, 12, 8, 13], "rotation": 90, "texture": "#0"},
				"down": {"uv": [7, 12, 8, 13], "rotation": 270, "texture": "#0"}
			}
		},
		{
			"from": [8.25, 1.125, 9],
			"to": [9, 1.875, 9.75],
			"shade": false,
			"rotation": {"angle": 22.5, "axis": "y", "origin": [8.5, 1.5, 9.5]},
			"faces": {
				"north": {"uv": [0, 0, 0.75, 0.75], "texture": "#missing"},
				"east": {"uv": [8.5, 10.5, 9.5, 11.5], "texture": "#0"},
				"south": {"uv": [7, 10.5, 8, 11.5], "texture": "#0"},
				"west": {"uv": [8.5, 10.5, 9.5, 11.5], "texture": "#0"},
				"up": {"uv": [7, 12, 8, 13], "rotation": 90, "texture": "#0"},
				"down": {"uv": [7, 12, 8, 13], "rotation": 270, "texture": "#0"}
			}
		},
		{
			"from": [8.25, 4.125, 9],
			"to": [9, 4.875, 9.75],
			"shade": false,
			"rotation": {"angle": 22.5, "axis": "y", "origin": [8.5, 1.5, 9.5]},
			"faces": {
				"north": {"uv": [0, 0, 0.75, 0.75], "texture": "#missing"},
				"east": {"uv": [8.5, 10.5, 9.5, 11.5], "texture": "#0"},
				"south": {"uv": [7, 10.5, 8, 11.5], "texture": "#0"},
				"west": {"uv": [8.5, 10.5, 9.5, 11.5], "texture": "#0"},
				"up": {"uv": [7, 12, 8, 13], "rotation": 90, "texture": "#0"},
				"down": {"uv": [7, 12, 8, 13], "rotation": 270, "texture": "#0"}
			}
		},
		{
			"from": [8.25, 3.125, 9],
			"to": [9, 3.875, 9.75],
			"shade": false,
			"rotation": {"angle": 22.5, "axis": "y", "origin": [8.5, 1.5, 9.5]},
			"faces": {
				"north": {"uv": [0, 0, 0.75, 0.75], "texture": "#missing"},
				"east": {"uv": [8.5, 10.5, 9.5, 11.5], "texture": "#0"},
				"south": {"uv": [7, 10.5, 8, 11.5], "texture": "#0"},
				"west": {"uv": [8.5, 10.5, 9.5, 11.5], "texture": "#0"},
				"up": {"uv": [7, 12, 8, 13], "rotation": 90, "texture": "#0"},
				"down": {"uv": [7, 12, 8, 13], "rotation": 270, "texture": "#0"}
			}
		},
		{
			"from": [8.25, 2.125, 9],
			"to": [9, 2.875, 9.75],
			"shade": false,
			"rotation": {"angle": 22.5, "axis": "y", "origin": [8.5, 1.5, 9.5]},
			"faces": {
				"north": {"uv": [0, 0, 0.75, 0.75], "texture": "#missing"},
				"east": {"uv": [8.5, 10.5, 9.5, 11.5], "texture": "#0"},
				"south": {"uv": [7, 10.5, 8, 11.5], "texture": "#0"},
				"west": {"uv": [8.5, 10.5, 9.5, 11.5], "texture": "#0"},
				"up": {"uv": [7, 12, 8, 13], "rotation": 90, "texture": "#0"},
				"down": {"uv": [7, 12, 8, 13], "rotation": 270, "texture": "#0"}
			}
		},
		{
			"from": [6.18798, 1.125, 7.60581],
			"to": [6.93798, 1.875, 8.35581],
			"rotation": {"angle": -22.5, "axis": "y", "origin": [8, 0.5, 8]},
			"faces": {
				"north": {"uv": [8.5, 10.5, 9.5, 11.5], "texture": "#0"},
				"east": {"uv": [0, 0, 0.75, 0.75], "texture": "#missing"},
				"south": {"uv": [8.5, 10.5, 9.5, 11.5], "texture": "#0"},
				"west": {"uv": [7, 10.5, 8, 11.5], "texture": "#0"},
				"up": {"uv": [7, 12, 8, 13], "rotation": 180, "texture": "#0"},
				"down": {"uv": [7, 12, 8, 13], "rotation": 180, "texture": "#0"}
			}
		},
		{
			"from": [6.18798, 2.125, 7.60581],
			"to": [6.93798, 2.875, 8.35581],
			"rotation": {"angle": -22.5, "axis": "y", "origin": [8, 0.5, 8]},
			"faces": {
				"north": {"uv": [8.5, 10.5, 9.5, 11.5], "texture": "#0"},
				"east": {"uv": [0, 0, 0.75, 0.75], "texture": "#missing"},
				"south": {"uv": [8.5, 10.5, 9.5, 11.5], "texture": "#0"},
				"west": {"uv": [7, 10.5, 8, 11.5], "texture": "#0"},
				"up": {"uv": [7, 12, 8, 13], "rotation": 180, "texture": "#0"},
				"down": {"uv": [7, 12, 8, 13], "rotation": 180, "texture": "#0"}
			}
		},
		{
			"from": [6.18798, 3.125, 7.60581],
			"to": [6.93798, 3.875, 8.35581],
			"rotation": {"angle": -22.5, "axis": "y", "origin": [8, 0.5, 8]},
			"faces": {
				"north": {"uv": [8.5, 10.5, 9.5, 11.5], "texture": "#0"},
				"east": {"uv": [0, 0, 0.75, 0.75], "texture": "#missing"},
				"south": {"uv": [8.5, 10.5, 9.5, 11.5], "texture": "#0"},
				"west": {"uv": [7, 10.5, 8, 11.5], "texture": "#0"},
				"up": {"uv": [7, 12, 8, 13], "rotation": 180, "texture": "#0"},
				"down": {"uv": [7, 12, 8, 13], "rotation": 180, "texture": "#0"}
			}
		},
		{
			"from": [6.18798, 4.125, 7.60581],
			"to": [6.93798, 4.875, 8.35581],
			"rotation": {"angle": -22.5, "axis": "y", "origin": [8, 0.5, 8]},
			"faces": {
				"north": {"uv": [8.5, 10.5, 9.5, 11.5], "texture": "#0"},
				"east": {"uv": [0, 0, 0.75, 0.75], "texture": "#missing"},
				"south": {"uv": [8.5, 10.5, 9.5, 11.5], "texture": "#0"},
				"west": {"uv": [7, 10.5, 8, 11.5], "texture": "#0"},
				"up": {"uv": [7, 12, 8, 13], "rotation": 180, "texture": "#0"},
				"down": {"uv": [7, 12, 8, 13], "rotation": 180, "texture": "#0"}
			}
		},
		{
			"from": [6.18798, 4.125, 7.60581],
			"to": [6.93798, 4.875, 8.35581],
			"rotation": {"angle": 22.5, "axis": "y", "origin": [8, 0.5, 8]},
			"faces": {
				"north": {"uv": [8.5, 10.5, 9.5, 11.5], "texture": "#0"},
				"east": {"uv": [0, 0, 0.75, 0.75], "texture": "#missing"},
				"south": {"uv": [8.5, 10.5, 9.5, 11.5], "texture": "#0"},
				"west": {"uv": [7, 10.5, 8, 11.5], "texture": "#0"},
				"up": {"uv": [7, 12, 8, 13], "rotation": 180, "texture": "#0"},
				"down": {"uv": [7, 12, 8, 13], "rotation": 180, "texture": "#0"}
			}
		},
		{
			"from": [6.18798, 2.125, 7.60581],
			"to": [6.93798, 2.875, 8.35581],
			"rotation": {"angle": 22.5, "axis": "y", "origin": [8, 0.5, 8]},
			"faces": {
				"north": {"uv": [8.5, 10.5, 9.5, 11.5], "texture": "#0"},
				"east": {"uv": [0, 0, 0.75, 0.75], "texture": "#missing"},
				"south": {"uv": [8.5, 10.5, 9.5, 11.5], "texture": "#0"},
				"west": {"uv": [7, 10.5, 8, 11.5], "texture": "#0"},
				"up": {"uv": [7, 12, 8, 13], "rotation": 180, "texture": "#0"},
				"down": {"uv": [7, 12, 8, 13], "rotation": 180, "texture": "#0"}
			}
		},
		{
			"from": [6.18798, 1.125, 7.60581],
			"to": [6.93798, 1.875, 8.35581],
			"rotation": {"angle": 22.5, "axis": "y", "origin": [8, 0.5, 8]},
			"faces": {
				"north": {"uv": [8.5, 10.5, 9.5, 11.5], "texture": "#0"},
				"east": {"uv": [0, 0, 0.75, 0.75], "texture": "#missing"},
				"south": {"uv": [8.5, 10.5, 9.5, 11.5], "texture": "#0"},
				"west": {"uv": [7, 10.5, 8, 11.5], "texture": "#0"},
				"up": {"uv": [7, 12, 8, 13], "rotation": 180, "texture": "#0"},
				"down": {"uv": [7, 12, 8, 13], "rotation": 180, "texture": "#0"}
			}
		},
		{
			"from": [6.18798, 3.125, 7.60581],
			"to": [6.93798, 3.875, 8.35581],
			"rotation": {"angle": 22.5, "axis": "y", "origin": [8, 0.5, 8]},
			"faces": {
				"north": {"uv": [8.5, 10.5, 9.5, 11.5], "texture": "#0"},
				"east": {"uv": [0, 0, 0.75, 0.75], "texture": "#missing"},
				"south": {"uv": [8.5, 10.5, 9.5, 11.5], "texture": "#0"},
				"west": {"uv": [7, 10.5, 8, 11.5], "texture": "#0"},
				"up": {"uv": [7, 12, 8, 13], "rotation": 180, "texture": "#0"},
				"down": {"uv": [7, 12, 8, 13], "rotation": 180, "texture": "#0"}
			}
		},
		{
			"from": [7.64419, 1.125, 6.18798],
			"to": [8.39419, 1.875, 6.93798],
			"rotation": {"angle": -22.5, "axis": "y", "origin": [8, 0.5, 8]},
			"faces": {
				"north": {"uv": [7, 10.5, 8, 11.5], "texture": "#0"},
				"east": {"uv": [8.5, 10.5, 9.5, 11.5], "texture": "#0"},
				"south": {"uv": [0, 0, 0.75, 0.75], "texture": "#missing"},
				"west": {"uv": [8.5, 10.5, 9.5, 11.5], "texture": "#0"},
				"up": {"uv": [7, 12, 8, 13], "rotation": 270, "texture": "#0"},
				"down": {"uv": [7, 12, 8, 13], "rotation": 90, "texture": "#0"}
			}
		},
		{
			"from": [7.64419, 2.125, 6.18798],
			"to": [8.39419, 2.875, 6.93798],
			"rotation": {"angle": -22.5, "axis": "y", "origin": [8, 0.5, 8]},
			"faces": {
				"north": {"uv": [7, 10.5, 8, 11.5], "texture": "#0"},
				"east": {"uv": [8.5, 10.5, 9.5, 11.5], "texture": "#0"},
				"south": {"uv": [0, 0, 0.75, 0.75], "texture": "#missing"},
				"west": {"uv": [8.5, 10.5, 9.5, 11.5], "texture": "#0"},
				"up": {"uv": [7, 12, 8, 13], "rotation": 270, "texture": "#0"},
				"down": {"uv": [7, 12, 8, 13], "rotation": 90, "texture": "#0"}
			}
		},
		{
			"from": [7.64419, 3.125, 6.18798],
			"to": [8.39419, 3.875, 6.93798],
			"rotation": {"angle": -22.5, "axis": "y", "origin": [8, 0.5, 8]},
			"faces": {
				"north": {"uv": [7, 10.5, 8, 11.5], "texture": "#0"},
				"east": {"uv": [8.5, 10.5, 9.5, 11.5], "texture": "#0"},
				"south": {"uv": [0, 0, 0.75, 0.75], "texture": "#missing"},
				"west": {"uv": [8.5, 10.5, 9.5, 11.5], "texture": "#0"},
				"up": {"uv": [7, 12, 8, 13], "rotation": 270, "texture": "#0"},
				"down": {"uv": [7, 12, 8, 13], "rotation": 90, "texture": "#0"}
			}
		},
		{
			"from": [7.64419, 4.125, 6.18798],
			"to": [8.39419, 4.875, 6.93798],
			"rotation": {"angle": -22.5, "axis": "y", "origin": [8, 0.5, 8]},
			"faces": {
				"north": {"uv": [7, 10.5, 8, 11.5], "texture": "#0"},
				"east": {"uv": [8.5, 10.5, 9.5, 11.5], "texture": "#0"},
				"south": {"uv": [0, 0, 0.75, 0.75], "texture": "#missing"},
				"west": {"uv": [8.5, 10.5, 9.5, 11.5], "texture": "#0"},
				"up": {"uv": [7, 12, 8, 13], "rotation": 270, "texture": "#0"},
				"down": {"uv": [7, 12, 8, 13], "rotation": 90, "texture": "#0"}
			}
		},
		{
			"from": [7.64419, 4.125, 6.18798],
			"to": [8.39419, 4.875, 6.93798],
			"rotation": {"angle": 22.5, "axis": "y", "origin": [8, 0.5, 8]},
			"faces": {
				"north": {"uv": [7, 10.5, 8, 11.5], "texture": "#0"},
				"east": {"uv": [8.5, 10.5, 9.5, 11.5], "texture": "#0"},
				"south": {"uv": [0, 0, 0.75, 0.75], "texture": "#missing"},
				"west": {"uv": [8.5, 10.5, 9.5, 11.5], "texture": "#0"},
				"up": {"uv": [7, 12, 8, 13], "rotation": 270, "texture": "#0"},
				"down": {"uv": [7, 12, 8, 13], "rotation": 90, "texture": "#0"}
			}
		},
		{
			"from": [7.64419, 2.125, 6.18798],
			"to": [8.39419, 2.875, 6.93798],
			"rotation": {"angle": 22.5, "axis": "y", "origin": [8, 0.5, 8]},
			"faces": {
				"north": {"uv": [7, 10.5, 8, 11.5], "texture": "#0"},
				"east": {"uv": [8.5, 10.5, 9.5, 11.5], "texture": "#0"},
				"south": {"uv": [0, 0, 0.75, 0.75], "texture": "#missing"},
				"west": {"uv": [8.5, 10.5, 9.5, 11.5], "texture": "#0"},
				"up": {"uv": [7, 12, 8, 13], "rotation": 270, "texture": "#0"},
				"down": {"uv": [7, 12, 8, 13], "rotation": 90, "texture": "#0"}
			}
		},
		{
			"from": [7.64419, 1.125, 6.18798],
			"to": [8.39419, 1.875, 6.93798],
			"rotation": {"angle": 22.5, "axis": "y", "origin": [8, 0.5, 8]},
			"faces": {
				"north": {"uv": [7, 10.5, 8, 11.5], "texture": "#0"},
				"east": {"uv": [8.5, 10.5, 9.5, 11.5], "texture": "#0"},
				"south": {"uv": [0, 0, 0.75, 0.75], "texture": "#missing"},
				"west": {"uv": [8.5, 10.5, 9.5, 11.5], "texture": "#0"},
				"up": {"uv": [7, 12, 8, 13], "rotation": 270, "texture": "#0"},
				"down": {"uv": [7, 12, 8, 13], "rotation": 90, "texture": "#0"}
			}
		},
		{
			"from": [7.64419, 3.125, 6.18798],
			"to": [8.39419, 3.875, 6.93798],
			"rotation": {"angle": 22.5, "axis": "y", "origin": [8, 0.5, 8]},
			"faces": {
				"north": {"uv": [7, 10.5, 8, 11.5], "texture": "#0"},
				"east": {"uv": [8.5, 10.5, 9.5, 11.5], "texture": "#0"},
				"south": {"uv": [0, 0, 0.75, 0.75], "texture": "#missing"},
				"west": {"uv": [8.5, 10.5, 9.5, 11.5], "texture": "#0"},
				"up": {"uv": [7, 12, 8, 13], "rotation": 270, "texture": "#0"},
				"down": {"uv": [7, 12, 8, 13], "rotation": 90, "texture": "#0"}
			}
		},
		{
			"from": [9.06202, 1.125, 7.64419],
			"to": [9.81202, 1.875, 8.39419],
			"rotation": {"angle": -22.5, "axis": "y", "origin": [8, 0.5, 8]},
			"faces": {
				"north": {"uv": [8.5, 10.5, 9.5, 11.5], "texture": "#0"},
				"east": {"uv": [7, 10.5, 8, 11.5], "texture": "#0"},
				"south": {"uv": [8.5, 10.5, 9.5, 11.5], "texture": "#0"},
				"west": {"uv": [0, 0, 0.75, 0.75], "texture": "#missing"},
				"up": {"uv": [7, 12, 8, 13], "texture": "#0"},
				"down": {"uv": [7, 12, 8, 13], "texture": "#0"}
			}
		},
		{
			"from": [9.06202, 2.125, 7.64419],
			"to": [9.81202, 2.875, 8.39419],
			"rotation": {"angle": -22.5, "axis": "y", "origin": [8, 0.5, 8]},
			"faces": {
				"north": {"uv": [8.5, 10.5, 9.5, 11.5], "texture": "#0"},
				"east": {"uv": [7, 10.5, 8, 11.5], "texture": "#0"},
				"south": {"uv": [8.5, 10.5, 9.5, 11.5], "texture": "#0"},
				"west": {"uv": [0, 0, 0.75, 0.75], "texture": "#missing"},
				"up": {"uv": [7, 12, 8, 13], "texture": "#0"},
				"down": {"uv": [7, 12, 8, 13], "texture": "#0"}
			}
		},
		{
			"from": [9.06202, 3.125, 7.64419],
			"to": [9.81202, 3.875, 8.39419],
			"rotation": {"angle": -22.5, "axis": "y", "origin": [8, 0.5, 8]},
			"faces": {
				"north": {"uv": [8.5, 10.5, 9.5, 11.5], "texture": "#0"},
				"east": {"uv": [7, 10.5, 8, 11.5], "texture": "#0"},
				"south": {"uv": [8.5, 10.5, 9.5, 11.5], "texture": "#0"},
				"west": {"uv": [0, 0, 0.75, 0.75], "texture": "#missing"},
				"up": {"uv": [7, 12, 8, 13], "texture": "#0"},
				"down": {"uv": [7, 12, 8, 13], "texture": "#0"}
			}
		},
		{
			"from": [9.06202, 4.125, 7.64419],
			"to": [9.81202, 4.875, 8.39419],
			"rotation": {"angle": -22.5, "axis": "y", "origin": [8, 0.5, 8]},
			"faces": {
				"north": {"uv": [8.5, 10.5, 9.5, 11.5], "texture": "#0"},
				"east": {"uv": [7, 10.5, 8, 11.5], "texture": "#0"},
				"south": {"uv": [8.5, 10.5, 9.5, 11.5], "texture": "#0"},
				"west": {"uv": [0, 0, 0.75, 0.75], "texture": "#missing"},
				"up": {"uv": [7, 12, 8, 13], "texture": "#0"},
				"down": {"uv": [7, 12, 8, 13], "texture": "#0"}
			}
		},
		{
			"from": [9.06202, 4.125, 7.64419],
			"to": [9.81202, 4.875, 8.39419],
			"rotation": {"angle": 22.5, "axis": "y", "origin": [8, 0.5, 8]},
			"faces": {
				"north": {"uv": [8.5, 10.5, 9.5, 11.5], "texture": "#0"},
				"east": {"uv": [7, 10.5, 8, 11.5], "texture": "#0"},
				"south": {"uv": [8.5, 10.5, 9.5, 11.5], "texture": "#0"},
				"west": {"uv": [0, 0, 0.75, 0.75], "texture": "#missing"},
				"up": {"uv": [7, 12, 8, 13], "texture": "#0"},
				"down": {"uv": [7, 12, 8, 13], "texture": "#0"}
			}
		},
		{
			"from": [9.06202, 2.125, 7.64419],
			"to": [9.81202, 2.875, 8.39419],
			"rotation": {"angle": 22.5, "axis": "y", "origin": [8, 0.5, 8]},
			"faces": {
				"north": {"uv": [8.5, 10.5, 9.5, 11.5], "texture": "#0"},
				"east": {"uv": [7, 10.5, 8, 11.5], "texture": "#0"},
				"south": {"uv": [8.5, 10.5, 9.5, 11.5], "texture": "#0"},
				"west": {"uv": [0, 0, 0.75, 0.75], "texture": "#missing"},
				"up": {"uv": [7, 12, 8, 13], "texture": "#0"},
				"down": {"uv": [7, 12, 8, 13], "texture": "#0"}
			}
		},
		{
			"from": [9.06202, 1.125, 7.64419],
			"to": [9.81202, 1.875, 8.39419],
			"rotation": {"angle": 22.5, "axis": "y", "origin": [8, 0.5, 8]},
			"faces": {
				"north": {"uv": [8.5, 10.5, 9.5, 11.5], "texture": "#0"},
				"east": {"uv": [7, 10.5, 8, 11.5], "texture": "#0"},
				"south": {"uv": [8.5, 10.5, 9.5, 11.5], "texture": "#0"},
				"west": {"uv": [0, 0, 0.75, 0.75], "texture": "#missing"},
				"up": {"uv": [7, 12, 8, 13], "texture": "#0"},
				"down": {"uv": [7, 12, 8, 13], "texture": "#0"}
			}
		},
		{
			"from": [9.06202, 3.125, 7.64419],
			"to": [9.81202, 3.875, 8.39419],
			"rotation": {"angle": 22.5, "axis": "y", "origin": [8, 0.5, 8]},
			"faces": {
				"north": {"uv": [8.5, 10.5, 9.5, 11.5], "texture": "#0"},
				"east": {"uv": [7, 10.5, 8, 11.5], "texture": "#0"},
				"south": {"uv": [8.5, 10.5, 9.5, 11.5], "texture": "#0"},
				"west": {"uv": [0, 0, 0.75, 0.75], "texture": "#missing"},
				"up": {"uv": [7, 12, 8, 13], "texture": "#0"},
				"down": {"uv": [7, 12, 8, 13], "texture": "#0"}
			}
		},
		{
			"from": [5.875, 0.8, 7.625],
			"to": [6.625, 1.55, 8.375],
			"rotation": {"angle": 22.5, "axis": "z", "origin": [8, 2.5, 8]},
			"faces": {
				"north": {"uv": [8.5, 10.5, 9.5, 11.5], "texture": "#0"},
				"east": {"uv": [7, 10.5, 8, 11.5], "texture": "#missing"},
				"south": {"uv": [8.5, 10.5, 9.5, 11.5], "texture": "#0"},
				"west": {"uv": [7, 10.5, 8, 11.5], "texture": "#0"},
				"up": {"uv": [7, 12, 8, 13], "texture": "#0"},
				"down": {"uv": [7, 12, 8, 13], "texture": "#0"}
			}
		},
		{
			"from": [7.625, 0.8, 5.875],
			"to": [8.375, 1.55, 6.625],
			"rotation": {"angle": -22.5, "axis": "x", "origin": [8, 2.5, 8]},
			"faces": {
				"north": {"uv": [7, 10.5, 8, 11.5], "texture": "#0"},
				"east": {"uv": [8.5, 10.5, 9.5, 11.5], "texture": "#0"},
				"south": {"uv": [0, 0, 0.75, 0.75], "texture": "#missing"},
				"west": {"uv": [8.5, 10.5, 9.5, 11.5], "texture": "#0"},
				"up": {"uv": [7, 12, 8, 13], "rotation": 270, "texture": "#0"},
				"down": {"uv": [7, 12, 8, 13], "rotation": 90, "texture": "#0"}
			}
		},
		{
			"from": [7.625, 0.8, 9.375],
			"to": [8.375, 1.55, 10.125],
			"rotation": {"angle": 22.5, "axis": "x", "origin": [8, 2.5, 8]},
			"faces": {
				"north": {"uv": [7, 10.5, 8, 11.5], "texture": "#missing"},
				"east": {"uv": [8.5, 10.5, 9.5, 11.5], "texture": "#0"},
				"south": {"uv": [7, 10.5, 8, 11.5], "texture": "#0"},
				"west": {"uv": [8.5, 10.5, 9.5, 11.5], "texture": "#0"},
				"up": {"uv": [7, 12, 8, 13], "texture": "#0"},
				"down": {"uv": [7, 12, 8, 13], "texture": "#0"}
			}
		},
		{
			"from": [9.375, 0.8, 7.625],
			"to": [10.125, 1.55, 8.375],
			"rotation": {"angle": -22.5, "axis": "z", "origin": [8, 2.5, 8]},
			"faces": {
				"north": {"uv": [8.5, 10.5, 9.5, 11.5], "texture": "#0"},
				"east": {"uv": [7, 10.5, 8, 11.5], "texture": "#0"},
				"south": {"uv": [8.5, 10.5, 9.5, 11.5], "texture": "#0"},
				"west": {"uv": [7, 10.5, 8, 11.5], "texture": "#missing"},
				"up": {"uv": [7, 12, 8, 13], "texture": "#0"},
				"down": {"uv": [7, 12, 8, 13], "texture": "#0"}
			}
		},
		{
			"from": [6, 6.75, 7],
			"to": [6.75, 7, 7.25],
			"rotation": {"angle": 22.5, "axis": "z", "origin": [7, 7, 7]},
			"faces": {
				"north": {"uv": [15.75, 4, 16, 5], "rotation": 90, "texture": "#0"},
				"east": {"uv": [15.75, 4, 16, 4.25], "rotation": 90, "texture": "#0"},
				"south": {"uv": [15.75, 4, 16, 5], "rotation": 90, "texture": "#0"},
				"west": {"uv": [15.75, 4, 16, 4.25], "rotation": 90, "texture": "#0"},
				"up": {"uv": [15.75, 4, 16, 5], "rotation": 90, "texture": "#0"},
				"down": {"uv": [15.75, 4, 16, 5], "rotation": 90, "texture": "#0"}
			}
		},
		{
			"from": [6.75, 6.25, 7],
			"to": [7, 7, 7.25],
			"rotation": {"angle": 22.5, "axis": "z", "origin": [7, 7, 7]},
			"faces": {
				"north": {"uv": [15.75, 4, 16, 5], "texture": "#0"},
				"east": {"uv": [15.75, 4, 16, 5], "texture": "#0"},
				"south": {"uv": [15.75, 4, 16, 5], "texture": "#0"},
				"west": {"uv": [15.75, 4, 16, 5], "texture": "#0"},
				"up": {"uv": [15.75, 4, 16, 4.25], "texture": "#0"},
				"down": {"uv": [15.75, 4, 16, 4.25], "texture": "#0"}
			}
		},
		{
			"from": [6.25, 6, 7],
			"to": [7, 6.25, 7.25],
			"rotation": {"angle": 22.5, "axis": "z", "origin": [7, 7, 7]},
			"faces": {
				"north": {"uv": [15.75, 4, 16, 5], "rotation": 90, "texture": "#0"},
				"east": {"uv": [15.75, 4, 16, 4.25], "rotation": 90, "texture": "#0"},
				"south": {"uv": [15.75, 4, 16, 5], "rotation": 90, "texture": "#0"},
				"west": {"uv": [15.75, 4, 16, 4.25], "rotation": 90, "texture": "#0"},
				"up": {"uv": [15.75, 4, 16, 5], "rotation": 90, "texture": "#0"},
				"down": {"uv": [15.75, 4, 16, 5], "rotation": 90, "texture": "#0"}
			}
		},
		{
			"from": [6, 6, 7],
			"to": [6.25, 6.75, 7.25],
			"rotation": {"angle": 22.5, "axis": "z", "origin": [7, 7, 7]},
			"faces": {
				"north": {"uv": [15.75, 4, 16, 5], "texture": "#0"},
				"east": {"uv": [15.75, 4, 16, 5], "texture": "#0"},
				"south": {"uv": [15.75, 4, 16, 5], "texture": "#0"},
				"west": {"uv": [15.75, 4, 16, 5], "texture": "#0"},
				"up": {"uv": [15.75, 4, 16, 4.25], "texture": "#0"},
				"down": {"uv": [15.75, 4, 16, 4.25], "texture": "#0"}
			}
		}
	],
	"display": {
		"thirdperson_righthand": {
			"rotation": [0, 180, 0],
			"translation": [0, 3.5, 0]
		},
		"thirdperson_lefthand": {
			"translation": [0, 3.5, 0]
		},
		"firstperson_righthand": {
			"rotation": [0, 135, 0],
			"translation": [0, 4.75, 0]
		},
		"firstperson_lefthand": {
			"rotation": [0, -45, 0],
			"translation": [0, 4.75, 0]
		},
		"ground": {
			"rotation": [45, 0, 0],
			"translation": [0, 4.25, 3]
		},
		"gui": {
			"rotation": [20, 45, -45],
			"translation": [3.25, 4.75, 0],
			"scale": [1.5, 1.5, 1.5]
		},
		"fixed": {
			"rotation": [0, 0, 45],
			"translation": [-5.75, 7.25, 0],
			"scale": [2, 2, 2]
		}
	},
	"groups": [
		0,
		1,
		2,
		3,
		4,
		5,
		6,
		7,
		{
			"name": "under lamp",
			"origin": [8, 8, 8],
			"color": 0,
			"children": [8, 9, 10, 11]
		},
		{
			"name": "upper lamp",
			"origin": [8, 8, 8],
			"color": 0,
			"children": [12, 13, 14, 15]
		},
		{
			"name": "side lamp",
			"origin": [8, 8, 8],
			"color": 0,
			"children": [16, 17, 18, 19]
		},
		{
			"name": "pj",
			"origin": [8, 8, 8],
			"color": 0,
			"shade": false,
			"children": [20, 21, 22, 23, 24, 25, 26, 27]
		},
		{
			"name": "pj2",
			"origin": [8, 8, 8],
			"color": 0,
			"children": [28, 29, 30, 31, 32, 33, 34, 35]
		},
		{
			"name": "pj3",
			"origin": [8, 8, 8],
			"color": 0,
			"children": [36, 37, 38, 39, 40, 41, 42, 43]
		},
		{
			"name": "pj4",
			"origin": [8, 8, 8],
			"color": 0,
			"children": [44, 45, 46, 47, 48, 49, 50, 51]
		},
		{
			"name": "pjd",
			"origin": [8, 8, 8],
			"color": 0,
			"children": [52, 53, 54, 55]
		},
		{
			"name": "pin",
			"origin": [8, 8, 8],
			"color": 0,
			"children": [56, 57, 58, 59]
		}
	]
}