{
	"credit": "Made with Blockbench",
	"textures": {
		"0": "items/3d/halo (41)",
		"particle": "items/3d/halo (41)"
	},
	"elements": [
		{
			"name": "halo (41)_0",
			"from": [5.25, 0, 2.75],
			"to": [5.75, 0.25, 3],
			"faces": {
				"north": {"uv": [5.75, 2.75, 5.25, 3], "texture": "#0"},
				"east": {"uv": [5.5, 2.75, 5.75, 3], "rotation": 90, "texture": "#0"},
				"south": {"uv": [5.25, 2.75, 5.75, 3], "texture": "#0"},
				"west": {"uv": [5.25, 2.75, 5.5, 3], "rotation": 270, "texture": "#0"},
				"up": {"uv": [5.25, 2.75, 5.75, 3], "texture": "#0"},
				"down": {"uv": [5.25, 3, 5.75, 2.75], "texture": "#0"}
			}
		},
		{
			"name": "halo (41)_1",
			"from": [5, 0, 3],
			"to": [6, 0.25, 3.25],
			"faces": {
				"north": {"uv": [6, 3, 5, 3.25], "texture": "#0"},
				"east": {"uv": [5.75, 3, 6, 3.25], "rotation": 90, "texture": "#0"},
				"south": {"uv": [5, 3, 6, 3.25], "texture": "#0"},
				"west": {"uv": [5, 3, 5.25, 3.25], "rotation": 270, "texture": "#0"},
				"up": {"uv": [5, 3, 6, 3.25], "texture": "#0"},
				"down": {"uv": [5, 3.25, 6, 3], "texture": "#0"}
			}
		},
		{
			"name": "halo (41)_2",
			"from": [4.75, 0, 3.25],
			"to": [6.25, 0.25, 3.5],
			"faces": {
				"north": {"uv": [6.25, 3.25, 4.75, 3.5], "texture": "#0"},
				"east": {"uv": [6, 3.25, 6.25, 3.5], "rotation": 90, "texture": "#0"},
				"south": {"uv": [4.75, 3.25, 6.25, 3.5], "texture": "#0"},
				"west": {"uv": [4.75, 3.25, 5, 3.5], "rotation": 270, "texture": "#0"},
				"up": {"uv": [4.75, 3.25, 6.25, 3.5], "texture": "#0"},
				"down": {"uv": [4.75, 3.5, 6.25, 3.25], "texture": "#0"}
			}
		},
		{
			"name": "halo (41)_3",
			"from": [4.5, 0, 3.5],
			"to": [6.5, 0.25, 3.75],
			"faces": {
				"north": {"uv": [6.5, 3.5, 4.5, 3.75], "texture": "#0"},
				"east": {"uv": [6.25, 3.5, 6.5, 3.75], "rotation": 90, "texture": "#0"},
				"south": {"uv": [4.5, 3.5, 6.5, 3.75], "texture": "#0"},
				"west": {"uv": [4.5, 3.5, 4.75, 3.75], "rotation": 270, "texture": "#0"},
				"up": {"uv": [4.5, 3.5, 6.5, 3.75], "texture": "#0"},
				"down": {"uv": [4.5, 3.75, 6.5, 3.5], "texture": "#0"}
			}
		},
		{
			"name": "halo (41)_4",
			"from": [4.25, 0, 3.75],
			"to": [6.75, 0.25, 4],
			"faces": {
				"north": {"uv": [6.75, 3.75, 4.25, 4], "texture": "#0"},
				"east": {"uv": [6.5, 3.75, 6.75, 4], "rotation": 90, "texture": "#0"},
				"south": {"uv": [4.25, 3.75, 6.75, 4], "texture": "#0"},
				"west": {"uv": [4.25, 3.75, 4.5, 4], "rotation": 270, "texture": "#0"},
				"up": {"uv": [4.25, 3.75, 6.75, 4], "texture": "#0"},
				"down": {"uv": [4.25, 4, 6.75, 3.75], "texture": "#0"}
			}
		},
		{
			"name": "halo (41)_5",
			"from": [4, 0, 4],
			"to": [7, 0.25, 4.25],
			"faces": {
				"north": {"uv": [7, 4, 4, 4.25], "texture": "#0"},
				"east": {"uv": [6.75, 4, 7, 4.25], "rotation": 90, "texture": "#0"},
				"south": {"uv": [4, 4, 7, 4.25], "texture": "#0"},
				"west": {"uv": [4, 4, 4.25, 4.25], "rotation": 270, "texture": "#0"},
				"up": {"uv": [4, 4, 7, 4.25], "texture": "#0"},
				"down": {"uv": [4, 4.25, 7, 4], "texture": "#0"}
			}
		},
		{
			"name": "halo (41)_6",
			"from": [3.75, 0, 4.25],
			"to": [7.25, 0.25, 4.5],
			"faces": {
				"north": {"uv": [7.25, 4.25, 3.75, 4.5], "texture": "#0"},
				"east": {"uv": [7, 4.25, 7.25, 4.5], "rotation": 90, "texture": "#0"},
				"south": {"uv": [3.75, 4.25, 7.25, 4.5], "texture": "#0"},
				"west": {"uv": [3.75, 4.25, 4, 4.5], "rotation": 270, "texture": "#0"},
				"up": {"uv": [3.75, 4.25, 7.25, 4.5], "texture": "#0"},
				"down": {"uv": [3.75, 4.5, 7.25, 4.25], "texture": "#0"}
			}
		},
		{
			"name": "halo (41)_7",
			"from": [3.5, 0, 4.5],
			"to": [5.25, 0.25, 4.75],
			"faces": {
				"north": {"uv": [5.25, 4.5, 3.5, 4.75], "texture": "#0"},
				"east": {"uv": [5, 4.5, 5.25, 4.75], "rotation": 90, "texture": "#0"},
				"south": {"uv": [3.5, 4.5, 5.25, 4.75], "texture": "#0"},
				"west": {"uv": [3.5, 4.5, 3.75, 4.75], "rotation": 270, "texture": "#0"},
				"up": {"uv": [3.5, 4.5, 5.25, 4.75], "texture": "#0"},
				"down": {"uv": [3.5, 4.75, 5.25, 4.5], "texture": "#0"}
			}
		},
		{
			"name": "halo (41)_8",
			"from": [5.75, 0, 4.5],
			"to": [7.5, 0.25, 4.75],
			"faces": {
				"north": {"uv": [7.5, 4.5, 5.75, 4.75], "texture": "#0"},
				"east": {"uv": [7.25, 4.5, 7.5, 4.75], "rotation": 90, "texture": "#0"},
				"south": {"uv": [5.75, 4.5, 7.5, 4.75], "texture": "#0"},
				"west": {"uv": [5.75, 4.5, 6, 4.75], "rotation": 270, "texture": "#0"},
				"up": {"uv": [5.75, 4.5, 7.5, 4.75], "texture": "#0"},
				"down": {"uv": [5.75, 4.75, 7.5, 4.5], "texture": "#0"}
			}
		},
		{
			"name": "halo (41)_9",
			"from": [3.25, 0, 4.75],
			"to": [5, 0.25, 5],
			"faces": {
				"north": {"uv": [5, 4.75, 3.25, 5], "texture": "#0"},
				"east": {"uv": [4.75, 4.75, 5, 5], "rotation": 90, "texture": "#0"},
				"south": {"uv": [3.25, 4.75, 5, 5], "texture": "#0"},
				"west": {"uv": [3.25, 4.75, 3.5, 5], "rotation": 270, "texture": "#0"},
				"up": {"uv": [3.25, 4.75, 5, 5], "texture": "#0"},
				"down": {"uv": [3.25, 5, 5, 4.75], "texture": "#0"}
			}
		},
		{
			"name": "halo (41)_10",
			"from": [6, 0, 4.75],
			"to": [7.75, 0.25, 5],
			"faces": {
				"north": {"uv": [7.75, 4.75, 6, 5], "texture": "#0"},
				"east": {"uv": [7.5, 4.75, 7.75, 5], "rotation": 90, "texture": "#0"},
				"south": {"uv": [6, 4.75, 7.75, 5], "texture": "#0"},
				"west": {"uv": [6, 4.75, 6.25, 5], "rotation": 270, "texture": "#0"},
				"up": {"uv": [6, 4.75, 7.75, 5], "texture": "#0"},
				"down": {"uv": [6, 5, 7.75, 4.75], "texture": "#0"}
			}
		},
		{
			"name": "halo (41)_11",
			"from": [3, 0, 5],
			"to": [4.75, 0.25, 5.25],
			"faces": {
				"north": {"uv": [4.75, 5, 3, 5.25], "texture": "#0"},
				"east": {"uv": [4.5, 5, 4.75, 5.25], "rotation": 90, "texture": "#0"},
				"south": {"uv": [3, 5, 4.75, 5.25], "texture": "#0"},
				"west": {"uv": [3, 5, 3.25, 5.25], "rotation": 270, "texture": "#0"},
				"up": {"uv": [3, 5, 4.75, 5.25], "texture": "#0"},
				"down": {"uv": [3, 5.25, 4.75, 5], "texture": "#0"}
			}
		},
		{
			"name": "halo (41)_12",
			"from": [6.25, 0, 5],
			"to": [8, 0.25, 5.25],
			"faces": {
				"north": {"uv": [8, 5, 6.25, 5.25], "texture": "#0"},
				"east": {"uv": [7.75, 5, 8, 5.25], "rotation": 90, "texture": "#0"},
				"south": {"uv": [6.25, 5, 8, 5.25], "texture": "#0"},
				"west": {"uv": [6.25, 5, 6.5, 5.25], "rotation": 270, "texture": "#0"},
				"up": {"uv": [6.25, 5, 8, 5.25], "texture": "#0"},
				"down": {"uv": [6.25, 5.25, 8, 5], "texture": "#0"}
			}
		},
		{
			"name": "halo (41)_13",
			"from": [2.75, 0, 5.25],
			"to": [4.5, 0.25, 5.5],
			"faces": {
				"north": {"uv": [4.5, 5.25, 2.75, 5.5], "texture": "#0"},
				"east": {"uv": [4.25, 5.25, 4.5, 5.5], "rotation": 90, "texture": "#0"},
				"south": {"uv": [2.75, 5.25, 4.5, 5.5], "texture": "#0"},
				"west": {"uv": [2.75, 5.25, 3, 5.5], "rotation": 270, "texture": "#0"},
				"up": {"uv": [2.75, 5.25, 4.5, 5.5], "texture": "#0"},
				"down": {"uv": [2.75, 5.5, 4.5, 5.25], "texture": "#0"}
			}
		},
		{
			"name": "halo (41)_14",
			"from": [6.5, 0, 5.25],
			"to": [8.25, 0.25, 5.5],
			"faces": {
				"north": {"uv": [8.25, 5.25, 6.5, 5.5], "texture": "#0"},
				"east": {"uv": [8, 5.25, 8.25, 5.5], "rotation": 90, "texture": "#0"},
				"south": {"uv": [6.5, 5.25, 8.25, 5.5], "texture": "#0"},
				"west": {"uv": [6.5, 5.25, 6.75, 5.5], "rotation": 270, "texture": "#0"},
				"up": {"uv": [6.5, 5.25, 8.25, 5.5], "texture": "#0"},
				"down": {"uv": [6.5, 5.5, 8.25, 5.25], "texture": "#0"}
			}
		},
		{
			"name": "halo (41)_15",
			"from": [2.5, 0, 5.5],
			"to": [4.25, 0.25, 5.75],
			"faces": {
				"north": {"uv": [4.25, 5.5, 2.5, 5.75], "texture": "#0"},
				"east": {"uv": [4, 5.5, 4.25, 5.75], "rotation": 90, "texture": "#0"},
				"south": {"uv": [2.5, 5.5, 4.25, 5.75], "texture": "#0"},
				"west": {"uv": [2.5, 5.5, 2.75, 5.75], "rotation": 270, "texture": "#0"},
				"up": {"uv": [2.5, 5.5, 4.25, 5.75], "texture": "#0"},
				"down": {"uv": [2.5, 5.75, 4.25, 5.5], "texture": "#0"}
			}
		},
		{
			"name": "halo (41)_16",
			"from": [6.75, 0, 5.5],
			"to": [8.5, 0.25, 5.75],
			"faces": {
				"north": {"uv": [8.5, 5.5, 6.75, 5.75], "texture": "#0"},
				"east": {"uv": [8.25, 5.5, 8.5, 5.75], "rotation": 90, "texture": "#0"},
				"south": {"uv": [6.75, 5.5, 8.5, 5.75], "texture": "#0"},
				"west": {"uv": [6.75, 5.5, 7, 5.75], "rotation": 270, "texture": "#0"},
				"up": {"uv": [6.75, 5.5, 8.5, 5.75], "texture": "#0"},
				"down": {"uv": [6.75, 5.75, 8.5, 5.5], "texture": "#0"}
			}
		},
		{
			"name": "halo (41)_17",
			"from": [2.25, 0, 5.75],
			"to": [4, 0.25, 6],
			"faces": {
				"north": {"uv": [4, 5.75, 2.25, 6], "texture": "#0"},
				"east": {"uv": [3.75, 5.75, 4, 6], "rotation": 90, "texture": "#0"},
				"south": {"uv": [2.25, 5.75, 4, 6], "texture": "#0"},
				"west": {"uv": [2.25, 5.75, 2.5, 6], "rotation": 270, "texture": "#0"},
				"up": {"uv": [2.25, 5.75, 4, 6], "texture": "#0"},
				"down": {"uv": [2.25, 6, 4, 5.75], "texture": "#0"}
			}
		},
		{
			"name": "halo (41)_18",
			"from": [7, 0, 5.75],
			"to": [8.75, 0.25, 6],
			"faces": {
				"north": {"uv": [8.75, 5.75, 7, 6], "texture": "#0"},
				"east": {"uv": [8.5, 5.75, 8.75, 6], "rotation": 90, "texture": "#0"},
				"south": {"uv": [7, 5.75, 8.75, 6], "texture": "#0"},
				"west": {"uv": [7, 5.75, 7.25, 6], "rotation": 270, "texture": "#0"},
				"up": {"uv": [7, 5.75, 8.75, 6], "texture": "#0"},
				"down": {"uv": [7, 6, 8.75, 5.75], "texture": "#0"}
			}
		},
		{
			"name": "halo (41)_19",
			"from": [2, 0, 6],
			"to": [3.75, 0.25, 6.25],
			"faces": {
				"north": {"uv": [3.75, 6, 2, 6.25], "texture": "#0"},
				"east": {"uv": [3.5, 6, 3.75, 6.25], "rotation": 90, "texture": "#0"},
				"south": {"uv": [2, 6, 3.75, 6.25], "texture": "#0"},
				"west": {"uv": [2, 6, 2.25, 6.25], "rotation": 270, "texture": "#0"},
				"up": {"uv": [2, 6, 3.75, 6.25], "texture": "#0"},
				"down": {"uv": [2, 6.25, 3.75, 6], "texture": "#0"}
			}
		},
		{
			"name": "halo (41)_20",
			"from": [7.25, 0, 6],
			"to": [9, 0.25, 6.25],
			"faces": {
				"north": {"uv": [9, 6, 7.25, 6.25], "texture": "#0"},
				"east": {"uv": [8.75, 6, 9, 6.25], "rotation": 90, "texture": "#0"},
				"south": {"uv": [7.25, 6, 9, 6.25], "texture": "#0"},
				"west": {"uv": [7.25, 6, 7.5, 6.25], "rotation": 270, "texture": "#0"},
				"up": {"uv": [7.25, 6, 9, 6.25], "texture": "#0"},
				"down": {"uv": [7.25, 6.25, 9, 6], "texture": "#0"}
			}
		},
		{
			"name": "halo (41)_21",
			"from": [1.75, 0, 6.25],
			"to": [3.5, 0.25, 6.5],
			"faces": {
				"north": {"uv": [3.5, 6.25, 1.75, 6.5], "texture": "#0"},
				"east": {"uv": [3.25, 6.25, 3.5, 6.5], "rotation": 90, "texture": "#0"},
				"south": {"uv": [1.75, 6.25, 3.5, 6.5], "texture": "#0"},
				"west": {"uv": [1.75, 6.25, 2, 6.5], "rotation": 270, "texture": "#0"},
				"up": {"uv": [1.75, 6.25, 3.5, 6.5], "texture": "#0"},
				"down": {"uv": [1.75, 6.5, 3.5, 6.25], "texture": "#0"}
			}
		},
		{
			"name": "halo (41)_22",
			"from": [7.5, 0, 6.25],
			"to": [9.25, 0.25, 6.5],
			"faces": {
				"north": {"uv": [9.25, 6.25, 7.5, 6.5], "texture": "#0"},
				"east": {"uv": [9, 6.25, 9.25, 6.5], "rotation": 90, "texture": "#0"},
				"south": {"uv": [7.5, 6.25, 9.25, 6.5], "texture": "#0"},
				"west": {"uv": [7.5, 6.25, 7.75, 6.5], "rotation": 270, "texture": "#0"},
				"up": {"uv": [7.5, 6.25, 9.25, 6.5], "texture": "#0"},
				"down": {"uv": [7.5, 6.5, 9.25, 6.25], "texture": "#0"}
			}
		},
		{
			"name": "halo (41)_23",
			"from": [1.5, 0, 6.5],
			"to": [3.25, 0.25, 6.75],
			"faces": {
				"north": {"uv": [3.25, 6.5, 1.5, 6.75], "texture": "#0"},
				"east": {"uv": [3, 6.5, 3.25, 6.75], "rotation": 90, "texture": "#0"},
				"south": {"uv": [1.5, 6.5, 3.25, 6.75], "texture": "#0"},
				"west": {"uv": [1.5, 6.5, 1.75, 6.75], "rotation": 270, "texture": "#0"},
				"up": {"uv": [1.5, 6.5, 3.25, 6.75], "texture": "#0"},
				"down": {"uv": [1.5, 6.75, 3.25, 6.5], "texture": "#0"}
			}
		},
		{
			"name": "halo (41)_24",
			"from": [7.75, 0, 6.5],
			"to": [9.5, 0.25, 6.75],
			"faces": {
				"north": {"uv": [9.5, 6.5, 7.75, 6.75], "texture": "#0"},
				"east": {"uv": [9.25, 6.5, 9.5, 6.75], "rotation": 90, "texture": "#0"},
				"south": {"uv": [7.75, 6.5, 9.5, 6.75], "texture": "#0"},
				"west": {"uv": [7.75, 6.5, 8, 6.75], "rotation": 270, "texture": "#0"},
				"up": {"uv": [7.75, 6.5, 9.5, 6.75], "texture": "#0"},
				"down": {"uv": [7.75, 6.75, 9.5, 6.5], "texture": "#0"}
			}
		},
		{
			"name": "halo (41)_25",
			"from": [1.25, 0, 6.75],
			"to": [3, 0.25, 7],
			"faces": {
				"north": {"uv": [3, 6.75, 1.25, 7], "texture": "#0"},
				"east": {"uv": [2.75, 6.75, 3, 7], "rotation": 90, "texture": "#0"},
				"south": {"uv": [1.25, 6.75, 3, 7], "texture": "#0"},
				"west": {"uv": [1.25, 6.75, 1.5, 7], "rotation": 270, "texture": "#0"},
				"up": {"uv": [1.25, 6.75, 3, 7], "texture": "#0"},
				"down": {"uv": [1.25, 7, 3, 6.75], "texture": "#0"}
			}
		},
		{
			"name": "halo (41)_26",
			"from": [8, 0, 6.75],
			"to": [9.75, 0.25, 7],
			"faces": {
				"north": {"uv": [9.75, 6.75, 8, 7], "texture": "#0"},
				"east": {"uv": [9.5, 6.75, 9.75, 7], "rotation": 90, "texture": "#0"},
				"south": {"uv": [8, 6.75, 9.75, 7], "texture": "#0"},
				"west": {"uv": [8, 6.75, 8.25, 7], "rotation": 270, "texture": "#0"},
				"up": {"uv": [8, 6.75, 9.75, 7], "texture": "#0"},
				"down": {"uv": [8, 7, 9.75, 6.75], "texture": "#0"}
			}
		},
		{
			"name": "halo (41)_27",
			"from": [1, 0, 7],
			"to": [2.75, 0.25, 7.25],
			"faces": {
				"north": {"uv": [2.75, 7, 1, 7.25], "texture": "#0"},
				"east": {"uv": [2.5, 7, 2.75, 7.25], "rotation": 90, "texture": "#0"},
				"south": {"uv": [1, 7, 2.75, 7.25], "texture": "#0"},
				"west": {"uv": [1, 7, 1.25, 7.25], "rotation": 270, "texture": "#0"},
				"up": {"uv": [1, 7, 2.75, 7.25], "texture": "#0"},
				"down": {"uv": [1, 7.25, 2.75, 7], "texture": "#0"}
			}
		},
		{
			"name": "halo (41)_28",
			"from": [8.25, 0, 7],
			"to": [10, 0.25, 7.25],
			"faces": {
				"north": {"uv": [10, 7, 8.25, 7.25], "texture": "#0"},
				"east": {"uv": [9.75, 7, 10, 7.25], "rotation": 90, "texture": "#0"},
				"south": {"uv": [8.25, 7, 10, 7.25], "texture": "#0"},
				"west": {"uv": [8.25, 7, 8.5, 7.25], "rotation": 270, "texture": "#0"},
				"up": {"uv": [8.25, 7, 10, 7.25], "texture": "#0"},
				"down": {"uv": [8.25, 7.25, 10, 7], "texture": "#0"}
			}
		},
		{
			"name": "halo (41)_29",
			"from": [0.75, 0, 7.25],
			"to": [2.5, 0.25, 7.5],
			"faces": {
				"north": {"uv": [2.5, 7.25, 0.75, 7.5], "texture": "#0"},
				"east": {"uv": [2.25, 7.25, 2.5, 7.5], "rotation": 90, "texture": "#0"},
				"south": {"uv": [0.75, 7.25, 2.5, 7.5], "texture": "#0"},
				"west": {"uv": [0.75, 7.25, 1, 7.5], "rotation": 270, "texture": "#0"},
				"up": {"uv": [0.75, 7.25, 2.5, 7.5], "texture": "#0"},
				"down": {"uv": [0.75, 7.5, 2.5, 7.25], "texture": "#0"}
			}
		},
		{
			"name": "halo (41)_30",
			"from": [8.5, 0, 7.25],
			"to": [10.25, 0.25, 7.5],
			"faces": {
				"north": {"uv": [10.25, 7.25, 8.5, 7.5], "texture": "#0"},
				"east": {"uv": [10, 7.25, 10.25, 7.5], "rotation": 90, "texture": "#0"},
				"south": {"uv": [8.5, 7.25, 10.25, 7.5], "texture": "#0"},
				"west": {"uv": [8.5, 7.25, 8.75, 7.5], "rotation": 270, "texture": "#0"},
				"up": {"uv": [8.5, 7.25, 10.25, 7.5], "texture": "#0"},
				"down": {"uv": [8.5, 7.5, 10.25, 7.25], "texture": "#0"}
			}
		},
		{
			"name": "halo (41)_31",
			"from": [0.5, 0, 7.5],
			"to": [2.25, 0.25, 7.75],
			"faces": {
				"north": {"uv": [2.25, 7.5, 0.5, 7.75], "texture": "#0"},
				"east": {"uv": [2, 7.5, 2.25, 7.75], "rotation": 90, "texture": "#0"},
				"south": {"uv": [0.5, 7.5, 2.25, 7.75], "texture": "#0"},
				"west": {"uv": [0.5, 7.5, 0.75, 7.75], "rotation": 270, "texture": "#0"},
				"up": {"uv": [0.5, 7.5, 2.25, 7.75], "texture": "#0"},
				"down": {"uv": [0.5, 7.75, 2.25, 7.5], "texture": "#0"}
			}
		},
		{
			"name": "halo (41)_32",
			"from": [8.75, 0, 7.5],
			"to": [10.5, 0.25, 7.75],
			"faces": {
				"north": {"uv": [10.5, 7.5, 8.75, 7.75], "texture": "#0"},
				"east": {"uv": [10.25, 7.5, 10.5, 7.75], "rotation": 90, "texture": "#0"},
				"south": {"uv": [8.75, 7.5, 10.5, 7.75], "texture": "#0"},
				"west": {"uv": [8.75, 7.5, 9, 7.75], "rotation": 270, "texture": "#0"},
				"up": {"uv": [8.75, 7.5, 10.5, 7.75], "texture": "#0"},
				"down": {"uv": [8.75, 7.75, 10.5, 7.5], "texture": "#0"}
			}
		},
		{
			"name": "halo (41)_33",
			"from": [0.25, 0, 7.75],
			"to": [2, 0.25, 8],
			"faces": {
				"north": {"uv": [2, 7.75, 0.25, 8], "texture": "#0"},
				"east": {"uv": [1.75, 7.75, 2, 8], "rotation": 90, "texture": "#0"},
				"south": {"uv": [0.25, 7.75, 2, 8], "texture": "#0"},
				"west": {"uv": [0.25, 7.75, 0.5, 8], "rotation": 270, "texture": "#0"},
				"up": {"uv": [0.25, 7.75, 2, 8], "texture": "#0"},
				"down": {"uv": [0.25, 8, 2, 7.75], "texture": "#0"}
			}
		},
		{
			"name": "halo (41)_34",
			"from": [9, 0, 7.75],
			"to": [10.75, 0.25, 8],
			"faces": {
				"north": {"uv": [10.75, 7.75, 9, 8], "texture": "#0"},
				"east": {"uv": [10.5, 7.75, 10.75, 8], "rotation": 90, "texture": "#0"},
				"south": {"uv": [9, 7.75, 10.75, 8], "texture": "#0"},
				"west": {"uv": [9, 7.75, 9.25, 8], "rotation": 270, "texture": "#0"},
				"up": {"uv": [9, 7.75, 10.75, 8], "texture": "#0"},
				"down": {"uv": [9, 8, 10.75, 7.75], "texture": "#0"}
			}
		},
		{
			"name": "halo (41)_35",
			"from": [0.25, 0, 8],
			"to": [2, 0.25, 8.25],
			"faces": {
				"north": {"uv": [2, 8, 0.25, 8.25], "texture": "#0"},
				"east": {"uv": [1.75, 8, 2, 8.25], "rotation": 90, "texture": "#0"},
				"south": {"uv": [0.25, 8, 2, 8.25], "texture": "#0"},
				"west": {"uv": [0.25, 8, 0.5, 8.25], "rotation": 270, "texture": "#0"},
				"up": {"uv": [0.25, 8, 2, 8.25], "texture": "#0"},
				"down": {"uv": [0.25, 8.25, 2, 8], "texture": "#0"}
			}
		},
		{
			"name": "halo (41)_36",
			"from": [9, 0, 8],
			"to": [10.75, 0.25, 8.25],
			"faces": {
				"north": {"uv": [10.75, 8, 9, 8.25], "texture": "#0"},
				"east": {"uv": [10.5, 8, 10.75, 8.25], "rotation": 90, "texture": "#0"},
				"south": {"uv": [9, 8, 10.75, 8.25], "texture": "#0"},
				"west": {"uv": [9, 8, 9.25, 8.25], "rotation": 270, "texture": "#0"},
				"up": {"uv": [9, 8, 10.75, 8.25], "texture": "#0"},
				"down": {"uv": [9, 8.25, 10.75, 8], "texture": "#0"}
			}
		},
		{
			"name": "halo (41)_37",
			"from": [0.5, 0, 8.25],
			"to": [2.25, 0.25, 8.5],
			"faces": {
				"north": {"uv": [2.25, 8.25, 0.5, 8.5], "texture": "#0"},
				"east": {"uv": [2, 8.25, 2.25, 8.5], "rotation": 90, "texture": "#0"},
				"south": {"uv": [0.5, 8.25, 2.25, 8.5], "texture": "#0"},
				"west": {"uv": [0.5, 8.25, 0.75, 8.5], "rotation": 270, "texture": "#0"},
				"up": {"uv": [0.5, 8.25, 2.25, 8.5], "texture": "#0"},
				"down": {"uv": [0.5, 8.5, 2.25, 8.25], "texture": "#0"}
			}
		},
		{
			"name": "halo (41)_38",
			"from": [8.75, 0, 8.25],
			"to": [10.5, 0.25, 8.5],
			"faces": {
				"north": {"uv": [10.5, 8.25, 8.75, 8.5], "texture": "#0"},
				"east": {"uv": [10.25, 8.25, 10.5, 8.5], "rotation": 90, "texture": "#0"},
				"south": {"uv": [8.75, 8.25, 10.5, 8.5], "texture": "#0"},
				"west": {"uv": [8.75, 8.25, 9, 8.5], "rotation": 270, "texture": "#0"},
				"up": {"uv": [8.75, 8.25, 10.5, 8.5], "texture": "#0"},
				"down": {"uv": [8.75, 8.5, 10.5, 8.25], "texture": "#0"}
			}
		},
		{
			"name": "halo (41)_39",
			"from": [0.75, 0, 8.5],
			"to": [2.5, 0.25, 8.75],
			"faces": {
				"north": {"uv": [2.5, 8.5, 0.75, 8.75], "texture": "#0"},
				"east": {"uv": [2.25, 8.5, 2.5, 8.75], "rotation": 90, "texture": "#0"},
				"south": {"uv": [0.75, 8.5, 2.5, 8.75], "texture": "#0"},
				"west": {"uv": [0.75, 8.5, 1, 8.75], "rotation": 270, "texture": "#0"},
				"up": {"uv": [0.75, 8.5, 2.5, 8.75], "texture": "#0"},
				"down": {"uv": [0.75, 8.75, 2.5, 8.5], "texture": "#0"}
			}
		},
		{
			"name": "halo (41)_40",
			"from": [8.5, 0, 8.5],
			"to": [10.25, 0.25, 8.75],
			"faces": {
				"north": {"uv": [10.25, 8.5, 8.5, 8.75], "texture": "#0"},
				"east": {"uv": [10, 8.5, 10.25, 8.75], "rotation": 90, "texture": "#0"},
				"south": {"uv": [8.5, 8.5, 10.25, 8.75], "texture": "#0"},
				"west": {"uv": [8.5, 8.5, 8.75, 8.75], "rotation": 270, "texture": "#0"},
				"up": {"uv": [8.5, 8.5, 10.25, 8.75], "texture": "#0"},
				"down": {"uv": [8.5, 8.75, 10.25, 8.5], "texture": "#0"}
			}
		},
		{
			"name": "halo (41)_41",
			"from": [1, 0, 8.75],
			"to": [2.75, 0.25, 9],
			"faces": {
				"north": {"uv": [2.75, 8.75, 1, 9], "texture": "#0"},
				"east": {"uv": [2.5, 8.75, 2.75, 9], "rotation": 90, "texture": "#0"},
				"south": {"uv": [1, 8.75, 2.75, 9], "texture": "#0"},
				"west": {"uv": [1, 8.75, 1.25, 9], "rotation": 270, "texture": "#0"},
				"up": {"uv": [1, 8.75, 2.75, 9], "texture": "#0"},
				"down": {"uv": [1, 9, 2.75, 8.75], "texture": "#0"}
			}
		},
		{
			"name": "halo (41)_42",
			"from": [8.25, 0, 8.75],
			"to": [10, 0.25, 9],
			"faces": {
				"north": {"uv": [10, 8.75, 8.25, 9], "texture": "#0"},
				"east": {"uv": [9.75, 8.75, 10, 9], "rotation": 90, "texture": "#0"},
				"south": {"uv": [8.25, 8.75, 10, 9], "texture": "#0"},
				"west": {"uv": [8.25, 8.75, 8.5, 9], "rotation": 270, "texture": "#0"},
				"up": {"uv": [8.25, 8.75, 10, 9], "texture": "#0"},
				"down": {"uv": [8.25, 9, 10, 8.75], "texture": "#0"}
			}
		},
		{
			"name": "halo (41)_43",
			"from": [1.25, 0, 9],
			"to": [3, 0.25, 9.25],
			"faces": {
				"north": {"uv": [3, 9, 1.25, 9.25], "texture": "#0"},
				"east": {"uv": [2.75, 9, 3, 9.25], "rotation": 90, "texture": "#0"},
				"south": {"uv": [1.25, 9, 3, 9.25], "texture": "#0"},
				"west": {"uv": [1.25, 9, 1.5, 9.25], "rotation": 270, "texture": "#0"},
				"up": {"uv": [1.25, 9, 3, 9.25], "texture": "#0"},
				"down": {"uv": [1.25, 9.25, 3, 9], "texture": "#0"}
			}
		},
		{
			"name": "halo (41)_44",
			"from": [8, 0, 9],
			"to": [9.75, 0.25, 9.25],
			"faces": {
				"north": {"uv": [9.75, 9, 8, 9.25], "texture": "#0"},
				"east": {"uv": [9.5, 9, 9.75, 9.25], "rotation": 90, "texture": "#0"},
				"south": {"uv": [8, 9, 9.75, 9.25], "texture": "#0"},
				"west": {"uv": [8, 9, 8.25, 9.25], "rotation": 270, "texture": "#0"},
				"up": {"uv": [8, 9, 9.75, 9.25], "texture": "#0"},
				"down": {"uv": [8, 9.25, 9.75, 9], "texture": "#0"}
			}
		},
		{
			"name": "halo (41)_45",
			"from": [1.5, 0, 9.25],
			"to": [3.25, 0.25, 9.5],
			"faces": {
				"north": {"uv": [3.25, 9.25, 1.5, 9.5], "texture": "#0"},
				"east": {"uv": [3, 9.25, 3.25, 9.5], "rotation": 90, "texture": "#0"},
				"south": {"uv": [1.5, 9.25, 3.25, 9.5], "texture": "#0"},
				"west": {"uv": [1.5, 9.25, 1.75, 9.5], "rotation": 270, "texture": "#0"},
				"up": {"uv": [1.5, 9.25, 3.25, 9.5], "texture": "#0"},
				"down": {"uv": [1.5, 9.5, 3.25, 9.25], "texture": "#0"}
			}
		},
		{
			"name": "halo (41)_46",
			"from": [7.75, 0, 9.25],
			"to": [9.5, 0.25, 9.5],
			"faces": {
				"north": {"uv": [9.5, 9.25, 7.75, 9.5], "texture": "#0"},
				"east": {"uv": [9.25, 9.25, 9.5, 9.5], "rotation": 90, "texture": "#0"},
				"south": {"uv": [7.75, 9.25, 9.5, 9.5], "texture": "#0"},
				"west": {"uv": [7.75, 9.25, 8, 9.5], "rotation": 270, "texture": "#0"},
				"up": {"uv": [7.75, 9.25, 9.5, 9.5], "texture": "#0"},
				"down": {"uv": [7.75, 9.5, 9.5, 9.25], "texture": "#0"}
			}
		},
		{
			"name": "halo (41)_47",
			"from": [1.75, 0, 9.5],
			"to": [3.5, 0.25, 9.75],
			"faces": {
				"north": {"uv": [3.5, 9.5, 1.75, 9.75], "texture": "#0"},
				"east": {"uv": [3.25, 9.5, 3.5, 9.75], "rotation": 90, "texture": "#0"},
				"south": {"uv": [1.75, 9.5, 3.5, 9.75], "texture": "#0"},
				"west": {"uv": [1.75, 9.5, 2, 9.75], "rotation": 270, "texture": "#0"},
				"up": {"uv": [1.75, 9.5, 3.5, 9.75], "texture": "#0"},
				"down": {"uv": [1.75, 9.75, 3.5, 9.5], "texture": "#0"}
			}
		},
		{
			"name": "halo (41)_48",
			"from": [7.5, 0, 9.5],
			"to": [9.25, 0.25, 9.75],
			"faces": {
				"north": {"uv": [9.25, 9.5, 7.5, 9.75], "texture": "#0"},
				"east": {"uv": [9, 9.5, 9.25, 9.75], "rotation": 90, "texture": "#0"},
				"south": {"uv": [7.5, 9.5, 9.25, 9.75], "texture": "#0"},
				"west": {"uv": [7.5, 9.5, 7.75, 9.75], "rotation": 270, "texture": "#0"},
				"up": {"uv": [7.5, 9.5, 9.25, 9.75], "texture": "#0"},
				"down": {"uv": [7.5, 9.75, 9.25, 9.5], "texture": "#0"}
			}
		},
		{
			"name": "halo (41)_49",
			"from": [2, 0, 9.75],
			"to": [3.75, 0.25, 10],
			"faces": {
				"north": {"uv": [3.75, 9.75, 2, 10], "texture": "#0"},
				"east": {"uv": [3.5, 9.75, 3.75, 10], "rotation": 90, "texture": "#0"},
				"south": {"uv": [2, 9.75, 3.75, 10], "texture": "#0"},
				"west": {"uv": [2, 9.75, 2.25, 10], "rotation": 270, "texture": "#0"},
				"up": {"uv": [2, 9.75, 3.75, 10], "texture": "#0"},
				"down": {"uv": [2, 10, 3.75, 9.75], "texture": "#0"}
			}
		},
		{
			"name": "halo (41)_50",
			"from": [7.25, 0, 9.75],
			"to": [9, 0.25, 10],
			"faces": {
				"north": {"uv": [9, 9.75, 7.25, 10], "texture": "#0"},
				"east": {"uv": [8.75, 9.75, 9, 10], "rotation": 90, "texture": "#0"},
				"south": {"uv": [7.25, 9.75, 9, 10], "texture": "#0"},
				"west": {"uv": [7.25, 9.75, 7.5, 10], "rotation": 270, "texture": "#0"},
				"up": {"uv": [7.25, 9.75, 9, 10], "texture": "#0"},
				"down": {"uv": [7.25, 10, 9, 9.75], "texture": "#0"}
			}
		},
		{
			"name": "halo (41)_51",
			"from": [2.25, 0, 10],
			"to": [4, 0.25, 10.25],
			"faces": {
				"north": {"uv": [4, 10, 2.25, 10.25], "texture": "#0"},
				"east": {"uv": [3.75, 10, 4, 10.25], "rotation": 90, "texture": "#0"},
				"south": {"uv": [2.25, 10, 4, 10.25], "texture": "#0"},
				"west": {"uv": [2.25, 10, 2.5, 10.25], "rotation": 270, "texture": "#0"},
				"up": {"uv": [2.25, 10, 4, 10.25], "texture": "#0"},
				"down": {"uv": [2.25, 10.25, 4, 10], "texture": "#0"}
			}
		},
		{
			"name": "halo (41)_52",
			"from": [7, 0, 10],
			"to": [8.75, 0.25, 10.25],
			"faces": {
				"north": {"uv": [8.75, 10, 7, 10.25], "texture": "#0"},
				"east": {"uv": [8.5, 10, 8.75, 10.25], "rotation": 90, "texture": "#0"},
				"south": {"uv": [7, 10, 8.75, 10.25], "texture": "#0"},
				"west": {"uv": [7, 10, 7.25, 10.25], "rotation": 270, "texture": "#0"},
				"up": {"uv": [7, 10, 8.75, 10.25], "texture": "#0"},
				"down": {"uv": [7, 10.25, 8.75, 10], "texture": "#0"}
			}
		},
		{
			"name": "halo (41)_53",
			"from": [2.5, 0, 10.25],
			"to": [4.25, 0.25, 10.5],
			"faces": {
				"north": {"uv": [4.25, 10.25, 2.5, 10.5], "texture": "#0"},
				"east": {"uv": [4, 10.25, 4.25, 10.5], "rotation": 90, "texture": "#0"},
				"south": {"uv": [2.5, 10.25, 4.25, 10.5], "texture": "#0"},
				"west": {"uv": [2.5, 10.25, 2.75, 10.5], "rotation": 270, "texture": "#0"},
				"up": {"uv": [2.5, 10.25, 4.25, 10.5], "texture": "#0"},
				"down": {"uv": [2.5, 10.5, 4.25, 10.25], "texture": "#0"}
			}
		},
		{
			"name": "halo (41)_54",
			"from": [6.75, 0, 10.25],
			"to": [8.5, 0.25, 10.5],
			"faces": {
				"north": {"uv": [8.5, 10.25, 6.75, 10.5], "texture": "#0"},
				"east": {"uv": [8.25, 10.25, 8.5, 10.5], "rotation": 90, "texture": "#0"},
				"south": {"uv": [6.75, 10.25, 8.5, 10.5], "texture": "#0"},
				"west": {"uv": [6.75, 10.25, 7, 10.5], "rotation": 270, "texture": "#0"},
				"up": {"uv": [6.75, 10.25, 8.5, 10.5], "texture": "#0"},
				"down": {"uv": [6.75, 10.5, 8.5, 10.25], "texture": "#0"}
			}
		},
		{
			"name": "halo (41)_55",
			"from": [2.75, 0, 10.5],
			"to": [4.5, 0.25, 10.75],
			"faces": {
				"north": {"uv": [4.5, 10.5, 2.75, 10.75], "texture": "#0"},
				"east": {"uv": [4.25, 10.5, 4.5, 10.75], "rotation": 90, "texture": "#0"},
				"south": {"uv": [2.75, 10.5, 4.5, 10.75], "texture": "#0"},
				"west": {"uv": [2.75, 10.5, 3, 10.75], "rotation": 270, "texture": "#0"},
				"up": {"uv": [2.75, 10.5, 4.5, 10.75], "texture": "#0"},
				"down": {"uv": [2.75, 10.75, 4.5, 10.5], "texture": "#0"}
			}
		},
		{
			"name": "halo (41)_56",
			"from": [6.5, 0, 10.5],
			"to": [8.25, 0.25, 10.75],
			"faces": {
				"north": {"uv": [8.25, 10.5, 6.5, 10.75], "texture": "#0"},
				"east": {"uv": [8, 10.5, 8.25, 10.75], "rotation": 90, "texture": "#0"},
				"south": {"uv": [6.5, 10.5, 8.25, 10.75], "texture": "#0"},
				"west": {"uv": [6.5, 10.5, 6.75, 10.75], "rotation": 270, "texture": "#0"},
				"up": {"uv": [6.5, 10.5, 8.25, 10.75], "texture": "#0"},
				"down": {"uv": [6.5, 10.75, 8.25, 10.5], "texture": "#0"}
			}
		},
		{
			"name": "halo (41)_57",
			"from": [3, 0, 10.75],
			"to": [4.75, 0.25, 11],
			"faces": {
				"north": {"uv": [4.75, 10.75, 3, 11], "texture": "#0"},
				"east": {"uv": [4.5, 10.75, 4.75, 11], "rotation": 90, "texture": "#0"},
				"south": {"uv": [3, 10.75, 4.75, 11], "texture": "#0"},
				"west": {"uv": [3, 10.75, 3.25, 11], "rotation": 270, "texture": "#0"},
				"up": {"uv": [3, 10.75, 4.75, 11], "texture": "#0"},
				"down": {"uv": [3, 11, 4.75, 10.75], "texture": "#0"}
			}
		},
		{
			"name": "halo (41)_58",
			"from": [6.25, 0, 10.75],
			"to": [8, 0.25, 11],
			"faces": {
				"north": {"uv": [8, 10.75, 6.25, 11], "texture": "#0"},
				"east": {"uv": [7.75, 10.75, 8, 11], "rotation": 90, "texture": "#0"},
				"south": {"uv": [6.25, 10.75, 8, 11], "texture": "#0"},
				"west": {"uv": [6.25, 10.75, 6.5, 11], "rotation": 270, "texture": "#0"},
				"up": {"uv": [6.25, 10.75, 8, 11], "texture": "#0"},
				"down": {"uv": [6.25, 11, 8, 10.75], "texture": "#0"}
			}
		},
		{
			"name": "halo (41)_59",
			"from": [3.25, 0, 11],
			"to": [5, 0.25, 11.25],
			"faces": {
				"north": {"uv": [5, 11, 3.25, 11.25], "texture": "#0"},
				"east": {"uv": [4.75, 11, 5, 11.25], "rotation": 90, "texture": "#0"},
				"south": {"uv": [3.25, 11, 5, 11.25], "texture": "#0"},
				"west": {"uv": [3.25, 11, 3.5, 11.25], "rotation": 270, "texture": "#0"},
				"up": {"uv": [3.25, 11, 5, 11.25], "texture": "#0"},
				"down": {"uv": [3.25, 11.25, 5, 11], "texture": "#0"}
			}
		},
		{
			"name": "halo (41)_60",
			"from": [6, 0, 11],
			"to": [7.75, 0.25, 11.25],
			"faces": {
				"north": {"uv": [7.75, 11, 6, 11.25], "texture": "#0"},
				"east": {"uv": [7.5, 11, 7.75, 11.25], "rotation": 90, "texture": "#0"},
				"south": {"uv": [6, 11, 7.75, 11.25], "texture": "#0"},
				"west": {"uv": [6, 11, 6.25, 11.25], "rotation": 270, "texture": "#0"},
				"up": {"uv": [6, 11, 7.75, 11.25], "texture": "#0"},
				"down": {"uv": [6, 11.25, 7.75, 11], "texture": "#0"}
			}
		},
		{
			"name": "halo (41)_61",
			"from": [3.5, 0, 11.25],
			"to": [5.25, 0.25, 11.5],
			"faces": {
				"north": {"uv": [5.25, 11.25, 3.5, 11.5], "texture": "#0"},
				"east": {"uv": [5, 11.25, 5.25, 11.5], "rotation": 90, "texture": "#0"},
				"south": {"uv": [3.5, 11.25, 5.25, 11.5], "texture": "#0"},
				"west": {"uv": [3.5, 11.25, 3.75, 11.5], "rotation": 270, "texture": "#0"},
				"up": {"uv": [3.5, 11.25, 5.25, 11.5], "texture": "#0"},
				"down": {"uv": [3.5, 11.5, 5.25, 11.25], "texture": "#0"}
			}
		},
		{
			"name": "halo (41)_62",
			"from": [5.75, 0, 11.25],
			"to": [7.5, 0.25, 11.5],
			"faces": {
				"north": {"uv": [7.5, 11.25, 5.75, 11.5], "texture": "#0"},
				"east": {"uv": [7.25, 11.25, 7.5, 11.5], "rotation": 90, "texture": "#0"},
				"south": {"uv": [5.75, 11.25, 7.5, 11.5], "texture": "#0"},
				"west": {"uv": [5.75, 11.25, 6, 11.5], "rotation": 270, "texture": "#0"},
				"up": {"uv": [5.75, 11.25, 7.5, 11.5], "texture": "#0"},
				"down": {"uv": [5.75, 11.5, 7.5, 11.25], "texture": "#0"}
			}
		},
		{
			"name": "halo (41)_63",
			"from": [3.75, 0, 11.5],
			"to": [7.25, 0.25, 11.75],
			"faces": {
				"north": {"uv": [7.25, 11.5, 3.75, 11.75], "texture": "#0"},
				"east": {"uv": [7, 11.5, 7.25, 11.75], "rotation": 90, "texture": "#0"},
				"south": {"uv": [3.75, 11.5, 7.25, 11.75], "texture": "#0"},
				"west": {"uv": [3.75, 11.5, 4, 11.75], "rotation": 270, "texture": "#0"},
				"up": {"uv": [3.75, 11.5, 7.25, 11.75], "texture": "#0"},
				"down": {"uv": [3.75, 11.75, 7.25, 11.5], "texture": "#0"}
			}
		},
		{
			"name": "halo (41)_64",
			"from": [4, 0, 11.75],
			"to": [7, 0.25, 12],
			"faces": {
				"north": {"uv": [7, 11.75, 4, 12], "texture": "#0"},
				"east": {"uv": [6.75, 11.75, 7, 12], "rotation": 90, "texture": "#0"},
				"south": {"uv": [4, 11.75, 7, 12], "texture": "#0"},
				"west": {"uv": [4, 11.75, 4.25, 12], "rotation": 270, "texture": "#0"},
				"up": {"uv": [4, 11.75, 7, 12], "texture": "#0"},
				"down": {"uv": [4, 12, 7, 11.75], "texture": "#0"}
			}
		},
		{
			"name": "halo (41)_65",
			"from": [4.25, 0, 12],
			"to": [6.75, 0.25, 12.25],
			"faces": {
				"north": {"uv": [6.75, 12, 4.25, 12.25], "texture": "#0"},
				"east": {"uv": [6.5, 12, 6.75, 12.25], "rotation": 90, "texture": "#0"},
				"south": {"uv": [4.25, 12, 6.75, 12.25], "texture": "#0"},
				"west": {"uv": [4.25, 12, 4.5, 12.25], "rotation": 270, "texture": "#0"},
				"up": {"uv": [4.25, 12, 6.75, 12.25], "texture": "#0"},
				"down": {"uv": [4.25, 12.25, 6.75, 12], "texture": "#0"}
			}
		},
		{
			"name": "halo (41)_66",
			"from": [4.5, 0, 12.25],
			"to": [6.5, 0.25, 12.5],
			"faces": {
				"north": {"uv": [6.5, 12.25, 4.5, 12.5], "texture": "#0"},
				"east": {"uv": [6.25, 12.25, 6.5, 12.5], "rotation": 90, "texture": "#0"},
				"south": {"uv": [4.5, 12.25, 6.5, 12.5], "texture": "#0"},
				"west": {"uv": [4.5, 12.25, 4.75, 12.5], "rotation": 270, "texture": "#0"},
				"up": {"uv": [4.5, 12.25, 6.5, 12.5], "texture": "#0"},
				"down": {"uv": [4.5, 12.5, 6.5, 12.25], "texture": "#0"}
			}
		},
		{
			"name": "halo (41)_67",
			"from": [4.75, 0, 12.5],
			"to": [6.25, 0.25, 12.75],
			"faces": {
				"north": {"uv": [6.25, 12.5, 4.75, 12.75], "texture": "#0"},
				"east": {"uv": [6, 12.5, 6.25, 12.75], "rotation": 90, "texture": "#0"},
				"south": {"uv": [4.75, 12.5, 6.25, 12.75], "texture": "#0"},
				"west": {"uv": [4.75, 12.5, 5, 12.75], "rotation": 270, "texture": "#0"},
				"up": {"uv": [4.75, 12.5, 6.25, 12.75], "texture": "#0"},
				"down": {"uv": [4.75, 12.75, 6.25, 12.5], "texture": "#0"}
			}
		},
		{
			"name": "halo (41)_68",
			"from": [5, 0, 12.75],
			"to": [6, 0.25, 13],
			"faces": {
				"north": {"uv": [6, 12.75, 5, 13], "texture": "#0"},
				"east": {"uv": [5.75, 12.75, 6, 13], "rotation": 90, "texture": "#0"},
				"south": {"uv": [5, 12.75, 6, 13], "texture": "#0"},
				"west": {"uv": [5, 12.75, 5.25, 13], "rotation": 270, "texture": "#0"},
				"up": {"uv": [5, 12.75, 6, 13], "texture": "#0"},
				"down": {"uv": [5, 13, 6, 12.75], "texture": "#0"}
			}
		},
		{
			"name": "halo (41)_69",
			"from": [5.25, 0, 13],
			"to": [5.75, 0.25, 13.25],
			"faces": {
				"north": {"uv": [5.75, 13, 5.25, 13.25], "texture": "#0"},
				"east": {"uv": [5.5, 13, 5.75, 13.25], "rotation": 90, "texture": "#0"},
				"south": {"uv": [5.25, 13, 5.75, 13.25], "texture": "#0"},
				"west": {"uv": [5.25, 13, 5.5, 13.25], "rotation": 270, "texture": "#0"},
				"up": {"uv": [5.25, 13, 5.75, 13.25], "texture": "#0"},
				"down": {"uv": [5.25, 13.25, 5.75, 13], "texture": "#0"}
			}
		}
	],
	"display": {
		"gui": {
			"rotation": [90, 0, 0]
		},
		"head": {
			"rotation": [20, 0, 0],
			"translation": [0, 17, 10]
		}
	},
	"groups": [
		{
			"name": "halo (41)",
			"origin": [8, 8, 8],
			"color": 0,
			"children": [
				0,
				1,
				2,
				3,
				4,
				5,
				6,
				7,
				8,
				9,
				10,
				11,
				12,
				13,
				14,
				15,
				16,
				17,
				18,
				19,
				20,
				21,
				22,
				23,
				24,
				25,
				26,
				27,
				28,
				29,
				30,
				31,
				32,
				33,
				34,
				35,
				36,
				37,
				38,
				39,
				40,
				41,
				42,
				43,
				44,
				45,
				46,
				47,
				48,
				49,
				50,
				51,
				52,
				53,
				54,
				55,
				56,
				57,
				58,
				59,
				60,
				61,
				62,
				63,
				64,
				65,
				66,
				67,
				68,
				69
			]
		}
	]
}