{
	"credit": "Made with Blockbench",
	"parent": "item/handheld",
	"textures": {
		"layer0": "items/0233"
	},
	"display": {
		"thirdperson_righthand": {
			"rotation": [90, 90, -45],
			"translation": [0, 6, 2],
			"scale": [1.2, 1.2, 0.8]
		},
		"thirdperson_lefthand": {
			"rotation": [90, -90, 45],
			"translation": [0, 6, 2],
			"scale": [1.2, 1.2, 0.8]
		},
		"firstperson_righthand": {
			"rotation": [0, 90, 55],
			"translation": [2.25, 3.25, 0.5],
			"scale": [1, 1, 0.5]
		},
		"firstperson_lefthand": {
			"rotation": [55, -90, 0],
			"translation": [2.25, 3.25, 0.5],
			"scale": [1, 1, 0.5]
		},
		"ground": {
			"rotation": [90, 0, 0],
			"translation": [0, -3, 0],
			"scale": [1.5, 1.5, 1]
		}
	}
}