{
	"credit": "Made with Blockbench",
	"parent": "item/handheld",
	"textures": {
		"layer0": "items/h0002"
	},
	"display": {
		"thirdperson_righthand": {
			"rotation": [90, -90, 0],
			"translation": [3.5, -2, 3]
		},
		"thirdperson_lefthand": {
			"rotation": [90, -90, 0],
			"translation": [3.5, -2, 3]
		},
		"firstperson_righthand": {
			"translation": [2, -2, 0]
		},
		"firstperson_lefthand": {
			"translation": [2, -2, 0]
		},
		"ground": {
			"rotation": [90, 0, 0],
			"translation": [0, -3.25, 0]
		},
		"head": {
			"translation": [0, -12.5, 8],
			"scale": [1.2, 1.2, 1.5]
		}
	}
}