{
	"credit": "Made with Blockbench",
	"textures": {
		"0": "items/0067",
		"particle": "items/0067"
	},
	"elements": [
		{
			"from": [-8, 2, 11],
			"to": [6, 16, 11.5],
			"rotation": {"angle": -45, "axis": "y", "origin": [5.5, 5.5, 11.15]},
			"faces": {
				"north": {"uv": [16, 0, 0, 16], "rotation": 90, "texture": "#0"},
				"east": {"uv": [0, 0, 7, 0], "rotation": 270, "texture": "#0"},
				"south": {"uv": [0, 0, 16, 16], "rotation": 270, "texture": "#0"},
				"west": {"uv": [0, 0, 7, 0], "rotation": 270, "texture": "#0"},
				"up": {"uv": [0, 0, 0, 7], "rotation": 270, "texture": "#0"},
				"down": {"uv": [0, 0, 0, 7], "rotation": 270, "texture": "#0"}
			}
		},
		{
			"from": [10, 2, 11],
			"to": [24, 16, 11.5],
			"rotation": {"angle": 45, "axis": "y", "origin": [10.5, 5.5, 11.15]},
			"faces": {
				"north": {"uv": [16, 16, 0, 0], "rotation": 90, "texture": "#0"},
				"east": {"uv": [0, 0, 7, 0], "rotation": 270, "texture": "#0"},
				"south": {"uv": [0, 16, 16, 0], "rotation": 270, "texture": "#0"},
				"west": {"uv": [0, 0, 7, 0], "rotation": 270, "texture": "#0"},
				"up": {"uv": [0, 7, 0, 0], "rotation": 270, "texture": "#0"},
				"down": {"uv": [0, 7, 0, 0], "rotation": 270, "texture": "#0"}
			}
		}
	],
	"display": {
		"head": {
			"translation": [0, -20.75, 8.25],
			"scale": [3, 3, 3]
		}
	},
	"groups": [
		{
			"name": "group",
			"origin": [10.5, 5.5, 11.15],
			"color": 0,
			"children": [0, 1]
		}
	]
}