{
	"credit": "Made with Blockbench",
	"textures": {
		"0": "blocks/quartz_block_chiseled",
		"1": "blocks/noteblock",
		"2": "blocks/door_iron_upper",
		"3": "blocks/furnace_side",
		"4": "items/3d/plane/plane",
		"particle": "blocks/quartz_block_chiseled"
	},
	"elements": [
		{
			"from": [-12.5, 7, 2],
			"to": [8.5, 7.5, 9],
			"faces": {
				"north": {"uv": [0, 0, 16, 0.5], "texture": "#0"},
				"east": {"uv": [0, 0, 7, 0.5], "texture": "#0"},
				"south": {"uv": [0, 0, 16, 0.5], "texture": "#0"},
				"west": {"uv": [0, 0, 7, 0.5], "texture": "#0"},
				"up": {"uv": [0, 0, 16, 8], "texture": "#0"},
				"down": {"uv": [0, 0, 16, 7], "texture": "#0"}
			}
		},
		{
			"from": [8.5, 5, 19],
			"to": [15.5, 5.5, 24],
			"faces": {
				"north": {"uv": [0, 0, 15, 0.5], "texture": "#0"},
				"east": {"uv": [0, 0, 5, 0.5], "texture": "#0"},
				"south": {"uv": [0, 0, 15, 0.5], "texture": "#0"},
				"west": {"uv": [0, 0, 5, 0.5], "texture": "#0"},
				"up": {"uv": [0, 0, 16, 16], "texture": "#0"},
				"down": {"uv": [0, 0, 15, 5], "texture": "#0"}
			}
		},
		{
			"from": [7.75, 4, 21.5],
			"to": [8.25, 8.5, 24.5],
			"rotation": {"angle": 0, "axis": "y", "origin": [8, 6.25, 14.5]},
			"faces": {
				"north": {"uv": [0, 0, 0.5, 4.5], "texture": "#0"},
				"east": {"uv": [0, 0, 3, 4.5], "texture": "#0"},
				"south": {"uv": [0, 0, 0.5, 4.5], "texture": "#0"},
				"west": {"uv": [0, 0, 3, 4.5], "texture": "#0"},
				"up": {"uv": [0, 0, 0.5, 3], "texture": "#0"},
				"down": {"uv": [0, 0, 0.5, 3], "texture": "#0"}
			}
		},
		{
			"from": [7.75, 3, 21],
			"to": [8.25, 7.5, 24],
			"rotation": {"angle": 22.5, "axis": "x", "origin": [8, 6.75, 23.5]},
			"faces": {
				"north": {"uv": [0, 0, 0.5, 4.5], "texture": "#0"},
				"east": {"uv": [0, 0, 3, 4.5], "texture": "#0"},
				"south": {"uv": [0, 0, 0.5, 4.5], "texture": "#0"},
				"west": {"uv": [0, 0, 3, 4.5], "texture": "#0"},
				"up": {"uv": [0, 0, 0.5, 3], "texture": "#0"},
				"down": {"uv": [0, 0, 0.5, 3], "texture": "#0"}
			}
		},
		{
			"from": [7.75, 1, 23],
			"to": [8.25, 4.5, 24],
			"rotation": {"angle": 0, "axis": "y", "origin": [8, 6.25, 14.5]},
			"faces": {
				"north": {"uv": [0, 0, 0.5, 3.5], "texture": "#1"},
				"east": {"uv": [0, 0, 1, 3.5], "texture": "#1"},
				"south": {"uv": [0, 0, 0.5, 3.5], "texture": "#1"},
				"west": {"uv": [0, 0, 1, 3.5], "texture": "#1"},
				"up": {"uv": [0, 0, 0.5, 1], "texture": "#1"},
				"down": {"uv": [0, 0, 0.5, 1], "texture": "#1"}
			}
		},
		{
			"from": [5.75, 7, 2],
			"to": [10.25, 9.5, 2.25],
			"rotation": {"angle": 45, "axis": "x", "origin": [8, 5.75, 0.125]},
			"faces": {
				"north": {"uv": [1, 1, 15, 16], "texture": "#2"},
				"east": {"uv": [0, 0, 0.25, 1.5], "texture": "#2"},
				"south": {"uv": [1, 1, 15, 16], "texture": "#2"},
				"west": {"uv": [0, 0, 0.25, 1.5], "texture": "#2"},
				"up": {"uv": [0, 0, 2.5, 0.25], "texture": "#2"},
				"down": {"uv": [0, 0, 2.5, 0.25], "texture": "#2"}
			}
		},
		{
			"from": [-8.5, 1.25, 0],
			"to": [7.5, 1.75, 6],
			"faces": {
				"north": {"uv": [0, 0, 16, 0.5], "texture": "#0"},
				"east": {"uv": [0, 0, 6, 0.5], "texture": "#0"},
				"south": {"uv": [0, 0, 16, 0.5], "texture": "#0"},
				"west": {"uv": [0, 0, 6, 0.5], "texture": "#0"},
				"up": {"uv": [0, 0, 16, 6], "texture": "#0"},
				"down": {"uv": [0, 0, 16, 6], "texture": "#0"}
			}
		},
		{
			"from": [5.75, 1, 2],
			"to": [6.25, 5.5, 9],
			"rotation": {"angle": 0, "axis": "y", "origin": [7.5, 4.25, 12]},
			"faces": {
				"north": {"uv": [0, 0, 0.5, 4.5], "texture": "#0"},
				"east": {"uv": [0, 0, 5, 4.5], "texture": "#0"},
				"south": {"uv": [0, 0, 0.5, 4.5], "texture": "#0"},
				"west": {"uv": [0, 0, 16, 12], "texture": "#0"},
				"up": {"uv": [0, 0, 0.5, 5], "texture": "#0"},
				"down": {"uv": [0, 0, 0.5, 5], "texture": "#0"}
			}
		},
		{
			"from": [7.75, 3, -2.5],
			"to": [8.25, 3.5, 0],
			"rotation": {"angle": 0, "axis": "y", "origin": [7.5, 4.25, 12]},
			"faces": {
				"north": {"uv": [0, 0, 0.5, 0.5], "texture": "#1"},
				"east": {"uv": [0, 0, 2.5, 0.5], "texture": "#1"},
				"south": {"uv": [0, 0, 0.5, 0.5], "texture": "#1"},
				"west": {"uv": [0, 0, 2.5, 0.5], "texture": "#1"},
				"up": {"uv": [0, 0, 0.5, 2.5], "texture": "#1"},
				"down": {"uv": [0, 0, 0.5, 2.5], "texture": "#1"}
			}
		},
		{
			"from": [2.75, -2, -2],
			"to": [13.25, 8.5, -1.75],
			"rotation": {"angle": 45, "axis": "z", "origin": [8, 3.25, -1]},
			"faces": {
				"north": {"uv": [0, 0, 16, 16], "texture": "#4"},
				"east": {"uv": [0, 0, 0.25, 1.5], "texture": "#4"},
				"south": {"uv": [0, 0, 16, 16], "texture": "#4"},
				"west": {"uv": [0, 0, 0.25, 1.5], "texture": "#4"},
				"up": {"uv": [0, 0, 6.5, 0.25], "texture": "#4"},
				"down": {"uv": [0, 0, 6.5, 0.25], "texture": "#4"}
			}
		},
		{
			"from": [6.75, 2, 12],
			"to": [9.25, 5.5, 19],
			"rotation": {"angle": 0, "axis": "y", "origin": [7.5, 4.25, 12]},
			"faces": {
				"north": {"uv": [0, 0, 2.5, 3.5], "texture": "#0"},
				"east": {"uv": [0, 0, 16, 7.5], "texture": "#0"},
				"south": {"uv": [0, 0, 16, 16], "texture": "#0"},
				"west": {"uv": [0, 0, 16, 8], "texture": "#0"},
				"up": {"uv": [0, 0, 15.5, 16], "texture": "#0"},
				"down": {"uv": [0, 0, 2.5, 7], "texture": "#0"}
			}
		},
		{
			"from": [7.25, 5, 10],
			"to": [8.75, 6.5, 23],
			"rotation": {"angle": 0, "axis": "y", "origin": [7.5, 4.25, 12]},
			"faces": {
				"north": {"uv": [0, 0, 1.5, 1.5], "texture": "#1"},
				"east": {"uv": [0, 0, 13, 1.5], "texture": "#1"},
				"south": {"uv": [0, 0, 1.5, 1.5], "texture": "#1"},
				"west": {"uv": [0, 0, 13, 1.5], "texture": "#1"},
				"up": {"uv": [6, 0, 10, 16], "texture": "#1"},
				"down": {"uv": [0, 0, 1.5, 13], "texture": "#1"}
			}
		},
		{
			"from": [5.75, 1, -1],
			"to": [10.25, 5.5, 2],
			"rotation": {"angle": 0, "axis": "y", "origin": [7.5, 4.25, 12]},
			"faces": {
				"north": {"uv": [0, 0, 16, 16], "texture": "#3"},
				"east": {"uv": [0, 0, 16, 16], "texture": "#3"},
				"south": {"uv": [0, 0, 16, 16], "texture": "#3"},
				"west": {"uv": [0, 0, 16, 16], "texture": "#3"},
				"up": {"uv": [0, 0, 16, 16], "texture": "#3"},
				"down": {"uv": [0, 0, 16, 16], "texture": "#3"}
			}
		},
		{
			"from": [5.75, 1, 6],
			"to": [10.25, 1.5, 9],
			"rotation": {"angle": 0, "axis": "y", "origin": [7.5, 4.25, 12]},
			"faces": {
				"north": {"uv": [0, 0, 4.5, 0.5], "texture": "#0"},
				"east": {"uv": [0, 0, 3, 0.5], "texture": "#0"},
				"south": {"uv": [0, 0, 4.5, 0.5], "texture": "#0"},
				"west": {"uv": [0, 0, 3, 0.5], "texture": "#0"},
				"up": {"uv": [0, 0, 4.5, 3], "texture": "#0"},
				"down": {"uv": [0, 0, 16, 16], "texture": "#0"}
			}
		},
		{
			"from": [5.75, 1, 9],
			"to": [10.25, 5.5, 12],
			"rotation": {"angle": 0, "axis": "y", "origin": [7.5, 4.25, 12]},
			"faces": {
				"north": {"uv": [0, 0, 4.5, 4.5], "texture": "#0"},
				"east": {"uv": [0, 0, 9, 12], "texture": "#0"},
				"south": {"uv": [0, 0, 16, 16], "texture": "#0"},
				"west": {"uv": [0, 0, 16, 12], "texture": "#0"},
				"up": {"uv": [0, 0, 16, 12], "texture": "#0"},
				"down": {"uv": [0, 0, 16, 16], "texture": "#0"}
			}
		},
		{
			"from": [6.75, 3, 19],
			"to": [9.25, 5.5, 24],
			"rotation": {"angle": 0, "axis": "y", "origin": [7.5, 4.25, 12]},
			"faces": {
				"north": {"uv": [0, 0, 2.5, 2.5], "texture": "#0"},
				"east": {"uv": [0, 0, 16, 11.5], "texture": "#0"},
				"south": {"uv": [0, 0, 16, 16], "texture": "#0"},
				"west": {"uv": [0, 0, 16, 11.5], "texture": "#0"},
				"up": {"uv": [0, 0, 2.5, 5], "texture": "#0"},
				"down": {"uv": [0, 0, 2.5, 5], "texture": "#0"}
			}
		},
		{
			"from": [5, 4, 3],
			"to": [5.5, 8, 3.5],
			"rotation": {"angle": 45, "axis": "z", "origin": [5.25, 5, 3.25]},
			"faces": {
				"north": {"uv": [0, 0, 0.5, 3], "texture": "#1"},
				"east": {"uv": [0, 0, 0.5, 3], "texture": "#1"},
				"south": {"uv": [0, 0, 0.5, 3], "texture": "#1"},
				"west": {"uv": [0, 0, 0.5, 3], "texture": "#1"},
				"up": {"uv": [0, 0, 0.5, 0.5], "texture": "#1"},
				"down": {"uv": [0, 0, 0.5, 0.5], "texture": "#1"}
			}
		},
		{
			"from": [5, 4, 6],
			"to": [5.5, 8, 6.5],
			"rotation": {"angle": 45, "axis": "z", "origin": [5.25, 5, 3.25]},
			"faces": {
				"north": {"uv": [0, 0, 0.5, 3], "texture": "#1"},
				"east": {"uv": [0, 0, 0.5, 3], "texture": "#1"},
				"south": {"uv": [0, 0, 0.5, 3], "texture": "#1"},
				"west": {"uv": [0, 0, 0.5, 3], "texture": "#1"},
				"up": {"uv": [0, 0, 0.5, 0.5], "texture": "#1"},
				"down": {"uv": [0, 0, 0.5, 0.5], "texture": "#1"}
			}
		},
		{
			"from": [0.75736, 0.5, 3],
			"to": [1.25736, 7.5, 4.5],
			"rotation": {"angle": 22.5, "axis": "z", "origin": [1.00736, 5, 2.75]},
			"faces": {
				"north": {"uv": [0, 0, 0.5, 7], "texture": "#1"},
				"east": {"uv": [14, 0, 16, 16], "texture": "#1"},
				"south": {"uv": [0, 0, 0.5, 7], "texture": "#1"},
				"west": {"uv": [0, 0, 4, 16], "texture": "#1"},
				"up": {"uv": [0, 0, 0.5, 1.5], "texture": "#1"},
				"down": {"uv": [0, 0, 0.5, 1.5], "texture": "#1"}
			}
		},
		{
			"from": [4.93934, -4.18198, 0],
			"to": [5.43934, 1.81802, 1.5],
			"rotation": {"angle": -22.5, "axis": "z", "origin": [4.18934, 1.81802, 2.75]},
			"faces": {
				"north": {"uv": [0, 0, 0.5, 3], "texture": "#1"},
				"east": {"uv": [0, 0, 1.5, 3], "texture": "#1"},
				"south": {"uv": [0, 0, 0.5, 3], "texture": "#1"},
				"west": {"uv": [0, 0, 1.5, 3], "texture": "#1"},
				"up": {"uv": [0, 0, 0.5, 1.5], "texture": "#1"},
				"down": {"uv": [0, 0, 0.5, 1.5], "texture": "#1"}
			}
		},
		{
			"from": [4.93934, -4.18198, 5],
			"to": [5.43934, 1.81802, 6.5],
			"rotation": {"angle": -22.5, "axis": "z", "origin": [4.18934, 1.81802, 2.75]},
			"faces": {
				"north": {"uv": [0, 0, 0.5, 3], "texture": "#1"},
				"east": {"uv": [0, 0, 1.5, 3], "texture": "#1"},
				"south": {"uv": [0, 0, 0.5, 3], "texture": "#1"},
				"west": {"uv": [0, 0, 1.5, 3], "texture": "#1"},
				"up": {"uv": [0, 0, 0.5, 1.5], "texture": "#1"},
				"down": {"uv": [0, 0, 0.5, 1.5], "texture": "#1"}
			}
		},
		{
			"from": [1.93934, -4.89653, -4.93506],
			"to": [3.43934, -3.39653, 11.56494],
			"rotation": {"angle": 0, "axis": "x", "origin": [5.18934, -1.64653, 1.31494]},
			"faces": {
				"north": {"uv": [0, 0, 0.5, 2.5], "texture": "#1"},
				"east": {"uv": [0, 0, 2.5, 2.5], "texture": "#1"},
				"south": {"uv": [0, 0, 0.5, 2.5], "texture": "#1"},
				"west": {"uv": [0, 12.5, 16, 16], "texture": "#1"},
				"up": {"uv": [0, 0, 0.5, 2.5], "texture": "#1"},
				"down": {"uv": [0, 0, 0.5, 2.5], "texture": "#1"}
			}
		},
		{
			"from": [1.93934, -3.89653, -5.93506],
			"to": [3.43934, -2.39653, 11.56494],
			"rotation": {"angle": 0, "axis": "y", "origin": [5.18934, -1.64653, 1.31494]},
			"faces": {
				"north": {"uv": [0, 0, 0.5, 2.5], "texture": "#1"},
				"east": {"uv": [0, 0, 2.5, 2.5], "texture": "#1"},
				"south": {"uv": [0, 0, 0.5, 2.5], "texture": "#1"},
				"west": {"uv": [0, 0, 16, 4.5], "texture": "#1"},
				"up": {"uv": [0, 0, 0.5, 2.5], "texture": "#1"},
				"down": {"uv": [0, 0, 0.5, 2.5], "texture": "#1"}
			}
		},
		{
			"from": [12.56066, -3.89653, -5.93506],
			"to": [14.06066, -2.39653, 11.56494],
			"rotation": {"angle": 0, "axis": "x", "origin": [10.81066, -1.64653, 1.31494]},
			"faces": {
				"north": {"uv": [0.5, 0, 0, 2.5], "texture": "#1"},
				"east": {"uv": [16, 0, 0, 4.5], "texture": "#1"},
				"south": {"uv": [0.5, 0, 0, 2.5], "texture": "#1"},
				"west": {"uv": [2.5, 0, 0, 2.5], "texture": "#1"},
				"up": {"uv": [0.5, 0, 0, 2.5], "texture": "#1"},
				"down": {"uv": [0.5, 0, 0, 2.5], "texture": "#1"}
			}
		},
		{
			"from": [10.5, 4, 3],
			"to": [11, 8, 3.5],
			"rotation": {"angle": -45, "axis": "z", "origin": [10.75, 5, 3.25]},
			"faces": {
				"north": {"uv": [0.5, 0, 0, 3], "texture": "#1"},
				"east": {"uv": [0.5, 0, 0, 3], "texture": "#1"},
				"south": {"uv": [0.5, 0, 0, 3], "texture": "#1"},
				"west": {"uv": [0.5, 0, 0, 3], "texture": "#1"},
				"up": {"uv": [0.5, 0, 0, 0.5], "texture": "#1"},
				"down": {"uv": [0.5, 0, 0, 0.5], "texture": "#1"}
			}
		},
		{
			"from": [10.5, 4, 6],
			"to": [11, 8, 6.5],
			"rotation": {"angle": -45, "axis": "z", "origin": [10.75, 5, 3.25]},
			"faces": {
				"north": {"uv": [0.5, 0, 0, 3], "texture": "#1"},
				"east": {"uv": [0.5, 0, 0, 3], "texture": "#1"},
				"south": {"uv": [0.5, 0, 0, 3], "texture": "#1"},
				"west": {"uv": [0.5, 0, 0, 3], "texture": "#1"},
				"up": {"uv": [0.5, 0, 0, 0.5], "texture": "#1"},
				"down": {"uv": [0.5, 0, 0, 0.5], "texture": "#1"}
			}
		},
		{
			"from": [14.74264, 0.5, 3],
			"to": [15.24264, 7.5, 4.5],
			"rotation": {"angle": -22.5, "axis": "z", "origin": [14.99264, 5, 2.75]},
			"faces": {
				"north": {"uv": [0.5, 0, 0, 7], "texture": "#1"},
				"east": {"uv": [4, 0, 0, 16], "texture": "#1"},
				"south": {"uv": [0.5, 0, 0, 7], "texture": "#1"},
				"west": {"uv": [16, 0, 14, 16], "texture": "#1"},
				"up": {"uv": [0.5, 0, 0, 1.5], "texture": "#1"},
				"down": {"uv": [0.5, 0, 0, 1.5], "texture": "#1"}
			}
		},
		{
			"from": [9.75, 1, 2],
			"to": [10.25, 5.5, 9],
			"rotation": {"angle": 0, "axis": "y", "origin": [8.5, 4.25, 12]},
			"faces": {
				"north": {"uv": [0.5, 0, 0, 4.5], "texture": "#0"},
				"east": {"uv": [16, 0, 0, 12], "texture": "#0"},
				"south": {"uv": [0.5, 0, 0, 4.5], "texture": "#0"},
				"west": {"uv": [5, 0, 0, 4.5], "texture": "#0"},
				"up": {"uv": [0.5, 0, 0, 5], "texture": "#0"},
				"down": {"uv": [0.5, 0, 0, 5], "texture": "#0"}
			}
		},
		{
			"from": [12.56066, -4.89653, -4.93506],
			"to": [14.06066, -3.39653, 11.56494],
			"rotation": {"angle": 0, "axis": "x", "origin": [10.81066, -1.64653, 1.31494]},
			"faces": {
				"north": {"uv": [0.5, 0, 0, 2.5], "texture": "#1"},
				"east": {"uv": [16, 12.5, 0, 16], "texture": "#1"},
				"south": {"uv": [0.5, 0, 0, 2.5], "texture": "#1"},
				"west": {"uv": [2.5, 0, 0, 2.5], "texture": "#1"},
				"up": {"uv": [0.5, 0, 0, 2.5], "texture": "#1"},
				"down": {"uv": [0.5, 0, 0, 2.5], "texture": "#1"}
			}
		},
		{
			"from": [10.56066, -4.18198, 5],
			"to": [11.06066, 1.81802, 6.5],
			"rotation": {"angle": 22.5, "axis": "z", "origin": [11.81066, 1.81802, 2.75]},
			"faces": {
				"north": {"uv": [0.5, 0, 0, 3], "texture": "#1"},
				"east": {"uv": [1.5, 0, 0, 3], "texture": "#1"},
				"south": {"uv": [0.5, 0, 0, 3], "texture": "#1"},
				"west": {"uv": [1.5, 0, 0, 3], "texture": "#1"},
				"up": {"uv": [0.5, 0, 0, 1.5], "texture": "#1"},
				"down": {"uv": [0.5, 0, 0, 1.5], "texture": "#1"}
			}
		},
		{
			"from": [3.5, 1, 1],
			"to": [12.5, 2.5, 6],
			"rotation": {"angle": 0, "axis": "y", "origin": [16, 0, 0]},
			"faces": {
				"north": {"uv": [16, 0, 0, 0.5], "texture": "#1"},
				"east": {"uv": [6, 0, 0, 0.5], "texture": "#1"},
				"south": {"uv": [16, 0, 0, 0.5], "texture": "#1"},
				"west": {"uv": [6, 0, 0, 0.5], "texture": "#1"},
				"up": {"uv": [16, 0, 0, 16], "texture": "#1"},
				"down": {"uv": [16, 0, 0, 6], "texture": "#1"}
			}
		},
		{
			"from": [4.5, 2, 2],
			"to": [11.5, 3.5, 6],
			"rotation": {"angle": 0, "axis": "y", "origin": [16, 0, 0]},
			"faces": {
				"north": {"uv": [16, 0, 0, 0.5], "texture": "#1"},
				"east": {"uv": [6, 0, 0, 0.5], "texture": "#1"},
				"south": {"uv": [16, 0, 0, 0.5], "texture": "#1"},
				"west": {"uv": [6, 0, 0, 0.5], "texture": "#1"},
				"up": {"uv": [16, 0, 0, 16], "texture": "#1"},
				"down": {"uv": [16, 0, 0, 6], "texture": "#1"}
			}
		},
		{
			"from": [10.56066, -4.18198, 0],
			"to": [11.06066, 1.81802, 1.5],
			"rotation": {"angle": 22.5, "axis": "z", "origin": [11.81066, 1.81802, 2.75]},
			"faces": {
				"north": {"uv": [0.5, 0, 0, 3], "texture": "#1"},
				"east": {"uv": [1.5, 0, 0, 3], "texture": "#1"},
				"south": {"uv": [0.5, 0, 0, 3], "texture": "#1"},
				"west": {"uv": [1.5, 0, 0, 3], "texture": "#1"},
				"up": {"uv": [0.5, 0, 0, 1.5], "texture": "#1"},
				"down": {"uv": [0.5, 0, 0, 1.5], "texture": "#1"}
			}
		},
		{
			"from": [7.5, 7, 2],
			"to": [28.5, 7.5, 9],
			"rotation": {"angle": 0, "axis": "y", "origin": [16, 0, 0]},
			"faces": {
				"north": {"uv": [16, 0, 0, 0.5], "texture": "#0"},
				"east": {"uv": [7, 0, 0, 0.5], "texture": "#0"},
				"south": {"uv": [16, 0, 0, 0.5], "texture": "#0"},
				"west": {"uv": [7, 0, 0, 0.5], "texture": "#0"},
				"up": {"uv": [16, 0, 0, 8], "texture": "#0"},
				"down": {"uv": [16, 0, 0, 7], "texture": "#0"}
			}
		},
		{
			"from": [8.5, 1.25, 0],
			"to": [24.5, 1.75, 6],
			"rotation": {"angle": 0, "axis": "y", "origin": [16, 0, 0]},
			"faces": {
				"north": {"uv": [16, 0, 0, 0.5], "texture": "#0"},
				"east": {"uv": [6, 0, 0, 0.5], "texture": "#0"},
				"south": {"uv": [16, 0, 0, 0.5], "texture": "#0"},
				"west": {"uv": [6, 0, 0, 0.5], "texture": "#0"},
				"up": {"uv": [16, 0, 0, 6], "texture": "#0"},
				"down": {"uv": [16, 0, 0, 6], "texture": "#0"}
			}
		},
		{
			"from": [0.5, 5, 19],
			"to": [7.5, 5.5, 24],
			"rotation": {"angle": 0, "axis": "y", "origin": [16, 0, 0]},
			"faces": {
				"north": {"uv": [15, 0, 0, 0.5], "texture": "#0"},
				"east": {"uv": [5, 0, 0, 0.5], "texture": "#0"},
				"south": {"uv": [15, 0, 0, 0.5], "texture": "#0"},
				"west": {"uv": [5, 0, 0, 0.5], "texture": "#0"},
				"up": {"uv": [16, 0, 0, 16], "texture": "#0"},
				"down": {"uv": [15, 0, 0, 5], "texture": "#0"}
			}
		}
	],
	"display": {
		"head": {
			"rotation": [9.75, 0, 22],
			"translation": [0, 3.5, 10],
			"scale": [4, 4, 4]
		}
	}
}