{
	"credit": "Made with Blockbench",
	"textures": {
		"0": "items/3d/halo (28)",
		"particle": "items/3d/halo (28)"
	},
	"elements": [
		{
			"name": "halo (28)_0",
			"from": [7.25, 0, 0.75],
			"to": [15.25, 0.25, 1],
			"faces": {
				"north": {"uv": [15.25, 0.75, 7.25, 1], "texture": "#0"},
				"east": {"uv": [15, 0.75, 15.25, 1], "rotation": 90, "texture": "#0"},
				"south": {"uv": [7.25, 0.75, 15.25, 1], "texture": "#0"},
				"west": {"uv": [7.25, 0.75, 7.5, 1], "rotation": 270, "texture": "#0"},
				"up": {"uv": [7.25, 0.75, 15.25, 1], "texture": "#0"},
				"down": {"uv": [7.25, 1, 15.25, 0.75], "texture": "#0"}
			}
		},
		{
			"name": "halo (28)_1",
			"from": [7.25, 0, 1],
			"to": [15.25, 0.25, 1.25],
			"faces": {
				"north": {"uv": [15.25, 1, 7.25, 1.25], "texture": "#0"},
				"east": {"uv": [15, 1, 15.25, 1.25], "rotation": 90, "texture": "#0"},
				"south": {"uv": [7.25, 1, 15.25, 1.25], "texture": "#0"},
				"west": {"uv": [7.25, 1, 7.5, 1.25], "rotation": 270, "texture": "#0"},
				"up": {"uv": [7.25, 1, 15.25, 1.25], "texture": "#0"},
				"down": {"uv": [7.25, 1.25, 15.25, 1], "texture": "#0"}
			}
		},
		{
			"name": "halo (28)_2",
			"from": [7.25, 0, 1.25],
			"to": [15.25, 0.25, 1.5],
			"faces": {
				"north": {"uv": [15.25, 1.25, 7.25, 1.5], "texture": "#0"},
				"east": {"uv": [15, 1.25, 15.25, 1.5], "rotation": 90, "texture": "#0"},
				"south": {"uv": [7.25, 1.25, 15.25, 1.5], "texture": "#0"},
				"west": {"uv": [7.25, 1.25, 7.5, 1.5], "rotation": 270, "texture": "#0"},
				"up": {"uv": [7.25, 1.25, 15.25, 1.5], "texture": "#0"},
				"down": {"uv": [7.25, 1.5, 15.25, 1.25], "texture": "#0"}
			}
		},
		{
			"name": "halo (28)_3",
			"from": [7.25, 0, 1.5],
			"to": [15.25, 0.25, 1.75],
			"faces": {
				"north": {"uv": [15.25, 1.5, 7.25, 1.75], "texture": "#0"},
				"east": {"uv": [15, 1.5, 15.25, 1.75], "rotation": 90, "texture": "#0"},
				"south": {"uv": [7.25, 1.5, 15.25, 1.75], "texture": "#0"},
				"west": {"uv": [7.25, 1.5, 7.5, 1.75], "rotation": 270, "texture": "#0"},
				"up": {"uv": [7.25, 1.5, 15.25, 1.75], "texture": "#0"},
				"down": {"uv": [7.25, 1.75, 15.25, 1.5], "texture": "#0"}
			}
		},
		{
			"name": "halo (28)_4",
			"from": [7.25, 0, 1.75],
			"to": [8.25, 0.25, 2],
			"faces": {
				"north": {"uv": [8.25, 1.75, 7.25, 2], "texture": "#0"},
				"east": {"uv": [8, 1.75, 8.25, 2], "rotation": 90, "texture": "#0"},
				"south": {"uv": [7.25, 1.75, 8.25, 2], "texture": "#0"},
				"west": {"uv": [7.25, 1.75, 7.5, 2], "rotation": 270, "texture": "#0"},
				"up": {"uv": [7.25, 1.75, 8.25, 2], "texture": "#0"},
				"down": {"uv": [7.25, 2, 8.25, 1.75], "texture": "#0"}
			}
		},
		{
			"name": "halo (28)_5",
			"from": [14.25, 0, 1.75],
			"to": [15.25, 0.25, 2],
			"faces": {
				"north": {"uv": [15.25, 1.75, 14.25, 2], "texture": "#0"},
				"east": {"uv": [15, 1.75, 15.25, 2], "rotation": 90, "texture": "#0"},
				"south": {"uv": [14.25, 1.75, 15.25, 2], "texture": "#0"},
				"west": {"uv": [14.25, 1.75, 14.5, 2], "rotation": 270, "texture": "#0"},
				"up": {"uv": [14.25, 1.75, 15.25, 2], "texture": "#0"},
				"down": {"uv": [14.25, 2, 15.25, 1.75], "texture": "#0"}
			}
		},
		{
			"name": "halo (28)_6",
			"from": [7.25, 0, 2],
			"to": [8.25, 0.25, 2.25],
			"faces": {
				"north": {"uv": [8.25, 2, 7.25, 2.25], "texture": "#0"},
				"east": {"uv": [8, 2, 8.25, 2.25], "rotation": 90, "texture": "#0"},
				"south": {"uv": [7.25, 2, 8.25, 2.25], "texture": "#0"},
				"west": {"uv": [7.25, 2, 7.5, 2.25], "rotation": 270, "texture": "#0"},
				"up": {"uv": [7.25, 2, 8.25, 2.25], "texture": "#0"},
				"down": {"uv": [7.25, 2.25, 8.25, 2], "texture": "#0"}
			}
		},
		{
			"name": "halo (28)_7",
			"from": [14.25, 0, 2],
			"to": [15.25, 0.25, 2.25],
			"faces": {
				"north": {"uv": [15.25, 2, 14.25, 2.25], "texture": "#0"},
				"east": {"uv": [15, 2, 15.25, 2.25], "rotation": 90, "texture": "#0"},
				"south": {"uv": [14.25, 2, 15.25, 2.25], "texture": "#0"},
				"west": {"uv": [14.25, 2, 14.5, 2.25], "rotation": 270, "texture": "#0"},
				"up": {"uv": [14.25, 2, 15.25, 2.25], "texture": "#0"},
				"down": {"uv": [14.25, 2.25, 15.25, 2], "texture": "#0"}
			}
		},
		{
			"name": "halo (28)_8",
			"from": [7.25, 0, 2.25],
			"to": [8.25, 0.25, 2.5],
			"faces": {
				"north": {"uv": [8.25, 2.25, 7.25, 2.5], "texture": "#0"},
				"east": {"uv": [8, 2.25, 8.25, 2.5], "rotation": 90, "texture": "#0"},
				"south": {"uv": [7.25, 2.25, 8.25, 2.5], "texture": "#0"},
				"west": {"uv": [7.25, 2.25, 7.5, 2.5], "rotation": 270, "texture": "#0"},
				"up": {"uv": [7.25, 2.25, 8.25, 2.5], "texture": "#0"},
				"down": {"uv": [7.25, 2.5, 8.25, 2.25], "texture": "#0"}
			}
		},
		{
			"name": "halo (28)_9",
			"from": [14.25, 0, 2.25],
			"to": [15.25, 0.25, 2.5],
			"faces": {
				"north": {"uv": [15.25, 2.25, 14.25, 2.5], "texture": "#0"},
				"east": {"uv": [15, 2.25, 15.25, 2.5], "rotation": 90, "texture": "#0"},
				"south": {"uv": [14.25, 2.25, 15.25, 2.5], "texture": "#0"},
				"west": {"uv": [14.25, 2.25, 14.5, 2.5], "rotation": 270, "texture": "#0"},
				"up": {"uv": [14.25, 2.25, 15.25, 2.5], "texture": "#0"},
				"down": {"uv": [14.25, 2.5, 15.25, 2.25], "texture": "#0"}
			}
		},
		{
			"name": "halo (28)_10",
			"from": [7.25, 0, 2.5],
			"to": [8.25, 0.25, 2.75],
			"faces": {
				"north": {"uv": [8.25, 2.5, 7.25, 2.75], "texture": "#0"},
				"east": {"uv": [8, 2.5, 8.25, 2.75], "rotation": 90, "texture": "#0"},
				"south": {"uv": [7.25, 2.5, 8.25, 2.75], "texture": "#0"},
				"west": {"uv": [7.25, 2.5, 7.5, 2.75], "rotation": 270, "texture": "#0"},
				"up": {"uv": [7.25, 2.5, 8.25, 2.75], "texture": "#0"},
				"down": {"uv": [7.25, 2.75, 8.25, 2.5], "texture": "#0"}
			}
		},
		{
			"name": "halo (28)_11",
			"from": [14.25, 0, 2.5],
			"to": [15.25, 0.25, 2.75],
			"faces": {
				"north": {"uv": [15.25, 2.5, 14.25, 2.75], "texture": "#0"},
				"east": {"uv": [15, 2.5, 15.25, 2.75], "rotation": 90, "texture": "#0"},
				"south": {"uv": [14.25, 2.5, 15.25, 2.75], "texture": "#0"},
				"west": {"uv": [14.25, 2.5, 14.5, 2.75], "rotation": 270, "texture": "#0"},
				"up": {"uv": [14.25, 2.5, 15.25, 2.75], "texture": "#0"},
				"down": {"uv": [14.25, 2.75, 15.25, 2.5], "texture": "#0"}
			}
		},
		{
			"name": "halo (28)_12",
			"from": [7.25, 0, 2.75],
			"to": [8.25, 0.25, 3],
			"faces": {
				"north": {"uv": [8.25, 2.75, 7.25, 3], "texture": "#0"},
				"east": {"uv": [8, 2.75, 8.25, 3], "rotation": 90, "texture": "#0"},
				"south": {"uv": [7.25, 2.75, 8.25, 3], "texture": "#0"},
				"west": {"uv": [7.25, 2.75, 7.5, 3], "rotation": 270, "texture": "#0"},
				"up": {"uv": [7.25, 2.75, 8.25, 3], "texture": "#0"},
				"down": {"uv": [7.25, 3, 8.25, 2.75], "texture": "#0"}
			}
		},
		{
			"name": "halo (28)_13",
			"from": [14.25, 0, 2.75],
			"to": [15.25, 0.25, 3],
			"faces": {
				"north": {"uv": [15.25, 2.75, 14.25, 3], "texture": "#0"},
				"east": {"uv": [15, 2.75, 15.25, 3], "rotation": 90, "texture": "#0"},
				"south": {"uv": [14.25, 2.75, 15.25, 3], "texture": "#0"},
				"west": {"uv": [14.25, 2.75, 14.5, 3], "rotation": 270, "texture": "#0"},
				"up": {"uv": [14.25, 2.75, 15.25, 3], "texture": "#0"},
				"down": {"uv": [14.25, 3, 15.25, 2.75], "texture": "#0"}
			}
		},
		{
			"name": "halo (28)_14",
			"from": [7.25, 0, 3],
			"to": [8.25, 0.25, 3.25],
			"faces": {
				"north": {"uv": [8.25, 3, 7.25, 3.25], "texture": "#0"},
				"east": {"uv": [8, 3, 8.25, 3.25], "rotation": 90, "texture": "#0"},
				"south": {"uv": [7.25, 3, 8.25, 3.25], "texture": "#0"},
				"west": {"uv": [7.25, 3, 7.5, 3.25], "rotation": 270, "texture": "#0"},
				"up": {"uv": [7.25, 3, 8.25, 3.25], "texture": "#0"},
				"down": {"uv": [7.25, 3.25, 8.25, 3], "texture": "#0"}
			}
		},
		{
			"name": "halo (28)_15",
			"from": [14.25, 0, 3],
			"to": [15.25, 0.25, 3.25],
			"faces": {
				"north": {"uv": [15.25, 3, 14.25, 3.25], "texture": "#0"},
				"east": {"uv": [15, 3, 15.25, 3.25], "rotation": 90, "texture": "#0"},
				"south": {"uv": [14.25, 3, 15.25, 3.25], "texture": "#0"},
				"west": {"uv": [14.25, 3, 14.5, 3.25], "rotation": 270, "texture": "#0"},
				"up": {"uv": [14.25, 3, 15.25, 3.25], "texture": "#0"},
				"down": {"uv": [14.25, 3.25, 15.25, 3], "texture": "#0"}
			}
		},
		{
			"name": "halo (28)_16",
			"from": [7.25, 0, 3.25],
			"to": [8.25, 0.25, 3.5],
			"faces": {
				"north": {"uv": [8.25, 3.25, 7.25, 3.5], "texture": "#0"},
				"east": {"uv": [8, 3.25, 8.25, 3.5], "rotation": 90, "texture": "#0"},
				"south": {"uv": [7.25, 3.25, 8.25, 3.5], "texture": "#0"},
				"west": {"uv": [7.25, 3.25, 7.5, 3.5], "rotation": 270, "texture": "#0"},
				"up": {"uv": [7.25, 3.25, 8.25, 3.5], "texture": "#0"},
				"down": {"uv": [7.25, 3.5, 8.25, 3.25], "texture": "#0"}
			}
		},
		{
			"name": "halo (28)_17",
			"from": [14.25, 0, 3.25],
			"to": [15.25, 0.25, 3.5],
			"faces": {
				"north": {"uv": [15.25, 3.25, 14.25, 3.5], "texture": "#0"},
				"east": {"uv": [15, 3.25, 15.25, 3.5], "rotation": 90, "texture": "#0"},
				"south": {"uv": [14.25, 3.25, 15.25, 3.5], "texture": "#0"},
				"west": {"uv": [14.25, 3.25, 14.5, 3.5], "rotation": 270, "texture": "#0"},
				"up": {"uv": [14.25, 3.25, 15.25, 3.5], "texture": "#0"},
				"down": {"uv": [14.25, 3.5, 15.25, 3.25], "texture": "#0"}
			}
		},
		{
			"name": "halo (28)_18",
			"from": [7.25, 0, 3.5],
			"to": [8.25, 0.25, 3.75],
			"faces": {
				"north": {"uv": [8.25, 3.5, 7.25, 3.75], "texture": "#0"},
				"east": {"uv": [8, 3.5, 8.25, 3.75], "rotation": 90, "texture": "#0"},
				"south": {"uv": [7.25, 3.5, 8.25, 3.75], "texture": "#0"},
				"west": {"uv": [7.25, 3.5, 7.5, 3.75], "rotation": 270, "texture": "#0"},
				"up": {"uv": [7.25, 3.5, 8.25, 3.75], "texture": "#0"},
				"down": {"uv": [7.25, 3.75, 8.25, 3.5], "texture": "#0"}
			}
		},
		{
			"name": "halo (28)_19",
			"from": [14.25, 0, 3.5],
			"to": [15.25, 0.25, 3.75],
			"faces": {
				"north": {"uv": [15.25, 3.5, 14.25, 3.75], "texture": "#0"},
				"east": {"uv": [15, 3.5, 15.25, 3.75], "rotation": 90, "texture": "#0"},
				"south": {"uv": [14.25, 3.5, 15.25, 3.75], "texture": "#0"},
				"west": {"uv": [14.25, 3.5, 14.5, 3.75], "rotation": 270, "texture": "#0"},
				"up": {"uv": [14.25, 3.5, 15.25, 3.75], "texture": "#0"},
				"down": {"uv": [14.25, 3.75, 15.25, 3.5], "texture": "#0"}
			}
		},
		{
			"name": "halo (28)_20",
			"from": [7.25, 0, 3.75],
			"to": [8.25, 0.25, 4],
			"faces": {
				"north": {"uv": [8.25, 3.75, 7.25, 4], "texture": "#0"},
				"east": {"uv": [8, 3.75, 8.25, 4], "rotation": 90, "texture": "#0"},
				"south": {"uv": [7.25, 3.75, 8.25, 4], "texture": "#0"},
				"west": {"uv": [7.25, 3.75, 7.5, 4], "rotation": 270, "texture": "#0"},
				"up": {"uv": [7.25, 3.75, 8.25, 4], "texture": "#0"},
				"down": {"uv": [7.25, 4, 8.25, 3.75], "texture": "#0"}
			}
		},
		{
			"name": "halo (28)_21",
			"from": [14.25, 0, 3.75],
			"to": [15.25, 0.25, 4],
			"faces": {
				"north": {"uv": [15.25, 3.75, 14.25, 4], "texture": "#0"},
				"east": {"uv": [15, 3.75, 15.25, 4], "rotation": 90, "texture": "#0"},
				"south": {"uv": [14.25, 3.75, 15.25, 4], "texture": "#0"},
				"west": {"uv": [14.25, 3.75, 14.5, 4], "rotation": 270, "texture": "#0"},
				"up": {"uv": [14.25, 3.75, 15.25, 4], "texture": "#0"},
				"down": {"uv": [14.25, 4, 15.25, 3.75], "texture": "#0"}
			}
		},
		{
			"name": "halo (28)_22",
			"from": [7.25, 0, 4],
			"to": [8.25, 0.25, 4.25],
			"faces": {
				"north": {"uv": [8.25, 4, 7.25, 4.25], "texture": "#0"},
				"east": {"uv": [8, 4, 8.25, 4.25], "rotation": 90, "texture": "#0"},
				"south": {"uv": [7.25, 4, 8.25, 4.25], "texture": "#0"},
				"west": {"uv": [7.25, 4, 7.5, 4.25], "rotation": 270, "texture": "#0"},
				"up": {"uv": [7.25, 4, 8.25, 4.25], "texture": "#0"},
				"down": {"uv": [7.25, 4.25, 8.25, 4], "texture": "#0"}
			}
		},
		{
			"name": "halo (28)_23",
			"from": [14.25, 0, 4],
			"to": [15.25, 0.25, 4.25],
			"faces": {
				"north": {"uv": [15.25, 4, 14.25, 4.25], "texture": "#0"},
				"east": {"uv": [15, 4, 15.25, 4.25], "rotation": 90, "texture": "#0"},
				"south": {"uv": [14.25, 4, 15.25, 4.25], "texture": "#0"},
				"west": {"uv": [14.25, 4, 14.5, 4.25], "rotation": 270, "texture": "#0"},
				"up": {"uv": [14.25, 4, 15.25, 4.25], "texture": "#0"},
				"down": {"uv": [14.25, 4.25, 15.25, 4], "texture": "#0"}
			}
		},
		{
			"name": "halo (28)_24",
			"from": [7.25, 0, 4.25],
			"to": [8.25, 0.25, 4.5],
			"faces": {
				"north": {"uv": [8.25, 4.25, 7.25, 4.5], "texture": "#0"},
				"east": {"uv": [8, 4.25, 8.25, 4.5], "rotation": 90, "texture": "#0"},
				"south": {"uv": [7.25, 4.25, 8.25, 4.5], "texture": "#0"},
				"west": {"uv": [7.25, 4.25, 7.5, 4.5], "rotation": 270, "texture": "#0"},
				"up": {"uv": [7.25, 4.25, 8.25, 4.5], "texture": "#0"},
				"down": {"uv": [7.25, 4.5, 8.25, 4.25], "texture": "#0"}
			}
		},
		{
			"name": "halo (28)_25",
			"from": [14.25, 0, 4.25],
			"to": [15.25, 0.25, 4.5],
			"faces": {
				"north": {"uv": [15.25, 4.25, 14.25, 4.5], "texture": "#0"},
				"east": {"uv": [15, 4.25, 15.25, 4.5], "rotation": 90, "texture": "#0"},
				"south": {"uv": [14.25, 4.25, 15.25, 4.5], "texture": "#0"},
				"west": {"uv": [14.25, 4.25, 14.5, 4.5], "rotation": 270, "texture": "#0"},
				"up": {"uv": [14.25, 4.25, 15.25, 4.5], "texture": "#0"},
				"down": {"uv": [14.25, 4.5, 15.25, 4.25], "texture": "#0"}
			}
		},
		{
			"name": "halo (28)_26",
			"from": [7.25, 0, 4.5],
			"to": [8.25, 0.25, 4.75],
			"faces": {
				"north": {"uv": [8.25, 4.5, 7.25, 4.75], "texture": "#0"},
				"east": {"uv": [8, 4.5, 8.25, 4.75], "rotation": 90, "texture": "#0"},
				"south": {"uv": [7.25, 4.5, 8.25, 4.75], "texture": "#0"},
				"west": {"uv": [7.25, 4.5, 7.5, 4.75], "rotation": 270, "texture": "#0"},
				"up": {"uv": [7.25, 4.5, 8.25, 4.75], "texture": "#0"},
				"down": {"uv": [7.25, 4.75, 8.25, 4.5], "texture": "#0"}
			}
		},
		{
			"name": "halo (28)_27",
			"from": [14.25, 0, 4.5],
			"to": [15.25, 0.25, 4.75],
			"faces": {
				"north": {"uv": [15.25, 4.5, 14.25, 4.75], "texture": "#0"},
				"east": {"uv": [15, 4.5, 15.25, 4.75], "rotation": 90, "texture": "#0"},
				"south": {"uv": [14.25, 4.5, 15.25, 4.75], "texture": "#0"},
				"west": {"uv": [14.25, 4.5, 14.5, 4.75], "rotation": 270, "texture": "#0"},
				"up": {"uv": [14.25, 4.5, 15.25, 4.75], "texture": "#0"},
				"down": {"uv": [14.25, 4.75, 15.25, 4.5], "texture": "#0"}
			}
		},
		{
			"name": "halo (28)_28",
			"from": [7.25, 0, 4.75],
			"to": [8.25, 0.25, 5],
			"faces": {
				"north": {"uv": [8.25, 4.75, 7.25, 5], "texture": "#0"},
				"east": {"uv": [8, 4.75, 8.25, 5], "rotation": 90, "texture": "#0"},
				"south": {"uv": [7.25, 4.75, 8.25, 5], "texture": "#0"},
				"west": {"uv": [7.25, 4.75, 7.5, 5], "rotation": 270, "texture": "#0"},
				"up": {"uv": [7.25, 4.75, 8.25, 5], "texture": "#0"},
				"down": {"uv": [7.25, 5, 8.25, 4.75], "texture": "#0"}
			}
		},
		{
			"name": "halo (28)_29",
			"from": [14.25, 0, 4.75],
			"to": [15.25, 0.25, 5],
			"faces": {
				"north": {"uv": [15.25, 4.75, 14.25, 5], "texture": "#0"},
				"east": {"uv": [15, 4.75, 15.25, 5], "rotation": 90, "texture": "#0"},
				"south": {"uv": [14.25, 4.75, 15.25, 5], "texture": "#0"},
				"west": {"uv": [14.25, 4.75, 14.5, 5], "rotation": 270, "texture": "#0"},
				"up": {"uv": [14.25, 4.75, 15.25, 5], "texture": "#0"},
				"down": {"uv": [14.25, 5, 15.25, 4.75], "texture": "#0"}
			}
		},
		{
			"name": "halo (28)_30",
			"from": [7.25, 0, 5],
			"to": [8.25, 0.25, 5.25],
			"faces": {
				"north": {"uv": [8.25, 5, 7.25, 5.25], "texture": "#0"},
				"east": {"uv": [8, 5, 8.25, 5.25], "rotation": 90, "texture": "#0"},
				"south": {"uv": [7.25, 5, 8.25, 5.25], "texture": "#0"},
				"west": {"uv": [7.25, 5, 7.5, 5.25], "rotation": 270, "texture": "#0"},
				"up": {"uv": [7.25, 5, 8.25, 5.25], "texture": "#0"},
				"down": {"uv": [7.25, 5.25, 8.25, 5], "texture": "#0"}
			}
		},
		{
			"name": "halo (28)_31",
			"from": [14.25, 0, 5],
			"to": [15.25, 0.25, 5.25],
			"faces": {
				"north": {"uv": [15.25, 5, 14.25, 5.25], "texture": "#0"},
				"east": {"uv": [15, 5, 15.25, 5.25], "rotation": 90, "texture": "#0"},
				"south": {"uv": [14.25, 5, 15.25, 5.25], "texture": "#0"},
				"west": {"uv": [14.25, 5, 14.5, 5.25], "rotation": 270, "texture": "#0"},
				"up": {"uv": [14.25, 5, 15.25, 5.25], "texture": "#0"},
				"down": {"uv": [14.25, 5.25, 15.25, 5], "texture": "#0"}
			}
		},
		{
			"name": "halo (28)_32",
			"from": [7.25, 0, 5.25],
			"to": [8.25, 0.25, 5.5],
			"faces": {
				"north": {"uv": [8.25, 5.25, 7.25, 5.5], "texture": "#0"},
				"east": {"uv": [8, 5.25, 8.25, 5.5], "rotation": 90, "texture": "#0"},
				"south": {"uv": [7.25, 5.25, 8.25, 5.5], "texture": "#0"},
				"west": {"uv": [7.25, 5.25, 7.5, 5.5], "rotation": 270, "texture": "#0"},
				"up": {"uv": [7.25, 5.25, 8.25, 5.5], "texture": "#0"},
				"down": {"uv": [7.25, 5.5, 8.25, 5.25], "texture": "#0"}
			}
		},
		{
			"name": "halo (28)_33",
			"from": [14.25, 0, 5.25],
			"to": [15.25, 0.25, 5.5],
			"faces": {
				"north": {"uv": [15.25, 5.25, 14.25, 5.5], "texture": "#0"},
				"east": {"uv": [15, 5.25, 15.25, 5.5], "rotation": 90, "texture": "#0"},
				"south": {"uv": [14.25, 5.25, 15.25, 5.5], "texture": "#0"},
				"west": {"uv": [14.25, 5.25, 14.5, 5.5], "rotation": 270, "texture": "#0"},
				"up": {"uv": [14.25, 5.25, 15.25, 5.5], "texture": "#0"},
				"down": {"uv": [14.25, 5.5, 15.25, 5.25], "texture": "#0"}
			}
		},
		{
			"name": "halo (28)_34",
			"from": [7.25, 0, 5.5],
			"to": [8.25, 0.25, 5.75],
			"faces": {
				"north": {"uv": [8.25, 5.5, 7.25, 5.75], "texture": "#0"},
				"east": {"uv": [8, 5.5, 8.25, 5.75], "rotation": 90, "texture": "#0"},
				"south": {"uv": [7.25, 5.5, 8.25, 5.75], "texture": "#0"},
				"west": {"uv": [7.25, 5.5, 7.5, 5.75], "rotation": 270, "texture": "#0"},
				"up": {"uv": [7.25, 5.5, 8.25, 5.75], "texture": "#0"},
				"down": {"uv": [7.25, 5.75, 8.25, 5.5], "texture": "#0"}
			}
		},
		{
			"name": "halo (28)_35",
			"from": [14.25, 0, 5.5],
			"to": [15.25, 0.25, 5.75],
			"faces": {
				"north": {"uv": [15.25, 5.5, 14.25, 5.75], "texture": "#0"},
				"east": {"uv": [15, 5.5, 15.25, 5.75], "rotation": 90, "texture": "#0"},
				"south": {"uv": [14.25, 5.5, 15.25, 5.75], "texture": "#0"},
				"west": {"uv": [14.25, 5.5, 14.5, 5.75], "rotation": 270, "texture": "#0"},
				"up": {"uv": [14.25, 5.5, 15.25, 5.75], "texture": "#0"},
				"down": {"uv": [14.25, 5.75, 15.25, 5.5], "texture": "#0"}
			}
		},
		{
			"name": "halo (28)_36",
			"from": [7.25, 0, 5.75],
			"to": [8.25, 0.25, 6],
			"faces": {
				"north": {"uv": [8.25, 5.75, 7.25, 6], "texture": "#0"},
				"east": {"uv": [8, 5.75, 8.25, 6], "rotation": 90, "texture": "#0"},
				"south": {"uv": [7.25, 5.75, 8.25, 6], "texture": "#0"},
				"west": {"uv": [7.25, 5.75, 7.5, 6], "rotation": 270, "texture": "#0"},
				"up": {"uv": [7.25, 5.75, 8.25, 6], "texture": "#0"},
				"down": {"uv": [7.25, 6, 8.25, 5.75], "texture": "#0"}
			}
		},
		{
			"name": "halo (28)_37",
			"from": [14.25, 0, 5.75],
			"to": [15.25, 0.25, 6],
			"faces": {
				"north": {"uv": [15.25, 5.75, 14.25, 6], "texture": "#0"},
				"east": {"uv": [15, 5.75, 15.25, 6], "rotation": 90, "texture": "#0"},
				"south": {"uv": [14.25, 5.75, 15.25, 6], "texture": "#0"},
				"west": {"uv": [14.25, 5.75, 14.5, 6], "rotation": 270, "texture": "#0"},
				"up": {"uv": [14.25, 5.75, 15.25, 6], "texture": "#0"},
				"down": {"uv": [14.25, 6, 15.25, 5.75], "texture": "#0"}
			}
		},
		{
			"name": "halo (28)_38",
			"from": [7.25, 0, 6],
			"to": [8.25, 0.25, 6.25],
			"faces": {
				"north": {"uv": [8.25, 6, 7.25, 6.25], "texture": "#0"},
				"east": {"uv": [8, 6, 8.25, 6.25], "rotation": 90, "texture": "#0"},
				"south": {"uv": [7.25, 6, 8.25, 6.25], "texture": "#0"},
				"west": {"uv": [7.25, 6, 7.5, 6.25], "rotation": 270, "texture": "#0"},
				"up": {"uv": [7.25, 6, 8.25, 6.25], "texture": "#0"},
				"down": {"uv": [7.25, 6.25, 8.25, 6], "texture": "#0"}
			}
		},
		{
			"name": "halo (28)_39",
			"from": [14.25, 0, 6],
			"to": [15.25, 0.25, 6.25],
			"faces": {
				"north": {"uv": [15.25, 6, 14.25, 6.25], "texture": "#0"},
				"east": {"uv": [15, 6, 15.25, 6.25], "rotation": 90, "texture": "#0"},
				"south": {"uv": [14.25, 6, 15.25, 6.25], "texture": "#0"},
				"west": {"uv": [14.25, 6, 14.5, 6.25], "rotation": 270, "texture": "#0"},
				"up": {"uv": [14.25, 6, 15.25, 6.25], "texture": "#0"},
				"down": {"uv": [14.25, 6.25, 15.25, 6], "texture": "#0"}
			}
		},
		{
			"name": "halo (28)_40",
			"from": [7.25, 0, 6.25],
			"to": [8.25, 0.25, 6.5],
			"faces": {
				"north": {"uv": [8.25, 6.25, 7.25, 6.5], "texture": "#0"},
				"east": {"uv": [8, 6.25, 8.25, 6.5], "rotation": 90, "texture": "#0"},
				"south": {"uv": [7.25, 6.25, 8.25, 6.5], "texture": "#0"},
				"west": {"uv": [7.25, 6.25, 7.5, 6.5], "rotation": 270, "texture": "#0"},
				"up": {"uv": [7.25, 6.25, 8.25, 6.5], "texture": "#0"},
				"down": {"uv": [7.25, 6.5, 8.25, 6.25], "texture": "#0"}
			}
		},
		{
			"name": "halo (28)_41",
			"from": [14.25, 0, 6.25],
			"to": [15.25, 0.25, 6.5],
			"faces": {
				"north": {"uv": [15.25, 6.25, 14.25, 6.5], "texture": "#0"},
				"east": {"uv": [15, 6.25, 15.25, 6.5], "rotation": 90, "texture": "#0"},
				"south": {"uv": [14.25, 6.25, 15.25, 6.5], "texture": "#0"},
				"west": {"uv": [14.25, 6.25, 14.5, 6.5], "rotation": 270, "texture": "#0"},
				"up": {"uv": [14.25, 6.25, 15.25, 6.5], "texture": "#0"},
				"down": {"uv": [14.25, 6.5, 15.25, 6.25], "texture": "#0"}
			}
		},
		{
			"name": "halo (28)_42",
			"from": [7.25, 0, 6.5],
			"to": [8.25, 0.25, 6.75],
			"faces": {
				"north": {"uv": [8.25, 6.5, 7.25, 6.75], "texture": "#0"},
				"east": {"uv": [8, 6.5, 8.25, 6.75], "rotation": 90, "texture": "#0"},
				"south": {"uv": [7.25, 6.5, 8.25, 6.75], "texture": "#0"},
				"west": {"uv": [7.25, 6.5, 7.5, 6.75], "rotation": 270, "texture": "#0"},
				"up": {"uv": [7.25, 6.5, 8.25, 6.75], "texture": "#0"},
				"down": {"uv": [7.25, 6.75, 8.25, 6.5], "texture": "#0"}
			}
		},
		{
			"name": "halo (28)_43",
			"from": [14.25, 0, 6.5],
			"to": [15.25, 0.25, 6.75],
			"faces": {
				"north": {"uv": [15.25, 6.5, 14.25, 6.75], "texture": "#0"},
				"east": {"uv": [15, 6.5, 15.25, 6.75], "rotation": 90, "texture": "#0"},
				"south": {"uv": [14.25, 6.5, 15.25, 6.75], "texture": "#0"},
				"west": {"uv": [14.25, 6.5, 14.5, 6.75], "rotation": 270, "texture": "#0"},
				"up": {"uv": [14.25, 6.5, 15.25, 6.75], "texture": "#0"},
				"down": {"uv": [14.25, 6.75, 15.25, 6.5], "texture": "#0"}
			}
		},
		{
			"name": "halo (28)_44",
			"from": [7.25, 0, 6.75],
			"to": [8.25, 0.25, 7],
			"faces": {
				"north": {"uv": [8.25, 6.75, 7.25, 7], "texture": "#0"},
				"east": {"uv": [8, 6.75, 8.25, 7], "rotation": 90, "texture": "#0"},
				"south": {"uv": [7.25, 6.75, 8.25, 7], "texture": "#0"},
				"west": {"uv": [7.25, 6.75, 7.5, 7], "rotation": 270, "texture": "#0"},
				"up": {"uv": [7.25, 6.75, 8.25, 7], "texture": "#0"},
				"down": {"uv": [7.25, 7, 8.25, 6.75], "texture": "#0"}
			}
		},
		{
			"name": "halo (28)_45",
			"from": [14.25, 0, 6.75],
			"to": [15.25, 0.25, 7],
			"faces": {
				"north": {"uv": [15.25, 6.75, 14.25, 7], "texture": "#0"},
				"east": {"uv": [15, 6.75, 15.25, 7], "rotation": 90, "texture": "#0"},
				"south": {"uv": [14.25, 6.75, 15.25, 7], "texture": "#0"},
				"west": {"uv": [14.25, 6.75, 14.5, 7], "rotation": 270, "texture": "#0"},
				"up": {"uv": [14.25, 6.75, 15.25, 7], "texture": "#0"},
				"down": {"uv": [14.25, 7, 15.25, 6.75], "texture": "#0"}
			}
		},
		{
			"name": "halo (28)_46",
			"from": [7.25, 0, 7],
			"to": [8.25, 0.25, 7.25],
			"faces": {
				"north": {"uv": [8.25, 7, 7.25, 7.25], "texture": "#0"},
				"east": {"uv": [8, 7, 8.25, 7.25], "rotation": 90, "texture": "#0"},
				"south": {"uv": [7.25, 7, 8.25, 7.25], "texture": "#0"},
				"west": {"uv": [7.25, 7, 7.5, 7.25], "rotation": 270, "texture": "#0"},
				"up": {"uv": [7.25, 7, 8.25, 7.25], "texture": "#0"},
				"down": {"uv": [7.25, 7.25, 8.25, 7], "texture": "#0"}
			}
		},
		{
			"name": "halo (28)_47",
			"from": [14.25, 0, 7],
			"to": [15.25, 0.25, 7.25],
			"faces": {
				"north": {"uv": [15.25, 7, 14.25, 7.25], "texture": "#0"},
				"east": {"uv": [15, 7, 15.25, 7.25], "rotation": 90, "texture": "#0"},
				"south": {"uv": [14.25, 7, 15.25, 7.25], "texture": "#0"},
				"west": {"uv": [14.25, 7, 14.5, 7.25], "rotation": 270, "texture": "#0"},
				"up": {"uv": [14.25, 7, 15.25, 7.25], "texture": "#0"},
				"down": {"uv": [14.25, 7.25, 15.25, 7], "texture": "#0"}
			}
		},
		{
			"name": "halo (28)_48",
			"from": [7.25, 0, 7.25],
			"to": [8.25, 0.25, 7.5],
			"faces": {
				"north": {"uv": [8.25, 7.25, 7.25, 7.5], "texture": "#0"},
				"east": {"uv": [8, 7.25, 8.25, 7.5], "rotation": 90, "texture": "#0"},
				"south": {"uv": [7.25, 7.25, 8.25, 7.5], "texture": "#0"},
				"west": {"uv": [7.25, 7.25, 7.5, 7.5], "rotation": 270, "texture": "#0"},
				"up": {"uv": [7.25, 7.25, 8.25, 7.5], "texture": "#0"},
				"down": {"uv": [7.25, 7.5, 8.25, 7.25], "texture": "#0"}
			}
		},
		{
			"name": "halo (28)_49",
			"from": [14.25, 0, 7.25],
			"to": [15.25, 0.25, 7.5],
			"faces": {
				"north": {"uv": [15.25, 7.25, 14.25, 7.5], "texture": "#0"},
				"east": {"uv": [15, 7.25, 15.25, 7.5], "rotation": 90, "texture": "#0"},
				"south": {"uv": [14.25, 7.25, 15.25, 7.5], "texture": "#0"},
				"west": {"uv": [14.25, 7.25, 14.5, 7.5], "rotation": 270, "texture": "#0"},
				"up": {"uv": [14.25, 7.25, 15.25, 7.5], "texture": "#0"},
				"down": {"uv": [14.25, 7.5, 15.25, 7.25], "texture": "#0"}
			}
		},
		{
			"name": "halo (28)_50",
			"from": [7.25, 0, 7.5],
			"to": [8.25, 0.25, 7.75],
			"faces": {
				"north": {"uv": [8.25, 7.5, 7.25, 7.75], "texture": "#0"},
				"east": {"uv": [8, 7.5, 8.25, 7.75], "rotation": 90, "texture": "#0"},
				"south": {"uv": [7.25, 7.5, 8.25, 7.75], "texture": "#0"},
				"west": {"uv": [7.25, 7.5, 7.5, 7.75], "rotation": 270, "texture": "#0"},
				"up": {"uv": [7.25, 7.5, 8.25, 7.75], "texture": "#0"},
				"down": {"uv": [7.25, 7.75, 8.25, 7.5], "texture": "#0"}
			}
		},
		{
			"name": "halo (28)_51",
			"from": [14.25, 0, 7.5],
			"to": [15.25, 0.25, 7.75],
			"faces": {
				"north": {"uv": [15.25, 7.5, 14.25, 7.75], "texture": "#0"},
				"east": {"uv": [15, 7.5, 15.25, 7.75], "rotation": 90, "texture": "#0"},
				"south": {"uv": [14.25, 7.5, 15.25, 7.75], "texture": "#0"},
				"west": {"uv": [14.25, 7.5, 14.5, 7.75], "rotation": 270, "texture": "#0"},
				"up": {"uv": [14.25, 7.5, 15.25, 7.75], "texture": "#0"},
				"down": {"uv": [14.25, 7.75, 15.25, 7.5], "texture": "#0"}
			}
		},
		{
			"name": "halo (28)_52",
			"from": [7.25, 0, 7.75],
			"to": [15.25, 0.25, 8],
			"faces": {
				"north": {"uv": [15.25, 7.75, 7.25, 8], "texture": "#0"},
				"east": {"uv": [15, 7.75, 15.25, 8], "rotation": 90, "texture": "#0"},
				"south": {"uv": [7.25, 7.75, 15.25, 8], "texture": "#0"},
				"west": {"uv": [7.25, 7.75, 7.5, 8], "rotation": 270, "texture": "#0"},
				"up": {"uv": [7.25, 7.75, 15.25, 8], "texture": "#0"},
				"down": {"uv": [7.25, 8, 15.25, 7.75], "texture": "#0"}
			}
		},
		{
			"name": "halo (28)_53",
			"from": [7.25, 0, 8],
			"to": [15.25, 0.25, 8.25],
			"faces": {
				"north": {"uv": [15.25, 8, 7.25, 8.25], "texture": "#0"},
				"east": {"uv": [15, 8, 15.25, 8.25], "rotation": 90, "texture": "#0"},
				"south": {"uv": [7.25, 8, 15.25, 8.25], "texture": "#0"},
				"west": {"uv": [7.25, 8, 7.5, 8.25], "rotation": 270, "texture": "#0"},
				"up": {"uv": [7.25, 8, 15.25, 8.25], "texture": "#0"},
				"down": {"uv": [7.25, 8.25, 15.25, 8], "texture": "#0"}
			}
		},
		{
			"name": "halo (28)_54",
			"from": [7.25, 0, 8.25],
			"to": [15.25, 0.25, 8.5],
			"faces": {
				"north": {"uv": [15.25, 8.25, 7.25, 8.5], "texture": "#0"},
				"east": {"uv": [15, 8.25, 15.25, 8.5], "rotation": 90, "texture": "#0"},
				"south": {"uv": [7.25, 8.25, 15.25, 8.5], "texture": "#0"},
				"west": {"uv": [7.25, 8.25, 7.5, 8.5], "rotation": 270, "texture": "#0"},
				"up": {"uv": [7.25, 8.25, 15.25, 8.5], "texture": "#0"},
				"down": {"uv": [7.25, 8.5, 15.25, 8.25], "texture": "#0"}
			}
		},
		{
			"name": "halo (28)_55",
			"from": [7.25, 0, 8.5],
			"to": [15.25, 0.25, 8.75],
			"faces": {
				"north": {"uv": [15.25, 8.5, 7.25, 8.75], "texture": "#0"},
				"east": {"uv": [15, 8.5, 15.25, 8.75], "rotation": 90, "texture": "#0"},
				"south": {"uv": [7.25, 8.5, 15.25, 8.75], "texture": "#0"},
				"west": {"uv": [7.25, 8.5, 7.5, 8.75], "rotation": 270, "texture": "#0"},
				"up": {"uv": [7.25, 8.5, 15.25, 8.75], "texture": "#0"},
				"down": {"uv": [7.25, 8.75, 15.25, 8.5], "texture": "#0"}
			}
		}
	],
	"display": {
		"gui": {
			"rotation": [90, 0, 0]
		},
		"head": {
			"rotation": [20, 0, 0],
			"translation": [0, 17, 10]
		}
	},
	"groups": [
		{
			"name": "halo (28)",
			"origin": [8, 8, 8],
			"color": 0,
			"children": [
				0,
				1,
				2,
				3,
				4,
				5,
				6,
				7,
				8,
				9,
				10,
				11,
				12,
				13,
				14,
				15,
				16,
				17,
				18,
				19,
				20,
				21,
				22,
				23,
				24,
				25,
				26,
				27,
				28,
				29,
				30,
				31,
				32,
				33,
				34,
				35,
				36,
				37,
				38,
				39,
				40,
				41,
				42,
				43,
				44,
				45,
				46,
				47,
				48,
				49,
				50,
				51,
				52,
				53,
				54,
				55
			]
		}
	]
}