{
	"credit": "Made with Blockbench",
	"textures": {
		"1": "items/0067",
		"particle": "items/0067"
	},
	"elements": [
		{
			"name": "0067_0",
			"from": [-4.66482, 8.49686, 1.71018],
			"to": [-3.91482, 8.99686, 1.96018],
			"rotation": {"angle": -22.5, "axis": "z", "origin": [0.92893, 8.74686, 7.17893]},
			"faces": {
				"north": {"uv": [2.75, 1.75, 3, 2.5], "rotation": 90, "texture": "#1"},
				"east": {"uv": [2.75, 2.25, 3, 2.5], "rotation": 180, "texture": "#1"},
				"south": {"uv": [2.75, 1.75, 3, 2.5], "rotation": 270, "texture": "#1"},
				"west": {"uv": [2.75, 1.75, 3, 2], "texture": "#1"},
				"up": {"uv": [3, 1.75, 2.75, 2.5], "rotation": 270, "texture": "#1"},
				"down": {"uv": [2.75, 1.75, 3, 2.5], "rotation": 270, "texture": "#1"}
			}
		},
		{
			"name": "0067_1",
			"from": [-4.41482, 8.49686, 1.46018],
			"to": [-4.16482, 8.99686, 1.71018],
			"rotation": {"angle": -22.5, "axis": "z", "origin": [0.92893, 8.74686, 7.17893]},
			"faces": {
				"north": {"uv": [2.5, 2, 2.75, 2.25], "rotation": 90, "texture": "#1"},
				"east": {"uv": [2.5, 2, 2.75, 2.25], "rotation": 180, "texture": "#1"},
				"south": {"uv": [2.5, 2, 2.75, 2.25], "rotation": 270, "texture": "#1"},
				"west": {"uv": [2.5, 2, 2.75, 2.25], "texture": "#1"},
				"up": {"uv": [2.75, 2, 2.5, 2.25], "rotation": 270, "texture": "#1"},
				"down": {"uv": [2.5, 2, 2.75, 2.25], "rotation": 270, "texture": "#1"}
			}
		},
		{
			"name": "0067_2",
			"from": [-4.41482, 8.49686, 1.96018],
			"to": [-3.66482, 8.99686, 2.21018],
			"rotation": {"angle": -22.5, "axis": "z", "origin": [0.92893, 8.74686, 7.17893]},
			"faces": {
				"north": {"uv": [3, 2, 3.25, 2.75], "rotation": 90, "texture": "#1"},
				"east": {"uv": [3, 2.5, 3.25, 2.75], "rotation": 180, "texture": "#1"},
				"south": {"uv": [3, 2, 3.25, 2.75], "rotation": 270, "texture": "#1"},
				"west": {"uv": [3, 2, 3.25, 2.25], "texture": "#1"},
				"up": {"uv": [3.25, 2, 3, 2.75], "rotation": 270, "texture": "#1"},
				"down": {"uv": [3, 2, 3.25, 2.75], "rotation": 270, "texture": "#1"}
			}
		},
		{
			"name": "0067_3",
			"from": [-4.16482, 8.49686, 2.21018],
			"to": [-3.41482, 8.99686, 2.46018],
			"rotation": {"angle": -22.5, "axis": "z", "origin": [0.92893, 8.74686, 7.17893]},
			"faces": {
				"north": {"uv": [3.25, 2.25, 3.5, 3], "rotation": 90, "texture": "#1"},
				"east": {"uv": [3.25, 2.75, 3.5, 3], "rotation": 180, "texture": "#1"},
				"south": {"uv": [3.25, 2.25, 3.5, 3], "rotation": 270, "texture": "#1"},
				"west": {"uv": [3.25, 2.25, 3.5, 2.5], "texture": "#1"},
				"up": {"uv": [3.5, 2.25, 3.25, 3], "rotation": 270, "texture": "#1"},
				"down": {"uv": [3.25, 2.25, 3.5, 3], "rotation": 270, "texture": "#1"}
			}
		},
		{
			"name": "0067_4",
			"from": [-3.91482, 8.49686, 2.46018],
			"to": [-3.16482, 8.99686, 2.71018],
			"rotation": {"angle": -22.5, "axis": "z", "origin": [0.92893, 8.74686, 7.17893]},
			"faces": {
				"north": {"uv": [3.5, 2.5, 3.75, 3.25], "rotation": 90, "texture": "#1"},
				"east": {"uv": [3.5, 3, 3.75, 3.25], "rotation": 180, "texture": "#1"},
				"south": {"uv": [3.5, 2.5, 3.75, 3.25], "rotation": 270, "texture": "#1"},
				"west": {"uv": [3.5, 2.5, 3.75, 2.75], "texture": "#1"},
				"up": {"uv": [3.75, 2.5, 3.5, 3.25], "rotation": 270, "texture": "#1"},
				"down": {"uv": [3.5, 2.5, 3.75, 3.25], "rotation": 270, "texture": "#1"}
			}
		},
		{
			"name": "0067_5",
			"from": [-3.66482, 8.49686, 2.71018],
			"to": [-2.91482, 8.99686, 2.96018],
			"rotation": {"angle": -22.5, "axis": "z", "origin": [0.92893, 8.74686, 7.17893]},
			"faces": {
				"north": {"uv": [3.75, 2.75, 4, 3.5], "rotation": 90, "texture": "#1"},
				"east": {"uv": [3.75, 3.25, 4, 3.5], "rotation": 180, "texture": "#1"},
				"south": {"uv": [3.75, 2.75, 4, 3.5], "rotation": 270, "texture": "#1"},
				"west": {"uv": [3.75, 2.75, 4, 3], "texture": "#1"},
				"up": {"uv": [4, 2.75, 3.75, 3.5], "rotation": 270, "texture": "#1"},
				"down": {"uv": [3.75, 2.75, 4, 3.5], "rotation": 270, "texture": "#1"}
			}
		},
		{
			"name": "0067_6",
			"from": [-3.41482, 8.49686, 2.96018],
			"to": [-2.66482, 8.99686, 3.21018],
			"rotation": {"angle": -22.5, "axis": "z", "origin": [0.92893, 8.74686, 7.17893]},
			"faces": {
				"north": {"uv": [4, 3, 4.25, 3.75], "rotation": 90, "texture": "#1"},
				"east": {"uv": [4, 3.5, 4.25, 3.75], "rotation": 180, "texture": "#1"},
				"south": {"uv": [4, 3, 4.25, 3.75], "rotation": 270, "texture": "#1"},
				"west": {"uv": [4, 3, 4.25, 3.25], "texture": "#1"},
				"up": {"uv": [4.25, 3, 4, 3.75], "rotation": 270, "texture": "#1"},
				"down": {"uv": [4, 3, 4.25, 3.75], "rotation": 270, "texture": "#1"}
			}
		},
		{
			"name": "0067_7",
			"from": [-3.16482, 8.49686, 3.21018],
			"to": [-2.41482, 8.99686, 3.46018],
			"rotation": {"angle": -22.5, "axis": "z", "origin": [0.92893, 8.74686, 7.17893]},
			"faces": {
				"north": {"uv": [4.25, 3.25, 4.5, 4], "rotation": 90, "texture": "#1"},
				"east": {"uv": [4.25, 3.75, 4.5, 4], "rotation": 180, "texture": "#1"},
				"south": {"uv": [4.25, 3.25, 4.5, 4], "rotation": 270, "texture": "#1"},
				"west": {"uv": [4.25, 3.25, 4.5, 3.5], "texture": "#1"},
				"up": {"uv": [4.5, 3.25, 4.25, 4], "rotation": 270, "texture": "#1"},
				"down": {"uv": [4.25, 3.25, 4.5, 4], "rotation": 270, "texture": "#1"}
			}
		},
		{
			"name": "0067_8",
			"from": [-2.91482, 8.49686, 3.46018],
			"to": [-2.16482, 8.99686, 3.71018],
			"rotation": {"angle": -22.5, "axis": "z", "origin": [0.92893, 8.74686, 7.17893]},
			"faces": {
				"north": {"uv": [4.5, 3.5, 4.75, 4.25], "rotation": 90, "texture": "#1"},
				"east": {"uv": [4.5, 4, 4.75, 4.25], "rotation": 180, "texture": "#1"},
				"south": {"uv": [4.5, 3.5, 4.75, 4.25], "rotation": 270, "texture": "#1"},
				"west": {"uv": [4.5, 3.5, 4.75, 3.75], "texture": "#1"},
				"up": {"uv": [4.75, 3.5, 4.5, 4.25], "rotation": 270, "texture": "#1"},
				"down": {"uv": [4.5, 3.5, 4.75, 4.25], "rotation": 270, "texture": "#1"}
			}
		},
		{
			"name": "0067_9",
			"from": [-2.66482, 8.49686, 3.71018],
			"to": [-1.91482, 8.99686, 3.96018],
			"rotation": {"angle": -22.5, "axis": "z", "origin": [0.92893, 8.74686, 7.17893]},
			"faces": {
				"north": {"uv": [4.75, 3.75, 5, 4.5], "rotation": 90, "texture": "#1"},
				"east": {"uv": [4.75, 4.25, 5, 4.5], "rotation": 180, "texture": "#1"},
				"south": {"uv": [4.75, 3.75, 5, 4.5], "rotation": 270, "texture": "#1"},
				"west": {"uv": [4.75, 3.75, 5, 4], "texture": "#1"},
				"up": {"uv": [5, 3.75, 4.75, 4.5], "rotation": 270, "texture": "#1"},
				"down": {"uv": [4.75, 3.75, 5, 4.5], "rotation": 270, "texture": "#1"}
			}
		},
		{
			"name": "0067_10",
			"from": [-2.41482, 8.49686, 3.96018],
			"to": [-1.66482, 8.99686, 4.21018],
			"rotation": {"angle": -22.5, "axis": "z", "origin": [0.92893, 8.74686, 7.17893]},
			"faces": {
				"north": {"uv": [5, 4, 5.25, 4.75], "rotation": 90, "texture": "#1"},
				"east": {"uv": [5, 4.5, 5.25, 4.75], "rotation": 180, "texture": "#1"},
				"south": {"uv": [5, 4, 5.25, 4.75], "rotation": 270, "texture": "#1"},
				"west": {"uv": [5, 4, 5.25, 4.25], "texture": "#1"},
				"up": {"uv": [5.25, 4, 5, 4.75], "rotation": 270, "texture": "#1"},
				"down": {"uv": [5, 4, 5.25, 4.75], "rotation": 270, "texture": "#1"}
			}
		},
		{
			"name": "0067_11",
			"from": [-2.16482, 8.49686, 4.21018],
			"to": [-1.41482, 8.99686, 4.46018],
			"rotation": {"angle": -22.5, "axis": "z", "origin": [0.92893, 8.74686, 7.17893]},
			"faces": {
				"north": {"uv": [5.25, 4.25, 5.5, 5], "rotation": 90, "texture": "#1"},
				"east": {"uv": [5.25, 4.75, 5.5, 5], "rotation": 180, "texture": "#1"},
				"south": {"uv": [5.25, 4.25, 5.5, 5], "rotation": 270, "texture": "#1"},
				"west": {"uv": [5.25, 4.25, 5.5, 4.5], "texture": "#1"},
				"up": {"uv": [5.5, 4.25, 5.25, 5], "rotation": 270, "texture": "#1"},
				"down": {"uv": [5.25, 4.25, 5.5, 5], "rotation": 270, "texture": "#1"}
			}
		},
		{
			"name": "0067_12",
			"from": [-1.91482, 8.49686, 4.46018],
			"to": [-1.16482, 8.99686, 4.71018],
			"rotation": {"angle": -22.5, "axis": "z", "origin": [0.92893, 8.74686, 7.17893]},
			"faces": {
				"north": {"uv": [5.5, 4.5, 5.75, 5.25], "rotation": 90, "texture": "#1"},
				"east": {"uv": [5.5, 5, 5.75, 5.25], "rotation": 180, "texture": "#1"},
				"south": {"uv": [5.5, 4.5, 5.75, 5.25], "rotation": 270, "texture": "#1"},
				"west": {"uv": [5.5, 4.5, 5.75, 4.75], "texture": "#1"},
				"up": {"uv": [5.75, 4.5, 5.5, 5.25], "rotation": 270, "texture": "#1"},
				"down": {"uv": [5.5, 4.5, 5.75, 5.25], "rotation": 270, "texture": "#1"}
			}
		},
		{
			"name": "0067_13",
			"from": [-1.66482, 8.49686, 4.71018],
			"to": [-0.91482, 8.99686, 4.96018],
			"rotation": {"angle": -22.5, "axis": "z", "origin": [0.92893, 8.74686, 7.17893]},
			"faces": {
				"north": {"uv": [5.75, 4.75, 6, 5.5], "rotation": 90, "texture": "#1"},
				"east": {"uv": [5.75, 5.25, 6, 5.5], "rotation": 180, "texture": "#1"},
				"south": {"uv": [5.75, 4.75, 6, 5.5], "rotation": 270, "texture": "#1"},
				"west": {"uv": [5.75, 4.75, 6, 5], "texture": "#1"},
				"up": {"uv": [6, 4.75, 5.75, 5.5], "rotation": 270, "texture": "#1"},
				"down": {"uv": [5.75, 4.75, 6, 5.5], "rotation": 270, "texture": "#1"}
			}
		},
		{
			"name": "0067_14",
			"from": [-1.41482, 8.49686, 4.96018],
			"to": [-0.66482, 8.99686, 5.21018],
			"rotation": {"angle": -22.5, "axis": "z", "origin": [0.92893, 8.74686, 7.17893]},
			"faces": {
				"north": {"uv": [6, 5, 6.25, 5.75], "rotation": 90, "texture": "#1"},
				"east": {"uv": [6, 5.5, 6.25, 5.75], "rotation": 180, "texture": "#1"},
				"south": {"uv": [6, 5, 6.25, 5.75], "rotation": 270, "texture": "#1"},
				"west": {"uv": [6, 5, 6.25, 5.25], "texture": "#1"},
				"up": {"uv": [6.25, 5, 6, 5.75], "rotation": 270, "texture": "#1"},
				"down": {"uv": [6, 5, 6.25, 5.75], "rotation": 270, "texture": "#1"}
			}
		},
		{
			"name": "0067_15",
			"from": [-1.16482, 8.49686, 5.21018],
			"to": [-0.41482, 8.99686, 5.46018],
			"rotation": {"angle": -22.5, "axis": "z", "origin": [0.92893, 8.74686, 7.17893]},
			"faces": {
				"north": {"uv": [6.25, 5.25, 6.5, 6], "rotation": 90, "texture": "#1"},
				"east": {"uv": [6.25, 5.75, 6.5, 6], "rotation": 180, "texture": "#1"},
				"south": {"uv": [6.25, 5.25, 6.5, 6], "rotation": 270, "texture": "#1"},
				"west": {"uv": [6.25, 5.25, 6.5, 5.5], "texture": "#1"},
				"up": {"uv": [6.5, 5.25, 6.25, 6], "rotation": 270, "texture": "#1"},
				"down": {"uv": [6.25, 5.25, 6.5, 6], "rotation": 270, "texture": "#1"}
			}
		},
		{
			"name": "0067_16",
			"from": [-0.91482, 8.49686, 5.46018],
			"to": [0.58518, 8.99686, 5.71018],
			"rotation": {"angle": -22.5, "axis": "z", "origin": [0.92893, 8.74686, 7.17893]},
			"faces": {
				"north": {"uv": [6.5, 5.5, 6.75, 7], "rotation": 90, "texture": "#1"},
				"east": {"uv": [6.5, 6.75, 6.75, 7], "rotation": 180, "texture": "#1"},
				"south": {"uv": [6.5, 5.5, 6.75, 7], "rotation": 270, "texture": "#1"},
				"west": {"uv": [6.5, 5.5, 6.75, 5.75], "texture": "#1"},
				"up": {"uv": [6.75, 5.5, 6.5, 7], "rotation": 270, "texture": "#1"},
				"down": {"uv": [6.5, 5.5, 6.75, 7], "rotation": 270, "texture": "#1"}
			}
		},
		{
			"name": "0067_17",
			"from": [-0.66482, 8.49686, 5.71018],
			"to": [0.83518, 8.99686, 5.96018],
			"rotation": {"angle": -22.5, "axis": "z", "origin": [0.92893, 8.74686, 7.17893]},
			"faces": {
				"north": {"uv": [6.75, 5.75, 7, 7.25], "rotation": 90, "texture": "#1"},
				"east": {"uv": [6.75, 7, 7, 7.25], "rotation": 180, "texture": "#1"},
				"south": {"uv": [6.75, 5.75, 7, 7.25], "rotation": 270, "texture": "#1"},
				"west": {"uv": [6.75, 5.75, 7, 6], "texture": "#1"},
				"up": {"uv": [7, 5.75, 6.75, 7.25], "rotation": 270, "texture": "#1"},
				"down": {"uv": [6.75, 5.75, 7, 7.25], "rotation": 270, "texture": "#1"}
			}
		},
		{
			"name": "0067_18",
			"from": [-0.41482, 8.49686, 5.96018],
			"to": [1.08518, 8.99686, 6.21018],
			"rotation": {"angle": -22.5, "axis": "z", "origin": [0.92893, 8.74686, 7.17893]},
			"faces": {
				"north": {"uv": [7, 6, 7.25, 7.5], "rotation": 90, "texture": "#1"},
				"east": {"uv": [7, 7.25, 7.25, 7.5], "rotation": 180, "texture": "#1"},
				"south": {"uv": [7, 6, 7.25, 7.5], "rotation": 270, "texture": "#1"},
				"west": {"uv": [7, 6, 7.25, 6.25], "texture": "#1"},
				"up": {"uv": [7.25, 6, 7, 7.5], "rotation": 270, "texture": "#1"},
				"down": {"uv": [7, 6, 7.25, 7.5], "rotation": 270, "texture": "#1"}
			}
		},
		{
			"name": "0067_19",
			"from": [-0.16482, 8.49686, 5.21018],
			"to": [0.33518, 8.99686, 5.46018],
			"rotation": {"angle": -22.5, "axis": "z", "origin": [0.92893, 8.74686, 7.17893]},
			"faces": {
				"north": {"uv": [6.25, 6.25, 6.5, 6.75], "rotation": 90, "texture": "#1"},
				"east": {"uv": [6.25, 6.5, 6.5, 6.75], "rotation": 180, "texture": "#1"},
				"south": {"uv": [6.25, 6.25, 6.5, 6.75], "rotation": 270, "texture": "#1"},
				"west": {"uv": [6.25, 6.25, 6.5, 6.5], "texture": "#1"},
				"up": {"uv": [6.5, 6.25, 6.25, 6.75], "rotation": 270, "texture": "#1"},
				"down": {"uv": [6.25, 6.25, 6.5, 6.75], "rotation": 270, "texture": "#1"}
			}
		},
		{
			"name": "0067_20",
			"from": [-0.16482, 8.49686, 6.21018],
			"to": [1.33518, 8.99686, 6.46018],
			"rotation": {"angle": -22.5, "axis": "z", "origin": [0.92893, 8.74686, 7.17893]},
			"faces": {
				"north": {"uv": [7.25, 6.25, 7.5, 7.75], "rotation": 90, "texture": "#1"},
				"east": {"uv": [7.25, 7.5, 7.5, 7.75], "rotation": 180, "texture": "#1"},
				"south": {"uv": [7.25, 6.25, 7.5, 7.75], "rotation": 270, "texture": "#1"},
				"west": {"uv": [7.25, 6.25, 7.5, 6.5], "texture": "#1"},
				"up": {"uv": [7.5, 6.25, 7.25, 7.75], "rotation": 270, "texture": "#1"},
				"down": {"uv": [7.25, 6.25, 7.5, 7.75], "rotation": 270, "texture": "#1"}
			}
		},
		{
			"name": "0067_21",
			"from": [-0.16482, 8.49686, 7.96018],
			"to": [0.83518, 8.99686, 8.21018],
			"rotation": {"angle": -22.5, "axis": "z", "origin": [0.92893, 8.74686, 7.17893]},
			"faces": {
				"north": {"uv": [9, 6.25, 9.25, 7.25], "rotation": 90, "texture": "#1"},
				"east": {"uv": [9, 7, 9.25, 7.25], "rotation": 180, "texture": "#1"},
				"south": {"uv": [9, 6.25, 9.25, 7.25], "rotation": 270, "texture": "#1"},
				"west": {"uv": [9, 6.25, 9.25, 6.5], "texture": "#1"},
				"up": {"uv": [9.25, 6.25, 9, 7.25], "rotation": 270, "texture": "#1"},
				"down": {"uv": [9, 6.25, 9.25, 7.25], "rotation": 270, "texture": "#1"}
			}
		},
		{
			"name": "0067_22",
			"from": [0.08518, 8.49686, 6.46018],
			"to": [1.58518, 8.99686, 6.71018],
			"rotation": {"angle": -22.5, "axis": "z", "origin": [0.92893, 8.74686, 7.17893]},
			"faces": {
				"north": {"uv": [7.5, 6.5, 7.75, 8], "rotation": 90, "texture": "#1"},
				"east": {"uv": [7.5, 7.75, 7.75, 8], "rotation": 180, "texture": "#1"},
				"south": {"uv": [7.5, 6.5, 7.75, 8], "rotation": 270, "texture": "#1"},
				"west": {"uv": [7.5, 6.5, 7.75, 6.75], "texture": "#1"},
				"up": {"uv": [7.75, 6.5, 7.5, 8], "rotation": 270, "texture": "#1"},
				"down": {"uv": [7.5, 6.5, 7.75, 8], "rotation": 270, "texture": "#1"}
			}
		},
		{
			"name": "0067_23",
			"from": [0.08518, 8.49686, 8.21018],
			"to": [1.08518, 8.99686, 8.46018],
			"rotation": {"angle": -22.5, "axis": "z", "origin": [0.92893, 8.74686, 7.17893]},
			"faces": {
				"north": {"uv": [9.25, 6.5, 9.5, 7.5], "rotation": 90, "texture": "#1"},
				"east": {"uv": [9.25, 7.25, 9.5, 7.5], "rotation": 180, "texture": "#1"},
				"south": {"uv": [9.25, 6.5, 9.5, 7.5], "rotation": 270, "texture": "#1"},
				"west": {"uv": [9.25, 6.5, 9.5, 6.75], "texture": "#1"},
				"up": {"uv": [9.5, 6.5, 9.25, 7.5], "rotation": 270, "texture": "#1"},
				"down": {"uv": [9.25, 6.5, 9.5, 7.5], "rotation": 270, "texture": "#1"}
			}
		},
		{
			"name": "0067_24",
			"from": [0.33518, 8.49686, 6.71018],
			"to": [1.83518, 8.99686, 6.96018],
			"rotation": {"angle": -22.5, "axis": "z", "origin": [0.92893, 8.74686, 7.17893]},
			"faces": {
				"north": {"uv": [7.75, 6.75, 8, 8.25], "rotation": 90, "texture": "#1"},
				"east": {"uv": [7.75, 8, 8, 8.25], "rotation": 180, "texture": "#1"},
				"south": {"uv": [7.75, 6.75, 8, 8.25], "rotation": 270, "texture": "#1"},
				"west": {"uv": [7.75, 6.75, 8, 7], "texture": "#1"},
				"up": {"uv": [8, 6.75, 7.75, 8.25], "rotation": 270, "texture": "#1"},
				"down": {"uv": [7.75, 6.75, 8, 8.25], "rotation": 270, "texture": "#1"}
			}
		},
		{
			"name": "0067_25",
			"from": [0.33518, 8.49686, 7.71018],
			"to": [0.58518, 8.99686, 7.96018],
			"rotation": {"angle": -22.5, "axis": "z", "origin": [0.92893, 8.74686, 7.17893]},
			"faces": {
				"north": {"uv": [8.75, 6.75, 9, 7], "rotation": 90, "texture": "#1"},
				"east": {"uv": [8.75, 6.75, 9, 7], "rotation": 180, "texture": "#1"},
				"south": {"uv": [8.75, 6.75, 9, 7], "rotation": 270, "texture": "#1"},
				"west": {"uv": [8.75, 6.75, 9, 7], "texture": "#1"},
				"up": {"uv": [9, 6.75, 8.75, 7], "rotation": 270, "texture": "#1"},
				"down": {"uv": [8.75, 6.75, 9, 7], "rotation": 270, "texture": "#1"}
			}
		},
		{
			"name": "0067_26",
			"from": [0.58518, 8.49686, 6.96018],
			"to": [2.08518, 8.99686, 7.21018],
			"rotation": {"angle": -22.5, "axis": "z", "origin": [0.92893, 8.74686, 7.17893]},
			"faces": {
				"north": {"uv": [8, 7, 8.25, 8.5], "rotation": 90, "texture": "#1"},
				"east": {"uv": [8, 8.25, 8.25, 8.5], "rotation": 180, "texture": "#1"},
				"south": {"uv": [8, 7, 8.25, 8.5], "rotation": 270, "texture": "#1"},
				"west": {"uv": [8, 7, 8.25, 7.25], "texture": "#1"},
				"up": {"uv": [8.25, 7, 8, 8.5], "rotation": 270, "texture": "#1"},
				"down": {"uv": [8, 7, 8.25, 8.5], "rotation": 270, "texture": "#1"}
			}
		},
		{
			"name": "0067_27",
			"from": [0.58518, 8.49686, 8.46018],
			"to": [3.58518, 8.99686, 8.71018],
			"rotation": {"angle": -22.5, "axis": "z", "origin": [0.92893, 8.74686, 7.17893]},
			"faces": {
				"north": {"uv": [9.5, 7, 9.75, 10], "rotation": 90, "texture": "#1"},
				"east": {"uv": [9.5, 9.75, 9.75, 10], "rotation": 180, "texture": "#1"},
				"south": {"uv": [9.5, 7, 9.75, 10], "rotation": 270, "texture": "#1"},
				"west": {"uv": [9.5, 7, 9.75, 7.25], "texture": "#1"},
				"up": {"uv": [9.75, 7, 9.5, 10], "rotation": 270, "texture": "#1"},
				"down": {"uv": [9.5, 7, 9.75, 10], "rotation": 270, "texture": "#1"}
			}
		},
		{
			"name": "0067_28",
			"from": [0.83518, 8.49686, 7.21018],
			"to": [2.33518, 8.99686, 7.46018],
			"rotation": {"angle": -22.5, "axis": "z", "origin": [0.92893, 8.74686, 7.17893]},
			"faces": {
				"north": {"uv": [8.25, 7.25, 8.5, 8.75], "rotation": 90, "texture": "#1"},
				"east": {"uv": [8.25, 8.5, 8.5, 8.75], "rotation": 180, "texture": "#1"},
				"south": {"uv": [8.25, 7.25, 8.5, 8.75], "rotation": 270, "texture": "#1"},
				"west": {"uv": [8.25, 7.25, 8.5, 7.5], "texture": "#1"},
				"up": {"uv": [8.5, 7.25, 8.25, 8.75], "rotation": 270, "texture": "#1"},
				"down": {"uv": [8.25, 7.25, 8.5, 8.75], "rotation": 270, "texture": "#1"}
			}
		},
		{
			"name": "0067_29",
			"from": [0.83518, 8.49686, 8.71018],
			"to": [1.58518, 8.99686, 8.96018],
			"rotation": {"angle": -22.5, "axis": "z", "origin": [0.92893, 8.74686, 7.17893]},
			"faces": {
				"north": {"uv": [9.75, 7.25, 10, 8], "rotation": 90, "texture": "#1"},
				"east": {"uv": [9.75, 7.75, 10, 8], "rotation": 180, "texture": "#1"},
				"south": {"uv": [9.75, 7.25, 10, 8], "rotation": 270, "texture": "#1"},
				"west": {"uv": [9.75, 7.25, 10, 7.5], "texture": "#1"},
				"up": {"uv": [10, 7.25, 9.75, 8], "rotation": 270, "texture": "#1"},
				"down": {"uv": [9.75, 7.25, 10, 8], "rotation": 270, "texture": "#1"}
			}
		},
		{
			"name": "0067_30",
			"from": [1.08518, 8.49686, 7.46018],
			"to": [2.58518, 8.99686, 7.71018],
			"rotation": {"angle": -22.5, "axis": "z", "origin": [0.92893, 8.74686, 7.17893]},
			"faces": {
				"north": {"uv": [8.5, 7.5, 8.75, 9], "rotation": 90, "texture": "#1"},
				"east": {"uv": [8.5, 8.75, 8.75, 9], "rotation": 180, "texture": "#1"},
				"south": {"uv": [8.5, 7.5, 8.75, 9], "rotation": 270, "texture": "#1"},
				"west": {"uv": [8.5, 7.5, 8.75, 7.75], "texture": "#1"},
				"up": {"uv": [8.75, 7.5, 8.5, 9], "rotation": 270, "texture": "#1"},
				"down": {"uv": [8.5, 7.5, 8.75, 9], "rotation": 270, "texture": "#1"}
			}
		},
		{
			"name": "0067_31",
			"from": [1.08518, 8.49686, 7.96018],
			"to": [3.33518, 8.99686, 8.21018],
			"rotation": {"angle": -22.5, "axis": "z", "origin": [0.92893, 8.74686, 7.17893]},
			"faces": {
				"north": {"uv": [9, 7.5, 9.25, 9.75], "rotation": 90, "texture": "#1"},
				"east": {"uv": [9, 9.5, 9.25, 9.75], "rotation": 180, "texture": "#1"},
				"south": {"uv": [9, 7.5, 9.25, 9.75], "rotation": 270, "texture": "#1"},
				"west": {"uv": [9, 7.5, 9.25, 7.75], "texture": "#1"},
				"up": {"uv": [9.25, 7.5, 9, 9.75], "rotation": 270, "texture": "#1"},
				"down": {"uv": [9, 7.5, 9.25, 9.75], "rotation": 270, "texture": "#1"}
			}
		},
		{
			"name": "0067_32",
			"from": [1.08518, 8.49686, 8.96018],
			"to": [1.83518, 8.99686, 9.21018],
			"rotation": {"angle": -22.5, "axis": "z", "origin": [0.92893, 8.74686, 7.17893]},
			"faces": {
				"north": {"uv": [10, 7.5, 10.25, 8.25], "rotation": 90, "texture": "#1"},
				"east": {"uv": [10, 8, 10.25, 8.25], "rotation": 180, "texture": "#1"},
				"south": {"uv": [10, 7.5, 10.25, 8.25], "rotation": 270, "texture": "#1"},
				"west": {"uv": [10, 7.5, 10.25, 7.75], "texture": "#1"},
				"up": {"uv": [10.25, 7.5, 10, 8.25], "rotation": 270, "texture": "#1"},
				"down": {"uv": [10, 7.5, 10.25, 8.25], "rotation": 270, "texture": "#1"}
			}
		},
		{
			"name": "0067_33",
			"from": [1.08518, 8.49686, 9.46018],
			"to": [1.58518, 8.99686, 9.96018],
			"rotation": {"angle": -22.5, "axis": "z", "origin": [0.92893, 8.74686, 7.17893]},
			"faces": {
				"north": {"uv": [10.5, 7.5, 10.75, 8], "rotation": 90, "texture": "#1"},
				"east": {"uv": [10.5, 7.75, 11, 8], "rotation": 180, "texture": "#1"},
				"south": {"uv": [10.75, 7.5, 11, 8], "rotation": 270, "texture": "#1"},
				"west": {"uv": [10.5, 7.5, 11, 7.75], "texture": "#1"},
				"up": {"uv": [11, 7.5, 10.5, 8], "rotation": 270, "texture": "#1"},
				"down": {"uv": [10.5, 7.5, 11, 8], "rotation": 270, "texture": "#1"}
			}
		},
		{
			"name": "0067_34",
			"from": [1.33518, 8.49686, 7.71018],
			"to": [2.83518, 8.99686, 7.96018],
			"rotation": {"angle": -22.5, "axis": "z", "origin": [0.92893, 8.74686, 7.17893]},
			"faces": {
				"north": {"uv": [8.75, 7.75, 9, 9.25], "rotation": 90, "texture": "#1"},
				"east": {"uv": [8.75, 9, 9, 9.25], "rotation": 180, "texture": "#1"},
				"south": {"uv": [8.75, 7.75, 9, 9.25], "rotation": 270, "texture": "#1"},
				"west": {"uv": [8.75, 7.75, 9, 8], "texture": "#1"},
				"up": {"uv": [9, 7.75, 8.75, 9.25], "rotation": 270, "texture": "#1"},
				"down": {"uv": [8.75, 7.75, 9, 9.25], "rotation": 270, "texture": "#1"}
			}
		},
		{
			"name": "0067_35",
			"from": [1.33518, 8.49686, 8.21018],
			"to": [3.33518, 8.99686, 8.46018],
			"rotation": {"angle": -22.5, "axis": "z", "origin": [0.92893, 8.74686, 7.17893]},
			"faces": {
				"north": {"uv": [9.25, 7.75, 9.5, 9.75], "rotation": 90, "texture": "#1"},
				"east": {"uv": [9.25, 9.5, 9.5, 9.75], "rotation": 180, "texture": "#1"},
				"south": {"uv": [9.25, 7.75, 9.5, 9.75], "rotation": 270, "texture": "#1"},
				"west": {"uv": [9.25, 7.75, 9.5, 8], "texture": "#1"},
				"up": {"uv": [9.5, 7.75, 9.25, 9.75], "rotation": 270, "texture": "#1"},
				"down": {"uv": [9.25, 7.75, 9.5, 9.75], "rotation": 270, "texture": "#1"}
			}
		},
		{
			"name": "0067_36",
			"from": [1.33518, 8.49686, 9.21018],
			"to": [2.08518, 8.99686, 9.46018],
			"rotation": {"angle": -22.5, "axis": "z", "origin": [0.92893, 8.74686, 7.17893]},
			"faces": {
				"north": {"uv": [10.25, 7.75, 10.5, 8.5], "rotation": 90, "texture": "#1"},
				"east": {"uv": [10.25, 8.25, 10.5, 8.5], "rotation": 180, "texture": "#1"},
				"south": {"uv": [10.25, 7.75, 10.5, 8.5], "rotation": 270, "texture": "#1"},
				"west": {"uv": [10.25, 7.75, 10.5, 8], "texture": "#1"},
				"up": {"uv": [10.5, 7.75, 10.25, 8.5], "rotation": 270, "texture": "#1"},
				"down": {"uv": [10.25, 7.75, 10.5, 8.5], "rotation": 270, "texture": "#1"}
			}
		},
		{
			"name": "0067_37",
			"from": [1.58518, 8.49686, 9.46018],
			"to": [2.33518, 8.99686, 9.71018],
			"rotation": {"angle": -22.5, "axis": "z", "origin": [0.92893, 8.74686, 7.17893]},
			"faces": {
				"north": {"uv": [10.5, 8, 10.75, 8.75], "rotation": 90, "texture": "#1"},
				"east": {"uv": [10.5, 8.5, 10.75, 8.75], "rotation": 180, "texture": "#1"},
				"south": {"uv": [10.5, 8, 10.75, 8.75], "rotation": 270, "texture": "#1"},
				"west": {"uv": [10.5, 8, 10.75, 8.25], "texture": "#1"},
				"up": {"uv": [10.75, 8, 10.5, 8.75], "rotation": 270, "texture": "#1"},
				"down": {"uv": [10.5, 8, 10.75, 8.75], "rotation": 270, "texture": "#1"}
			}
		},
		{
			"name": "0067_38",
			"from": [1.83518, 8.49686, 8.71018],
			"to": [2.08518, 8.99686, 8.96018],
			"rotation": {"angle": -22.5, "axis": "z", "origin": [0.92893, 8.74686, 7.17893]},
			"faces": {
				"north": {"uv": [9.75, 8.25, 10, 8.5], "rotation": 90, "texture": "#1"},
				"east": {"uv": [9.75, 8.25, 10, 8.5], "rotation": 180, "texture": "#1"},
				"south": {"uv": [9.75, 8.25, 10, 8.5], "rotation": 270, "texture": "#1"},
				"west": {"uv": [9.75, 8.25, 10, 8.5], "texture": "#1"},
				"up": {"uv": [10, 8.25, 9.75, 8.5], "rotation": 270, "texture": "#1"},
				"down": {"uv": [9.75, 8.25, 10, 8.5], "rotation": 270, "texture": "#1"}
			}
		},
		{
			"name": "0067_39",
			"from": [1.83518, 8.49686, 9.71018],
			"to": [3.83518, 8.99686, 9.96018],
			"rotation": {"angle": -22.5, "axis": "z", "origin": [0.92893, 8.74686, 7.17893]},
			"faces": {
				"north": {"uv": [10.75, 8.25, 11, 10.25], "rotation": 90, "texture": "#1"},
				"east": {"uv": [10.75, 10, 11, 10.25], "rotation": 180, "texture": "#1"},
				"south": {"uv": [10.75, 8.25, 11, 10.25], "rotation": 270, "texture": "#1"},
				"west": {"uv": [10.75, 8.25, 11, 8.5], "texture": "#1"},
				"up": {"uv": [11, 8.25, 10.75, 10.25], "rotation": 270, "texture": "#1"},
				"down": {"uv": [10.75, 8.25, 11, 10.25], "rotation": 270, "texture": "#1"}
			}
		},
		{
			"name": "0067_40",
			"from": [2.08518, 8.49686, 8.96018],
			"to": [2.33518, 8.99686, 9.21018],
			"rotation": {"angle": -22.5, "axis": "z", "origin": [0.92893, 8.74686, 7.17893]},
			"faces": {
				"north": {"uv": [10, 8.5, 10.25, 8.75], "rotation": 90, "texture": "#1"},
				"east": {"uv": [10, 8.5, 10.25, 8.75], "rotation": 180, "texture": "#1"},
				"south": {"uv": [10, 8.5, 10.25, 8.75], "rotation": 270, "texture": "#1"},
				"west": {"uv": [10, 8.5, 10.25, 8.75], "texture": "#1"},
				"up": {"uv": [10.25, 8.5, 10, 8.75], "rotation": 270, "texture": "#1"},
				"down": {"uv": [10, 8.5, 10.25, 8.75], "rotation": 270, "texture": "#1"}
			}
		},
		{
			"name": "0067_41",
			"from": [2.08518, 8.49686, 9.96018],
			"to": [3.33518, 8.99686, 10.21018],
			"rotation": {"angle": -22.5, "axis": "z", "origin": [0.92893, 8.74686, 7.17893]},
			"faces": {
				"north": {"uv": [11, 8.5, 11.25, 9.75], "rotation": 90, "texture": "#1"},
				"east": {"uv": [11, 9.5, 11.25, 9.75], "rotation": 180, "texture": "#1"},
				"south": {"uv": [11, 8.5, 11.25, 9.75], "rotation": 270, "texture": "#1"},
				"west": {"uv": [11, 8.5, 11.25, 8.75], "texture": "#1"},
				"up": {"uv": [11.25, 8.5, 11, 9.75], "rotation": 270, "texture": "#1"},
				"down": {"uv": [11, 8.5, 11.25, 9.75], "rotation": 270, "texture": "#1"}
			}
		},
		{
			"name": "0067_42",
			"from": [2.33518, 8.49686, 8.71018],
			"to": [4.08518, 8.99686, 8.96018],
			"rotation": {"angle": -22.5, "axis": "z", "origin": [0.92893, 8.74686, 7.17893]},
			"faces": {
				"north": {"uv": [9.75, 8.75, 10, 10.5], "rotation": 90, "texture": "#1"},
				"east": {"uv": [9.75, 10.25, 10, 10.5], "rotation": 180, "texture": "#1"},
				"south": {"uv": [9.75, 8.75, 10, 10.5], "rotation": 270, "texture": "#1"},
				"west": {"uv": [9.75, 8.75, 10, 9], "texture": "#1"},
				"up": {"uv": [10, 8.75, 9.75, 10.5], "rotation": 270, "texture": "#1"},
				"down": {"uv": [9.75, 8.75, 10, 10.5], "rotation": 270, "texture": "#1"}
			}
		},
		{
			"name": "0067_43",
			"from": [2.33518, 8.49686, 9.21018],
			"to": [5.33518, 8.99686, 9.46018],
			"rotation": {"angle": -22.5, "axis": "z", "origin": [0.92893, 8.74686, 7.17893]},
			"faces": {
				"north": {"uv": [10.25, 8.75, 10.5, 11.75], "rotation": 90, "texture": "#1"},
				"east": {"uv": [10.25, 11.5, 10.5, 11.75], "rotation": 180, "texture": "#1"},
				"south": {"uv": [10.25, 8.75, 10.5, 11.75], "rotation": 270, "texture": "#1"},
				"west": {"uv": [10.25, 8.75, 10.5, 9], "texture": "#1"},
				"up": {"uv": [10.5, 8.75, 10.25, 11.75], "rotation": 270, "texture": "#1"},
				"down": {"uv": [10.25, 8.75, 10.5, 11.75], "rotation": 270, "texture": "#1"}
			}
		},
		{
			"name": "0067_44",
			"from": [2.33518, 8.49686, 10.21018],
			"to": [3.08518, 8.99686, 10.46018],
			"rotation": {"angle": -22.5, "axis": "z", "origin": [0.92893, 8.74686, 7.17893]},
			"faces": {
				"north": {"uv": [11.25, 8.75, 11.5, 9.5], "rotation": 90, "texture": "#1"},
				"east": {"uv": [11.25, 9.25, 11.5, 9.5], "rotation": 180, "texture": "#1"},
				"south": {"uv": [11.25, 8.75, 11.5, 9.5], "rotation": 270, "texture": "#1"},
				"west": {"uv": [11.25, 8.75, 11.5, 9], "texture": "#1"},
				"up": {"uv": [11.5, 8.75, 11.25, 9.5], "rotation": 270, "texture": "#1"},
				"down": {"uv": [11.25, 8.75, 11.5, 9.5], "rotation": 270, "texture": "#1"}
			}
		},
		{
			"name": "0067_45",
			"from": [2.58518, 8.49686, 8.96018],
			"to": [5.33518, 8.99686, 9.21018],
			"rotation": {"angle": -22.5, "axis": "z", "origin": [0.92893, 8.74686, 7.17893]},
			"faces": {
				"north": {"uv": [10, 9, 10.25, 11.75], "rotation": 90, "texture": "#1"},
				"east": {"uv": [10, 11.5, 10.25, 11.75], "rotation": 180, "texture": "#1"},
				"south": {"uv": [10, 9, 10.25, 11.75], "rotation": 270, "texture": "#1"},
				"west": {"uv": [10, 9, 10.25, 9.25], "texture": "#1"},
				"up": {"uv": [10.25, 9, 10, 11.75], "rotation": 270, "texture": "#1"},
				"down": {"uv": [10, 9, 10.25, 11.75], "rotation": 270, "texture": "#1"}
			}
		},
		{
			"name": "0067_46",
			"from": [2.58518, 8.49686, 9.46018],
			"to": [5.08518, 8.99686, 9.71018],
			"rotation": {"angle": -22.5, "axis": "z", "origin": [0.92893, 8.74686, 7.17893]},
			"faces": {
				"north": {"uv": [10.5, 9, 10.75, 11.5], "rotation": 90, "texture": "#1"},
				"east": {"uv": [10.5, 11.25, 10.75, 11.5], "rotation": 180, "texture": "#1"},
				"south": {"uv": [10.5, 9, 10.75, 11.5], "rotation": 270, "texture": "#1"},
				"west": {"uv": [10.5, 9, 10.75, 9.25], "texture": "#1"},
				"up": {"uv": [10.75, 9, 10.5, 11.5], "rotation": 270, "texture": "#1"},
				"down": {"uv": [10.5, 9, 10.75, 11.5], "rotation": 270, "texture": "#1"}
			}
		},
		{
			"name": "0067_47",
			"from": [2.58518, 8.49686, 10.46018],
			"to": [3.08518, 8.99686, 10.96018],
			"rotation": {"angle": -22.5, "axis": "z", "origin": [0.92893, 8.74686, 7.17893]},
			"faces": {
				"north": {"uv": [11.5, 9, 11.75, 9.5], "rotation": 90, "texture": "#1"},
				"east": {"uv": [11.5, 9.25, 12, 9.5], "rotation": 180, "texture": "#1"},
				"south": {"uv": [11.75, 9, 12, 9.5], "rotation": 270, "texture": "#1"},
				"west": {"uv": [11.5, 9, 12, 9.25], "texture": "#1"},
				"up": {"uv": [12, 9, 11.5, 9.5], "rotation": 270, "texture": "#1"},
				"down": {"uv": [11.5, 9, 12, 9.5], "rotation": 270, "texture": "#1"}
			}
		},
		{
			"name": "0067_48",
			"from": [2.83518, 8.49686, 10.96018],
			"to": [3.08518, 8.99686, 11.21018],
			"rotation": {"angle": -22.5, "axis": "z", "origin": [0.92893, 8.74686, 7.17893]},
			"faces": {
				"north": {"uv": [12, 9.25, 12.25, 9.5], "rotation": 90, "texture": "#1"},
				"east": {"uv": [12, 9.25, 12.25, 9.5], "rotation": 180, "texture": "#1"},
				"south": {"uv": [12, 9.25, 12.25, 9.5], "rotation": 270, "texture": "#1"},
				"west": {"uv": [12, 9.25, 12.25, 9.5], "texture": "#1"},
				"up": {"uv": [12.25, 9.25, 12, 9.5], "rotation": 270, "texture": "#1"},
				"down": {"uv": [12, 9.25, 12.25, 9.5], "rotation": 270, "texture": "#1"}
			}
		},
		{
			"name": "0067_49",
			"from": [3.08518, 8.49686, 10.46018],
			"to": [3.33518, 8.99686, 10.71018],
			"rotation": {"angle": -22.5, "axis": "z", "origin": [0.92893, 8.74686, 7.17893]},
			"faces": {
				"north": {"uv": [11.5, 9.5, 11.75, 9.75], "rotation": 90, "texture": "#1"},
				"east": {"uv": [11.5, 9.5, 11.75, 9.75], "rotation": 180, "texture": "#1"},
				"south": {"uv": [11.5, 9.5, 11.75, 9.75], "rotation": 270, "texture": "#1"},
				"west": {"uv": [11.5, 9.5, 11.75, 9.75], "texture": "#1"},
				"up": {"uv": [11.75, 9.5, 11.5, 9.75], "rotation": 270, "texture": "#1"},
				"down": {"uv": [11.5, 9.5, 11.75, 9.75], "rotation": 270, "texture": "#1"}
			}
		},
		{
			"name": "0067_50",
			"from": [3.33518, 8.49686, 7.71018],
			"to": [3.83518, 8.99686, 7.96018],
			"rotation": {"angle": -22.5, "axis": "z", "origin": [0.92893, 8.74686, 7.17893]},
			"faces": {
				"north": {"uv": [8.75, 9.75, 9, 10.25], "rotation": 90, "texture": "#1"},
				"east": {"uv": [8.75, 10, 9, 10.25], "rotation": 180, "texture": "#1"},
				"south": {"uv": [8.75, 9.75, 9, 10.25], "rotation": 270, "texture": "#1"},
				"west": {"uv": [8.75, 9.75, 9, 10], "texture": "#1"},
				"up": {"uv": [9, 9.75, 8.75, 10.25], "rotation": 270, "texture": "#1"},
				"down": {"uv": [8.75, 9.75, 9, 10.25], "rotation": 270, "texture": "#1"}
			}
		},
		{
			"name": "0067_51",
			"from": [3.58518, 8.49686, 8.21018],
			"to": [3.83518, 8.99686, 8.46018],
			"rotation": {"angle": -22.5, "axis": "z", "origin": [0.92893, 8.74686, 7.17893]},
			"faces": {
				"north": {"uv": [9.25, 10, 9.5, 10.25], "rotation": 90, "texture": "#1"},
				"east": {"uv": [9.25, 10, 9.5, 10.25], "rotation": 180, "texture": "#1"},
				"south": {"uv": [9.25, 10, 9.5, 10.25], "rotation": 270, "texture": "#1"},
				"west": {"uv": [9.25, 10, 9.5, 10.25], "texture": "#1"},
				"up": {"uv": [9.5, 10, 9.25, 10.25], "rotation": 270, "texture": "#1"},
				"down": {"uv": [9.25, 10, 9.5, 10.25], "rotation": 270, "texture": "#1"}
			}
		},
		{
			"name": "0067_52",
			"from": [3.83518, 8.49686, 7.96018],
			"to": [4.08518, 8.99686, 8.21018],
			"rotation": {"angle": -22.5, "axis": "z", "origin": [0.92893, 8.74686, 7.17893]},
			"faces": {
				"north": {"uv": [9, 10.25, 9.25, 10.5], "rotation": 90, "texture": "#1"},
				"east": {"uv": [9, 10.25, 9.25, 10.5], "rotation": 180, "texture": "#1"},
				"south": {"uv": [9, 10.25, 9.25, 10.5], "rotation": 270, "texture": "#1"},
				"west": {"uv": [9, 10.25, 9.25, 10.5], "texture": "#1"},
				"up": {"uv": [9.25, 10.25, 9, 10.5], "rotation": 270, "texture": "#1"},
				"down": {"uv": [9, 10.25, 9.25, 10.5], "rotation": 270, "texture": "#1"}
			}
		},
		{
			"name": "0067_53",
			"from": [4.08518, 8.49686, 8.21018],
			"to": [4.33518, 8.99686, 8.71018],
			"rotation": {"angle": -22.5, "axis": "z", "origin": [0.92893, 8.74686, 7.17893]},
			"faces": {
				"north": {"uv": [9.25, 10.5, 9.5, 10.75], "rotation": 90, "texture": "#1"},
				"east": {"uv": [9.25, 10.5, 9.75, 10.75], "rotation": 180, "texture": "#1"},
				"south": {"uv": [9.5, 10.5, 9.75, 10.75], "rotation": 270, "texture": "#1"},
				"west": {"uv": [9.25, 10.5, 9.75, 10.75], "texture": "#1"},
				"up": {"uv": [9.75, 10.5, 9.25, 10.75], "rotation": 270, "texture": "#1"},
				"down": {"uv": [9.25, 10.5, 9.75, 10.75], "rotation": 270, "texture": "#1"}
			}
		},
		{
			"name": "0067_54",
			"from": [4.08518, 8.49686, 9.71018],
			"to": [5.33518, 8.99686, 10.21018],
			"rotation": {"angle": -22.5, "axis": "z", "origin": [0.92893, 8.74686, 7.17893]},
			"faces": {
				"north": {"uv": [10.75, 10.5, 11, 11.75], "rotation": 90, "texture": "#1"},
				"east": {"uv": [10.75, 11.5, 11.25, 11.75], "rotation": 180, "texture": "#1"},
				"south": {"uv": [11, 10.5, 11.25, 11.75], "rotation": 270, "texture": "#1"},
				"west": {"uv": [10.75, 10.5, 11.25, 10.75], "texture": "#1"},
				"up": {"uv": [11.25, 10.5, 10.75, 11.75], "rotation": 270, "texture": "#1"},
				"down": {"uv": [10.75, 10.5, 11.25, 11.75], "rotation": 270, "texture": "#1"}
			}
		},
		{
			"name": "0067_55",
			"from": [4.33518, 8.49686, 10.21018],
			"to": [6.33518, 8.99686, 10.46018],
			"rotation": {"angle": -22.5, "axis": "z", "origin": [0.92893, 8.74686, 7.17893]},
			"faces": {
				"north": {"uv": [11.25, 10.75, 11.5, 12.75], "rotation": 90, "texture": "#1"},
				"east": {"uv": [11.25, 12.5, 11.5, 12.75], "rotation": 180, "texture": "#1"},
				"south": {"uv": [11.25, 10.75, 11.5, 12.75], "rotation": 270, "texture": "#1"},
				"west": {"uv": [11.25, 10.75, 11.5, 11], "texture": "#1"},
				"up": {"uv": [11.5, 10.75, 11.25, 12.75], "rotation": 270, "texture": "#1"},
				"down": {"uv": [11.25, 10.75, 11.5, 12.75], "rotation": 270, "texture": "#1"}
			}
		},
		{
			"name": "0067_56",
			"from": [4.58518, 8.49686, 10.46018],
			"to": [6.58518, 8.99686, 10.71018],
			"rotation": {"angle": -22.5, "axis": "z", "origin": [0.92893, 8.74686, 7.17893]},
			"faces": {
				"north": {"uv": [11.5, 11, 11.75, 13], "rotation": 90, "texture": "#1"},
				"east": {"uv": [11.5, 12.75, 11.75, 13], "rotation": 180, "texture": "#1"},
				"south": {"uv": [11.5, 11, 11.75, 13], "rotation": 270, "texture": "#1"},
				"west": {"uv": [11.5, 11, 11.75, 11.25], "texture": "#1"},
				"up": {"uv": [11.75, 11, 11.5, 13], "rotation": 270, "texture": "#1"},
				"down": {"uv": [11.5, 11, 11.75, 13], "rotation": 270, "texture": "#1"}
			}
		},
		{
			"name": "0067_57",
			"from": [4.83518, 8.49686, 10.71018],
			"to": [7.08518, 8.99686, 10.96018],
			"rotation": {"angle": -22.5, "axis": "z", "origin": [0.92893, 8.74686, 7.17893]},
			"faces": {
				"north": {"uv": [11.75, 11.25, 12, 13.5], "rotation": 90, "texture": "#1"},
				"east": {"uv": [11.75, 13.25, 12, 13.5], "rotation": 180, "texture": "#1"},
				"south": {"uv": [11.75, 11.25, 12, 13.5], "rotation": 270, "texture": "#1"},
				"west": {"uv": [11.75, 11.25, 12, 11.5], "texture": "#1"},
				"up": {"uv": [12, 11.25, 11.75, 13.5], "rotation": 270, "texture": "#1"},
				"down": {"uv": [11.75, 11.25, 12, 13.5], "rotation": 270, "texture": "#1"}
			}
		},
		{
			"name": "0067_58",
			"from": [5.08518, 8.49686, 10.96018],
			"to": [7.58518, 8.99686, 11.21018],
			"rotation": {"angle": -22.5, "axis": "z", "origin": [0.92893, 8.74686, 7.17893]},
			"faces": {
				"north": {"uv": [12, 11.5, 12.25, 14], "rotation": 90, "texture": "#1"},
				"east": {"uv": [12, 13.75, 12.25, 14], "rotation": 180, "texture": "#1"},
				"south": {"uv": [12, 11.5, 12.25, 14], "rotation": 270, "texture": "#1"},
				"west": {"uv": [12, 11.5, 12.25, 11.75], "texture": "#1"},
				"up": {"uv": [12.25, 11.5, 12, 14], "rotation": 270, "texture": "#1"},
				"down": {"uv": [12, 11.5, 12.25, 14], "rotation": 270, "texture": "#1"}
			}
		},
		{
			"name": "0067_59",
			"from": [5.33518, 8.49686, 9.96018],
			"to": [5.83518, 8.99686, 10.21018],
			"rotation": {"angle": -22.5, "axis": "z", "origin": [0.92893, 8.74686, 7.17893]},
			"faces": {
				"north": {"uv": [11, 11.75, 11.25, 12.25], "rotation": 90, "texture": "#1"},
				"east": {"uv": [11, 12, 11.25, 12.25], "rotation": 180, "texture": "#1"},
				"south": {"uv": [11, 11.75, 11.25, 12.25], "rotation": 270, "texture": "#1"},
				"west": {"uv": [11, 11.75, 11.25, 12], "texture": "#1"},
				"up": {"uv": [11.25, 11.75, 11, 12.25], "rotation": 270, "texture": "#1"},
				"down": {"uv": [11, 11.75, 11.25, 12.25], "rotation": 270, "texture": "#1"}
			}
		},
		{
			"name": "0067_60",
			"from": [5.33518, 8.49686, 11.21018],
			"to": [7.83518, 8.99686, 11.46018],
			"rotation": {"angle": -22.5, "axis": "z", "origin": [0.92893, 8.74686, 7.17893]},
			"faces": {
				"north": {"uv": [12.25, 11.75, 12.5, 14.25], "rotation": 90, "texture": "#1"},
				"east": {"uv": [12.25, 14, 12.5, 14.25], "rotation": 180, "texture": "#1"},
				"south": {"uv": [12.25, 11.75, 12.5, 14.25], "rotation": 270, "texture": "#1"},
				"west": {"uv": [12.25, 11.75, 12.5, 12], "texture": "#1"},
				"up": {"uv": [12.5, 11.75, 12.25, 14.25], "rotation": 270, "texture": "#1"},
				"down": {"uv": [12.25, 11.75, 12.5, 14.25], "rotation": 270, "texture": "#1"}
			}
		},
		{
			"name": "0067_61",
			"from": [5.58518, 8.49686, 11.46018],
			"to": [7.58518, 8.99686, 11.71018],
			"rotation": {"angle": -22.5, "axis": "z", "origin": [0.92893, 8.74686, 7.17893]},
			"faces": {
				"north": {"uv": [12.5, 12, 12.75, 14], "rotation": 90, "texture": "#1"},
				"east": {"uv": [12.5, 13.75, 12.75, 14], "rotation": 180, "texture": "#1"},
				"south": {"uv": [12.5, 12, 12.75, 14], "rotation": 270, "texture": "#1"},
				"west": {"uv": [12.5, 12, 12.75, 12.25], "texture": "#1"},
				"up": {"uv": [12.75, 12, 12.5, 14], "rotation": 270, "texture": "#1"},
				"down": {"uv": [12.5, 12, 12.75, 14], "rotation": 270, "texture": "#1"}
			}
		},
		{
			"name": "0067_62",
			"from": [5.83518, 8.49686, 11.71018],
			"to": [7.33518, 8.99686, 11.96018],
			"rotation": {"angle": -22.5, "axis": "z", "origin": [0.92893, 8.74686, 7.17893]},
			"faces": {
				"north": {"uv": [12.75, 12.25, 13, 13.75], "rotation": 90, "texture": "#1"},
				"east": {"uv": [12.75, 13.5, 13, 13.75], "rotation": 180, "texture": "#1"},
				"south": {"uv": [12.75, 12.25, 13, 13.75], "rotation": 270, "texture": "#1"},
				"west": {"uv": [12.75, 12.25, 13, 12.5], "texture": "#1"},
				"up": {"uv": [13, 12.25, 12.75, 13.75], "rotation": 270, "texture": "#1"},
				"down": {"uv": [12.75, 12.25, 13, 13.75], "rotation": 270, "texture": "#1"}
			}
		},
		{
			"name": "0067_63",
			"from": [6.08518, 8.49686, 11.96018],
			"to": [7.08518, 8.99686, 12.21018],
			"rotation": {"angle": -22.5, "axis": "z", "origin": [0.92893, 8.74686, 7.17893]},
			"faces": {
				"north": {"uv": [13, 12.5, 13.25, 13.5], "rotation": 90, "texture": "#1"},
				"east": {"uv": [13, 13.25, 13.25, 13.5], "rotation": 180, "texture": "#1"},
				"south": {"uv": [13, 12.5, 13.25, 13.5], "rotation": 270, "texture": "#1"},
				"west": {"uv": [13, 12.5, 13.25, 12.75], "texture": "#1"},
				"up": {"uv": [13.25, 12.5, 13, 13.5], "rotation": 270, "texture": "#1"},
				"down": {"uv": [13, 12.5, 13.25, 13.5], "rotation": 270, "texture": "#1"}
			}
		},
		{
			"name": "0067_64",
			"from": [6.33518, 8.49686, 12.21018],
			"to": [6.83518, 8.99686, 12.46018],
			"rotation": {"angle": -22.5, "axis": "z", "origin": [0.92893, 8.74686, 7.17893]},
			"faces": {
				"north": {"uv": [13.25, 12.75, 13.5, 13.25], "rotation": 90, "texture": "#1"},
				"east": {"uv": [13.25, 13, 13.5, 13.25], "rotation": 180, "texture": "#1"},
				"south": {"uv": [13.25, 12.75, 13.5, 13.25], "rotation": 270, "texture": "#1"},
				"west": {"uv": [13.25, 12.75, 13.5, 13], "texture": "#1"},
				"up": {"uv": [13.5, 12.75, 13.25, 13.25], "rotation": 270, "texture": "#1"},
				"down": {"uv": [13.25, 12.75, 13.5, 13.25], "rotation": 270, "texture": "#1"}
			}
		},
		{
			"name": "0067_0",
			"from": [19.91482, 8.49686, 1.71018],
			"to": [20.66482, 8.99686, 1.96018],
			"rotation": {"angle": 22.5, "axis": "z", "origin": [15.07107, 8.74686, 7.17893]},
			"faces": {
				"north": {"uv": [2.75, 2.5, 3, 1.75], "rotation": 90, "texture": "#1"},
				"east": {"uv": [3, 1.75, 2.75, 2], "texture": "#1"},
				"south": {"uv": [2.75, 2.5, 3, 1.75], "rotation": 270, "texture": "#1"},
				"west": {"uv": [3, 2.25, 2.75, 2.5], "rotation": 180, "texture": "#1"},
				"up": {"uv": [3, 2.5, 2.75, 1.75], "rotation": 270, "texture": "#1"},
				"down": {"uv": [2.75, 2.5, 3, 1.75], "rotation": 270, "texture": "#1"}
			}
		},
		{
			"name": "0067_1",
			"from": [20.16482, 8.49686, 1.46018],
			"to": [20.41482, 8.99686, 1.71018],
			"rotation": {"angle": 22.5, "axis": "z", "origin": [15.07107, 8.74686, 7.17893]},
			"faces": {
				"north": {"uv": [2.5, 2.25, 2.75, 2], "rotation": 90, "texture": "#1"},
				"east": {"uv": [2.75, 2, 2.5, 2.25], "texture": "#1"},
				"south": {"uv": [2.5, 2.25, 2.75, 2], "rotation": 270, "texture": "#1"},
				"west": {"uv": [2.75, 2, 2.5, 2.25], "rotation": 180, "texture": "#1"},
				"up": {"uv": [2.75, 2.25, 2.5, 2], "rotation": 270, "texture": "#1"},
				"down": {"uv": [2.5, 2.25, 2.75, 2], "rotation": 270, "texture": "#1"}
			}
		},
		{
			"name": "0067_2",
			"from": [19.66482, 8.49686, 1.96018],
			"to": [20.41482, 8.99686, 2.21018],
			"rotation": {"angle": 22.5, "axis": "z", "origin": [15.07107, 8.74686, 7.17893]},
			"faces": {
				"north": {"uv": [3, 2.75, 3.25, 2], "rotation": 90, "texture": "#1"},
				"east": {"uv": [3.25, 2, 3, 2.25], "texture": "#1"},
				"south": {"uv": [3, 2.75, 3.25, 2], "rotation": 270, "texture": "#1"},
				"west": {"uv": [3.25, 2.5, 3, 2.75], "rotation": 180, "texture": "#1"},
				"up": {"uv": [3.25, 2.75, 3, 2], "rotation": 270, "texture": "#1"},
				"down": {"uv": [3, 2.75, 3.25, 2], "rotation": 270, "texture": "#1"}
			}
		},
		{
			"name": "0067_3",
			"from": [19.41482, 8.49686, 2.21018],
			"to": [20.16482, 8.99686, 2.46018],
			"rotation": {"angle": 22.5, "axis": "z", "origin": [15.07107, 8.74686, 7.17893]},
			"faces": {
				"north": {"uv": [3.25, 3, 3.5, 2.25], "rotation": 90, "texture": "#1"},
				"east": {"uv": [3.5, 2.25, 3.25, 2.5], "texture": "#1"},
				"south": {"uv": [3.25, 3, 3.5, 2.25], "rotation": 270, "texture": "#1"},
				"west": {"uv": [3.5, 2.75, 3.25, 3], "rotation": 180, "texture": "#1"},
				"up": {"uv": [3.5, 3, 3.25, 2.25], "rotation": 270, "texture": "#1"},
				"down": {"uv": [3.25, 3, 3.5, 2.25], "rotation": 270, "texture": "#1"}
			}
		},
		{
			"name": "0067_4",
			"from": [19.16482, 8.49686, 2.46018],
			"to": [19.91482, 8.99686, 2.71018],
			"rotation": {"angle": 22.5, "axis": "z", "origin": [15.07107, 8.74686, 7.17893]},
			"faces": {
				"north": {"uv": [3.5, 3.25, 3.75, 2.5], "rotation": 90, "texture": "#1"},
				"east": {"uv": [3.75, 2.5, 3.5, 2.75], "texture": "#1"},
				"south": {"uv": [3.5, 3.25, 3.75, 2.5], "rotation": 270, "texture": "#1"},
				"west": {"uv": [3.75, 3, 3.5, 3.25], "rotation": 180, "texture": "#1"},
				"up": {"uv": [3.75, 3.25, 3.5, 2.5], "rotation": 270, "texture": "#1"},
				"down": {"uv": [3.5, 3.25, 3.75, 2.5], "rotation": 270, "texture": "#1"}
			}
		},
		{
			"name": "0067_5",
			"from": [18.91482, 8.49686, 2.71018],
			"to": [19.66482, 8.99686, 2.96018],
			"rotation": {"angle": 22.5, "axis": "z", "origin": [15.07107, 8.74686, 7.17893]},
			"faces": {
				"north": {"uv": [3.75, 3.5, 4, 2.75], "rotation": 90, "texture": "#1"},
				"east": {"uv": [4, 2.75, 3.75, 3], "texture": "#1"},
				"south": {"uv": [3.75, 3.5, 4, 2.75], "rotation": 270, "texture": "#1"},
				"west": {"uv": [4, 3.25, 3.75, 3.5], "rotation": 180, "texture": "#1"},
				"up": {"uv": [4, 3.5, 3.75, 2.75], "rotation": 270, "texture": "#1"},
				"down": {"uv": [3.75, 3.5, 4, 2.75], "rotation": 270, "texture": "#1"}
			}
		},
		{
			"name": "0067_6",
			"from": [18.66482, 8.49686, 2.96018],
			"to": [19.41482, 8.99686, 3.21018],
			"rotation": {"angle": 22.5, "axis": "z", "origin": [15.07107, 8.74686, 7.17893]},
			"faces": {
				"north": {"uv": [4, 3.75, 4.25, 3], "rotation": 90, "texture": "#1"},
				"east": {"uv": [4.25, 3, 4, 3.25], "texture": "#1"},
				"south": {"uv": [4, 3.75, 4.25, 3], "rotation": 270, "texture": "#1"},
				"west": {"uv": [4.25, 3.5, 4, 3.75], "rotation": 180, "texture": "#1"},
				"up": {"uv": [4.25, 3.75, 4, 3], "rotation": 270, "texture": "#1"},
				"down": {"uv": [4, 3.75, 4.25, 3], "rotation": 270, "texture": "#1"}
			}
		},
		{
			"name": "0067_7",
			"from": [18.41482, 8.49686, 3.21018],
			"to": [19.16482, 8.99686, 3.46018],
			"rotation": {"angle": 22.5, "axis": "z", "origin": [15.07107, 8.74686, 7.17893]},
			"faces": {
				"north": {"uv": [4.25, 4, 4.5, 3.25], "rotation": 90, "texture": "#1"},
				"east": {"uv": [4.5, 3.25, 4.25, 3.5], "texture": "#1"},
				"south": {"uv": [4.25, 4, 4.5, 3.25], "rotation": 270, "texture": "#1"},
				"west": {"uv": [4.5, 3.75, 4.25, 4], "rotation": 180, "texture": "#1"},
				"up": {"uv": [4.5, 4, 4.25, 3.25], "rotation": 270, "texture": "#1"},
				"down": {"uv": [4.25, 4, 4.5, 3.25], "rotation": 270, "texture": "#1"}
			}
		},
		{
			"name": "0067_8",
			"from": [18.16482, 8.49686, 3.46018],
			"to": [18.91482, 8.99686, 3.71018],
			"rotation": {"angle": 22.5, "axis": "z", "origin": [15.07107, 8.74686, 7.17893]},
			"faces": {
				"north": {"uv": [4.5, 4.25, 4.75, 3.5], "rotation": 90, "texture": "#1"},
				"east": {"uv": [4.75, 3.5, 4.5, 3.75], "texture": "#1"},
				"south": {"uv": [4.5, 4.25, 4.75, 3.5], "rotation": 270, "texture": "#1"},
				"west": {"uv": [4.75, 4, 4.5, 4.25], "rotation": 180, "texture": "#1"},
				"up": {"uv": [4.75, 4.25, 4.5, 3.5], "rotation": 270, "texture": "#1"},
				"down": {"uv": [4.5, 4.25, 4.75, 3.5], "rotation": 270, "texture": "#1"}
			}
		},
		{
			"name": "0067_9",
			"from": [17.91482, 8.49686, 3.71018],
			"to": [18.66482, 8.99686, 3.96018],
			"rotation": {"angle": 22.5, "axis": "z", "origin": [15.07107, 8.74686, 7.17893]},
			"faces": {
				"north": {"uv": [4.75, 4.5, 5, 3.75], "rotation": 90, "texture": "#1"},
				"east": {"uv": [5, 3.75, 4.75, 4], "texture": "#1"},
				"south": {"uv": [4.75, 4.5, 5, 3.75], "rotation": 270, "texture": "#1"},
				"west": {"uv": [5, 4.25, 4.75, 4.5], "rotation": 180, "texture": "#1"},
				"up": {"uv": [5, 4.5, 4.75, 3.75], "rotation": 270, "texture": "#1"},
				"down": {"uv": [4.75, 4.5, 5, 3.75], "rotation": 270, "texture": "#1"}
			}
		},
		{
			"name": "0067_10",
			"from": [17.66482, 8.49686, 3.96018],
			"to": [18.41482, 8.99686, 4.21018],
			"rotation": {"angle": 22.5, "axis": "z", "origin": [15.07107, 8.74686, 7.17893]},
			"faces": {
				"north": {"uv": [5, 4.75, 5.25, 4], "rotation": 90, "texture": "#1"},
				"east": {"uv": [5.25, 4, 5, 4.25], "texture": "#1"},
				"south": {"uv": [5, 4.75, 5.25, 4], "rotation": 270, "texture": "#1"},
				"west": {"uv": [5.25, 4.5, 5, 4.75], "rotation": 180, "texture": "#1"},
				"up": {"uv": [5.25, 4.75, 5, 4], "rotation": 270, "texture": "#1"},
				"down": {"uv": [5, 4.75, 5.25, 4], "rotation": 270, "texture": "#1"}
			}
		},
		{
			"name": "0067_11",
			"from": [17.41482, 8.49686, 4.21018],
			"to": [18.16482, 8.99686, 4.46018],
			"rotation": {"angle": 22.5, "axis": "z", "origin": [15.07107, 8.74686, 7.17893]},
			"faces": {
				"north": {"uv": [5.25, 5, 5.5, 4.25], "rotation": 90, "texture": "#1"},
				"east": {"uv": [5.5, 4.25, 5.25, 4.5], "texture": "#1"},
				"south": {"uv": [5.25, 5, 5.5, 4.25], "rotation": 270, "texture": "#1"},
				"west": {"uv": [5.5, 4.75, 5.25, 5], "rotation": 180, "texture": "#1"},
				"up": {"uv": [5.5, 5, 5.25, 4.25], "rotation": 270, "texture": "#1"},
				"down": {"uv": [5.25, 5, 5.5, 4.25], "rotation": 270, "texture": "#1"}
			}
		},
		{
			"name": "0067_12",
			"from": [17.16482, 8.49686, 4.46018],
			"to": [17.91482, 8.99686, 4.71018],
			"rotation": {"angle": 22.5, "axis": "z", "origin": [15.07107, 8.74686, 7.17893]},
			"faces": {
				"north": {"uv": [5.5, 5.25, 5.75, 4.5], "rotation": 90, "texture": "#1"},
				"east": {"uv": [5.75, 4.5, 5.5, 4.75], "texture": "#1"},
				"south": {"uv": [5.5, 5.25, 5.75, 4.5], "rotation": 270, "texture": "#1"},
				"west": {"uv": [5.75, 5, 5.5, 5.25], "rotation": 180, "texture": "#1"},
				"up": {"uv": [5.75, 5.25, 5.5, 4.5], "rotation": 270, "texture": "#1"},
				"down": {"uv": [5.5, 5.25, 5.75, 4.5], "rotation": 270, "texture": "#1"}
			}
		},
		{
			"name": "0067_13",
			"from": [16.91482, 8.49686, 4.71018],
			"to": [17.66482, 8.99686, 4.96018],
			"rotation": {"angle": 22.5, "axis": "z", "origin": [15.07107, 8.74686, 7.17893]},
			"faces": {
				"north": {"uv": [5.75, 5.5, 6, 4.75], "rotation": 90, "texture": "#1"},
				"east": {"uv": [6, 4.75, 5.75, 5], "texture": "#1"},
				"south": {"uv": [5.75, 5.5, 6, 4.75], "rotation": 270, "texture": "#1"},
				"west": {"uv": [6, 5.25, 5.75, 5.5], "rotation": 180, "texture": "#1"},
				"up": {"uv": [6, 5.5, 5.75, 4.75], "rotation": 270, "texture": "#1"},
				"down": {"uv": [5.75, 5.5, 6, 4.75], "rotation": 270, "texture": "#1"}
			}
		},
		{
			"name": "0067_14",
			"from": [16.66482, 8.49686, 4.96018],
			"to": [17.41482, 8.99686, 5.21018],
			"rotation": {"angle": 22.5, "axis": "z", "origin": [15.07107, 8.74686, 7.17893]},
			"faces": {
				"north": {"uv": [6, 5.75, 6.25, 5], "rotation": 90, "texture": "#1"},
				"east": {"uv": [6.25, 5, 6, 5.25], "texture": "#1"},
				"south": {"uv": [6, 5.75, 6.25, 5], "rotation": 270, "texture": "#1"},
				"west": {"uv": [6.25, 5.5, 6, 5.75], "rotation": 180, "texture": "#1"},
				"up": {"uv": [6.25, 5.75, 6, 5], "rotation": 270, "texture": "#1"},
				"down": {"uv": [6, 5.75, 6.25, 5], "rotation": 270, "texture": "#1"}
			}
		},
		{
			"name": "0067_15",
			"from": [16.41482, 8.49686, 5.21018],
			"to": [17.16482, 8.99686, 5.46018],
			"rotation": {"angle": 22.5, "axis": "z", "origin": [15.07107, 8.74686, 7.17893]},
			"faces": {
				"north": {"uv": [6.25, 6, 6.5, 5.25], "rotation": 90, "texture": "#1"},
				"east": {"uv": [6.5, 5.25, 6.25, 5.5], "texture": "#1"},
				"south": {"uv": [6.25, 6, 6.5, 5.25], "rotation": 270, "texture": "#1"},
				"west": {"uv": [6.5, 5.75, 6.25, 6], "rotation": 180, "texture": "#1"},
				"up": {"uv": [6.5, 6, 6.25, 5.25], "rotation": 270, "texture": "#1"},
				"down": {"uv": [6.25, 6, 6.5, 5.25], "rotation": 270, "texture": "#1"}
			}
		},
		{
			"name": "0067_16",
			"from": [15.41482, 8.49686, 5.46018],
			"to": [16.91482, 8.99686, 5.71018],
			"rotation": {"angle": 22.5, "axis": "z", "origin": [15.07107, 8.74686, 7.17893]},
			"faces": {
				"north": {"uv": [6.5, 7, 6.75, 5.5], "rotation": 90, "texture": "#1"},
				"east": {"uv": [6.75, 5.5, 6.5, 5.75], "texture": "#1"},
				"south": {"uv": [6.5, 7, 6.75, 5.5], "rotation": 270, "texture": "#1"},
				"west": {"uv": [6.75, 6.75, 6.5, 7], "rotation": 180, "texture": "#1"},
				"up": {"uv": [6.75, 7, 6.5, 5.5], "rotation": 270, "texture": "#1"},
				"down": {"uv": [6.5, 7, 6.75, 5.5], "rotation": 270, "texture": "#1"}
			}
		},
		{
			"name": "0067_17",
			"from": [15.16482, 8.49686, 5.71018],
			"to": [16.66482, 8.99686, 5.96018],
			"rotation": {"angle": 22.5, "axis": "z", "origin": [15.07107, 8.74686, 7.17893]},
			"faces": {
				"north": {"uv": [6.75, 7.25, 7, 5.75], "rotation": 90, "texture": "#1"},
				"east": {"uv": [7, 5.75, 6.75, 6], "texture": "#1"},
				"south": {"uv": [6.75, 7.25, 7, 5.75], "rotation": 270, "texture": "#1"},
				"west": {"uv": [7, 7, 6.75, 7.25], "rotation": 180, "texture": "#1"},
				"up": {"uv": [7, 7.25, 6.75, 5.75], "rotation": 270, "texture": "#1"},
				"down": {"uv": [6.75, 7.25, 7, 5.75], "rotation": 270, "texture": "#1"}
			}
		},
		{
			"name": "0067_18",
			"from": [14.91482, 8.49686, 5.96018],
			"to": [16.41482, 8.99686, 6.21018],
			"rotation": {"angle": 22.5, "axis": "z", "origin": [15.07107, 8.74686, 7.17893]},
			"faces": {
				"north": {"uv": [7, 7.5, 7.25, 6], "rotation": 90, "texture": "#1"},
				"east": {"uv": [7.25, 6, 7, 6.25], "texture": "#1"},
				"south": {"uv": [7, 7.5, 7.25, 6], "rotation": 270, "texture": "#1"},
				"west": {"uv": [7.25, 7.25, 7, 7.5], "rotation": 180, "texture": "#1"},
				"up": {"uv": [7.25, 7.5, 7, 6], "rotation": 270, "texture": "#1"},
				"down": {"uv": [7, 7.5, 7.25, 6], "rotation": 270, "texture": "#1"}
			}
		},
		{
			"name": "0067_19",
			"from": [15.66482, 8.49686, 5.21018],
			"to": [16.16482, 8.99686, 5.46018],
			"rotation": {"angle": 22.5, "axis": "z", "origin": [15.07107, 8.74686, 7.17893]},
			"faces": {
				"north": {"uv": [6.25, 6.75, 6.5, 6.25], "rotation": 90, "texture": "#1"},
				"east": {"uv": [6.5, 6.25, 6.25, 6.5], "texture": "#1"},
				"south": {"uv": [6.25, 6.75, 6.5, 6.25], "rotation": 270, "texture": "#1"},
				"west": {"uv": [6.5, 6.5, 6.25, 6.75], "rotation": 180, "texture": "#1"},
				"up": {"uv": [6.5, 6.75, 6.25, 6.25], "rotation": 270, "texture": "#1"},
				"down": {"uv": [6.25, 6.75, 6.5, 6.25], "rotation": 270, "texture": "#1"}
			}
		},
		{
			"name": "0067_20",
			"from": [14.66482, 8.49686, 6.21018],
			"to": [16.16482, 8.99686, 6.46018],
			"rotation": {"angle": 22.5, "axis": "z", "origin": [15.07107, 8.74686, 7.17893]},
			"faces": {
				"north": {"uv": [7.25, 7.75, 7.5, 6.25], "rotation": 90, "texture": "#1"},
				"east": {"uv": [7.5, 6.25, 7.25, 6.5], "texture": "#1"},
				"south": {"uv": [7.25, 7.75, 7.5, 6.25], "rotation": 270, "texture": "#1"},
				"west": {"uv": [7.5, 7.5, 7.25, 7.75], "rotation": 180, "texture": "#1"},
				"up": {"uv": [7.5, 7.75, 7.25, 6.25], "rotation": 270, "texture": "#1"},
				"down": {"uv": [7.25, 7.75, 7.5, 6.25], "rotation": 270, "texture": "#1"}
			}
		},
		{
			"name": "0067_21",
			"from": [15.16482, 8.49686, 7.96018],
			"to": [16.16482, 8.99686, 8.21018],
			"rotation": {"angle": 22.5, "axis": "z", "origin": [15.07107, 8.74686, 7.17893]},
			"faces": {
				"north": {"uv": [9, 7.25, 9.25, 6.25], "rotation": 90, "texture": "#1"},
				"east": {"uv": [9.25, 6.25, 9, 6.5], "texture": "#1"},
				"south": {"uv": [9, 7.25, 9.25, 6.25], "rotation": 270, "texture": "#1"},
				"west": {"uv": [9.25, 7, 9, 7.25], "rotation": 180, "texture": "#1"},
				"up": {"uv": [9.25, 7.25, 9, 6.25], "rotation": 270, "texture": "#1"},
				"down": {"uv": [9, 7.25, 9.25, 6.25], "rotation": 270, "texture": "#1"}
			}
		},
		{
			"name": "0067_22",
			"from": [14.41482, 8.49686, 6.46018],
			"to": [15.91482, 8.99686, 6.71018],
			"rotation": {"angle": 22.5, "axis": "z", "origin": [15.07107, 8.74686, 7.17893]},
			"faces": {
				"north": {"uv": [7.5, 8, 7.75, 6.5], "rotation": 90, "texture": "#1"},
				"east": {"uv": [7.75, 6.5, 7.5, 6.75], "texture": "#1"},
				"south": {"uv": [7.5, 8, 7.75, 6.5], "rotation": 270, "texture": "#1"},
				"west": {"uv": [7.75, 7.75, 7.5, 8], "rotation": 180, "texture": "#1"},
				"up": {"uv": [7.75, 8, 7.5, 6.5], "rotation": 270, "texture": "#1"},
				"down": {"uv": [7.5, 8, 7.75, 6.5], "rotation": 270, "texture": "#1"}
			}
		},
		{
			"name": "0067_23",
			"from": [14.91482, 8.49686, 8.21018],
			"to": [15.91482, 8.99686, 8.46018],
			"rotation": {"angle": 22.5, "axis": "z", "origin": [15.07107, 8.74686, 7.17893]},
			"faces": {
				"north": {"uv": [9.25, 7.5, 9.5, 6.5], "rotation": 90, "texture": "#1"},
				"east": {"uv": [9.5, 6.5, 9.25, 6.75], "texture": "#1"},
				"south": {"uv": [9.25, 7.5, 9.5, 6.5], "rotation": 270, "texture": "#1"},
				"west": {"uv": [9.5, 7.25, 9.25, 7.5], "rotation": 180, "texture": "#1"},
				"up": {"uv": [9.5, 7.5, 9.25, 6.5], "rotation": 270, "texture": "#1"},
				"down": {"uv": [9.25, 7.5, 9.5, 6.5], "rotation": 270, "texture": "#1"}
			}
		},
		{
			"name": "0067_24",
			"from": [14.16482, 8.49686, 6.71018],
			"to": [15.66482, 8.99686, 6.96018],
			"rotation": {"angle": 22.5, "axis": "z", "origin": [15.07107, 8.74686, 7.17893]},
			"faces": {
				"north": {"uv": [7.75, 8.25, 8, 6.75], "rotation": 90, "texture": "#1"},
				"east": {"uv": [8, 6.75, 7.75, 7], "texture": "#1"},
				"south": {"uv": [7.75, 8.25, 8, 6.75], "rotation": 270, "texture": "#1"},
				"west": {"uv": [8, 8, 7.75, 8.25], "rotation": 180, "texture": "#1"},
				"up": {"uv": [8, 8.25, 7.75, 6.75], "rotation": 270, "texture": "#1"},
				"down": {"uv": [7.75, 8.25, 8, 6.75], "rotation": 270, "texture": "#1"}
			}
		},
		{
			"name": "0067_25",
			"from": [15.41482, 8.49686, 7.71018],
			"to": [15.66482, 8.99686, 7.96018],
			"rotation": {"angle": 22.5, "axis": "z", "origin": [15.07107, 8.74686, 7.17893]},
			"faces": {
				"north": {"uv": [8.75, 7, 9, 6.75], "rotation": 90, "texture": "#1"},
				"east": {"uv": [9, 6.75, 8.75, 7], "texture": "#1"},
				"south": {"uv": [8.75, 7, 9, 6.75], "rotation": 270, "texture": "#1"},
				"west": {"uv": [9, 6.75, 8.75, 7], "rotation": 180, "texture": "#1"},
				"up": {"uv": [9, 7, 8.75, 6.75], "rotation": 270, "texture": "#1"},
				"down": {"uv": [8.75, 7, 9, 6.75], "rotation": 270, "texture": "#1"}
			}
		},
		{
			"name": "0067_26",
			"from": [13.91482, 8.49686, 6.96018],
			"to": [15.41482, 8.99686, 7.21018],
			"rotation": {"angle": 22.5, "axis": "z", "origin": [15.07107, 8.74686, 7.17893]},
			"faces": {
				"north": {"uv": [8, 8.5, 8.25, 7], "rotation": 90, "texture": "#1"},
				"east": {"uv": [8.25, 7, 8, 7.25], "texture": "#1"},
				"south": {"uv": [8, 8.5, 8.25, 7], "rotation": 270, "texture": "#1"},
				"west": {"uv": [8.25, 8.25, 8, 8.5], "rotation": 180, "texture": "#1"},
				"up": {"uv": [8.25, 8.5, 8, 7], "rotation": 270, "texture": "#1"},
				"down": {"uv": [8, 8.5, 8.25, 7], "rotation": 270, "texture": "#1"}
			}
		},
		{
			"name": "0067_27",
			"from": [12.41482, 8.49686, 8.46018],
			"to": [15.41482, 8.99686, 8.71018],
			"rotation": {"angle": 22.5, "axis": "z", "origin": [15.07107, 8.74686, 7.17893]},
			"faces": {
				"north": {"uv": [9.5, 10, 9.75, 7], "rotation": 90, "texture": "#1"},
				"east": {"uv": [9.75, 7, 9.5, 7.25], "texture": "#1"},
				"south": {"uv": [9.5, 10, 9.75, 7], "rotation": 270, "texture": "#1"},
				"west": {"uv": [9.75, 9.75, 9.5, 10], "rotation": 180, "texture": "#1"},
				"up": {"uv": [9.75, 10, 9.5, 7], "rotation": 270, "texture": "#1"},
				"down": {"uv": [9.5, 10, 9.75, 7], "rotation": 270, "texture": "#1"}
			}
		},
		{
			"name": "0067_28",
			"from": [13.66482, 8.49686, 7.21018],
			"to": [15.16482, 8.99686, 7.46018],
			"rotation": {"angle": 22.5, "axis": "z", "origin": [15.07107, 8.74686, 7.17893]},
			"faces": {
				"north": {"uv": [8.25, 8.75, 8.5, 7.25], "rotation": 90, "texture": "#1"},
				"east": {"uv": [8.5, 7.25, 8.25, 7.5], "texture": "#1"},
				"south": {"uv": [8.25, 8.75, 8.5, 7.25], "rotation": 270, "texture": "#1"},
				"west": {"uv": [8.5, 8.5, 8.25, 8.75], "rotation": 180, "texture": "#1"},
				"up": {"uv": [8.5, 8.75, 8.25, 7.25], "rotation": 270, "texture": "#1"},
				"down": {"uv": [8.25, 8.75, 8.5, 7.25], "rotation": 270, "texture": "#1"}
			}
		},
		{
			"name": "0067_29",
			"from": [14.41482, 8.49686, 8.71018],
			"to": [15.16482, 8.99686, 8.96018],
			"rotation": {"angle": 22.5, "axis": "z", "origin": [15.07107, 8.74686, 7.17893]},
			"faces": {
				"north": {"uv": [9.75, 8, 10, 7.25], "rotation": 90, "texture": "#1"},
				"east": {"uv": [10, 7.25, 9.75, 7.5], "texture": "#1"},
				"south": {"uv": [9.75, 8, 10, 7.25], "rotation": 270, "texture": "#1"},
				"west": {"uv": [10, 7.75, 9.75, 8], "rotation": 180, "texture": "#1"},
				"up": {"uv": [10, 8, 9.75, 7.25], "rotation": 270, "texture": "#1"},
				"down": {"uv": [9.75, 8, 10, 7.25], "rotation": 270, "texture": "#1"}
			}
		},
		{
			"name": "0067_30",
			"from": [13.41482, 8.49686, 7.46018],
			"to": [14.91482, 8.99686, 7.71018],
			"rotation": {"angle": 22.5, "axis": "z", "origin": [15.07107, 8.74686, 7.17893]},
			"faces": {
				"north": {"uv": [8.5, 9, 8.75, 7.5], "rotation": 90, "texture": "#1"},
				"east": {"uv": [8.75, 7.5, 8.5, 7.75], "texture": "#1"},
				"south": {"uv": [8.5, 9, 8.75, 7.5], "rotation": 270, "texture": "#1"},
				"west": {"uv": [8.75, 8.75, 8.5, 9], "rotation": 180, "texture": "#1"},
				"up": {"uv": [8.75, 9, 8.5, 7.5], "rotation": 270, "texture": "#1"},
				"down": {"uv": [8.5, 9, 8.75, 7.5], "rotation": 270, "texture": "#1"}
			}
		},
		{
			"name": "0067_31",
			"from": [12.66482, 8.49686, 7.96018],
			"to": [14.91482, 8.99686, 8.21018],
			"rotation": {"angle": 22.5, "axis": "z", "origin": [15.07107, 8.74686, 7.17893]},
			"faces": {
				"north": {"uv": [9, 9.75, 9.25, 7.5], "rotation": 90, "texture": "#1"},
				"east": {"uv": [9.25, 7.5, 9, 7.75], "texture": "#1"},
				"south": {"uv": [9, 9.75, 9.25, 7.5], "rotation": 270, "texture": "#1"},
				"west": {"uv": [9.25, 9.5, 9, 9.75], "rotation": 180, "texture": "#1"},
				"up": {"uv": [9.25, 9.75, 9, 7.5], "rotation": 270, "texture": "#1"},
				"down": {"uv": [9, 9.75, 9.25, 7.5], "rotation": 270, "texture": "#1"}
			}
		},
		{
			"name": "0067_32",
			"from": [14.16482, 8.49686, 8.96018],
			"to": [14.91482, 8.99686, 9.21018],
			"rotation": {"angle": 22.5, "axis": "z", "origin": [15.07107, 8.74686, 7.17893]},
			"faces": {
				"north": {"uv": [10, 8.25, 10.25, 7.5], "rotation": 90, "texture": "#1"},
				"east": {"uv": [10.25, 7.5, 10, 7.75], "texture": "#1"},
				"south": {"uv": [10, 8.25, 10.25, 7.5], "rotation": 270, "texture": "#1"},
				"west": {"uv": [10.25, 8, 10, 8.25], "rotation": 180, "texture": "#1"},
				"up": {"uv": [10.25, 8.25, 10, 7.5], "rotation": 270, "texture": "#1"},
				"down": {"uv": [10, 8.25, 10.25, 7.5], "rotation": 270, "texture": "#1"}
			}
		},
		{
			"name": "0067_33",
			"from": [14.41482, 8.49686, 9.46018],
			"to": [14.91482, 8.99686, 9.96018],
			"rotation": {"angle": 22.5, "axis": "z", "origin": [15.07107, 8.74686, 7.17893]},
			"faces": {
				"north": {"uv": [10.5, 8, 10.75, 7.5], "rotation": 90, "texture": "#1"},
				"east": {"uv": [11, 7.5, 10.5, 7.75], "texture": "#1"},
				"south": {"uv": [10.75, 8, 11, 7.5], "rotation": 270, "texture": "#1"},
				"west": {"uv": [11, 7.75, 10.5, 8], "rotation": 180, "texture": "#1"},
				"up": {"uv": [11, 8, 10.5, 7.5], "rotation": 270, "texture": "#1"},
				"down": {"uv": [10.5, 8, 11, 7.5], "rotation": 270, "texture": "#1"}
			}
		},
		{
			"name": "0067_34",
			"from": [13.16482, 8.49686, 7.71018],
			"to": [14.66482, 8.99686, 7.96018],
			"rotation": {"angle": 22.5, "axis": "z", "origin": [15.07107, 8.74686, 7.17893]},
			"faces": {
				"north": {"uv": [8.75, 9.25, 9, 7.75], "rotation": 90, "texture": "#1"},
				"east": {"uv": [9, 7.75, 8.75, 8], "texture": "#1"},
				"south": {"uv": [8.75, 9.25, 9, 7.75], "rotation": 270, "texture": "#1"},
				"west": {"uv": [9, 9, 8.75, 9.25], "rotation": 180, "texture": "#1"},
				"up": {"uv": [9, 9.25, 8.75, 7.75], "rotation": 270, "texture": "#1"},
				"down": {"uv": [8.75, 9.25, 9, 7.75], "rotation": 270, "texture": "#1"}
			}
		},
		{
			"name": "0067_35",
			"from": [12.66482, 8.49686, 8.21018],
			"to": [14.66482, 8.99686, 8.46018],
			"rotation": {"angle": 22.5, "axis": "z", "origin": [15.07107, 8.74686, 7.17893]},
			"faces": {
				"north": {"uv": [9.25, 9.75, 9.5, 7.75], "rotation": 90, "texture": "#1"},
				"east": {"uv": [9.5, 7.75, 9.25, 8], "texture": "#1"},
				"south": {"uv": [9.25, 9.75, 9.5, 7.75], "rotation": 270, "texture": "#1"},
				"west": {"uv": [9.5, 9.5, 9.25, 9.75], "rotation": 180, "texture": "#1"},
				"up": {"uv": [9.5, 9.75, 9.25, 7.75], "rotation": 270, "texture": "#1"},
				"down": {"uv": [9.25, 9.75, 9.5, 7.75], "rotation": 270, "texture": "#1"}
			}
		},
		{
			"name": "0067_36",
			"from": [13.91482, 8.49686, 9.21018],
			"to": [14.66482, 8.99686, 9.46018],
			"rotation": {"angle": 22.5, "axis": "z", "origin": [15.07107, 8.74686, 7.17893]},
			"faces": {
				"north": {"uv": [10.25, 8.5, 10.5, 7.75], "rotation": 90, "texture": "#1"},
				"east": {"uv": [10.5, 7.75, 10.25, 8], "texture": "#1"},
				"south": {"uv": [10.25, 8.5, 10.5, 7.75], "rotation": 270, "texture": "#1"},
				"west": {"uv": [10.5, 8.25, 10.25, 8.5], "rotation": 180, "texture": "#1"},
				"up": {"uv": [10.5, 8.5, 10.25, 7.75], "rotation": 270, "texture": "#1"},
				"down": {"uv": [10.25, 8.5, 10.5, 7.75], "rotation": 270, "texture": "#1"}
			}
		},
		{
			"name": "0067_37",
			"from": [13.66482, 8.49686, 9.46018],
			"to": [14.41482, 8.99686, 9.71018],
			"rotation": {"angle": 22.5, "axis": "z", "origin": [15.07107, 8.74686, 7.17893]},
			"faces": {
				"north": {"uv": [10.5, 8.75, 10.75, 8], "rotation": 90, "texture": "#1"},
				"east": {"uv": [10.75, 8, 10.5, 8.25], "texture": "#1"},
				"south": {"uv": [10.5, 8.75, 10.75, 8], "rotation": 270, "texture": "#1"},
				"west": {"uv": [10.75, 8.5, 10.5, 8.75], "rotation": 180, "texture": "#1"},
				"up": {"uv": [10.75, 8.75, 10.5, 8], "rotation": 270, "texture": "#1"},
				"down": {"uv": [10.5, 8.75, 10.75, 8], "rotation": 270, "texture": "#1"}
			}
		},
		{
			"name": "0067_38",
			"from": [13.91482, 8.49686, 8.71018],
			"to": [14.16482, 8.99686, 8.96018],
			"rotation": {"angle": 22.5, "axis": "z", "origin": [15.07107, 8.74686, 7.17893]},
			"faces": {
				"north": {"uv": [9.75, 8.5, 10, 8.25], "rotation": 90, "texture": "#1"},
				"east": {"uv": [10, 8.25, 9.75, 8.5], "texture": "#1"},
				"south": {"uv": [9.75, 8.5, 10, 8.25], "rotation": 270, "texture": "#1"},
				"west": {"uv": [10, 8.25, 9.75, 8.5], "rotation": 180, "texture": "#1"},
				"up": {"uv": [10, 8.5, 9.75, 8.25], "rotation": 270, "texture": "#1"},
				"down": {"uv": [9.75, 8.5, 10, 8.25], "rotation": 270, "texture": "#1"}
			}
		},
		{
			"name": "0067_39",
			"from": [12.16482, 8.49686, 9.71018],
			"to": [14.16482, 8.99686, 9.96018],
			"rotation": {"angle": 22.5, "axis": "z", "origin": [15.07107, 8.74686, 7.17893]},
			"faces": {
				"north": {"uv": [10.75, 10.25, 11, 8.25], "rotation": 90, "texture": "#1"},
				"east": {"uv": [11, 8.25, 10.75, 8.5], "texture": "#1"},
				"south": {"uv": [10.75, 10.25, 11, 8.25], "rotation": 270, "texture": "#1"},
				"west": {"uv": [11, 10, 10.75, 10.25], "rotation": 180, "texture": "#1"},
				"up": {"uv": [11, 10.25, 10.75, 8.25], "rotation": 270, "texture": "#1"},
				"down": {"uv": [10.75, 10.25, 11, 8.25], "rotation": 270, "texture": "#1"}
			}
		},
		{
			"name": "0067_40",
			"from": [13.66482, 8.49686, 8.96018],
			"to": [13.91482, 8.99686, 9.21018],
			"rotation": {"angle": 22.5, "axis": "z", "origin": [15.07107, 8.74686, 7.17893]},
			"faces": {
				"north": {"uv": [10, 8.75, 10.25, 8.5], "rotation": 90, "texture": "#1"},
				"east": {"uv": [10.25, 8.5, 10, 8.75], "texture": "#1"},
				"south": {"uv": [10, 8.75, 10.25, 8.5], "rotation": 270, "texture": "#1"},
				"west": {"uv": [10.25, 8.5, 10, 8.75], "rotation": 180, "texture": "#1"},
				"up": {"uv": [10.25, 8.75, 10, 8.5], "rotation": 270, "texture": "#1"},
				"down": {"uv": [10, 8.75, 10.25, 8.5], "rotation": 270, "texture": "#1"}
			}
		},
		{
			"name": "0067_41",
			"from": [12.66482, 8.49686, 9.96018],
			"to": [13.91482, 8.99686, 10.21018],
			"rotation": {"angle": 22.5, "axis": "z", "origin": [15.07107, 8.74686, 7.17893]},
			"faces": {
				"north": {"uv": [11, 9.75, 11.25, 8.5], "rotation": 90, "texture": "#1"},
				"east": {"uv": [11.25, 8.5, 11, 8.75], "texture": "#1"},
				"south": {"uv": [11, 9.75, 11.25, 8.5], "rotation": 270, "texture": "#1"},
				"west": {"uv": [11.25, 9.5, 11, 9.75], "rotation": 180, "texture": "#1"},
				"up": {"uv": [11.25, 9.75, 11, 8.5], "rotation": 270, "texture": "#1"},
				"down": {"uv": [11, 9.75, 11.25, 8.5], "rotation": 270, "texture": "#1"}
			}
		},
		{
			"name": "0067_42",
			"from": [11.91482, 8.49686, 8.71018],
			"to": [13.66482, 8.99686, 8.96018],
			"rotation": {"angle": 22.5, "axis": "z", "origin": [15.07107, 8.74686, 7.17893]},
			"faces": {
				"north": {"uv": [9.75, 10.5, 10, 8.75], "rotation": 90, "texture": "#1"},
				"east": {"uv": [10, 8.75, 9.75, 9], "texture": "#1"},
				"south": {"uv": [9.75, 10.5, 10, 8.75], "rotation": 270, "texture": "#1"},
				"west": {"uv": [10, 10.25, 9.75, 10.5], "rotation": 180, "texture": "#1"},
				"up": {"uv": [10, 10.5, 9.75, 8.75], "rotation": 270, "texture": "#1"},
				"down": {"uv": [9.75, 10.5, 10, 8.75], "rotation": 270, "texture": "#1"}
			}
		},
		{
			"name": "0067_43",
			"from": [10.66482, 8.49686, 9.21018],
			"to": [13.66482, 8.99686, 9.46018],
			"rotation": {"angle": 22.5, "axis": "z", "origin": [15.07107, 8.74686, 7.17893]},
			"faces": {
				"north": {"uv": [10.25, 11.75, 10.5, 8.75], "rotation": 90, "texture": "#1"},
				"east": {"uv": [10.5, 8.75, 10.25, 9], "texture": "#1"},
				"south": {"uv": [10.25, 11.75, 10.5, 8.75], "rotation": 270, "texture": "#1"},
				"west": {"uv": [10.5, 11.5, 10.25, 11.75], "rotation": 180, "texture": "#1"},
				"up": {"uv": [10.5, 11.75, 10.25, 8.75], "rotation": 270, "texture": "#1"},
				"down": {"uv": [10.25, 11.75, 10.5, 8.75], "rotation": 270, "texture": "#1"}
			}
		},
		{
			"name": "0067_44",
			"from": [12.91482, 8.49686, 10.21018],
			"to": [13.66482, 8.99686, 10.46018],
			"rotation": {"angle": 22.5, "axis": "z", "origin": [15.07107, 8.74686, 7.17893]},
			"faces": {
				"north": {"uv": [11.25, 9.5, 11.5, 8.75], "rotation": 90, "texture": "#1"},
				"east": {"uv": [11.5, 8.75, 11.25, 9], "texture": "#1"},
				"south": {"uv": [11.25, 9.5, 11.5, 8.75], "rotation": 270, "texture": "#1"},
				"west": {"uv": [11.5, 9.25, 11.25, 9.5], "rotation": 180, "texture": "#1"},
				"up": {"uv": [11.5, 9.5, 11.25, 8.75], "rotation": 270, "texture": "#1"},
				"down": {"uv": [11.25, 9.5, 11.5, 8.75], "rotation": 270, "texture": "#1"}
			}
		},
		{
			"name": "0067_45",
			"from": [10.66482, 8.49686, 8.96018],
			"to": [13.41482, 8.99686, 9.21018],
			"rotation": {"angle": 22.5, "axis": "z", "origin": [15.07107, 8.74686, 7.17893]},
			"faces": {
				"north": {"uv": [10, 11.75, 10.25, 9], "rotation": 90, "texture": "#1"},
				"east": {"uv": [10.25, 9, 10, 9.25], "texture": "#1"},
				"south": {"uv": [10, 11.75, 10.25, 9], "rotation": 270, "texture": "#1"},
				"west": {"uv": [10.25, 11.5, 10, 11.75], "rotation": 180, "texture": "#1"},
				"up": {"uv": [10.25, 11.75, 10, 9], "rotation": 270, "texture": "#1"},
				"down": {"uv": [10, 11.75, 10.25, 9], "rotation": 270, "texture": "#1"}
			}
		},
		{
			"name": "0067_46",
			"from": [10.91482, 8.49686, 9.46018],
			"to": [13.41482, 8.99686, 9.71018],
			"rotation": {"angle": 22.5, "axis": "z", "origin": [15.07107, 8.74686, 7.17893]},
			"faces": {
				"north": {"uv": [10.5, 11.5, 10.75, 9], "rotation": 90, "texture": "#1"},
				"east": {"uv": [10.75, 9, 10.5, 9.25], "texture": "#1"},
				"south": {"uv": [10.5, 11.5, 10.75, 9], "rotation": 270, "texture": "#1"},
				"west": {"uv": [10.75, 11.25, 10.5, 11.5], "rotation": 180, "texture": "#1"},
				"up": {"uv": [10.75, 11.5, 10.5, 9], "rotation": 270, "texture": "#1"},
				"down": {"uv": [10.5, 11.5, 10.75, 9], "rotation": 270, "texture": "#1"}
			}
		},
		{
			"name": "0067_47",
			"from": [12.91482, 8.49686, 10.46018],
			"to": [13.41482, 8.99686, 10.96018],
			"rotation": {"angle": 22.5, "axis": "z", "origin": [15.07107, 8.74686, 7.17893]},
			"faces": {
				"north": {"uv": [11.5, 9.5, 11.75, 9], "rotation": 90, "texture": "#1"},
				"east": {"uv": [12, 9, 11.5, 9.25], "texture": "#1"},
				"south": {"uv": [11.75, 9.5, 12, 9], "rotation": 270, "texture": "#1"},
				"west": {"uv": [12, 9.25, 11.5, 9.5], "rotation": 180, "texture": "#1"},
				"up": {"uv": [12, 9.5, 11.5, 9], "rotation": 270, "texture": "#1"},
				"down": {"uv": [11.5, 9.5, 12, 9], "rotation": 270, "texture": "#1"}
			}
		},
		{
			"name": "0067_48",
			"from": [12.91482, 8.49686, 10.96018],
			"to": [13.16482, 8.99686, 11.21018],
			"rotation": {"angle": 22.5, "axis": "z", "origin": [15.07107, 8.74686, 7.17893]},
			"faces": {
				"north": {"uv": [12, 9.5, 12.25, 9.25], "rotation": 90, "texture": "#1"},
				"east": {"uv": [12.25, 9.25, 12, 9.5], "texture": "#1"},
				"south": {"uv": [12, 9.5, 12.25, 9.25], "rotation": 270, "texture": "#1"},
				"west": {"uv": [12.25, 9.25, 12, 9.5], "rotation": 180, "texture": "#1"},
				"up": {"uv": [12.25, 9.5, 12, 9.25], "rotation": 270, "texture": "#1"},
				"down": {"uv": [12, 9.5, 12.25, 9.25], "rotation": 270, "texture": "#1"}
			}
		},
		{
			"name": "0067_49",
			"from": [12.66482, 8.49686, 10.46018],
			"to": [12.91482, 8.99686, 10.71018],
			"rotation": {"angle": 22.5, "axis": "z", "origin": [15.07107, 8.74686, 7.17893]},
			"faces": {
				"north": {"uv": [11.5, 9.75, 11.75, 9.5], "rotation": 90, "texture": "#1"},
				"east": {"uv": [11.75, 9.5, 11.5, 9.75], "texture": "#1"},
				"south": {"uv": [11.5, 9.75, 11.75, 9.5], "rotation": 270, "texture": "#1"},
				"west": {"uv": [11.75, 9.5, 11.5, 9.75], "rotation": 180, "texture": "#1"},
				"up": {"uv": [11.75, 9.75, 11.5, 9.5], "rotation": 270, "texture": "#1"},
				"down": {"uv": [11.5, 9.75, 11.75, 9.5], "rotation": 270, "texture": "#1"}
			}
		},
		{
			"name": "0067_50",
			"from": [12.16482, 8.49686, 7.71018],
			"to": [12.66482, 8.99686, 7.96018],
			"rotation": {"angle": 22.5, "axis": "z", "origin": [15.07107, 8.74686, 7.17893]},
			"faces": {
				"north": {"uv": [8.75, 10.25, 9, 9.75], "rotation": 90, "texture": "#1"},
				"east": {"uv": [9, 9.75, 8.75, 10], "texture": "#1"},
				"south": {"uv": [8.75, 10.25, 9, 9.75], "rotation": 270, "texture": "#1"},
				"west": {"uv": [9, 10, 8.75, 10.25], "rotation": 180, "texture": "#1"},
				"up": {"uv": [9, 10.25, 8.75, 9.75], "rotation": 270, "texture": "#1"},
				"down": {"uv": [8.75, 10.25, 9, 9.75], "rotation": 270, "texture": "#1"}
			}
		},
		{
			"name": "0067_51",
			"from": [12.16482, 8.49686, 8.21018],
			"to": [12.41482, 8.99686, 8.46018],
			"rotation": {"angle": 22.5, "axis": "z", "origin": [15.07107, 8.74686, 7.17893]},
			"faces": {
				"north": {"uv": [9.25, 10.25, 9.5, 10], "rotation": 90, "texture": "#1"},
				"east": {"uv": [9.5, 10, 9.25, 10.25], "texture": "#1"},
				"south": {"uv": [9.25, 10.25, 9.5, 10], "rotation": 270, "texture": "#1"},
				"west": {"uv": [9.5, 10, 9.25, 10.25], "rotation": 180, "texture": "#1"},
				"up": {"uv": [9.5, 10.25, 9.25, 10], "rotation": 270, "texture": "#1"},
				"down": {"uv": [9.25, 10.25, 9.5, 10], "rotation": 270, "texture": "#1"}
			}
		},
		{
			"name": "0067_52",
			"from": [11.91482, 8.49686, 7.96018],
			"to": [12.16482, 8.99686, 8.21018],
			"rotation": {"angle": 22.5, "axis": "z", "origin": [15.07107, 8.74686, 7.17893]},
			"faces": {
				"north": {"uv": [9, 10.5, 9.25, 10.25], "rotation": 90, "texture": "#1"},
				"east": {"uv": [9.25, 10.25, 9, 10.5], "texture": "#1"},
				"south": {"uv": [9, 10.5, 9.25, 10.25], "rotation": 270, "texture": "#1"},
				"west": {"uv": [9.25, 10.25, 9, 10.5], "rotation": 180, "texture": "#1"},
				"up": {"uv": [9.25, 10.5, 9, 10.25], "rotation": 270, "texture": "#1"},
				"down": {"uv": [9, 10.5, 9.25, 10.25], "rotation": 270, "texture": "#1"}
			}
		},
		{
			"name": "0067_53",
			"from": [11.66482, 8.49686, 8.21018],
			"to": [11.91482, 8.99686, 8.71018],
			"rotation": {"angle": 22.5, "axis": "z", "origin": [15.07107, 8.74686, 7.17893]},
			"faces": {
				"north": {"uv": [9.25, 10.75, 9.5, 10.5], "rotation": 90, "texture": "#1"},
				"east": {"uv": [9.75, 10.5, 9.25, 10.75], "texture": "#1"},
				"south": {"uv": [9.5, 10.75, 9.75, 10.5], "rotation": 270, "texture": "#1"},
				"west": {"uv": [9.75, 10.5, 9.25, 10.75], "rotation": 180, "texture": "#1"},
				"up": {"uv": [9.75, 10.75, 9.25, 10.5], "rotation": 270, "texture": "#1"},
				"down": {"uv": [9.25, 10.75, 9.75, 10.5], "rotation": 270, "texture": "#1"}
			}
		},
		{
			"name": "0067_54",
			"from": [10.66482, 8.49686, 9.71018],
			"to": [11.91482, 8.99686, 10.21018],
			"rotation": {"angle": 22.5, "axis": "z", "origin": [15.07107, 8.74686, 7.17893]},
			"faces": {
				"north": {"uv": [10.75, 11.75, 11, 10.5], "rotation": 90, "texture": "#1"},
				"east": {"uv": [11.25, 10.5, 10.75, 10.75], "texture": "#1"},
				"south": {"uv": [11, 11.75, 11.25, 10.5], "rotation": 270, "texture": "#1"},
				"west": {"uv": [11.25, 11.5, 10.75, 11.75], "rotation": 180, "texture": "#1"},
				"up": {"uv": [11.25, 11.75, 10.75, 10.5], "rotation": 270, "texture": "#1"},
				"down": {"uv": [10.75, 11.75, 11.25, 10.5], "rotation": 270, "texture": "#1"}
			}
		},
		{
			"name": "0067_55",
			"from": [9.66482, 8.49686, 10.21018],
			"to": [11.66482, 8.99686, 10.46018],
			"rotation": {"angle": 22.5, "axis": "z", "origin": [15.07107, 8.74686, 7.17893]},
			"faces": {
				"north": {"uv": [11.25, 12.75, 11.5, 10.75], "rotation": 90, "texture": "#1"},
				"east": {"uv": [11.5, 10.75, 11.25, 11], "texture": "#1"},
				"south": {"uv": [11.25, 12.75, 11.5, 10.75], "rotation": 270, "texture": "#1"},
				"west": {"uv": [11.5, 12.5, 11.25, 12.75], "rotation": 180, "texture": "#1"},
				"up": {"uv": [11.5, 12.75, 11.25, 10.75], "rotation": 270, "texture": "#1"},
				"down": {"uv": [11.25, 12.75, 11.5, 10.75], "rotation": 270, "texture": "#1"}
			}
		},
		{
			"name": "0067_56",
			"from": [9.41482, 8.49686, 10.46018],
			"to": [11.41482, 8.99686, 10.71018],
			"rotation": {"angle": 22.5, "axis": "z", "origin": [15.07107, 8.74686, 7.17893]},
			"faces": {
				"north": {"uv": [11.5, 13, 11.75, 11], "rotation": 90, "texture": "#1"},
				"east": {"uv": [11.75, 11, 11.5, 11.25], "texture": "#1"},
				"south": {"uv": [11.5, 13, 11.75, 11], "rotation": 270, "texture": "#1"},
				"west": {"uv": [11.75, 12.75, 11.5, 13], "rotation": 180, "texture": "#1"},
				"up": {"uv": [11.75, 13, 11.5, 11], "rotation": 270, "texture": "#1"},
				"down": {"uv": [11.5, 13, 11.75, 11], "rotation": 270, "texture": "#1"}
			}
		},
		{
			"name": "0067_57",
			"from": [8.91482, 8.49686, 10.71018],
			"to": [11.16482, 8.99686, 10.96018],
			"rotation": {"angle": 22.5, "axis": "z", "origin": [15.07107, 8.74686, 7.17893]},
			"faces": {
				"north": {"uv": [11.75, 13.5, 12, 11.25], "rotation": 90, "texture": "#1"},
				"east": {"uv": [12, 11.25, 11.75, 11.5], "texture": "#1"},
				"south": {"uv": [11.75, 13.5, 12, 11.25], "rotation": 270, "texture": "#1"},
				"west": {"uv": [12, 13.25, 11.75, 13.5], "rotation": 180, "texture": "#1"},
				"up": {"uv": [12, 13.5, 11.75, 11.25], "rotation": 270, "texture": "#1"},
				"down": {"uv": [11.75, 13.5, 12, 11.25], "rotation": 270, "texture": "#1"}
			}
		},
		{
			"name": "0067_58",
			"from": [8.41482, 8.49686, 10.96018],
			"to": [10.91482, 8.99686, 11.21018],
			"rotation": {"angle": 22.5, "axis": "z", "origin": [15.07107, 8.74686, 7.17893]},
			"faces": {
				"north": {"uv": [12, 14, 12.25, 11.5], "rotation": 90, "texture": "#1"},
				"east": {"uv": [12.25, 11.5, 12, 11.75], "texture": "#1"},
				"south": {"uv": [12, 14, 12.25, 11.5], "rotation": 270, "texture": "#1"},
				"west": {"uv": [12.25, 13.75, 12, 14], "rotation": 180, "texture": "#1"},
				"up": {"uv": [12.25, 14, 12, 11.5], "rotation": 270, "texture": "#1"},
				"down": {"uv": [12, 14, 12.25, 11.5], "rotation": 270, "texture": "#1"}
			}
		},
		{
			"name": "0067_59",
			"from": [10.16482, 8.49686, 9.96018],
			"to": [10.66482, 8.99686, 10.21018],
			"rotation": {"angle": 22.5, "axis": "z", "origin": [15.07107, 8.74686, 7.17893]},
			"faces": {
				"north": {"uv": [11, 12.25, 11.25, 11.75], "rotation": 90, "texture": "#1"},
				"east": {"uv": [11.25, 11.75, 11, 12], "texture": "#1"},
				"south": {"uv": [11, 12.25, 11.25, 11.75], "rotation": 270, "texture": "#1"},
				"west": {"uv": [11.25, 12, 11, 12.25], "rotation": 180, "texture": "#1"},
				"up": {"uv": [11.25, 12.25, 11, 11.75], "rotation": 270, "texture": "#1"},
				"down": {"uv": [11, 12.25, 11.25, 11.75], "rotation": 270, "texture": "#1"}
			}
		},
		{
			"name": "0067_60",
			"from": [8.16482, 8.49686, 11.21018],
			"to": [10.66482, 8.99686, 11.46018],
			"rotation": {"angle": 22.5, "axis": "z", "origin": [15.07107, 8.74686, 7.17893]},
			"faces": {
				"north": {"uv": [12.25, 14.25, 12.5, 11.75], "rotation": 90, "texture": "#1"},
				"east": {"uv": [12.5, 11.75, 12.25, 12], "texture": "#1"},
				"south": {"uv": [12.25, 14.25, 12.5, 11.75], "rotation": 270, "texture": "#1"},
				"west": {"uv": [12.5, 14, 12.25, 14.25], "rotation": 180, "texture": "#1"},
				"up": {"uv": [12.5, 14.25, 12.25, 11.75], "rotation": 270, "texture": "#1"},
				"down": {"uv": [12.25, 14.25, 12.5, 11.75], "rotation": 270, "texture": "#1"}
			}
		},
		{
			"name": "0067_61",
			"from": [8.41482, 8.49686, 11.46018],
			"to": [10.41482, 8.99686, 11.71018],
			"rotation": {"angle": 22.5, "axis": "z", "origin": [15.07107, 8.74686, 7.17893]},
			"faces": {
				"north": {"uv": [12.5, 14, 12.75, 12], "rotation": 90, "texture": "#1"},
				"east": {"uv": [12.75, 12, 12.5, 12.25], "texture": "#1"},
				"south": {"uv": [12.5, 14, 12.75, 12], "rotation": 270, "texture": "#1"},
				"west": {"uv": [12.75, 13.75, 12.5, 14], "rotation": 180, "texture": "#1"},
				"up": {"uv": [12.75, 14, 12.5, 12], "rotation": 270, "texture": "#1"},
				"down": {"uv": [12.5, 14, 12.75, 12], "rotation": 270, "texture": "#1"}
			}
		},
		{
			"name": "0067_62",
			"from": [8.66482, 8.49686, 11.71018],
			"to": [10.16482, 8.99686, 11.96018],
			"rotation": {"angle": 22.5, "axis": "z", "origin": [15.07107, 8.74686, 7.17893]},
			"faces": {
				"north": {"uv": [12.75, 13.75, 13, 12.25], "rotation": 90, "texture": "#1"},
				"east": {"uv": [13, 12.25, 12.75, 12.5], "texture": "#1"},
				"south": {"uv": [12.75, 13.75, 13, 12.25], "rotation": 270, "texture": "#1"},
				"west": {"uv": [13, 13.5, 12.75, 13.75], "rotation": 180, "texture": "#1"},
				"up": {"uv": [13, 13.75, 12.75, 12.25], "rotation": 270, "texture": "#1"},
				"down": {"uv": [12.75, 13.75, 13, 12.25], "rotation": 270, "texture": "#1"}
			}
		},
		{
			"name": "0067_63",
			"from": [8.91482, 8.49686, 11.96018],
			"to": [9.91482, 8.99686, 12.21018],
			"rotation": {"angle": 22.5, "axis": "z", "origin": [15.07107, 8.74686, 7.17893]},
			"faces": {
				"north": {"uv": [13, 13.5, 13.25, 12.5], "rotation": 90, "texture": "#1"},
				"east": {"uv": [13.25, 12.5, 13, 12.75], "texture": "#1"},
				"south": {"uv": [13, 13.5, 13.25, 12.5], "rotation": 270, "texture": "#1"},
				"west": {"uv": [13.25, 13.25, 13, 13.5], "rotation": 180, "texture": "#1"},
				"up": {"uv": [13.25, 13.5, 13, 12.5], "rotation": 270, "texture": "#1"},
				"down": {"uv": [13, 13.5, 13.25, 12.5], "rotation": 270, "texture": "#1"}
			}
		},
		{
			"name": "0067_64",
			"from": [9.16482, 8.49686, 12.21018],
			"to": [9.66482, 8.99686, 12.46018],
			"rotation": {"angle": 22.5, "axis": "z", "origin": [15.07107, 8.74686, 7.17893]},
			"faces": {
				"north": {"uv": [13.25, 13.25, 13.5, 12.75], "rotation": 90, "texture": "#1"},
				"east": {"uv": [13.5, 12.75, 13.25, 13], "texture": "#1"},
				"south": {"uv": [13.25, 13.25, 13.5, 12.75], "rotation": 270, "texture": "#1"},
				"west": {"uv": [13.5, 13, 13.25, 13.25], "rotation": 180, "texture": "#1"},
				"up": {"uv": [13.5, 13.25, 13.25, 12.75], "rotation": 270, "texture": "#1"},
				"down": {"uv": [13.25, 13.25, 13.5, 12.75], "rotation": 270, "texture": "#1"}
			}
		}
	],
	"display": {
		"head": {
			"translation": [0, -4.5, 8.25],
			"scale": [3, 3, 3]
		}
	},
	"groups": [
		{
			"name": "0067",
			"origin": [8, 8, 8],
			"color": 0,
			"children": [
				0,
				1,
				2,
				3,
				4,
				5,
				6,
				7,
				8,
				9,
				10,
				11,
				12,
				13,
				14,
				15,
				16,
				17,
				18,
				19,
				20,
				21,
				22,
				23,
				24,
				25,
				26,
				27,
				28,
				29,
				30,
				31,
				32,
				33,
				34,
				35,
				36,
				37,
				38,
				39,
				40,
				41,
				42,
				43,
				44,
				45,
				46,
				47,
				48,
				49,
				50,
				51,
				52,
				53,
				54,
				55,
				56,
				57,
				58,
				59,
				60,
				61,
				62,
				63,
				64,
				65,
				66,
				67,
				68,
				69,
				70,
				71,
				72,
				73,
				74,
				75,
				76,
				77,
				78,
				79,
				80,
				81,
				82,
				83,
				84,
				85,
				86,
				87,
				88,
				89,
				90,
				91,
				92,
				93,
				94,
				95,
				96,
				97,
				98,
				99,
				100,
				101,
				102,
				103,
				104,
				105,
				106,
				107,
				108,
				109,
				110,
				111,
				112,
				113,
				114,
				115,
				116,
				117,
				118,
				119,
				120,
				121,
				122,
				123,
				124,
				125,
				126,
				127,
				128,
				129
			]
		}
	]
}