{
        "parent": "block/block",
        "ambientocclusion": false,
	"textures": {
		"particle": "blocks/beacon"
	},
	"elements": [
		{
			"from": [7, 1, 7],
			"to": [9, 6, 9],
			"rotation": {"angle": 0, "axis": "y", "origin": [8, 2.5, 8]},
			"faces": {
				"north": {"uv": [0, 0, 2, 3], "texture": "#particle"},
				"east": {"uv": [0, 0, 2, 3], "texture": "#particle"},
				"south": {"uv": [0, 0, 2, 3], "texture": "#particle"},
				"west": {"uv": [0, 0, 2, 3], "texture": "#particle"},
				"up": {"uv": [0, 3, 2, 5], "texture": "#particle"},
				"down": {"uv": [0, 3, 2, 5], "texture": "#particle"}
			}
		},
		{
			"from": [8, 6, 7],
			"to": [8, 8, 9],
			"rotation": {"angle": 0, "axis": "y", "origin": [8, 4, 8]},
			"faces": {
				"north": {"uv": [0, 0, 0, 2], "texture": "#particle"},
				"east": {"uv": [12, 0, 16, 4], "texture": "#particle"},
				"south": {"uv": [12, 0, 16, 4], "texture": "#particle"},
				"west": {"uv": [12, 0, 16, 4], "texture": "#particle"},
				"up": {"uv": [0, 0, 0, 2], "texture": "#particle"},
				"down": {"uv": [0, 0, 0, 2], "texture": "#particle"}
			}
		},
		{
			"from": [7, 6, 8],
			"to": [9, 8, 8],
			"rotation": {"angle": 0, "axis": "y", "origin": [8, 4, 8]},
			"faces": {
				"north": {"uv": [12, 0, 16, 4], "texture": "#particle"},
				"east": {"uv": [12, 0, 16, 4], "texture": "#particle"},
				"south": {"uv": [12, 0, 16, 4], "texture": "#particle"},
				"west": {"uv": [0, 0, 0, 2], "texture": "#particle"},
				"up": {"uv": [0, 0, 0, 2], "rotation": 270, "texture": "#particle"},
				"down": {"uv": [0, 0, 0, 2], "rotation": 90, "texture": "#particle"}
			}
		},
		{
			"from": [5, 0, 5],
			"to": [11, 10, 11],
			"rotation": {"angle": 0, "axis": "y", "origin": [8, 3.5, 8]},
			"faces": {
				"north": {"uv": [2, 0, 6, 7], "texture": "#particle"},
				"east": {"uv": [2, 0, 6, 7], "texture": "#particle"},
				"south": {"uv": [2, 0, 6, 7], "texture": "#particle"},
				"west": {"uv": [2, 0, 6, 7], "texture": "#particle"},
				"up": {"uv": [2, 7, 6, 11], "texture": "#particle"},
				"down": {"uv": [2, 7, 6, 11], "texture": "#particle"}
			}
		},
		{
			"from": [6, 10, 6],
			"to": [10, 12, 10],
			"faces": {
				"north": {"uv": [3, 8, 5, 10], "texture": "#particle"},
				"east": {"uv": [3, 8, 5, 10], "texture": "#particle"},
				"south": {"uv": [3, 8, 5, 10], "texture": "#particle"},
				"west": {"uv": [3, 8, 5, 10], "texture": "#particle"},
				"up": {"uv": [3, 8, 5, 10], "texture": "#particle"},
				"down": {"uv": [3, 8, 5, 10], "texture": "#particle"}
			}
		},
		{
			"from": [7, 9, 8],
			"to": [9, 17, 8],
			"faces": {
				"north": {"uv": [6, 0, 8, 4], "texture": "#particle"},
				"east": {"uv": [0, 0, 0, 4], "texture": "#particle", "cullface": "north"},
				"south": {"uv": [6, 0, 8, 4], "texture": "#particle"},
				"west": {"uv": [0, 0, 0, 4], "texture": "#particle"},
				"up": {"uv": [0, 0, 2, 0], "texture": "#particle"},
				"down": {"uv": [0, 0, 2, 0], "texture": "#particle"}
			}
		},
		{
			"from": [8, 9, 7],
			"to": [8, 17, 9],
			"rotation": {"angle": 0, "axis": "y", "origin": [8, 11, 8]},
			"faces": {
				"north": {"uv": [0, 0, 0, 4], "texture": "#particle", "cullface": "north"},
				"east": {"uv": [6, 0, 8, 4], "texture": "#particle"},
				"south": {"uv": [0, 0, 0, 4], "texture": "#particle"},
				"west": {"uv": [6, 0, 8, 4], "texture": "#particle"},
				"up": {"uv": [0, 0, 2, 0], "rotation": 270, "texture": "#particle"},
				"down": {"uv": [0, 0, 2, 0], "rotation": 90, "texture": "#particle"}
			}
		},
		{
			"from": [6, 0, 6],
			"to": [10, 2, 10],
			"faces": {
				"north": {"uv": [8, 0, 12, 2], "texture": "#particle"},
				"east": {"uv": [8, 0, 12, 2], "texture": "#particle"},
				"south": {"uv": [8, 0, 12, 2], "texture": "#particle"},
				"west": {"uv": [8, 0, 12, 2], "texture": "#particle"},
				"up": {"uv": [8, 0, 12, 4], "texture": "#particle"},
				"down": {"uv": [8, 0, 12, 4], "texture": "#particle"}
			}
		},
		{
			"from": [4, 8, 4],
			"to": [12, 9, 12],
			"faces": {
				"north": {"uv": [2, 7, 6, 11], "texture": "#particle"},
				"east": {"uv": [2, 7, 6, 11], "texture": "#particle"},
				"south": {"uv": [2, 7, 6, 11], "texture": "#particle"},
				"west": {"uv": [2, 7, 6, 11], "texture": "#particle"},
				"up": {"uv": [2, 7, 6, 11], "texture": "#particle"},
				"down": {"uv": [2, 7, 6, 11], "texture": "#particle"}
			}
		}
	]
}