{
	"credit": "Made with Blockbench",
	"textures": {
		"0": "items/3d/halo (13)",
		"particle": "items/3d/halo (13)"
	},
	"elements": [
		{
			"name": "halo (13)_0",
			"from": [7.75, 0, 3],
			"to": [8.25, 0.25, 3.25],
			"faces": {
				"north": {"uv": [8.25, 3, 7.75, 3.25], "texture": "#0"},
				"east": {"uv": [8, 3, 8.25, 3.25], "rotation": 90, "texture": "#0"},
				"south": {"uv": [7.75, 3, 8.25, 3.25], "texture": "#0"},
				"west": {"uv": [7.75, 3, 8, 3.25], "rotation": 270, "texture": "#0"},
				"up": {"uv": [7.75, 3, 8.25, 3.25], "texture": "#0"},
				"down": {"uv": [7.75, 3.25, 8.25, 3], "texture": "#0"}
			}
		},
		{
			"name": "halo (13)_1",
			"from": [7.75, 0, 3.25],
			"to": [8.25, 0.25, 3.5],
			"faces": {
				"north": {"uv": [8.25, 3.25, 7.75, 3.5], "texture": "#0"},
				"east": {"uv": [8, 3.25, 8.25, 3.5], "rotation": 90, "texture": "#0"},
				"south": {"uv": [7.75, 3.25, 8.25, 3.5], "texture": "#0"},
				"west": {"uv": [7.75, 3.25, 8, 3.5], "rotation": 270, "texture": "#0"},
				"up": {"uv": [7.75, 3.25, 8.25, 3.5], "texture": "#0"},
				"down": {"uv": [7.75, 3.5, 8.25, 3.25], "texture": "#0"}
			}
		},
		{
			"name": "halo (13)_2",
			"from": [7.5, 0, 3.5],
			"to": [8.5, 0.25, 3.75],
			"faces": {
				"north": {"uv": [8.5, 3.5, 7.5, 3.75], "texture": "#0"},
				"east": {"uv": [8.25, 3.5, 8.5, 3.75], "rotation": 90, "texture": "#0"},
				"south": {"uv": [7.5, 3.5, 8.5, 3.75], "texture": "#0"},
				"west": {"uv": [7.5, 3.5, 7.75, 3.75], "rotation": 270, "texture": "#0"},
				"up": {"uv": [7.5, 3.5, 8.5, 3.75], "texture": "#0"},
				"down": {"uv": [7.5, 3.75, 8.5, 3.5], "texture": "#0"}
			}
		},
		{
			"name": "halo (13)_3",
			"from": [7.5, 0, 3.75],
			"to": [8.5, 0.25, 4],
			"faces": {
				"north": {"uv": [8.5, 3.75, 7.5, 4], "texture": "#0"},
				"east": {"uv": [8.25, 3.75, 8.5, 4], "rotation": 90, "texture": "#0"},
				"south": {"uv": [7.5, 3.75, 8.5, 4], "texture": "#0"},
				"west": {"uv": [7.5, 3.75, 7.75, 4], "rotation": 270, "texture": "#0"},
				"up": {"uv": [7.5, 3.75, 8.5, 4], "texture": "#0"},
				"down": {"uv": [7.5, 4, 8.5, 3.75], "texture": "#0"}
			}
		},
		{
			"name": "halo (13)_4",
			"from": [7.5, 0, 4],
			"to": [8.5, 0.25, 4.25],
			"faces": {
				"north": {"uv": [8.5, 4, 7.5, 4.25], "texture": "#0"},
				"east": {"uv": [8.25, 4, 8.5, 4.25], "rotation": 90, "texture": "#0"},
				"south": {"uv": [7.5, 4, 8.5, 4.25], "texture": "#0"},
				"west": {"uv": [7.5, 4, 7.75, 4.25], "rotation": 270, "texture": "#0"},
				"up": {"uv": [7.5, 4, 8.5, 4.25], "texture": "#0"},
				"down": {"uv": [7.5, 4.25, 8.5, 4], "texture": "#0"}
			}
		},
		{
			"name": "halo (13)_5",
			"from": [7.25, 0, 4.25],
			"to": [8.75, 0.25, 4.5],
			"faces": {
				"north": {"uv": [8.75, 4.25, 7.25, 4.5], "texture": "#0"},
				"east": {"uv": [8.5, 4.25, 8.75, 4.5], "rotation": 90, "texture": "#0"},
				"south": {"uv": [7.25, 4.25, 8.75, 4.5], "texture": "#0"},
				"west": {"uv": [7.25, 4.25, 7.5, 4.5], "rotation": 270, "texture": "#0"},
				"up": {"uv": [7.25, 4.25, 8.75, 4.5], "texture": "#0"},
				"down": {"uv": [7.25, 4.5, 8.75, 4.25], "texture": "#0"}
			}
		},
		{
			"name": "halo (13)_6",
			"from": [7.25, 0, 4.5],
			"to": [8.75, 0.25, 4.75],
			"faces": {
				"north": {"uv": [8.75, 4.5, 7.25, 4.75], "texture": "#0"},
				"east": {"uv": [8.5, 4.5, 8.75, 4.75], "rotation": 90, "texture": "#0"},
				"south": {"uv": [7.25, 4.5, 8.75, 4.75], "texture": "#0"},
				"west": {"uv": [7.25, 4.5, 7.5, 4.75], "rotation": 270, "texture": "#0"},
				"up": {"uv": [7.25, 4.5, 8.75, 4.75], "texture": "#0"},
				"down": {"uv": [7.25, 4.75, 8.75, 4.5], "texture": "#0"}
			}
		},
		{
			"name": "halo (13)_7",
			"from": [7.25, 0, 4.75],
			"to": [8.75, 0.25, 5],
			"faces": {
				"north": {"uv": [8.75, 4.75, 7.25, 5], "texture": "#0"},
				"east": {"uv": [8.5, 4.75, 8.75, 5], "rotation": 90, "texture": "#0"},
				"south": {"uv": [7.25, 4.75, 8.75, 5], "texture": "#0"},
				"west": {"uv": [7.25, 4.75, 7.5, 5], "rotation": 270, "texture": "#0"},
				"up": {"uv": [7.25, 4.75, 8.75, 5], "texture": "#0"},
				"down": {"uv": [7.25, 5, 8.75, 4.75], "texture": "#0"}
			}
		},
		{
			"name": "halo (13)_8",
			"from": [7, 0, 5],
			"to": [9, 0.25, 5.25],
			"faces": {
				"north": {"uv": [9, 5, 7, 5.25], "texture": "#0"},
				"east": {"uv": [8.75, 5, 9, 5.25], "rotation": 90, "texture": "#0"},
				"south": {"uv": [7, 5, 9, 5.25], "texture": "#0"},
				"west": {"uv": [7, 5, 7.25, 5.25], "rotation": 270, "texture": "#0"},
				"up": {"uv": [7, 5, 9, 5.25], "texture": "#0"},
				"down": {"uv": [7, 5.25, 9, 5], "texture": "#0"}
			}
		},
		{
			"name": "halo (13)_9",
			"from": [7, 0, 5.25],
			"to": [9, 0.25, 5.5],
			"faces": {
				"north": {"uv": [9, 5.25, 7, 5.5], "texture": "#0"},
				"east": {"uv": [8.75, 5.25, 9, 5.5], "rotation": 90, "texture": "#0"},
				"south": {"uv": [7, 5.25, 9, 5.5], "texture": "#0"},
				"west": {"uv": [7, 5.25, 7.25, 5.5], "rotation": 270, "texture": "#0"},
				"up": {"uv": [7, 5.25, 9, 5.5], "texture": "#0"},
				"down": {"uv": [7, 5.5, 9, 5.25], "texture": "#0"}
			}
		},
		{
			"name": "halo (13)_10",
			"from": [7, 0, 5.5],
			"to": [9, 0.25, 5.75],
			"faces": {
				"north": {"uv": [9, 5.5, 7, 5.75], "texture": "#0"},
				"east": {"uv": [8.75, 5.5, 9, 5.75], "rotation": 90, "texture": "#0"},
				"south": {"uv": [7, 5.5, 9, 5.75], "texture": "#0"},
				"west": {"uv": [7, 5.5, 7.25, 5.75], "rotation": 270, "texture": "#0"},
				"up": {"uv": [7, 5.5, 9, 5.75], "texture": "#0"},
				"down": {"uv": [7, 5.75, 9, 5.5], "texture": "#0"}
			}
		},
		{
			"name": "halo (13)_11",
			"from": [7, 0, 5.75],
			"to": [9, 0.25, 6],
			"faces": {
				"north": {"uv": [9, 5.75, 7, 6], "texture": "#0"},
				"east": {"uv": [8.75, 5.75, 9, 6], "rotation": 90, "texture": "#0"},
				"south": {"uv": [7, 5.75, 9, 6], "texture": "#0"},
				"west": {"uv": [7, 5.75, 7.25, 6], "rotation": 270, "texture": "#0"},
				"up": {"uv": [7, 5.75, 9, 6], "texture": "#0"},
				"down": {"uv": [7, 6, 9, 5.75], "texture": "#0"}
			}
		},
		{
			"name": "halo (13)_12",
			"from": [7, 0, 6],
			"to": [9, 0.25, 6.25],
			"faces": {
				"north": {"uv": [9, 6, 7, 6.25], "texture": "#0"},
				"east": {"uv": [8.75, 6, 9, 6.25], "rotation": 90, "texture": "#0"},
				"south": {"uv": [7, 6, 9, 6.25], "texture": "#0"},
				"west": {"uv": [7, 6, 7.25, 6.25], "rotation": 270, "texture": "#0"},
				"up": {"uv": [7, 6, 9, 6.25], "texture": "#0"},
				"down": {"uv": [7, 6.25, 9, 6], "texture": "#0"}
			}
		},
		{
			"name": "halo (13)_13",
			"from": [7, 0, 6.25],
			"to": [9, 0.25, 6.5],
			"faces": {
				"north": {"uv": [9, 6.25, 7, 6.5], "texture": "#0"},
				"east": {"uv": [8.75, 6.25, 9, 6.5], "rotation": 90, "texture": "#0"},
				"south": {"uv": [7, 6.25, 9, 6.5], "texture": "#0"},
				"west": {"uv": [7, 6.25, 7.25, 6.5], "rotation": 270, "texture": "#0"},
				"up": {"uv": [7, 6.25, 9, 6.5], "texture": "#0"},
				"down": {"uv": [7, 6.5, 9, 6.25], "texture": "#0"}
			}
		},
		{
			"name": "halo (13)_14",
			"from": [7, 0, 6.5],
			"to": [9, 0.25, 6.75],
			"faces": {
				"north": {"uv": [9, 6.5, 7, 6.75], "texture": "#0"},
				"east": {"uv": [8.75, 6.5, 9, 6.75], "rotation": 90, "texture": "#0"},
				"south": {"uv": [7, 6.5, 9, 6.75], "texture": "#0"},
				"west": {"uv": [7, 6.5, 7.25, 6.75], "rotation": 270, "texture": "#0"},
				"up": {"uv": [7, 6.5, 9, 6.75], "texture": "#0"},
				"down": {"uv": [7, 6.75, 9, 6.5], "texture": "#0"}
			}
		},
		{
			"name": "halo (13)_15",
			"from": [7, 0, 6.75],
			"to": [9, 0.25, 7],
			"faces": {
				"north": {"uv": [9, 6.75, 7, 7], "texture": "#0"},
				"east": {"uv": [8.75, 6.75, 9, 7], "rotation": 90, "texture": "#0"},
				"south": {"uv": [7, 6.75, 9, 7], "texture": "#0"},
				"west": {"uv": [7, 6.75, 7.25, 7], "rotation": 270, "texture": "#0"},
				"up": {"uv": [7, 6.75, 9, 7], "texture": "#0"},
				"down": {"uv": [7, 7, 9, 6.75], "texture": "#0"}
			}
		},
		{
			"name": "halo (13)_16",
			"from": [5, 0, 7],
			"to": [11, 0.25, 7.25],
			"faces": {
				"north": {"uv": [11, 7, 5, 7.25], "texture": "#0"},
				"east": {"uv": [10.75, 7, 11, 7.25], "rotation": 90, "texture": "#0"},
				"south": {"uv": [5, 7, 11, 7.25], "texture": "#0"},
				"west": {"uv": [5, 7, 5.25, 7.25], "rotation": 270, "texture": "#0"},
				"up": {"uv": [5, 7, 11, 7.25], "texture": "#0"},
				"down": {"uv": [5, 7.25, 11, 7], "texture": "#0"}
			}
		},
		{
			"name": "halo (13)_17",
			"from": [4.25, 0, 7.25],
			"to": [11.75, 0.25, 7.5],
			"faces": {
				"north": {"uv": [11.75, 7.25, 4.25, 7.5], "texture": "#0"},
				"east": {"uv": [11.5, 7.25, 11.75, 7.5], "rotation": 90, "texture": "#0"},
				"south": {"uv": [4.25, 7.25, 11.75, 7.5], "texture": "#0"},
				"west": {"uv": [4.25, 7.25, 4.5, 7.5], "rotation": 270, "texture": "#0"},
				"up": {"uv": [4.25, 7.25, 11.75, 7.5], "texture": "#0"},
				"down": {"uv": [4.25, 7.5, 11.75, 7.25], "texture": "#0"}
			}
		},
		{
			"name": "halo (13)_18",
			"from": [3.5, 0, 7.5],
			"to": [12.5, 0.25, 7.75],
			"faces": {
				"north": {"uv": [12.5, 7.5, 3.5, 7.75], "texture": "#0"},
				"east": {"uv": [12.25, 7.5, 12.5, 7.75], "rotation": 90, "texture": "#0"},
				"south": {"uv": [3.5, 7.5, 12.5, 7.75], "texture": "#0"},
				"west": {"uv": [3.5, 7.5, 3.75, 7.75], "rotation": 270, "texture": "#0"},
				"up": {"uv": [3.5, 7.5, 12.5, 7.75], "texture": "#0"},
				"down": {"uv": [3.5, 7.75, 12.5, 7.5], "texture": "#0"}
			}
		},
		{
			"name": "halo (13)_19",
			"from": [3, 0, 7.75],
			"to": [13, 0.25, 8],
			"faces": {
				"north": {"uv": [13, 7.75, 3, 8], "texture": "#0"},
				"east": {"uv": [12.75, 7.75, 13, 8], "rotation": 90, "texture": "#0"},
				"south": {"uv": [3, 7.75, 13, 8], "texture": "#0"},
				"west": {"uv": [3, 7.75, 3.25, 8], "rotation": 270, "texture": "#0"},
				"up": {"uv": [3, 7.75, 13, 8], "texture": "#0"},
				"down": {"uv": [3, 8, 13, 7.75], "texture": "#0"}
			}
		},
		{
			"name": "halo (13)_20",
			"from": [3, 0, 8],
			"to": [13, 0.25, 8.25],
			"faces": {
				"north": {"uv": [13, 8, 3, 8.25], "texture": "#0"},
				"east": {"uv": [12.75, 8, 13, 8.25], "rotation": 90, "texture": "#0"},
				"south": {"uv": [3, 8, 13, 8.25], "texture": "#0"},
				"west": {"uv": [3, 8, 3.25, 8.25], "rotation": 270, "texture": "#0"},
				"up": {"uv": [3, 8, 13, 8.25], "texture": "#0"},
				"down": {"uv": [3, 8.25, 13, 8], "texture": "#0"}
			}
		},
		{
			"name": "halo (13)_21",
			"from": [3.5, 0, 8.25],
			"to": [12.5, 0.25, 8.5],
			"faces": {
				"north": {"uv": [12.5, 8.25, 3.5, 8.5], "texture": "#0"},
				"east": {"uv": [12.25, 8.25, 12.5, 8.5], "rotation": 90, "texture": "#0"},
				"south": {"uv": [3.5, 8.25, 12.5, 8.5], "texture": "#0"},
				"west": {"uv": [3.5, 8.25, 3.75, 8.5], "rotation": 270, "texture": "#0"},
				"up": {"uv": [3.5, 8.25, 12.5, 8.5], "texture": "#0"},
				"down": {"uv": [3.5, 8.5, 12.5, 8.25], "texture": "#0"}
			}
		},
		{
			"name": "halo (13)_22",
			"from": [4.25, 0, 8.5],
			"to": [11.75, 0.25, 8.75],
			"faces": {
				"north": {"uv": [11.75, 8.5, 4.25, 8.75], "texture": "#0"},
				"east": {"uv": [11.5, 8.5, 11.75, 8.75], "rotation": 90, "texture": "#0"},
				"south": {"uv": [4.25, 8.5, 11.75, 8.75], "texture": "#0"},
				"west": {"uv": [4.25, 8.5, 4.5, 8.75], "rotation": 270, "texture": "#0"},
				"up": {"uv": [4.25, 8.5, 11.75, 8.75], "texture": "#0"},
				"down": {"uv": [4.25, 8.75, 11.75, 8.5], "texture": "#0"}
			}
		},
		{
			"name": "halo (13)_23",
			"from": [5, 0, 8.75],
			"to": [11, 0.25, 9],
			"faces": {
				"north": {"uv": [11, 8.75, 5, 9], "texture": "#0"},
				"east": {"uv": [10.75, 8.75, 11, 9], "rotation": 90, "texture": "#0"},
				"south": {"uv": [5, 8.75, 11, 9], "texture": "#0"},
				"west": {"uv": [5, 8.75, 5.25, 9], "rotation": 270, "texture": "#0"},
				"up": {"uv": [5, 8.75, 11, 9], "texture": "#0"},
				"down": {"uv": [5, 9, 11, 8.75], "texture": "#0"}
			}
		},
		{
			"name": "halo (13)_24",
			"from": [7, 0, 9],
			"to": [9, 0.25, 9.25],
			"faces": {
				"north": {"uv": [9, 9, 7, 9.25], "texture": "#0"},
				"east": {"uv": [8.75, 9, 9, 9.25], "rotation": 90, "texture": "#0"},
				"south": {"uv": [7, 9, 9, 9.25], "texture": "#0"},
				"west": {"uv": [7, 9, 7.25, 9.25], "rotation": 270, "texture": "#0"},
				"up": {"uv": [7, 9, 9, 9.25], "texture": "#0"},
				"down": {"uv": [7, 9.25, 9, 9], "texture": "#0"}
			}
		},
		{
			"name": "halo (13)_25",
			"from": [7, 0, 9.25],
			"to": [9, 0.25, 9.5],
			"faces": {
				"north": {"uv": [9, 9.25, 7, 9.5], "texture": "#0"},
				"east": {"uv": [8.75, 9.25, 9, 9.5], "rotation": 90, "texture": "#0"},
				"south": {"uv": [7, 9.25, 9, 9.5], "texture": "#0"},
				"west": {"uv": [7, 9.25, 7.25, 9.5], "rotation": 270, "texture": "#0"},
				"up": {"uv": [7, 9.25, 9, 9.5], "texture": "#0"},
				"down": {"uv": [7, 9.5, 9, 9.25], "texture": "#0"}
			}
		},
		{
			"name": "halo (13)_26",
			"from": [7, 0, 9.5],
			"to": [9, 0.25, 9.75],
			"faces": {
				"north": {"uv": [9, 9.5, 7, 9.75], "texture": "#0"},
				"east": {"uv": [8.75, 9.5, 9, 9.75], "rotation": 90, "texture": "#0"},
				"south": {"uv": [7, 9.5, 9, 9.75], "texture": "#0"},
				"west": {"uv": [7, 9.5, 7.25, 9.75], "rotation": 270, "texture": "#0"},
				"up": {"uv": [7, 9.5, 9, 9.75], "texture": "#0"},
				"down": {"uv": [7, 9.75, 9, 9.5], "texture": "#0"}
			}
		},
		{
			"name": "halo (13)_27",
			"from": [7, 0, 9.75],
			"to": [9, 0.25, 10],
			"faces": {
				"north": {"uv": [9, 9.75, 7, 10], "texture": "#0"},
				"east": {"uv": [8.75, 9.75, 9, 10], "rotation": 90, "texture": "#0"},
				"south": {"uv": [7, 9.75, 9, 10], "texture": "#0"},
				"west": {"uv": [7, 9.75, 7.25, 10], "rotation": 270, "texture": "#0"},
				"up": {"uv": [7, 9.75, 9, 10], "texture": "#0"},
				"down": {"uv": [7, 10, 9, 9.75], "texture": "#0"}
			}
		},
		{
			"name": "halo (13)_28",
			"from": [7, 0, 10],
			"to": [9, 0.25, 10.25],
			"faces": {
				"north": {"uv": [9, 10, 7, 10.25], "texture": "#0"},
				"east": {"uv": [8.75, 10, 9, 10.25], "rotation": 90, "texture": "#0"},
				"south": {"uv": [7, 10, 9, 10.25], "texture": "#0"},
				"west": {"uv": [7, 10, 7.25, 10.25], "rotation": 270, "texture": "#0"},
				"up": {"uv": [7, 10, 9, 10.25], "texture": "#0"},
				"down": {"uv": [7, 10.25, 9, 10], "texture": "#0"}
			}
		},
		{
			"name": "halo (13)_29",
			"from": [7, 0, 10.25],
			"to": [9, 0.25, 10.5],
			"faces": {
				"north": {"uv": [9, 10.25, 7, 10.5], "texture": "#0"},
				"east": {"uv": [8.75, 10.25, 9, 10.5], "rotation": 90, "texture": "#0"},
				"south": {"uv": [7, 10.25, 9, 10.5], "texture": "#0"},
				"west": {"uv": [7, 10.25, 7.25, 10.5], "rotation": 270, "texture": "#0"},
				"up": {"uv": [7, 10.25, 9, 10.5], "texture": "#0"},
				"down": {"uv": [7, 10.5, 9, 10.25], "texture": "#0"}
			}
		},
		{
			"name": "halo (13)_30",
			"from": [7, 0, 10.5],
			"to": [9, 0.25, 10.75],
			"faces": {
				"north": {"uv": [9, 10.5, 7, 10.75], "texture": "#0"},
				"east": {"uv": [8.75, 10.5, 9, 10.75], "rotation": 90, "texture": "#0"},
				"south": {"uv": [7, 10.5, 9, 10.75], "texture": "#0"},
				"west": {"uv": [7, 10.5, 7.25, 10.75], "rotation": 270, "texture": "#0"},
				"up": {"uv": [7, 10.5, 9, 10.75], "texture": "#0"},
				"down": {"uv": [7, 10.75, 9, 10.5], "texture": "#0"}
			}
		},
		{
			"name": "halo (13)_31",
			"from": [7, 0, 10.75],
			"to": [9, 0.25, 11],
			"faces": {
				"north": {"uv": [9, 10.75, 7, 11], "texture": "#0"},
				"east": {"uv": [8.75, 10.75, 9, 11], "rotation": 90, "texture": "#0"},
				"south": {"uv": [7, 10.75, 9, 11], "texture": "#0"},
				"west": {"uv": [7, 10.75, 7.25, 11], "rotation": 270, "texture": "#0"},
				"up": {"uv": [7, 10.75, 9, 11], "texture": "#0"},
				"down": {"uv": [7, 11, 9, 10.75], "texture": "#0"}
			}
		},
		{
			"name": "halo (13)_32",
			"from": [7.25, 0, 11],
			"to": [8.75, 0.25, 11.25],
			"faces": {
				"north": {"uv": [8.75, 11, 7.25, 11.25], "texture": "#0"},
				"east": {"uv": [8.5, 11, 8.75, 11.25], "rotation": 90, "texture": "#0"},
				"south": {"uv": [7.25, 11, 8.75, 11.25], "texture": "#0"},
				"west": {"uv": [7.25, 11, 7.5, 11.25], "rotation": 270, "texture": "#0"},
				"up": {"uv": [7.25, 11, 8.75, 11.25], "texture": "#0"},
				"down": {"uv": [7.25, 11.25, 8.75, 11], "texture": "#0"}
			}
		},
		{
			"name": "halo (13)_33",
			"from": [7.25, 0, 11.25],
			"to": [8.75, 0.25, 11.5],
			"faces": {
				"north": {"uv": [8.75, 11.25, 7.25, 11.5], "texture": "#0"},
				"east": {"uv": [8.5, 11.25, 8.75, 11.5], "rotation": 90, "texture": "#0"},
				"south": {"uv": [7.25, 11.25, 8.75, 11.5], "texture": "#0"},
				"west": {"uv": [7.25, 11.25, 7.5, 11.5], "rotation": 270, "texture": "#0"},
				"up": {"uv": [7.25, 11.25, 8.75, 11.5], "texture": "#0"},
				"down": {"uv": [7.25, 11.5, 8.75, 11.25], "texture": "#0"}
			}
		},
		{
			"name": "halo (13)_34",
			"from": [7.25, 0, 11.5],
			"to": [8.75, 0.25, 11.75],
			"faces": {
				"north": {"uv": [8.75, 11.5, 7.25, 11.75], "texture": "#0"},
				"east": {"uv": [8.5, 11.5, 8.75, 11.75], "rotation": 90, "texture": "#0"},
				"south": {"uv": [7.25, 11.5, 8.75, 11.75], "texture": "#0"},
				"west": {"uv": [7.25, 11.5, 7.5, 11.75], "rotation": 270, "texture": "#0"},
				"up": {"uv": [7.25, 11.5, 8.75, 11.75], "texture": "#0"},
				"down": {"uv": [7.25, 11.75, 8.75, 11.5], "texture": "#0"}
			}
		},
		{
			"name": "halo (13)_35",
			"from": [7.5, 0, 11.75],
			"to": [8.5, 0.25, 12],
			"faces": {
				"north": {"uv": [8.5, 11.75, 7.5, 12], "texture": "#0"},
				"east": {"uv": [8.25, 11.75, 8.5, 12], "rotation": 90, "texture": "#0"},
				"south": {"uv": [7.5, 11.75, 8.5, 12], "texture": "#0"},
				"west": {"uv": [7.5, 11.75, 7.75, 12], "rotation": 270, "texture": "#0"},
				"up": {"uv": [7.5, 11.75, 8.5, 12], "texture": "#0"},
				"down": {"uv": [7.5, 12, 8.5, 11.75], "texture": "#0"}
			}
		},
		{
			"name": "halo (13)_36",
			"from": [7.5, 0, 12],
			"to": [8.5, 0.25, 12.25],
			"faces": {
				"north": {"uv": [8.5, 12, 7.5, 12.25], "texture": "#0"},
				"east": {"uv": [8.25, 12, 8.5, 12.25], "rotation": 90, "texture": "#0"},
				"south": {"uv": [7.5, 12, 8.5, 12.25], "texture": "#0"},
				"west": {"uv": [7.5, 12, 7.75, 12.25], "rotation": 270, "texture": "#0"},
				"up": {"uv": [7.5, 12, 8.5, 12.25], "texture": "#0"},
				"down": {"uv": [7.5, 12.25, 8.5, 12], "texture": "#0"}
			}
		},
		{
			"name": "halo (13)_37",
			"from": [7.5, 0, 12.25],
			"to": [8.5, 0.25, 12.5],
			"faces": {
				"north": {"uv": [8.5, 12.25, 7.5, 12.5], "texture": "#0"},
				"east": {"uv": [8.25, 12.25, 8.5, 12.5], "rotation": 90, "texture": "#0"},
				"south": {"uv": [7.5, 12.25, 8.5, 12.5], "texture": "#0"},
				"west": {"uv": [7.5, 12.25, 7.75, 12.5], "rotation": 270, "texture": "#0"},
				"up": {"uv": [7.5, 12.25, 8.5, 12.5], "texture": "#0"},
				"down": {"uv": [7.5, 12.5, 8.5, 12.25], "texture": "#0"}
			}
		},
		{
			"name": "halo (13)_38",
			"from": [7.75, 0, 12.5],
			"to": [8.25, 0.25, 12.75],
			"faces": {
				"north": {"uv": [8.25, 12.5, 7.75, 12.75], "texture": "#0"},
				"east": {"uv": [8, 12.5, 8.25, 12.75], "rotation": 90, "texture": "#0"},
				"south": {"uv": [7.75, 12.5, 8.25, 12.75], "texture": "#0"},
				"west": {"uv": [7.75, 12.5, 8, 12.75], "rotation": 270, "texture": "#0"},
				"up": {"uv": [7.75, 12.5, 8.25, 12.75], "texture": "#0"},
				"down": {"uv": [7.75, 12.75, 8.25, 12.5], "texture": "#0"}
			}
		},
		{
			"name": "halo (13)_39",
			"from": [7.75, 0, 12.75],
			"to": [8.25, 0.25, 13],
			"faces": {
				"north": {"uv": [8.25, 12.75, 7.75, 13], "texture": "#0"},
				"east": {"uv": [8, 12.75, 8.25, 13], "rotation": 90, "texture": "#0"},
				"south": {"uv": [7.75, 12.75, 8.25, 13], "texture": "#0"},
				"west": {"uv": [7.75, 12.75, 8, 13], "rotation": 270, "texture": "#0"},
				"up": {"uv": [7.75, 12.75, 8.25, 13], "texture": "#0"},
				"down": {"uv": [7.75, 13, 8.25, 12.75], "texture": "#0"}
			}
		}
	],
	"display": {
		"gui": {
			"rotation": [90, 0, 0]
		},
		"head": {
			"rotation": [20, 0, 0],
			"translation": [0, 17, 10]
		}
	},
	"groups": [
		{
			"name": "halo (13)",
			"origin": [8, 8, 8],
			"color": 0,
			"children": [0, 1, 2, 3, 4, 5, 6, 7, 8, 9, 10, 11, 12, 13, 14, 15, 16, 17, 18, 19, 20, 21, 22, 23, 24, 25, 26, 27, 28, 29, 30, 31, 32, 33, 34, 35, 36, 37, 38, 39]
		}
	]
}