{
	"credit": "Made with Blockbench",
	"textures": {
		"0": "items/3d/Flash Grenade",
	},
	"elements": [
		{
			"from": [6.5, 0.001, 7],
			"to": [9.5, 7, 9],
			"faces": {
				"north": {"uv": [0, 3, 3, 10], "texture": "#0"},
				"east": {"uv": [3.5, 3, 5.5, 10], "texture": "#0"},
				"south": {"uv": [0, 3, 3, 10], "texture": "#0"},
				"west": {"uv": [3.5, 3, 5.5, 10], "texture": "#0"},
				"up": {"uv": [8, 7.5, 11, 9.5], "texture": "#0"},
				"down": {"uv": [8.5, 7, 10.5, 10], "rotation": 90, "texture": "#0"}
			}
		},
		{
			"from": [7, 0, 6.5],
			"to": [9, 7, 9.5],
			"rotation": {"angle": 0, "axis": "y", "origin": [8, 2, 8]},
			"faces": {
				"north": {"uv": [0, 13, 7, 15], "rotation": 270, "texture": "#0"},
				"east": {"uv": [0, 3, 3, 10], "texture": "#0"},
				"south": {"uv": [3.5, 3, 5.5, 10], "texture": "#0"},
				"west": {"uv": [0, 3, 3, 10], "texture": "#0"},
				"up": {"uv": [8, 7.5, 11, 9.5], "rotation": 90, "texture": "#0"},
				"down": {"uv": [8.5, 7, 10.5, 10], "rotation": 180, "texture": "#0"}
			}
		},
		{
			"from": [7, 7, 7],
			"to": [9, 7.5, 9],
			"rotation": {"angle": 0, "axis": "y", "origin": [0, 2, 0]},
			"faces": {
				"north": {"uv": [8.5, 9.5, 10.5, 10], "texture": "#0"},
				"east": {"uv": [8.5, 9.5, 10.5, 10], "texture": "#0"},
				"south": {"uv": [8.5, 9.5, 10.5, 10], "texture": "#0"},
				"west": {"uv": [8.5, 9.5, 10.5, 10], "texture": "#0"},
				"up": {"uv": [8.5, 7.5, 10.5, 9.5], "texture": "#0"},
				"down": {"uv": [8.5, 7.5, 10.5, 9.5], "texture": "#0"}
			}
		},
		{
			"from": [7.5, 7.5, 7.5],
			"to": [8.5, 8, 8.5],
			"rotation": {"angle": 0, "axis": "y", "origin": [0, 2, 0]},
			"faces": {
				"north": {"uv": [8.5, 6, 9.5, 6.5], "texture": "#0"},
				"east": {"uv": [8.5, 6, 9.5, 6.5], "texture": "#0"},
				"south": {"uv": [8.5, 6, 9.5, 6.5], "texture": "#0"},
				"west": {"uv": [8.5, 6, 9.5, 6.5], "texture": "#0"},
				"up": {"uv": [8.5, 6, 9.5, 6.5], "texture": "#missing"},
				"down": {"uv": [8.5, 6, 9.5, 6.5], "texture": "#missing"}
			}
		},
		{
			"from": [6.75, 8, 7.25],
			"to": [8.75, 9, 8.75],
			"rotation": {"angle": 0, "axis": "y", "origin": [0, 2, 0]},
			"faces": {
				"north": {"uv": [8, 4.5, 10, 5.5], "texture": "#0"},
				"east": {"uv": [10.5, 4.5, 12, 5.5], "texture": "#0"},
				"south": {"uv": [8, 4.5, 10, 5.5], "texture": "#0"},
				"west": {"uv": [10.5, 4.5, 12, 5.5], "texture": "#0"},
				"up": {"uv": [8, 2.5, 10, 4], "texture": "#0"},
				"down": {"uv": [8, 2.5, 10, 4], "texture": "#0"}
			}
		},
		{
			"from": [5.5, 8.5, 7.5],
			"to": [6.75, 9, 8.5],
			"rotation": {"angle": 0, "axis": "y", "origin": [7.30761, 9.03963, 8.25]},
			"faces": {
				"north": {"uv": [12.5, 4.5, 13.5, 5], "texture": "#0"},
				"east": {"uv": [0, 0, 1, 0.5], "texture": "#missing"},
				"south": {"uv": [12.5, 4.5, 13.5, 5], "texture": "#0"},
				"west": {"uv": [12.5, 4.5, 13.5, 5], "texture": "#0"},
				"up": {"uv": [12.5, 3, 13.5, 4], "texture": "#0"},
				"down": {"uv": [12.5, 3, 13.5, 4], "texture": "#0"}
			}
		},
		{
			"from": [5.19738, 1.54931, 7.51],
			"to": [5.69738, 6.54931, 8.49],
			"rotation": {"angle": -22.5, "axis": "z", "origin": [11.50893, 7.01398, 8.24]},
			"faces": {
				"north": {"uv": [14, 5.5, 14.5, 10.5], "texture": "#0"},
				"east": {"uv": [15, 5.5, 15.98, 10.5], "texture": "#0"},
				"south": {"uv": [14, 5.5, 14.5, 10.5], "texture": "#0"},
				"west": {"uv": [15, 5.5, 15.98, 10.5], "texture": "#0"},
				"up": {"uv": [14, 11, 14.5, 11.98], "texture": "#0"},
				"down": {"uv": [14, 11, 14.5, 11.98], "texture": "#0"}
			}
		},
		{
			"from": [7.09386, 0.01, 8.49767],
			"to": [7.79386, 6.99, 8.99767],
			"rotation": {"angle": -45, "axis": "y", "origin": [6.79056, 12.01, 8.29056]},
			"faces": {
				"north": {"uv": [0, 0, 0.7, 3.98], "rotation": 180, "texture": "#missing"},
				"east": {"uv": [0, 0, 3.98, 0.5], "rotation": 90, "texture": "#missing"},
				"south": {"uv": [6, 3, 7, 10], "texture": "#0"},
				"west": {"uv": [0, 0, 3.98, 0.5], "rotation": 270, "texture": "#missing"},
				"up": {"uv": [6, 2, 6.5, 2.5], "texture": "#0"},
				"down": {"uv": [6, 10.5, 6.5, 11], "rotation": 180, "texture": "#0"}
			}
		},
		{
			"from": [7.09386, 0.01, 5.49767],
			"to": [7.79386, 6.99, 5.99767],
			"rotation": {"angle": -45, "axis": "y", "origin": [6.79056, 12.01, 8.29056]},
			"faces": {
				"north": {"uv": [6, 3, 7, 10], "texture": "#0"},
				"east": {"uv": [0, 0, 3.98, 0.5], "rotation": 90, "texture": "#missing"},
				"south": {"uv": [0, 0, 0.7, 3.98], "texture": "#missing"},
				"west": {"uv": [0, 0, 3.98, 0.5], "rotation": 270, "texture": "#missing"},
				"up": {"uv": [6, 2, 6.5, 2.5], "texture": "#0"},
				"down": {"uv": [6, 10.5, 6.5, 11], "texture": "#0"}
			}
		},
		{
			"from": [7.00736, 0.01, 7.08883],
			"to": [7.50736, 6.99, 7.78883],
			"rotation": {"angle": -45, "axis": "y", "origin": [7.71447, 7.02, 6.78553]},
			"faces": {
				"north": {"uv": [0, 0, 3.98, 0.5], "rotation": 270, "texture": "#missing"},
				"east": {"uv": [0, 0, 0.7, 3.98], "rotation": 180, "texture": "#missing"},
				"south": {"uv": [0, 0, 3.98, 0.5], "rotation": 90, "texture": "#missing"},
				"west": {"uv": [6, 3, 7, 10], "texture": "#0"},
				"up": {"uv": [6, 2, 6.5, 2.5], "rotation": 90, "texture": "#0"},
				"down": {"uv": [6, 10.5, 6.5, 11], "rotation": 90, "texture": "#0"}
			}
		},
		{
			"from": [10.00736, 0.01, 7.08883],
			"to": [10.50736, 6.99, 7.78883],
			"rotation": {"angle": -45, "axis": "y", "origin": [7.71447, 7.02, 6.78553]},
			"faces": {
				"north": {"uv": [6, 6, 6.5, 9.98], "texture": "#missing"},
				"east": {"uv": [6, 3, 7, 10], "texture": "#0"},
				"south": {"uv": [0, 0, 3.98, 0.5], "rotation": 90, "texture": "#missing"},
				"west": {"uv": [0, 0, 0.7, 3.98], "texture": "#missing"},
				"up": {"uv": [6, 2, 6.5, 2.5], "rotation": 90, "texture": "#0"},
				"down": {"uv": [6, 10.5, 6.5, 11], "rotation": 90, "texture": "#0"}
			}
		},
		{
			"from": [6.5, 0.001, 7],
			"to": [9.5, 7, 9],
			"faces": {
				"north": {"uv": [0, 3, 3, 10], "texture": "#0"},
				"east": {"uv": [3.5, 3, 5.5, 10], "texture": "#0"},
				"south": {"uv": [0, 3, 3, 10], "texture": "#0"},
				"west": {"uv": [3.5, 3, 5.5, 10], "texture": "#0"},
				"up": {"uv": [8, 7.5, 11, 9.5], "texture": "#0"},
				"down": {"uv": [8.5, 7, 10.5, 10], "rotation": 90, "texture": "#0"}
			}
		},
		{
			"from": [7, 0, 6.5],
			"to": [9, 7, 9.5],
			"rotation": {"angle": 0, "axis": "y", "origin": [8, 2, 8]},
			"faces": {
				"north": {"uv": [0, 13, 7, 15], "rotation": 270, "texture": "#0"},
				"east": {"uv": [0, 3, 3, 10], "texture": "#0"},
				"south": {"uv": [3.5, 3, 5.5, 10], "texture": "#0"},
				"west": {"uv": [0, 3, 3, 10], "texture": "#0"},
				"up": {"uv": [8, 7.5, 11, 9.5], "rotation": 90, "texture": "#0"},
				"down": {"uv": [8.5, 7, 10.5, 10], "rotation": 180, "texture": "#0"}
			}
		},
		{
			"from": [7, 7, 7],
			"to": [9, 7.5, 9],
			"rotation": {"angle": 0, "axis": "y", "origin": [0, 2, 0]},
			"faces": {
				"north": {"uv": [8.5, 9.5, 10.5, 10], "texture": "#0"},
				"east": {"uv": [8.5, 9.5, 10.5, 10], "texture": "#0"},
				"south": {"uv": [8.5, 9.5, 10.5, 10], "texture": "#0"},
				"west": {"uv": [8.5, 9.5, 10.5, 10], "texture": "#0"},
				"up": {"uv": [8.5, 7.5, 10.5, 9.5], "texture": "#0"},
				"down": {"uv": [8.5, 7.5, 10.5, 9.5], "texture": "#0"}
			}
		},
		{
			"from": [7.5, 7.5, 7.5],
			"to": [8.5, 8, 8.5],
			"rotation": {"angle": 0, "axis": "y", "origin": [0, 2, 0]},
			"faces": {
				"north": {"uv": [8.5, 6, 9.5, 6.5], "texture": "#0"},
				"east": {"uv": [8.5, 6, 9.5, 6.5], "texture": "#0"},
				"south": {"uv": [8.5, 6, 9.5, 6.5], "texture": "#0"},
				"west": {"uv": [8.5, 6, 9.5, 6.5], "texture": "#0"},
				"up": {"uv": [8.5, 6, 9.5, 6.5], "texture": "#missing"},
				"down": {"uv": [8.5, 6, 9.5, 6.5], "texture": "#missing"}
			}
		},
		{
			"from": [6.75, 8, 7.25],
			"to": [8.75, 9, 8.75],
			"rotation": {"angle": 0, "axis": "y", "origin": [0, 2, 0]},
			"faces": {
				"north": {"uv": [8, 4.5, 10, 5.5], "texture": "#0"},
				"east": {"uv": [10.5, 4.5, 12, 5.5], "texture": "#0"},
				"south": {"uv": [8, 4.5, 10, 5.5], "texture": "#0"},
				"west": {"uv": [10.5, 4.5, 12, 5.5], "texture": "#0"},
				"up": {"uv": [8, 2.5, 10, 4], "texture": "#0"},
				"down": {"uv": [8, 2.5, 10, 4], "texture": "#0"}
			}
		},
		{
			"from": [5.5, 8.5, 7.5],
			"to": [6.75, 9, 8.5],
			"rotation": {"angle": 0, "axis": "y", "origin": [7.30761, 9.03963, 8.25]},
			"faces": {
				"north": {"uv": [12.5, 4.5, 13.5, 5], "texture": "#0"},
				"east": {"uv": [0, 0, 1, 0.5], "texture": "#missing"},
				"south": {"uv": [12.5, 4.5, 13.5, 5], "texture": "#0"},
				"west": {"uv": [12.5, 4.5, 13.5, 5], "texture": "#0"},
				"up": {"uv": [12.5, 3, 13.5, 4], "texture": "#0"},
				"down": {"uv": [12.5, 3, 13.5, 4], "texture": "#0"}
			}
		},
		{
			"from": [5.19738, 1.54931, 7.51],
			"to": [5.69738, 6.54931, 8.49],
			"rotation": {"angle": -22.5, "axis": "z", "origin": [11.50893, 7.01398, 8.24]},
			"faces": {
				"north": {"uv": [14, 5.5, 14.5, 10.5], "texture": "#0"},
				"east": {"uv": [15, 5.5, 15.98, 10.5], "texture": "#0"},
				"south": {"uv": [14, 5.5, 14.5, 10.5], "texture": "#0"},
				"west": {"uv": [15, 5.5, 15.98, 10.5], "texture": "#0"},
				"up": {"uv": [14, 11, 14.5, 11.98], "texture": "#0"},
				"down": {"uv": [14, 11, 14.5, 11.98], "texture": "#0"}
			}
		},
		{
			"from": [7.09386, 0.01, 8.49767],
			"to": [7.79386, 6.99, 8.99767],
			"rotation": {"angle": -45, "axis": "y", "origin": [6.79056, 12.01, 8.29056]},
			"faces": {
				"north": {"uv": [0, 0, 0.7, 3.98], "rotation": 180, "texture": "#missing"},
				"east": {"uv": [0, 0, 3.98, 0.5], "rotation": 90, "texture": "#missing"},
				"south": {"uv": [6, 3, 7, 10], "texture": "#0"},
				"west": {"uv": [0, 0, 3.98, 0.5], "rotation": 270, "texture": "#missing"},
				"up": {"uv": [6, 2, 6.5, 2.5], "texture": "#0"},
				"down": {"uv": [6, 10.5, 6.5, 11], "rotation": 180, "texture": "#0"}
			}
		},
		{
			"from": [7.09386, 0.01, 5.49767],
			"to": [7.79386, 6.99, 5.99767],
			"rotation": {"angle": -45, "axis": "y", "origin": [6.79056, 12.01, 8.29056]},
			"faces": {
				"north": {"uv": [6, 3, 7, 10], "texture": "#0"},
				"east": {"uv": [0, 0, 3.98, 0.5], "rotation": 90, "texture": "#missing"},
				"south": {"uv": [0, 0, 0.7, 3.98], "texture": "#missing"},
				"west": {"uv": [0, 0, 3.98, 0.5], "rotation": 270, "texture": "#missing"},
				"up": {"uv": [6, 2, 6.5, 2.5], "texture": "#0"},
				"down": {"uv": [6, 10.5, 6.5, 11], "texture": "#0"}
			}
		},
		{
			"from": [7.00736, 0.01, 7.08883],
			"to": [7.50736, 6.99, 7.78883],
			"rotation": {"angle": -45, "axis": "y", "origin": [7.71447, 7.02, 6.78553]},
			"faces": {
				"north": {"uv": [0, 0, 3.98, 0.5], "rotation": 270, "texture": "#missing"},
				"east": {"uv": [0, 0, 0.7, 3.98], "rotation": 180, "texture": "#missing"},
				"south": {"uv": [0, 0, 3.98, 0.5], "rotation": 90, "texture": "#missing"},
				"west": {"uv": [6, 3, 7, 10], "texture": "#0"},
				"up": {"uv": [6, 2, 6.5, 2.5], "rotation": 90, "texture": "#0"},
				"down": {"uv": [6, 10.5, 6.5, 11], "rotation": 90, "texture": "#0"}
			}
		},
		{
			"from": [10.00736, 0.01, 7.08883],
			"to": [10.50736, 6.99, 7.78883],
			"rotation": {"angle": -45, "axis": "y", "origin": [7.71447, 7.02, 6.78553]},
			"faces": {
				"north": {"uv": [6, 6, 6.5, 9.98], "texture": "#missing"},
				"east": {"uv": [6, 3, 7, 10], "texture": "#0"},
				"south": {"uv": [0, 0, 3.98, 0.5], "rotation": 90, "texture": "#missing"},
				"west": {"uv": [0, 0, 0.7, 3.98], "texture": "#missing"},
				"up": {"uv": [6, 2, 6.5, 2.5], "rotation": 90, "texture": "#0"},
				"down": {"uv": [6, 10.5, 6.5, 11], "rotation": 90, "texture": "#0"}
			}
		},
		{
			"from": [6.5, 0.001, 7],
			"to": [9.5, 7, 9],
			"faces": {
				"north": {"uv": [0, 3, 3, 10], "texture": "#0"},
				"east": {"uv": [3.5, 3, 5.5, 10], "texture": "#0"},
				"south": {"uv": [0, 3, 3, 10], "texture": "#0"},
				"west": {"uv": [3.5, 3, 5.5, 10], "texture": "#0"},
				"up": {"uv": [8, 7.5, 11, 9.5], "texture": "#0"},
				"down": {"uv": [8.5, 7, 10.5, 10], "rotation": 90, "texture": "#0"}
			}
		},
		{
			"from": [7, 0, 6.5],
			"to": [9, 7, 9.5],
			"rotation": {"angle": 0, "axis": "y", "origin": [8, 2, 8]},
			"faces": {
				"north": {"uv": [0, 13, 7, 15], "rotation": 270, "texture": "#0"},
				"east": {"uv": [0, 3, 3, 10], "texture": "#0"},
				"south": {"uv": [3.5, 3, 5.5, 10], "texture": "#0"},
				"west": {"uv": [0, 3, 3, 10], "texture": "#0"},
				"up": {"uv": [8, 7.5, 11, 9.5], "rotation": 90, "texture": "#0"},
				"down": {"uv": [8.5, 7, 10.5, 10], "rotation": 180, "texture": "#0"}
			}
		},
		{
			"from": [7, 7, 7],
			"to": [9, 7.5, 9],
			"rotation": {"angle": 0, "axis": "y", "origin": [0, 2, 0]},
			"faces": {
				"north": {"uv": [8.5, 9.5, 10.5, 10], "texture": "#0"},
				"east": {"uv": [8.5, 9.5, 10.5, 10], "texture": "#0"},
				"south": {"uv": [8.5, 9.5, 10.5, 10], "texture": "#0"},
				"west": {"uv": [8.5, 9.5, 10.5, 10], "texture": "#0"},
				"up": {"uv": [8.5, 7.5, 10.5, 9.5], "texture": "#0"},
				"down": {"uv": [8.5, 7.5, 10.5, 9.5], "texture": "#0"}
			}
		},
		{
			"from": [7.5, 7.5, 7.5],
			"to": [8.5, 8, 8.5],
			"rotation": {"angle": 0, "axis": "y", "origin": [0, 2, 0]},
			"faces": {
				"north": {"uv": [8.5, 6, 9.5, 6.5], "texture": "#0"},
				"east": {"uv": [8.5, 6, 9.5, 6.5], "texture": "#0"},
				"south": {"uv": [8.5, 6, 9.5, 6.5], "texture": "#0"},
				"west": {"uv": [8.5, 6, 9.5, 6.5], "texture": "#0"},
				"up": {"uv": [8.5, 6, 9.5, 6.5], "texture": "#missing"},
				"down": {"uv": [8.5, 6, 9.5, 6.5], "texture": "#missing"}
			}
		},
		{
			"from": [6.75, 8, 7.25],
			"to": [8.75, 9, 8.75],
			"rotation": {"angle": 0, "axis": "y", "origin": [0, 2, 0]},
			"faces": {
				"north": {"uv": [8, 4.5, 10, 5.5], "texture": "#0"},
				"east": {"uv": [10.5, 4.5, 12, 5.5], "texture": "#0"},
				"south": {"uv": [8, 4.5, 10, 5.5], "texture": "#0"},
				"west": {"uv": [10.5, 4.5, 12, 5.5], "texture": "#0"},
				"up": {"uv": [8, 2.5, 10, 4], "texture": "#0"},
				"down": {"uv": [8, 2.5, 10, 4], "texture": "#0"}
			}
		},
		{
			"from": [5.5, 8.5, 7.5],
			"to": [6.75, 9, 8.5],
			"rotation": {"angle": 0, "axis": "y", "origin": [7.30761, 9.03963, 8.25]},
			"faces": {
				"north": {"uv": [12.5, 4.5, 13.5, 5], "texture": "#0"},
				"east": {"uv": [0, 0, 1, 0.5], "texture": "#missing"},
				"south": {"uv": [12.5, 4.5, 13.5, 5], "texture": "#0"},
				"west": {"uv": [12.5, 4.5, 13.5, 5], "texture": "#0"},
				"up": {"uv": [12.5, 3, 13.5, 4], "texture": "#0"},
				"down": {"uv": [12.5, 3, 13.5, 4], "texture": "#0"}
			}
		},
		{
			"from": [5.19738, 1.54931, 7.51],
			"to": [5.69738, 6.54931, 8.49],
			"rotation": {"angle": -22.5, "axis": "z", "origin": [11.50893, 7.01398, 8.24]},
			"faces": {
				"north": {"uv": [14, 5.5, 14.5, 10.5], "texture": "#0"},
				"east": {"uv": [15, 5.5, 15.98, 10.5], "texture": "#0"},
				"south": {"uv": [14, 5.5, 14.5, 10.5], "texture": "#0"},
				"west": {"uv": [15, 5.5, 15.98, 10.5], "texture": "#0"},
				"up": {"uv": [14, 11, 14.5, 11.98], "texture": "#0"},
				"down": {"uv": [14, 11, 14.5, 11.98], "texture": "#0"}
			}
		},
		{
			"from": [7.09386, 0.01, 8.49767],
			"to": [7.79386, 6.99, 8.99767],
			"rotation": {"angle": -45, "axis": "y", "origin": [6.79056, 12.01, 8.29056]},
			"faces": {
				"north": {"uv": [0, 0, 0.7, 3.98], "rotation": 180, "texture": "#missing"},
				"east": {"uv": [0, 0, 3.98, 0.5], "rotation": 90, "texture": "#missing"},
				"south": {"uv": [6, 3, 7, 10], "texture": "#0"},
				"west": {"uv": [0, 0, 3.98, 0.5], "rotation": 270, "texture": "#missing"},
				"up": {"uv": [6, 2, 6.5, 2.5], "texture": "#0"},
				"down": {"uv": [6, 10.5, 6.5, 11], "rotation": 180, "texture": "#0"}
			}
		},
		{
			"from": [7.09386, 0.01, 5.49767],
			"to": [7.79386, 6.99, 5.99767],
			"rotation": {"angle": -45, "axis": "y", "origin": [6.79056, 12.01, 8.29056]},
			"faces": {
				"north": {"uv": [6, 3, 7, 10], "texture": "#0"},
				"east": {"uv": [0, 0, 3.98, 0.5], "rotation": 90, "texture": "#missing"},
				"south": {"uv": [0, 0, 0.7, 3.98], "texture": "#missing"},
				"west": {"uv": [0, 0, 3.98, 0.5], "rotation": 270, "texture": "#missing"},
				"up": {"uv": [6, 2, 6.5, 2.5], "texture": "#0"},
				"down": {"uv": [6, 10.5, 6.5, 11], "texture": "#0"}
			}
		},
		{
			"from": [7.00736, 0.01, 7.08883],
			"to": [7.50736, 6.99, 7.78883],
			"rotation": {"angle": -45, "axis": "y", "origin": [7.71447, 7.02, 6.78553]},
			"faces": {
				"north": {"uv": [0, 0, 3.98, 0.5], "rotation": 270, "texture": "#missing"},
				"east": {"uv": [0, 0, 0.7, 3.98], "rotation": 180, "texture": "#missing"},
				"south": {"uv": [0, 0, 3.98, 0.5], "rotation": 90, "texture": "#missing"},
				"west": {"uv": [6, 3, 7, 10], "texture": "#0"},
				"up": {"uv": [6, 2, 6.5, 2.5], "rotation": 90, "texture": "#0"},
				"down": {"uv": [6, 10.5, 6.5, 11], "rotation": 90, "texture": "#0"}
			}
		},
		{
			"from": [10.00736, 0.01, 7.08883],
			"to": [10.50736, 6.99, 7.78883],
			"rotation": {"angle": -45, "axis": "y", "origin": [7.71447, 7.02, 6.78553]},
			"faces": {
				"north": {"uv": [6, 6, 6.5, 9.98], "texture": "#missing"},
				"east": {"uv": [6, 3, 7, 10], "texture": "#0"},
				"south": {"uv": [0, 0, 3.98, 0.5], "rotation": 90, "texture": "#missing"},
				"west": {"uv": [0, 0, 0.7, 3.98], "texture": "#missing"},
				"up": {"uv": [6, 2, 6.5, 2.5], "rotation": 90, "texture": "#0"},
				"down": {"uv": [6, 10.5, 6.5, 11], "rotation": 90, "texture": "#0"}
			}
		},
		{
			"from": [6.5, 0.001, 7],
			"to": [9.5, 7, 9],
			"faces": {
				"north": {"uv": [0, 3, 3, 10], "texture": "#0"},
				"east": {"uv": [3.5, 3, 5.5, 10], "texture": "#0"},
				"south": {"uv": [0, 3, 3, 10], "texture": "#0"},
				"west": {"uv": [3.5, 3, 5.5, 10], "texture": "#0"},
				"up": {"uv": [8, 7.5, 11, 9.5], "texture": "#0"},
				"down": {"uv": [8.5, 7, 10.5, 10], "rotation": 90, "texture": "#0"}
			}
		},
		{
			"from": [7, 0, 6.5],
			"to": [9, 7, 9.5],
			"rotation": {"angle": 0, "axis": "y", "origin": [8, 2, 8]},
			"faces": {
				"north": {"uv": [0, 13, 7, 15], "rotation": 270, "texture": "#0"},
				"east": {"uv": [0, 3, 3, 10], "texture": "#0"},
				"south": {"uv": [3.5, 3, 5.5, 10], "texture": "#0"},
				"west": {"uv": [0, 3, 3, 10], "texture": "#0"},
				"up": {"uv": [8, 7.5, 11, 9.5], "rotation": 90, "texture": "#0"},
				"down": {"uv": [8.5, 7, 10.5, 10], "rotation": 180, "texture": "#0"}
			}
		},
		{
			"from": [7, 7, 7],
			"to": [9, 7.5, 9],
			"rotation": {"angle": 0, "axis": "y", "origin": [0, 2, 0]},
			"faces": {
				"north": {"uv": [8.5, 9.5, 10.5, 10], "texture": "#0"},
				"east": {"uv": [8.5, 9.5, 10.5, 10], "texture": "#0"},
				"south": {"uv": [8.5, 9.5, 10.5, 10], "texture": "#0"},
				"west": {"uv": [8.5, 9.5, 10.5, 10], "texture": "#0"},
				"up": {"uv": [8.5, 7.5, 10.5, 9.5], "texture": "#0"},
				"down": {"uv": [8.5, 7.5, 10.5, 9.5], "texture": "#0"}
			}
		},
		{
			"from": [7.5, 7.5, 7.5],
			"to": [8.5, 8, 8.5],
			"rotation": {"angle": 0, "axis": "y", "origin": [0, 2, 0]},
			"faces": {
				"north": {"uv": [8.5, 6, 9.5, 6.5], "texture": "#0"},
				"east": {"uv": [8.5, 6, 9.5, 6.5], "texture": "#0"},
				"south": {"uv": [8.5, 6, 9.5, 6.5], "texture": "#0"},
				"west": {"uv": [8.5, 6, 9.5, 6.5], "texture": "#0"},
				"up": {"uv": [8.5, 6, 9.5, 6.5], "texture": "#missing"},
				"down": {"uv": [8.5, 6, 9.5, 6.5], "texture": "#missing"}
			}
		},
		{
			"from": [6.75, 8, 7.25],
			"to": [8.75, 9, 8.75],
			"rotation": {"angle": 0, "axis": "y", "origin": [0, 2, 0]},
			"faces": {
				"north": {"uv": [8, 4.5, 10, 5.5], "texture": "#0"},
				"east": {"uv": [10.5, 4.5, 12, 5.5], "texture": "#0"},
				"south": {"uv": [8, 4.5, 10, 5.5], "texture": "#0"},
				"west": {"uv": [10.5, 4.5, 12, 5.5], "texture": "#0"},
				"up": {"uv": [8, 2.5, 10, 4], "texture": "#0"},
				"down": {"uv": [8, 2.5, 10, 4], "texture": "#0"}
			}
		},
		{
			"from": [5.5, 8.5, 7.5],
			"to": [6.75, 9, 8.5],
			"rotation": {"angle": 0, "axis": "y", "origin": [7.30761, 9.03963, 8.25]},
			"faces": {
				"north": {"uv": [12.5, 4.5, 13.5, 5], "texture": "#0"},
				"east": {"uv": [0, 0, 1, 0.5], "texture": "#missing"},
				"south": {"uv": [12.5, 4.5, 13.5, 5], "texture": "#0"},
				"west": {"uv": [12.5, 4.5, 13.5, 5], "texture": "#0"},
				"up": {"uv": [12.5, 3, 13.5, 4], "texture": "#0"},
				"down": {"uv": [12.5, 3, 13.5, 4], "texture": "#0"}
			}
		},
		{
			"from": [5.19738, 1.54931, 7.51],
			"to": [5.69738, 6.54931, 8.49],
			"rotation": {"angle": -22.5, "axis": "z", "origin": [11.50893, 7.01398, 8.24]},
			"faces": {
				"north": {"uv": [14, 5.5, 14.5, 10.5], "texture": "#0"},
				"east": {"uv": [15, 5.5, 15.98, 10.5], "texture": "#0"},
				"south": {"uv": [14, 5.5, 14.5, 10.5], "texture": "#0"},
				"west": {"uv": [15, 5.5, 15.98, 10.5], "texture": "#0"},
				"up": {"uv": [14, 11, 14.5, 11.98], "texture": "#0"},
				"down": {"uv": [14, 11, 14.5, 11.98], "texture": "#0"}
			}
		},
		{
			"from": [7.09386, 0.01, 8.49767],
			"to": [7.79386, 6.99, 8.99767],
			"rotation": {"angle": -45, "axis": "y", "origin": [6.79056, 12.01, 8.29056]},
			"faces": {
				"north": {"uv": [0, 0, 0.7, 3.98], "rotation": 180, "texture": "#missing"},
				"east": {"uv": [0, 0, 3.98, 0.5], "rotation": 90, "texture": "#missing"},
				"south": {"uv": [6, 3, 7, 10], "texture": "#0"},
				"west": {"uv": [0, 0, 3.98, 0.5], "rotation": 270, "texture": "#missing"},
				"up": {"uv": [6, 2, 6.5, 2.5], "texture": "#0"},
				"down": {"uv": [6, 10.5, 6.5, 11], "rotation": 180, "texture": "#0"}
			}
		},
		{
			"from": [7.09386, 0.01, 5.49767],
			"to": [7.79386, 6.99, 5.99767],
			"rotation": {"angle": -45, "axis": "y", "origin": [6.79056, 12.01, 8.29056]},
			"faces": {
				"north": {"uv": [6, 3, 7, 10], "texture": "#0"},
				"east": {"uv": [0, 0, 3.98, 0.5], "rotation": 90, "texture": "#missing"},
				"south": {"uv": [0, 0, 0.7, 3.98], "texture": "#missing"},
				"west": {"uv": [0, 0, 3.98, 0.5], "rotation": 270, "texture": "#missing"},
				"up": {"uv": [6, 2, 6.5, 2.5], "texture": "#0"},
				"down": {"uv": [6, 10.5, 6.5, 11], "texture": "#0"}
			}
		},
		{
			"from": [7.00736, 0.01, 7.08883],
			"to": [7.50736, 6.99, 7.78883],
			"rotation": {"angle": -45, "axis": "y", "origin": [7.71447, 7.02, 6.78553]},
			"faces": {
				"north": {"uv": [0, 0, 3.98, 0.5], "rotation": 270, "texture": "#missing"},
				"east": {"uv": [0, 0, 0.7, 3.98], "rotation": 180, "texture": "#missing"},
				"south": {"uv": [0, 0, 3.98, 0.5], "rotation": 90, "texture": "#missing"},
				"west": {"uv": [6, 3, 7, 10], "texture": "#0"},
				"up": {"uv": [6, 2, 6.5, 2.5], "rotation": 90, "texture": "#0"},
				"down": {"uv": [6, 10.5, 6.5, 11], "rotation": 90, "texture": "#0"}
			}
		},
		{
			"from": [10.00736, 0.01, 7.08883],
			"to": [10.50736, 6.99, 7.78883],
			"rotation": {"angle": -45, "axis": "y", "origin": [7.71447, 7.02, 6.78553]},
			"faces": {
				"north": {"uv": [6, 6, 6.5, 9.98], "texture": "#missing"},
				"east": {"uv": [6, 3, 7, 10], "texture": "#0"},
				"south": {"uv": [0, 0, 3.98, 0.5], "rotation": 90, "texture": "#missing"},
				"west": {"uv": [0, 0, 0.7, 3.98], "texture": "#missing"},
				"up": {"uv": [6, 2, 6.5, 2.5], "rotation": 90, "texture": "#0"},
				"down": {"uv": [6, 10.5, 6.5, 11], "rotation": 90, "texture": "#0"}
			}
		}
	],
	"display": {
		"thirdperson_righthand": {
			"rotation": [0, 135, 0],
			"translation": [0, 3.5, 0]
		},
		"thirdperson_lefthand": {
			"rotation": [0, -45, 0],
			"translation": [0, 3.5, 0]
		},
		"firstperson_righthand": {
			"rotation": [0, 135, 0],
			"translation": [0, 4.75, 0]
		},
		"firstperson_lefthand": {
			"rotation": [0, -45, 0],
			"translation": [0, 4.75, 0]
		},
		"ground": {
			"rotation": [45, 0, 0],
			"translation": [0, 4.25, 3]
		},
		"gui": {
			"rotation": [20, 135, 20],
			"translation": [1.75, 4.5, 0],
			"scale": [1.5, 1.5, 1.5]
		},
		"fixed": {
			"rotation": [0, 0, 45],
			"translation": [-4.5, 5.75, 0],
			"scale": [2, 2, 2]
		}
	},
	"groups": [
		0,
		1,
		2,
		3,
		4,
		5,
		6,
		{
			"name": "side lamp",
			"origin": [8, 8, 8],
			"color": 0,
			"children": [7, 8, 9, 10]
		},
		11,
		12,
		13,
		14,
		15,
		16,
		17,
		{
			"name": "side lamp",
			"origin": [8, 8, 8],
			"color": 0,
			"children": [18, 19, 20, 21]
		},
		22,
		23,
		24,
		25,
		26,
		27,
		28,
		{
			"name": "side lamp",
			"origin": [8, 8, 8],
			"color": 0,
			"children": [29, 30, 31, 32]
		},
		33,
		34,
		35,
		36,
		37,
		38,
		39,
		{
			"name": "side lamp",
			"origin": [8, 8, 8],
			"color": 0,
			"children": [40, 41, 42, 43]
		}
	]
}