{
	"credit": "Made with Blockbench",
	"textures": {
		"0": "items/3d/halo (3)",
		"particle": "items/3d/halo (3)"
	},
	"elements": [
		{
			"name": "halo (3)_0",
			"from": [6.5, 0, 0.5],
			"to": [9.5, 0.25, 0.75],
			"faces": {
				"north": {"uv": [9.5, 0.5, 6.5, 0.75], "texture": "#0"},
				"east": {"uv": [9.25, 0.5, 9.5, 0.75], "rotation": 90, "texture": "#0"},
				"south": {"uv": [6.5, 0.5, 9.5, 0.75], "texture": "#0"},
				"west": {"uv": [6.5, 0.5, 6.75, 0.75], "rotation": 270, "texture": "#0"},
				"up": {"uv": [6.5, 0.5, 9.5, 0.75], "texture": "#0"},
				"down": {"uv": [6.5, 0.75, 9.5, 0.5], "texture": "#0"}
			}
		},
		{
			"name": "halo (3)_1",
			"from": [5.5, 0, 0.75],
			"to": [10.5, 0.25, 1],
			"faces": {
				"north": {"uv": [10.5, 0.75, 5.5, 1], "texture": "#0"},
				"east": {"uv": [10.25, 0.75, 10.5, 1], "rotation": 90, "texture": "#0"},
				"south": {"uv": [5.5, 0.75, 10.5, 1], "texture": "#0"},
				"west": {"uv": [5.5, 0.75, 5.75, 1], "rotation": 270, "texture": "#0"},
				"up": {"uv": [5.5, 0.75, 10.5, 1], "texture": "#0"},
				"down": {"uv": [5.5, 1, 10.5, 0.75], "texture": "#0"}
			}
		},
		{
			"name": "halo (3)_2",
			"from": [5, 0, 1],
			"to": [11, 0.25, 1.25],
			"faces": {
				"north": {"uv": [11, 1, 5, 1.25], "texture": "#0"},
				"east": {"uv": [10.75, 1, 11, 1.25], "rotation": 90, "texture": "#0"},
				"south": {"uv": [5, 1, 11, 1.25], "texture": "#0"},
				"west": {"uv": [5, 1, 5.25, 1.25], "rotation": 270, "texture": "#0"},
				"up": {"uv": [5, 1, 11, 1.25], "texture": "#0"},
				"down": {"uv": [5, 1.25, 11, 1], "texture": "#0"}
			}
		},
		{
			"name": "halo (3)_3",
			"from": [4.5, 0, 1.25],
			"to": [11.5, 0.25, 1.5],
			"faces": {
				"north": {"uv": [11.5, 1.25, 4.5, 1.5], "texture": "#0"},
				"east": {"uv": [11.25, 1.25, 11.5, 1.5], "rotation": 90, "texture": "#0"},
				"south": {"uv": [4.5, 1.25, 11.5, 1.5], "texture": "#0"},
				"west": {"uv": [4.5, 1.25, 4.75, 1.5], "rotation": 270, "texture": "#0"},
				"up": {"uv": [4.5, 1.25, 11.5, 1.5], "texture": "#0"},
				"down": {"uv": [4.5, 1.5, 11.5, 1.25], "texture": "#0"}
			}
		},
		{
			"name": "halo (3)_4",
			"from": [4, 0, 1.5],
			"to": [6.5, 0.25, 1.75],
			"faces": {
				"north": {"uv": [6.5, 1.5, 4, 1.75], "texture": "#0"},
				"east": {"uv": [6.25, 1.5, 6.5, 1.75], "rotation": 90, "texture": "#0"},
				"south": {"uv": [4, 1.5, 6.5, 1.75], "texture": "#0"},
				"west": {"uv": [4, 1.5, 4.25, 1.75], "rotation": 270, "texture": "#0"},
				"up": {"uv": [4, 1.5, 6.5, 1.75], "texture": "#0"},
				"down": {"uv": [4, 1.75, 6.5, 1.5], "texture": "#0"}
			}
		},
		{
			"name": "halo (3)_5",
			"from": [9.5, 0, 1.5],
			"to": [12, 0.25, 1.75],
			"faces": {
				"north": {"uv": [12, 1.5, 9.5, 1.75], "texture": "#0"},
				"east": {"uv": [11.75, 1.5, 12, 1.75], "rotation": 90, "texture": "#0"},
				"south": {"uv": [9.5, 1.5, 12, 1.75], "texture": "#0"},
				"west": {"uv": [9.5, 1.5, 9.75, 1.75], "rotation": 270, "texture": "#0"},
				"up": {"uv": [9.5, 1.5, 12, 1.75], "texture": "#0"},
				"down": {"uv": [9.5, 1.75, 12, 1.5], "texture": "#0"}
			}
		},
		{
			"name": "halo (3)_6",
			"from": [3.5, 0, 1.75],
			"to": [5.75, 0.25, 2],
			"faces": {
				"north": {"uv": [5.75, 1.75, 3.5, 2], "texture": "#0"},
				"east": {"uv": [5.5, 1.75, 5.75, 2], "rotation": 90, "texture": "#0"},
				"south": {"uv": [3.5, 1.75, 5.75, 2], "texture": "#0"},
				"west": {"uv": [3.5, 1.75, 3.75, 2], "rotation": 270, "texture": "#0"},
				"up": {"uv": [3.5, 1.75, 5.75, 2], "texture": "#0"},
				"down": {"uv": [3.5, 2, 5.75, 1.75], "texture": "#0"}
			}
		},
		{
			"name": "halo (3)_7",
			"from": [10.25, 0, 1.75],
			"to": [12.5, 0.25, 2],
			"faces": {
				"north": {"uv": [12.5, 1.75, 10.25, 2], "texture": "#0"},
				"east": {"uv": [12.25, 1.75, 12.5, 2], "rotation": 90, "texture": "#0"},
				"south": {"uv": [10.25, 1.75, 12.5, 2], "texture": "#0"},
				"west": {"uv": [10.25, 1.75, 10.5, 2], "rotation": 270, "texture": "#0"},
				"up": {"uv": [10.25, 1.75, 12.5, 2], "texture": "#0"},
				"down": {"uv": [10.25, 2, 12.5, 1.75], "texture": "#0"}
			}
		},
		{
			"name": "halo (3)_8",
			"from": [3.25, 0, 2],
			"to": [5, 0.25, 2.25],
			"faces": {
				"north": {"uv": [5, 2, 3.25, 2.25], "texture": "#0"},
				"east": {"uv": [4.75, 2, 5, 2.25], "rotation": 90, "texture": "#0"},
				"south": {"uv": [3.25, 2, 5, 2.25], "texture": "#0"},
				"west": {"uv": [3.25, 2, 3.5, 2.25], "rotation": 270, "texture": "#0"},
				"up": {"uv": [3.25, 2, 5, 2.25], "texture": "#0"},
				"down": {"uv": [3.25, 2.25, 5, 2], "texture": "#0"}
			}
		},
		{
			"name": "halo (3)_9",
			"from": [11, 0, 2],
			"to": [12.75, 0.25, 2.25],
			"faces": {
				"north": {"uv": [12.75, 2, 11, 2.25], "texture": "#0"},
				"east": {"uv": [12.5, 2, 12.75, 2.25], "rotation": 90, "texture": "#0"},
				"south": {"uv": [11, 2, 12.75, 2.25], "texture": "#0"},
				"west": {"uv": [11, 2, 11.25, 2.25], "rotation": 270, "texture": "#0"},
				"up": {"uv": [11, 2, 12.75, 2.25], "texture": "#0"},
				"down": {"uv": [11, 2.25, 12.75, 2], "texture": "#0"}
			}
		},
		{
			"name": "halo (3)_10",
			"from": [3, 0, 2.25],
			"to": [4.75, 0.25, 2.5],
			"faces": {
				"north": {"uv": [4.75, 2.25, 3, 2.5], "texture": "#0"},
				"east": {"uv": [4.5, 2.25, 4.75, 2.5], "rotation": 90, "texture": "#0"},
				"south": {"uv": [3, 2.25, 4.75, 2.5], "texture": "#0"},
				"west": {"uv": [3, 2.25, 3.25, 2.5], "rotation": 270, "texture": "#0"},
				"up": {"uv": [3, 2.25, 4.75, 2.5], "texture": "#0"},
				"down": {"uv": [3, 2.5, 4.75, 2.25], "texture": "#0"}
			}
		},
		{
			"name": "halo (3)_11",
			"from": [11.25, 0, 2.25],
			"to": [13, 0.25, 2.5],
			"faces": {
				"north": {"uv": [13, 2.25, 11.25, 2.5], "texture": "#0"},
				"east": {"uv": [12.75, 2.25, 13, 2.5], "rotation": 90, "texture": "#0"},
				"south": {"uv": [11.25, 2.25, 13, 2.5], "texture": "#0"},
				"west": {"uv": [11.25, 2.25, 11.5, 2.5], "rotation": 270, "texture": "#0"},
				"up": {"uv": [11.25, 2.25, 13, 2.5], "texture": "#0"},
				"down": {"uv": [11.25, 2.5, 13, 2.25], "texture": "#0"}
			}
		},
		{
			"name": "halo (3)_12",
			"from": [2.75, 0, 2.5],
			"to": [4.25, 0.25, 2.75],
			"faces": {
				"north": {"uv": [4.25, 2.5, 2.75, 2.75], "texture": "#0"},
				"east": {"uv": [4, 2.5, 4.25, 2.75], "rotation": 90, "texture": "#0"},
				"south": {"uv": [2.75, 2.5, 4.25, 2.75], "texture": "#0"},
				"west": {"uv": [2.75, 2.5, 3, 2.75], "rotation": 270, "texture": "#0"},
				"up": {"uv": [2.75, 2.5, 4.25, 2.75], "texture": "#0"},
				"down": {"uv": [2.75, 2.75, 4.25, 2.5], "texture": "#0"}
			}
		},
		{
			"name": "halo (3)_13",
			"from": [11.75, 0, 2.5],
			"to": [13.25, 0.25, 2.75],
			"faces": {
				"north": {"uv": [13.25, 2.5, 11.75, 2.75], "texture": "#0"},
				"east": {"uv": [13, 2.5, 13.25, 2.75], "rotation": 90, "texture": "#0"},
				"south": {"uv": [11.75, 2.5, 13.25, 2.75], "texture": "#0"},
				"west": {"uv": [11.75, 2.5, 12, 2.75], "rotation": 270, "texture": "#0"},
				"up": {"uv": [11.75, 2.5, 13.25, 2.75], "texture": "#0"},
				"down": {"uv": [11.75, 2.75, 13.25, 2.5], "texture": "#0"}
			}
		},
		{
			"name": "halo (3)_14",
			"from": [2.5, 0, 2.75],
			"to": [4, 0.25, 3],
			"faces": {
				"north": {"uv": [4, 2.75, 2.5, 3], "texture": "#0"},
				"east": {"uv": [3.75, 2.75, 4, 3], "rotation": 90, "texture": "#0"},
				"south": {"uv": [2.5, 2.75, 4, 3], "texture": "#0"},
				"west": {"uv": [2.5, 2.75, 2.75, 3], "rotation": 270, "texture": "#0"},
				"up": {"uv": [2.5, 2.75, 4, 3], "texture": "#0"},
				"down": {"uv": [2.5, 3, 4, 2.75], "texture": "#0"}
			}
		},
		{
			"name": "halo (3)_15",
			"from": [12, 0, 2.75],
			"to": [13.5, 0.25, 3],
			"faces": {
				"north": {"uv": [13.5, 2.75, 12, 3], "texture": "#0"},
				"east": {"uv": [13.25, 2.75, 13.5, 3], "rotation": 90, "texture": "#0"},
				"south": {"uv": [12, 2.75, 13.5, 3], "texture": "#0"},
				"west": {"uv": [12, 2.75, 12.25, 3], "rotation": 270, "texture": "#0"},
				"up": {"uv": [12, 2.75, 13.5, 3], "texture": "#0"},
				"down": {"uv": [12, 3, 13.5, 2.75], "texture": "#0"}
			}
		},
		{
			"name": "halo (3)_16",
			"from": [2.25, 0, 3],
			"to": [3.5, 0.25, 3.25],
			"faces": {
				"north": {"uv": [3.5, 3, 2.25, 3.25], "texture": "#0"},
				"east": {"uv": [3.25, 3, 3.5, 3.25], "rotation": 90, "texture": "#0"},
				"south": {"uv": [2.25, 3, 3.5, 3.25], "texture": "#0"},
				"west": {"uv": [2.25, 3, 2.5, 3.25], "rotation": 270, "texture": "#0"},
				"up": {"uv": [2.25, 3, 3.5, 3.25], "texture": "#0"},
				"down": {"uv": [2.25, 3.25, 3.5, 3], "texture": "#0"}
			}
		},
		{
			"name": "halo (3)_17",
			"from": [12.5, 0, 3],
			"to": [13.75, 0.25, 3.25],
			"faces": {
				"north": {"uv": [13.75, 3, 12.5, 3.25], "texture": "#0"},
				"east": {"uv": [13.5, 3, 13.75, 3.25], "rotation": 90, "texture": "#0"},
				"south": {"uv": [12.5, 3, 13.75, 3.25], "texture": "#0"},
				"west": {"uv": [12.5, 3, 12.75, 3.25], "rotation": 270, "texture": "#0"},
				"up": {"uv": [12.5, 3, 13.75, 3.25], "texture": "#0"},
				"down": {"uv": [12.5, 3.25, 13.75, 3], "texture": "#0"}
			}
		},
		{
			"name": "halo (3)_18",
			"from": [2, 0, 3.25],
			"to": [3.25, 0.25, 3.5],
			"faces": {
				"north": {"uv": [3.25, 3.25, 2, 3.5], "texture": "#0"},
				"east": {"uv": [3, 3.25, 3.25, 3.5], "rotation": 90, "texture": "#0"},
				"south": {"uv": [2, 3.25, 3.25, 3.5], "texture": "#0"},
				"west": {"uv": [2, 3.25, 2.25, 3.5], "rotation": 270, "texture": "#0"},
				"up": {"uv": [2, 3.25, 3.25, 3.5], "texture": "#0"},
				"down": {"uv": [2, 3.5, 3.25, 3.25], "texture": "#0"}
			}
		},
		{
			"name": "halo (3)_19",
			"from": [12.75, 0, 3.25],
			"to": [14, 0.25, 3.5],
			"faces": {
				"north": {"uv": [14, 3.25, 12.75, 3.5], "texture": "#0"},
				"east": {"uv": [13.75, 3.25, 14, 3.5], "rotation": 90, "texture": "#0"},
				"south": {"uv": [12.75, 3.25, 14, 3.5], "texture": "#0"},
				"west": {"uv": [12.75, 3.25, 13, 3.5], "rotation": 270, "texture": "#0"},
				"up": {"uv": [12.75, 3.25, 14, 3.5], "texture": "#0"},
				"down": {"uv": [12.75, 3.5, 14, 3.25], "texture": "#0"}
			}
		},
		{
			"name": "halo (3)_20",
			"from": [1.75, 0, 3.5],
			"to": [3, 0.25, 3.75],
			"faces": {
				"north": {"uv": [3, 3.5, 1.75, 3.75], "texture": "#0"},
				"east": {"uv": [2.75, 3.5, 3, 3.75], "rotation": 90, "texture": "#0"},
				"south": {"uv": [1.75, 3.5, 3, 3.75], "texture": "#0"},
				"west": {"uv": [1.75, 3.5, 2, 3.75], "rotation": 270, "texture": "#0"},
				"up": {"uv": [1.75, 3.5, 3, 3.75], "texture": "#0"},
				"down": {"uv": [1.75, 3.75, 3, 3.5], "texture": "#0"}
			}
		},
		{
			"name": "halo (3)_21",
			"from": [13, 0, 3.5],
			"to": [14.25, 0.25, 3.75],
			"faces": {
				"north": {"uv": [14.25, 3.5, 13, 3.75], "texture": "#0"},
				"east": {"uv": [14, 3.5, 14.25, 3.75], "rotation": 90, "texture": "#0"},
				"south": {"uv": [13, 3.5, 14.25, 3.75], "texture": "#0"},
				"west": {"uv": [13, 3.5, 13.25, 3.75], "rotation": 270, "texture": "#0"},
				"up": {"uv": [13, 3.5, 14.25, 3.75], "texture": "#0"},
				"down": {"uv": [13, 3.75, 14.25, 3.5], "texture": "#0"}
			}
		},
		{
			"name": "halo (3)_22",
			"from": [1.75, 0, 3.75],
			"to": [3, 0.25, 4],
			"faces": {
				"north": {"uv": [3, 3.75, 1.75, 4], "texture": "#0"},
				"east": {"uv": [2.75, 3.75, 3, 4], "rotation": 90, "texture": "#0"},
				"south": {"uv": [1.75, 3.75, 3, 4], "texture": "#0"},
				"west": {"uv": [1.75, 3.75, 2, 4], "rotation": 270, "texture": "#0"},
				"up": {"uv": [1.75, 3.75, 3, 4], "texture": "#0"},
				"down": {"uv": [1.75, 4, 3, 3.75], "texture": "#0"}
			}
		},
		{
			"name": "halo (3)_23",
			"from": [13, 0, 3.75],
			"to": [14.25, 0.25, 4],
			"faces": {
				"north": {"uv": [14.25, 3.75, 13, 4], "texture": "#0"},
				"east": {"uv": [14, 3.75, 14.25, 4], "rotation": 90, "texture": "#0"},
				"south": {"uv": [13, 3.75, 14.25, 4], "texture": "#0"},
				"west": {"uv": [13, 3.75, 13.25, 4], "rotation": 270, "texture": "#0"},
				"up": {"uv": [13, 3.75, 14.25, 4], "texture": "#0"},
				"down": {"uv": [13, 4, 14.25, 3.75], "texture": "#0"}
			}
		},
		{
			"name": "halo (3)_24",
			"from": [1.5, 0, 4],
			"to": [2.75, 0.25, 4.25],
			"faces": {
				"north": {"uv": [2.75, 4, 1.5, 4.25], "texture": "#0"},
				"east": {"uv": [2.5, 4, 2.75, 4.25], "rotation": 90, "texture": "#0"},
				"south": {"uv": [1.5, 4, 2.75, 4.25], "texture": "#0"},
				"west": {"uv": [1.5, 4, 1.75, 4.25], "rotation": 270, "texture": "#0"},
				"up": {"uv": [1.5, 4, 2.75, 4.25], "texture": "#0"},
				"down": {"uv": [1.5, 4.25, 2.75, 4], "texture": "#0"}
			}
		},
		{
			"name": "halo (3)_25",
			"from": [13.25, 0, 4],
			"to": [14.5, 0.25, 4.25],
			"faces": {
				"north": {"uv": [14.5, 4, 13.25, 4.25], "texture": "#0"},
				"east": {"uv": [14.25, 4, 14.5, 4.25], "rotation": 90, "texture": "#0"},
				"south": {"uv": [13.25, 4, 14.5, 4.25], "texture": "#0"},
				"west": {"uv": [13.25, 4, 13.5, 4.25], "rotation": 270, "texture": "#0"},
				"up": {"uv": [13.25, 4, 14.5, 4.25], "texture": "#0"},
				"down": {"uv": [13.25, 4.25, 14.5, 4], "texture": "#0"}
			}
		},
		{
			"name": "halo (3)_26",
			"from": [1.5, 0, 4.25],
			"to": [2.5, 0.25, 4.5],
			"faces": {
				"north": {"uv": [2.5, 4.25, 1.5, 4.5], "texture": "#0"},
				"east": {"uv": [2.25, 4.25, 2.5, 4.5], "rotation": 90, "texture": "#0"},
				"south": {"uv": [1.5, 4.25, 2.5, 4.5], "texture": "#0"},
				"west": {"uv": [1.5, 4.25, 1.75, 4.5], "rotation": 270, "texture": "#0"},
				"up": {"uv": [1.5, 4.25, 2.5, 4.5], "texture": "#0"},
				"down": {"uv": [1.5, 4.5, 2.5, 4.25], "texture": "#0"}
			}
		},
		{
			"name": "halo (3)_27",
			"from": [13.5, 0, 4.25],
			"to": [14.5, 0.25, 4.5],
			"faces": {
				"north": {"uv": [14.5, 4.25, 13.5, 4.5], "texture": "#0"},
				"east": {"uv": [14.25, 4.25, 14.5, 4.5], "rotation": 90, "texture": "#0"},
				"south": {"uv": [13.5, 4.25, 14.5, 4.5], "texture": "#0"},
				"west": {"uv": [13.5, 4.25, 13.75, 4.5], "rotation": 270, "texture": "#0"},
				"up": {"uv": [13.5, 4.25, 14.5, 4.5], "texture": "#0"},
				"down": {"uv": [13.5, 4.5, 14.5, 4.25], "texture": "#0"}
			}
		},
		{
			"name": "halo (3)_28",
			"from": [1.25, 0, 4.5],
			"to": [2.5, 0.25, 4.75],
			"faces": {
				"north": {"uv": [2.5, 4.5, 1.25, 4.75], "texture": "#0"},
				"east": {"uv": [2.25, 4.5, 2.5, 4.75], "rotation": 90, "texture": "#0"},
				"south": {"uv": [1.25, 4.5, 2.5, 4.75], "texture": "#0"},
				"west": {"uv": [1.25, 4.5, 1.5, 4.75], "rotation": 270, "texture": "#0"},
				"up": {"uv": [1.25, 4.5, 2.5, 4.75], "texture": "#0"},
				"down": {"uv": [1.25, 4.75, 2.5, 4.5], "texture": "#0"}
			}
		},
		{
			"name": "halo (3)_29",
			"from": [13.5, 0, 4.5],
			"to": [14.75, 0.25, 4.75],
			"faces": {
				"north": {"uv": [14.75, 4.5, 13.5, 4.75], "texture": "#0"},
				"east": {"uv": [14.5, 4.5, 14.75, 4.75], "rotation": 90, "texture": "#0"},
				"south": {"uv": [13.5, 4.5, 14.75, 4.75], "texture": "#0"},
				"west": {"uv": [13.5, 4.5, 13.75, 4.75], "rotation": 270, "texture": "#0"},
				"up": {"uv": [13.5, 4.5, 14.75, 4.75], "texture": "#0"},
				"down": {"uv": [13.5, 4.75, 14.75, 4.5], "texture": "#0"}
			}
		},
		{
			"name": "halo (3)_30",
			"from": [1.25, 0, 4.75],
			"to": [2.25, 0.25, 5],
			"faces": {
				"north": {"uv": [2.25, 4.75, 1.25, 5], "texture": "#0"},
				"east": {"uv": [2, 4.75, 2.25, 5], "rotation": 90, "texture": "#0"},
				"south": {"uv": [1.25, 4.75, 2.25, 5], "texture": "#0"},
				"west": {"uv": [1.25, 4.75, 1.5, 5], "rotation": 270, "texture": "#0"},
				"up": {"uv": [1.25, 4.75, 2.25, 5], "texture": "#0"},
				"down": {"uv": [1.25, 5, 2.25, 4.75], "texture": "#0"}
			}
		},
		{
			"name": "halo (3)_31",
			"from": [13.75, 0, 4.75],
			"to": [14.75, 0.25, 5],
			"faces": {
				"north": {"uv": [14.75, 4.75, 13.75, 5], "texture": "#0"},
				"east": {"uv": [14.5, 4.75, 14.75, 5], "rotation": 90, "texture": "#0"},
				"south": {"uv": [13.75, 4.75, 14.75, 5], "texture": "#0"},
				"west": {"uv": [13.75, 4.75, 14, 5], "rotation": 270, "texture": "#0"},
				"up": {"uv": [13.75, 4.75, 14.75, 5], "texture": "#0"},
				"down": {"uv": [13.75, 5, 14.75, 4.75], "texture": "#0"}
			}
		},
		{
			"name": "halo (3)_32",
			"from": [1, 0, 5],
			"to": [2, 0.25, 5.25],
			"faces": {
				"north": {"uv": [2, 5, 1, 5.25], "texture": "#0"},
				"east": {"uv": [1.75, 5, 2, 5.25], "rotation": 90, "texture": "#0"},
				"south": {"uv": [1, 5, 2, 5.25], "texture": "#0"},
				"west": {"uv": [1, 5, 1.25, 5.25], "rotation": 270, "texture": "#0"},
				"up": {"uv": [1, 5, 2, 5.25], "texture": "#0"},
				"down": {"uv": [1, 5.25, 2, 5], "texture": "#0"}
			}
		},
		{
			"name": "halo (3)_33",
			"from": [14, 0, 5],
			"to": [15, 0.25, 5.25],
			"faces": {
				"north": {"uv": [15, 5, 14, 5.25], "texture": "#0"},
				"east": {"uv": [14.75, 5, 15, 5.25], "rotation": 90, "texture": "#0"},
				"south": {"uv": [14, 5, 15, 5.25], "texture": "#0"},
				"west": {"uv": [14, 5, 14.25, 5.25], "rotation": 270, "texture": "#0"},
				"up": {"uv": [14, 5, 15, 5.25], "texture": "#0"},
				"down": {"uv": [14, 5.25, 15, 5], "texture": "#0"}
			}
		},
		{
			"name": "halo (3)_34",
			"from": [1, 0, 5.25],
			"to": [2, 0.25, 5.5],
			"faces": {
				"north": {"uv": [2, 5.25, 1, 5.5], "texture": "#0"},
				"east": {"uv": [1.75, 5.25, 2, 5.5], "rotation": 90, "texture": "#0"},
				"south": {"uv": [1, 5.25, 2, 5.5], "texture": "#0"},
				"west": {"uv": [1, 5.25, 1.25, 5.5], "rotation": 270, "texture": "#0"},
				"up": {"uv": [1, 5.25, 2, 5.5], "texture": "#0"},
				"down": {"uv": [1, 5.5, 2, 5.25], "texture": "#0"}
			}
		},
		{
			"name": "halo (3)_35",
			"from": [14, 0, 5.25],
			"to": [15, 0.25, 5.5],
			"faces": {
				"north": {"uv": [15, 5.25, 14, 5.5], "texture": "#0"},
				"east": {"uv": [14.75, 5.25, 15, 5.5], "rotation": 90, "texture": "#0"},
				"south": {"uv": [14, 5.25, 15, 5.5], "texture": "#0"},
				"west": {"uv": [14, 5.25, 14.25, 5.5], "rotation": 270, "texture": "#0"},
				"up": {"uv": [14, 5.25, 15, 5.5], "texture": "#0"},
				"down": {"uv": [14, 5.5, 15, 5.25], "texture": "#0"}
			}
		},
		{
			"name": "halo (3)_36",
			"from": [0.75, 0, 5.5],
			"to": [2, 0.25, 5.75],
			"faces": {
				"north": {"uv": [2, 5.5, 0.75, 5.75], "texture": "#0"},
				"east": {"uv": [1.75, 5.5, 2, 5.75], "rotation": 90, "texture": "#0"},
				"south": {"uv": [0.75, 5.5, 2, 5.75], "texture": "#0"},
				"west": {"uv": [0.75, 5.5, 1, 5.75], "rotation": 270, "texture": "#0"},
				"up": {"uv": [0.75, 5.5, 2, 5.75], "texture": "#0"},
				"down": {"uv": [0.75, 5.75, 2, 5.5], "texture": "#0"}
			}
		},
		{
			"name": "halo (3)_37",
			"from": [14, 0, 5.5],
			"to": [15.25, 0.25, 5.75],
			"faces": {
				"north": {"uv": [15.25, 5.5, 14, 5.75], "texture": "#0"},
				"east": {"uv": [15, 5.5, 15.25, 5.75], "rotation": 90, "texture": "#0"},
				"south": {"uv": [14, 5.5, 15.25, 5.75], "texture": "#0"},
				"west": {"uv": [14, 5.5, 14.25, 5.75], "rotation": 270, "texture": "#0"},
				"up": {"uv": [14, 5.5, 15.25, 5.75], "texture": "#0"},
				"down": {"uv": [14, 5.75, 15.25, 5.5], "texture": "#0"}
			}
		},
		{
			"name": "halo (3)_38",
			"from": [0.75, 0, 5.75],
			"to": [1.75, 0.25, 6],
			"faces": {
				"north": {"uv": [1.75, 5.75, 0.75, 6], "texture": "#0"},
				"east": {"uv": [1.5, 5.75, 1.75, 6], "rotation": 90, "texture": "#0"},
				"south": {"uv": [0.75, 5.75, 1.75, 6], "texture": "#0"},
				"west": {"uv": [0.75, 5.75, 1, 6], "rotation": 270, "texture": "#0"},
				"up": {"uv": [0.75, 5.75, 1.75, 6], "texture": "#0"},
				"down": {"uv": [0.75, 6, 1.75, 5.75], "texture": "#0"}
			}
		},
		{
			"name": "halo (3)_39",
			"from": [14.25, 0, 5.75],
			"to": [15.25, 0.25, 6],
			"faces": {
				"north": {"uv": [15.25, 5.75, 14.25, 6], "texture": "#0"},
				"east": {"uv": [15, 5.75, 15.25, 6], "rotation": 90, "texture": "#0"},
				"south": {"uv": [14.25, 5.75, 15.25, 6], "texture": "#0"},
				"west": {"uv": [14.25, 5.75, 14.5, 6], "rotation": 270, "texture": "#0"},
				"up": {"uv": [14.25, 5.75, 15.25, 6], "texture": "#0"},
				"down": {"uv": [14.25, 6, 15.25, 5.75], "texture": "#0"}
			}
		},
		{
			"name": "halo (3)_40",
			"from": [0.75, 0, 6],
			"to": [1.75, 0.25, 6.25],
			"faces": {
				"north": {"uv": [1.75, 6, 0.75, 6.25], "texture": "#0"},
				"east": {"uv": [1.5, 6, 1.75, 6.25], "rotation": 90, "texture": "#0"},
				"south": {"uv": [0.75, 6, 1.75, 6.25], "texture": "#0"},
				"west": {"uv": [0.75, 6, 1, 6.25], "rotation": 270, "texture": "#0"},
				"up": {"uv": [0.75, 6, 1.75, 6.25], "texture": "#0"},
				"down": {"uv": [0.75, 6.25, 1.75, 6], "texture": "#0"}
			}
		},
		{
			"name": "halo (3)_41",
			"from": [14.25, 0, 6],
			"to": [15.25, 0.25, 6.25],
			"faces": {
				"north": {"uv": [15.25, 6, 14.25, 6.25], "texture": "#0"},
				"east": {"uv": [15, 6, 15.25, 6.25], "rotation": 90, "texture": "#0"},
				"south": {"uv": [14.25, 6, 15.25, 6.25], "texture": "#0"},
				"west": {"uv": [14.25, 6, 14.5, 6.25], "rotation": 270, "texture": "#0"},
				"up": {"uv": [14.25, 6, 15.25, 6.25], "texture": "#0"},
				"down": {"uv": [14.25, 6.25, 15.25, 6], "texture": "#0"}
			}
		},
		{
			"name": "halo (3)_42",
			"from": [0.75, 0, 6.25],
			"to": [1.75, 0.25, 6.5],
			"faces": {
				"north": {"uv": [1.75, 6.25, 0.75, 6.5], "texture": "#0"},
				"east": {"uv": [1.5, 6.25, 1.75, 6.5], "rotation": 90, "texture": "#0"},
				"south": {"uv": [0.75, 6.25, 1.75, 6.5], "texture": "#0"},
				"west": {"uv": [0.75, 6.25, 1, 6.5], "rotation": 270, "texture": "#0"},
				"up": {"uv": [0.75, 6.25, 1.75, 6.5], "texture": "#0"},
				"down": {"uv": [0.75, 6.5, 1.75, 6.25], "texture": "#0"}
			}
		},
		{
			"name": "halo (3)_43",
			"from": [14.25, 0, 6.25],
			"to": [15.25, 0.25, 6.5],
			"faces": {
				"north": {"uv": [15.25, 6.25, 14.25, 6.5], "texture": "#0"},
				"east": {"uv": [15, 6.25, 15.25, 6.5], "rotation": 90, "texture": "#0"},
				"south": {"uv": [14.25, 6.25, 15.25, 6.5], "texture": "#0"},
				"west": {"uv": [14.25, 6.25, 14.5, 6.5], "rotation": 270, "texture": "#0"},
				"up": {"uv": [14.25, 6.25, 15.25, 6.5], "texture": "#0"},
				"down": {"uv": [14.25, 6.5, 15.25, 6.25], "texture": "#0"}
			}
		},
		{
			"name": "halo (3)_44",
			"from": [0.5, 0, 6.5],
			"to": [1.5, 0.25, 6.75],
			"faces": {
				"north": {"uv": [1.5, 6.5, 0.5, 6.75], "texture": "#0"},
				"east": {"uv": [1.25, 6.5, 1.5, 6.75], "rotation": 90, "texture": "#0"},
				"south": {"uv": [0.5, 6.5, 1.5, 6.75], "texture": "#0"},
				"west": {"uv": [0.5, 6.5, 0.75, 6.75], "rotation": 270, "texture": "#0"},
				"up": {"uv": [0.5, 6.5, 1.5, 6.75], "texture": "#0"},
				"down": {"uv": [0.5, 6.75, 1.5, 6.5], "texture": "#0"}
			}
		},
		{
			"name": "halo (3)_45",
			"from": [14.5, 0, 6.5],
			"to": [15.5, 0.25, 6.75],
			"faces": {
				"north": {"uv": [15.5, 6.5, 14.5, 6.75], "texture": "#0"},
				"east": {"uv": [15.25, 6.5, 15.5, 6.75], "rotation": 90, "texture": "#0"},
				"south": {"uv": [14.5, 6.5, 15.5, 6.75], "texture": "#0"},
				"west": {"uv": [14.5, 6.5, 14.75, 6.75], "rotation": 270, "texture": "#0"},
				"up": {"uv": [14.5, 6.5, 15.5, 6.75], "texture": "#0"},
				"down": {"uv": [14.5, 6.75, 15.5, 6.5], "texture": "#0"}
			}
		},
		{
			"name": "halo (3)_46",
			"from": [0.5, 0, 6.75],
			"to": [1.5, 0.25, 7],
			"faces": {
				"north": {"uv": [1.5, 6.75, 0.5, 7], "texture": "#0"},
				"east": {"uv": [1.25, 6.75, 1.5, 7], "rotation": 90, "texture": "#0"},
				"south": {"uv": [0.5, 6.75, 1.5, 7], "texture": "#0"},
				"west": {"uv": [0.5, 6.75, 0.75, 7], "rotation": 270, "texture": "#0"},
				"up": {"uv": [0.5, 6.75, 1.5, 7], "texture": "#0"},
				"down": {"uv": [0.5, 7, 1.5, 6.75], "texture": "#0"}
			}
		},
		{
			"name": "halo (3)_47",
			"from": [14.5, 0, 6.75],
			"to": [15.5, 0.25, 7],
			"faces": {
				"north": {"uv": [15.5, 6.75, 14.5, 7], "texture": "#0"},
				"east": {"uv": [15.25, 6.75, 15.5, 7], "rotation": 90, "texture": "#0"},
				"south": {"uv": [14.5, 6.75, 15.5, 7], "texture": "#0"},
				"west": {"uv": [14.5, 6.75, 14.75, 7], "rotation": 270, "texture": "#0"},
				"up": {"uv": [14.5, 6.75, 15.5, 7], "texture": "#0"},
				"down": {"uv": [14.5, 7, 15.5, 6.75], "texture": "#0"}
			}
		},
		{
			"name": "halo (3)_48",
			"from": [0.5, 0, 7],
			"to": [1.5, 0.25, 7.25],
			"faces": {
				"north": {"uv": [1.5, 7, 0.5, 7.25], "texture": "#0"},
				"east": {"uv": [1.25, 7, 1.5, 7.25], "rotation": 90, "texture": "#0"},
				"south": {"uv": [0.5, 7, 1.5, 7.25], "texture": "#0"},
				"west": {"uv": [0.5, 7, 0.75, 7.25], "rotation": 270, "texture": "#0"},
				"up": {"uv": [0.5, 7, 1.5, 7.25], "texture": "#0"},
				"down": {"uv": [0.5, 7.25, 1.5, 7], "texture": "#0"}
			}
		},
		{
			"name": "halo (3)_49",
			"from": [14.5, 0, 7],
			"to": [15.5, 0.25, 7.25],
			"faces": {
				"north": {"uv": [15.5, 7, 14.5, 7.25], "texture": "#0"},
				"east": {"uv": [15.25, 7, 15.5, 7.25], "rotation": 90, "texture": "#0"},
				"south": {"uv": [14.5, 7, 15.5, 7.25], "texture": "#0"},
				"west": {"uv": [14.5, 7, 14.75, 7.25], "rotation": 270, "texture": "#0"},
				"up": {"uv": [14.5, 7, 15.5, 7.25], "texture": "#0"},
				"down": {"uv": [14.5, 7.25, 15.5, 7], "texture": "#0"}
			}
		},
		{
			"name": "halo (3)_50",
			"from": [0.5, 0, 7.25],
			"to": [1.5, 0.25, 7.5],
			"faces": {
				"north": {"uv": [1.5, 7.25, 0.5, 7.5], "texture": "#0"},
				"east": {"uv": [1.25, 7.25, 1.5, 7.5], "rotation": 90, "texture": "#0"},
				"south": {"uv": [0.5, 7.25, 1.5, 7.5], "texture": "#0"},
				"west": {"uv": [0.5, 7.25, 0.75, 7.5], "rotation": 270, "texture": "#0"},
				"up": {"uv": [0.5, 7.25, 1.5, 7.5], "texture": "#0"},
				"down": {"uv": [0.5, 7.5, 1.5, 7.25], "texture": "#0"}
			}
		},
		{
			"name": "halo (3)_51",
			"from": [14.5, 0, 7.25],
			"to": [15.5, 0.25, 7.5],
			"faces": {
				"north": {"uv": [15.5, 7.25, 14.5, 7.5], "texture": "#0"},
				"east": {"uv": [15.25, 7.25, 15.5, 7.5], "rotation": 90, "texture": "#0"},
				"south": {"uv": [14.5, 7.25, 15.5, 7.5], "texture": "#0"},
				"west": {"uv": [14.5, 7.25, 14.75, 7.5], "rotation": 270, "texture": "#0"},
				"up": {"uv": [14.5, 7.25, 15.5, 7.5], "texture": "#0"},
				"down": {"uv": [14.5, 7.5, 15.5, 7.25], "texture": "#0"}
			}
		},
		{
			"name": "halo (3)_52",
			"from": [0.5, 0, 7.5],
			"to": [1.5, 0.25, 7.75],
			"faces": {
				"north": {"uv": [1.5, 7.5, 0.5, 7.75], "texture": "#0"},
				"east": {"uv": [1.25, 7.5, 1.5, 7.75], "rotation": 90, "texture": "#0"},
				"south": {"uv": [0.5, 7.5, 1.5, 7.75], "texture": "#0"},
				"west": {"uv": [0.5, 7.5, 0.75, 7.75], "rotation": 270, "texture": "#0"},
				"up": {"uv": [0.5, 7.5, 1.5, 7.75], "texture": "#0"},
				"down": {"uv": [0.5, 7.75, 1.5, 7.5], "texture": "#0"}
			}
		},
		{
			"name": "halo (3)_53",
			"from": [14.5, 0, 7.5],
			"to": [15.5, 0.25, 7.75],
			"faces": {
				"north": {"uv": [15.5, 7.5, 14.5, 7.75], "texture": "#0"},
				"east": {"uv": [15.25, 7.5, 15.5, 7.75], "rotation": 90, "texture": "#0"},
				"south": {"uv": [14.5, 7.5, 15.5, 7.75], "texture": "#0"},
				"west": {"uv": [14.5, 7.5, 14.75, 7.75], "rotation": 270, "texture": "#0"},
				"up": {"uv": [14.5, 7.5, 15.5, 7.75], "texture": "#0"},
				"down": {"uv": [14.5, 7.75, 15.5, 7.5], "texture": "#0"}
			}
		},
		{
			"name": "halo (3)_54",
			"from": [0.5, 0, 7.75],
			"to": [1.5, 0.25, 8],
			"faces": {
				"north": {"uv": [1.5, 7.75, 0.5, 8], "texture": "#0"},
				"east": {"uv": [1.25, 7.75, 1.5, 8], "rotation": 90, "texture": "#0"},
				"south": {"uv": [0.5, 7.75, 1.5, 8], "texture": "#0"},
				"west": {"uv": [0.5, 7.75, 0.75, 8], "rotation": 270, "texture": "#0"},
				"up": {"uv": [0.5, 7.75, 1.5, 8], "texture": "#0"},
				"down": {"uv": [0.5, 8, 1.5, 7.75], "texture": "#0"}
			}
		},
		{
			"name": "halo (3)_55",
			"from": [14.5, 0, 7.75],
			"to": [15.5, 0.25, 8],
			"faces": {
				"north": {"uv": [15.5, 7.75, 14.5, 8], "texture": "#0"},
				"east": {"uv": [15.25, 7.75, 15.5, 8], "rotation": 90, "texture": "#0"},
				"south": {"uv": [14.5, 7.75, 15.5, 8], "texture": "#0"},
				"west": {"uv": [14.5, 7.75, 14.75, 8], "rotation": 270, "texture": "#0"},
				"up": {"uv": [14.5, 7.75, 15.5, 8], "texture": "#0"},
				"down": {"uv": [14.5, 8, 15.5, 7.75], "texture": "#0"}
			}
		},
		{
			"name": "halo (3)_56",
			"from": [14.5, 0, 8],
			"to": [15.5, 0.25, 8.25],
			"faces": {
				"north": {"uv": [15.5, 8, 14.5, 8.25], "texture": "#0"},
				"east": {"uv": [15.25, 8, 15.5, 8.25], "rotation": 90, "texture": "#0"},
				"south": {"uv": [14.5, 8, 15.5, 8.25], "texture": "#0"},
				"west": {"uv": [14.5, 8, 14.75, 8.25], "rotation": 270, "texture": "#0"},
				"up": {"uv": [14.5, 8, 15.5, 8.25], "texture": "#0"},
				"down": {"uv": [14.5, 8.25, 15.5, 8], "texture": "#0"}
			}
		},
		{
			"name": "halo (3)_57",
			"from": [14.5, 0, 8.25],
			"to": [15.5, 0.25, 8.5],
			"faces": {
				"north": {"uv": [15.5, 8.25, 14.5, 8.5], "texture": "#0"},
				"east": {"uv": [15.25, 8.25, 15.5, 8.5], "rotation": 90, "texture": "#0"},
				"south": {"uv": [14.5, 8.25, 15.5, 8.5], "texture": "#0"},
				"west": {"uv": [14.5, 8.25, 14.75, 8.5], "rotation": 270, "texture": "#0"},
				"up": {"uv": [14.5, 8.25, 15.5, 8.5], "texture": "#0"},
				"down": {"uv": [14.5, 8.5, 15.5, 8.25], "texture": "#0"}
			}
		},
		{
			"name": "halo (3)_58",
			"from": [14.5, 0, 8.5],
			"to": [15.5, 0.25, 8.75],
			"faces": {
				"north": {"uv": [15.5, 8.5, 14.5, 8.75], "texture": "#0"},
				"east": {"uv": [15.25, 8.5, 15.5, 8.75], "rotation": 90, "texture": "#0"},
				"south": {"uv": [14.5, 8.5, 15.5, 8.75], "texture": "#0"},
				"west": {"uv": [14.5, 8.5, 14.75, 8.75], "rotation": 270, "texture": "#0"},
				"up": {"uv": [14.5, 8.5, 15.5, 8.75], "texture": "#0"},
				"down": {"uv": [14.5, 8.75, 15.5, 8.5], "texture": "#0"}
			}
		},
		{
			"name": "halo (3)_59",
			"from": [14.5, 0, 8.75],
			"to": [15.5, 0.25, 9],
			"faces": {
				"north": {"uv": [15.5, 8.75, 14.5, 9], "texture": "#0"},
				"east": {"uv": [15.25, 8.75, 15.5, 9], "rotation": 90, "texture": "#0"},
				"south": {"uv": [14.5, 8.75, 15.5, 9], "texture": "#0"},
				"west": {"uv": [14.5, 8.75, 14.75, 9], "rotation": 270, "texture": "#0"},
				"up": {"uv": [14.5, 8.75, 15.5, 9], "texture": "#0"},
				"down": {"uv": [14.5, 9, 15.5, 8.75], "texture": "#0"}
			}
		},
		{
			"name": "halo (3)_60",
			"from": [14.5, 0, 9],
			"to": [15.5, 0.25, 9.25],
			"faces": {
				"north": {"uv": [15.5, 9, 14.5, 9.25], "texture": "#0"},
				"east": {"uv": [15.25, 9, 15.5, 9.25], "rotation": 90, "texture": "#0"},
				"south": {"uv": [14.5, 9, 15.5, 9.25], "texture": "#0"},
				"west": {"uv": [14.5, 9, 14.75, 9.25], "rotation": 270, "texture": "#0"},
				"up": {"uv": [14.5, 9, 15.5, 9.25], "texture": "#0"},
				"down": {"uv": [14.5, 9.25, 15.5, 9], "texture": "#0"}
			}
		},
		{
			"name": "halo (3)_61",
			"from": [14.5, 0, 9.25],
			"to": [15.5, 0.25, 9.5],
			"faces": {
				"north": {"uv": [15.5, 9.25, 14.5, 9.5], "texture": "#0"},
				"east": {"uv": [15.25, 9.25, 15.5, 9.5], "rotation": 90, "texture": "#0"},
				"south": {"uv": [14.5, 9.25, 15.5, 9.5], "texture": "#0"},
				"west": {"uv": [14.5, 9.25, 14.75, 9.5], "rotation": 270, "texture": "#0"},
				"up": {"uv": [14.5, 9.25, 15.5, 9.5], "texture": "#0"},
				"down": {"uv": [14.5, 9.5, 15.5, 9.25], "texture": "#0"}
			}
		},
		{
			"name": "halo (3)_62",
			"from": [14.25, 0, 9.5],
			"to": [15.25, 0.25, 9.75],
			"faces": {
				"north": {"uv": [15.25, 9.5, 14.25, 9.75], "texture": "#0"},
				"east": {"uv": [15, 9.5, 15.25, 9.75], "rotation": 90, "texture": "#0"},
				"south": {"uv": [14.25, 9.5, 15.25, 9.75], "texture": "#0"},
				"west": {"uv": [14.25, 9.5, 14.5, 9.75], "rotation": 270, "texture": "#0"},
				"up": {"uv": [14.25, 9.5, 15.25, 9.75], "texture": "#0"},
				"down": {"uv": [14.25, 9.75, 15.25, 9.5], "texture": "#0"}
			}
		},
		{
			"name": "halo (3)_63",
			"from": [14.25, 0, 9.75],
			"to": [15.25, 0.25, 10],
			"faces": {
				"north": {"uv": [15.25, 9.75, 14.25, 10], "texture": "#0"},
				"east": {"uv": [15, 9.75, 15.25, 10], "rotation": 90, "texture": "#0"},
				"south": {"uv": [14.25, 9.75, 15.25, 10], "texture": "#0"},
				"west": {"uv": [14.25, 9.75, 14.5, 10], "rotation": 270, "texture": "#0"},
				"up": {"uv": [14.25, 9.75, 15.25, 10], "texture": "#0"},
				"down": {"uv": [14.25, 10, 15.25, 9.75], "texture": "#0"}
			}
		},
		{
			"name": "halo (3)_64",
			"from": [14.25, 0, 10],
			"to": [15.25, 0.25, 10.25],
			"faces": {
				"north": {"uv": [15.25, 10, 14.25, 10.25], "texture": "#0"},
				"east": {"uv": [15, 10, 15.25, 10.25], "rotation": 90, "texture": "#0"},
				"south": {"uv": [14.25, 10, 15.25, 10.25], "texture": "#0"},
				"west": {"uv": [14.25, 10, 14.5, 10.25], "rotation": 270, "texture": "#0"},
				"up": {"uv": [14.25, 10, 15.25, 10.25], "texture": "#0"},
				"down": {"uv": [14.25, 10.25, 15.25, 10], "texture": "#0"}
			}
		},
		{
			"name": "halo (3)_65",
			"from": [14, 0, 10.25],
			"to": [15.25, 0.25, 10.5],
			"faces": {
				"north": {"uv": [15.25, 10.25, 14, 10.5], "texture": "#0"},
				"east": {"uv": [15, 10.25, 15.25, 10.5], "rotation": 90, "texture": "#0"},
				"south": {"uv": [14, 10.25, 15.25, 10.5], "texture": "#0"},
				"west": {"uv": [14, 10.25, 14.25, 10.5], "rotation": 270, "texture": "#0"},
				"up": {"uv": [14, 10.25, 15.25, 10.5], "texture": "#0"},
				"down": {"uv": [14, 10.5, 15.25, 10.25], "texture": "#0"}
			}
		},
		{
			"name": "halo (3)_66",
			"from": [14, 0, 10.5],
			"to": [15, 0.25, 10.75],
			"faces": {
				"north": {"uv": [15, 10.5, 14, 10.75], "texture": "#0"},
				"east": {"uv": [14.75, 10.5, 15, 10.75], "rotation": 90, "texture": "#0"},
				"south": {"uv": [14, 10.5, 15, 10.75], "texture": "#0"},
				"west": {"uv": [14, 10.5, 14.25, 10.75], "rotation": 270, "texture": "#0"},
				"up": {"uv": [14, 10.5, 15, 10.75], "texture": "#0"},
				"down": {"uv": [14, 10.75, 15, 10.5], "texture": "#0"}
			}
		},
		{
			"name": "halo (3)_67",
			"from": [14, 0, 10.75],
			"to": [15, 0.25, 11],
			"faces": {
				"north": {"uv": [15, 10.75, 14, 11], "texture": "#0"},
				"east": {"uv": [14.75, 10.75, 15, 11], "rotation": 90, "texture": "#0"},
				"south": {"uv": [14, 10.75, 15, 11], "texture": "#0"},
				"west": {"uv": [14, 10.75, 14.25, 11], "rotation": 270, "texture": "#0"},
				"up": {"uv": [14, 10.75, 15, 11], "texture": "#0"},
				"down": {"uv": [14, 11, 15, 10.75], "texture": "#0"}
			}
		},
		{
			"name": "halo (3)_68",
			"from": [13.75, 0, 11],
			"to": [14.75, 0.25, 11.25],
			"faces": {
				"north": {"uv": [14.75, 11, 13.75, 11.25], "texture": "#0"},
				"east": {"uv": [14.5, 11, 14.75, 11.25], "rotation": 90, "texture": "#0"},
				"south": {"uv": [13.75, 11, 14.75, 11.25], "texture": "#0"},
				"west": {"uv": [13.75, 11, 14, 11.25], "rotation": 270, "texture": "#0"},
				"up": {"uv": [13.75, 11, 14.75, 11.25], "texture": "#0"},
				"down": {"uv": [13.75, 11.25, 14.75, 11], "texture": "#0"}
			}
		},
		{
			"name": "halo (3)_69",
			"from": [13.5, 0, 11.25],
			"to": [14.75, 0.25, 11.5],
			"faces": {
				"north": {"uv": [14.75, 11.25, 13.5, 11.5], "texture": "#0"},
				"east": {"uv": [14.5, 11.25, 14.75, 11.5], "rotation": 90, "texture": "#0"},
				"south": {"uv": [13.5, 11.25, 14.75, 11.5], "texture": "#0"},
				"west": {"uv": [13.5, 11.25, 13.75, 11.5], "rotation": 270, "texture": "#0"},
				"up": {"uv": [13.5, 11.25, 14.75, 11.5], "texture": "#0"},
				"down": {"uv": [13.5, 11.5, 14.75, 11.25], "texture": "#0"}
			}
		},
		{
			"name": "halo (3)_70",
			"from": [13.5, 0, 11.5],
			"to": [14.5, 0.25, 11.75],
			"faces": {
				"north": {"uv": [14.5, 11.5, 13.5, 11.75], "texture": "#0"},
				"east": {"uv": [14.25, 11.5, 14.5, 11.75], "rotation": 90, "texture": "#0"},
				"south": {"uv": [13.5, 11.5, 14.5, 11.75], "texture": "#0"},
				"west": {"uv": [13.5, 11.5, 13.75, 11.75], "rotation": 270, "texture": "#0"},
				"up": {"uv": [13.5, 11.5, 14.5, 11.75], "texture": "#0"},
				"down": {"uv": [13.5, 11.75, 14.5, 11.5], "texture": "#0"}
			}
		},
		{
			"name": "halo (3)_71",
			"from": [13.25, 0, 11.75],
			"to": [14.5, 0.25, 12],
			"faces": {
				"north": {"uv": [14.5, 11.75, 13.25, 12], "texture": "#0"},
				"east": {"uv": [14.25, 11.75, 14.5, 12], "rotation": 90, "texture": "#0"},
				"south": {"uv": [13.25, 11.75, 14.5, 12], "texture": "#0"},
				"west": {"uv": [13.25, 11.75, 13.5, 12], "rotation": 270, "texture": "#0"},
				"up": {"uv": [13.25, 11.75, 14.5, 12], "texture": "#0"},
				"down": {"uv": [13.25, 12, 14.5, 11.75], "texture": "#0"}
			}
		},
		{
			"name": "halo (3)_72",
			"from": [13, 0, 12],
			"to": [14.25, 0.25, 12.25],
			"faces": {
				"north": {"uv": [14.25, 12, 13, 12.25], "texture": "#0"},
				"east": {"uv": [14, 12, 14.25, 12.25], "rotation": 90, "texture": "#0"},
				"south": {"uv": [13, 12, 14.25, 12.25], "texture": "#0"},
				"west": {"uv": [13, 12, 13.25, 12.25], "rotation": 270, "texture": "#0"},
				"up": {"uv": [13, 12, 14.25, 12.25], "texture": "#0"},
				"down": {"uv": [13, 12.25, 14.25, 12], "texture": "#0"}
			}
		},
		{
			"name": "halo (3)_73",
			"from": [13, 0, 12.25],
			"to": [14.25, 0.25, 12.5],
			"faces": {
				"north": {"uv": [14.25, 12.25, 13, 12.5], "texture": "#0"},
				"east": {"uv": [14, 12.25, 14.25, 12.5], "rotation": 90, "texture": "#0"},
				"south": {"uv": [13, 12.25, 14.25, 12.5], "texture": "#0"},
				"west": {"uv": [13, 12.25, 13.25, 12.5], "rotation": 270, "texture": "#0"},
				"up": {"uv": [13, 12.25, 14.25, 12.5], "texture": "#0"},
				"down": {"uv": [13, 12.5, 14.25, 12.25], "texture": "#0"}
			}
		},
		{
			"name": "halo (3)_74",
			"from": [12.75, 0, 12.5],
			"to": [14, 0.25, 12.75],
			"faces": {
				"north": {"uv": [14, 12.5, 12.75, 12.75], "texture": "#0"},
				"east": {"uv": [13.75, 12.5, 14, 12.75], "rotation": 90, "texture": "#0"},
				"south": {"uv": [12.75, 12.5, 14, 12.75], "texture": "#0"},
				"west": {"uv": [12.75, 12.5, 13, 12.75], "rotation": 270, "texture": "#0"},
				"up": {"uv": [12.75, 12.5, 14, 12.75], "texture": "#0"},
				"down": {"uv": [12.75, 12.75, 14, 12.5], "texture": "#0"}
			}
		},
		{
			"name": "halo (3)_75",
			"from": [12.5, 0, 12.75],
			"to": [13.75, 0.25, 13],
			"faces": {
				"north": {"uv": [13.75, 12.75, 12.5, 13], "texture": "#0"},
				"east": {"uv": [13.5, 12.75, 13.75, 13], "rotation": 90, "texture": "#0"},
				"south": {"uv": [12.5, 12.75, 13.75, 13], "texture": "#0"},
				"west": {"uv": [12.5, 12.75, 12.75, 13], "rotation": 270, "texture": "#0"},
				"up": {"uv": [12.5, 12.75, 13.75, 13], "texture": "#0"},
				"down": {"uv": [12.5, 13, 13.75, 12.75], "texture": "#0"}
			}
		},
		{
			"name": "halo (3)_76",
			"from": [12, 0, 13],
			"to": [13.5, 0.25, 13.25],
			"faces": {
				"north": {"uv": [13.5, 13, 12, 13.25], "texture": "#0"},
				"east": {"uv": [13.25, 13, 13.5, 13.25], "rotation": 90, "texture": "#0"},
				"south": {"uv": [12, 13, 13.5, 13.25], "texture": "#0"},
				"west": {"uv": [12, 13, 12.25, 13.25], "rotation": 270, "texture": "#0"},
				"up": {"uv": [12, 13, 13.5, 13.25], "texture": "#0"},
				"down": {"uv": [12, 13.25, 13.5, 13], "texture": "#0"}
			}
		},
		{
			"name": "halo (3)_77",
			"from": [11.75, 0, 13.25],
			"to": [13.25, 0.25, 13.5],
			"faces": {
				"north": {"uv": [13.25, 13.25, 11.75, 13.5], "texture": "#0"},
				"east": {"uv": [13, 13.25, 13.25, 13.5], "rotation": 90, "texture": "#0"},
				"south": {"uv": [11.75, 13.25, 13.25, 13.5], "texture": "#0"},
				"west": {"uv": [11.75, 13.25, 12, 13.5], "rotation": 270, "texture": "#0"},
				"up": {"uv": [11.75, 13.25, 13.25, 13.5], "texture": "#0"},
				"down": {"uv": [11.75, 13.5, 13.25, 13.25], "texture": "#0"}
			}
		},
		{
			"name": "halo (3)_78",
			"from": [11.25, 0, 13.5],
			"to": [13, 0.25, 13.75],
			"faces": {
				"north": {"uv": [13, 13.5, 11.25, 13.75], "texture": "#0"},
				"east": {"uv": [12.75, 13.5, 13, 13.75], "rotation": 90, "texture": "#0"},
				"south": {"uv": [11.25, 13.5, 13, 13.75], "texture": "#0"},
				"west": {"uv": [11.25, 13.5, 11.5, 13.75], "rotation": 270, "texture": "#0"},
				"up": {"uv": [11.25, 13.5, 13, 13.75], "texture": "#0"},
				"down": {"uv": [11.25, 13.75, 13, 13.5], "texture": "#0"}
			}
		},
		{
			"name": "halo (3)_79",
			"from": [11, 0, 13.75],
			"to": [12.75, 0.25, 14],
			"faces": {
				"north": {"uv": [12.75, 13.75, 11, 14], "texture": "#0"},
				"east": {"uv": [12.5, 13.75, 12.75, 14], "rotation": 90, "texture": "#0"},
				"south": {"uv": [11, 13.75, 12.75, 14], "texture": "#0"},
				"west": {"uv": [11, 13.75, 11.25, 14], "rotation": 270, "texture": "#0"},
				"up": {"uv": [11, 13.75, 12.75, 14], "texture": "#0"},
				"down": {"uv": [11, 14, 12.75, 13.75], "texture": "#0"}
			}
		},
		{
			"name": "halo (3)_80",
			"from": [10.25, 0, 14],
			"to": [12.5, 0.25, 14.25],
			"faces": {
				"north": {"uv": [12.5, 14, 10.25, 14.25], "texture": "#0"},
				"east": {"uv": [12.25, 14, 12.5, 14.25], "rotation": 90, "texture": "#0"},
				"south": {"uv": [10.25, 14, 12.5, 14.25], "texture": "#0"},
				"west": {"uv": [10.25, 14, 10.5, 14.25], "rotation": 270, "texture": "#0"},
				"up": {"uv": [10.25, 14, 12.5, 14.25], "texture": "#0"},
				"down": {"uv": [10.25, 14.25, 12.5, 14], "texture": "#0"}
			}
		},
		{
			"name": "halo (3)_81",
			"from": [9.5, 0, 14.25],
			"to": [12, 0.25, 14.5],
			"faces": {
				"north": {"uv": [12, 14.25, 9.5, 14.5], "texture": "#0"},
				"east": {"uv": [11.75, 14.25, 12, 14.5], "rotation": 90, "texture": "#0"},
				"south": {"uv": [9.5, 14.25, 12, 14.5], "texture": "#0"},
				"west": {"uv": [9.5, 14.25, 9.75, 14.5], "rotation": 270, "texture": "#0"},
				"up": {"uv": [9.5, 14.25, 12, 14.5], "texture": "#0"},
				"down": {"uv": [9.5, 14.5, 12, 14.25], "texture": "#0"}
			}
		},
		{
			"name": "halo (3)_82",
			"from": [8, 0, 14.5],
			"to": [11.5, 0.25, 14.75],
			"faces": {
				"north": {"uv": [11.5, 14.5, 8, 14.75], "texture": "#0"},
				"east": {"uv": [11.25, 14.5, 11.5, 14.75], "rotation": 90, "texture": "#0"},
				"south": {"uv": [8, 14.5, 11.5, 14.75], "texture": "#0"},
				"west": {"uv": [8, 14.5, 8.25, 14.75], "rotation": 270, "texture": "#0"},
				"up": {"uv": [8, 14.5, 11.5, 14.75], "texture": "#0"},
				"down": {"uv": [8, 14.75, 11.5, 14.5], "texture": "#0"}
			}
		},
		{
			"name": "halo (3)_83",
			"from": [8, 0, 14.75],
			"to": [11, 0.25, 15],
			"faces": {
				"north": {"uv": [11, 14.75, 8, 15], "texture": "#0"},
				"east": {"uv": [10.75, 14.75, 11, 15], "rotation": 90, "texture": "#0"},
				"south": {"uv": [8, 14.75, 11, 15], "texture": "#0"},
				"west": {"uv": [8, 14.75, 8.25, 15], "rotation": 270, "texture": "#0"},
				"up": {"uv": [8, 14.75, 11, 15], "texture": "#0"},
				"down": {"uv": [8, 15, 11, 14.75], "texture": "#0"}
			}
		},
		{
			"name": "halo (3)_84",
			"from": [8, 0, 15],
			"to": [10.5, 0.25, 15.25],
			"faces": {
				"north": {"uv": [10.5, 15, 8, 15.25], "texture": "#0"},
				"east": {"uv": [10.25, 15, 10.5, 15.25], "rotation": 90, "texture": "#0"},
				"south": {"uv": [8, 15, 10.5, 15.25], "texture": "#0"},
				"west": {"uv": [8, 15, 8.25, 15.25], "rotation": 270, "texture": "#0"},
				"up": {"uv": [8, 15, 10.5, 15.25], "texture": "#0"},
				"down": {"uv": [8, 15.25, 10.5, 15], "texture": "#0"}
			}
		},
		{
			"name": "halo (3)_85",
			"from": [8, 0, 15.25],
			"to": [9.5, 0.25, 15.5],
			"faces": {
				"north": {"uv": [9.5, 15.25, 8, 15.5], "texture": "#0"},
				"east": {"uv": [9.25, 15.25, 9.5, 15.5], "rotation": 90, "texture": "#0"},
				"south": {"uv": [8, 15.25, 9.5, 15.5], "texture": "#0"},
				"west": {"uv": [8, 15.25, 8.25, 15.5], "rotation": 270, "texture": "#0"},
				"up": {"uv": [8, 15.25, 9.5, 15.5], "texture": "#0"},
				"down": {"uv": [8, 15.5, 9.5, 15.25], "texture": "#0"}
			}
		}
	],
	"display": {
		"gui": {
			"rotation": [90, 0, 0]
		},
		"head": {
			"rotation": [20, 0, 0],
			"translation": [0, 17, 10]
		}
	},
	"groups": [
		{
			"name": "halo (3)",
			"origin": [8, 8, 8],
			"color": 0,
			"children": [
				0,
				1,
				2,
				3,
				4,
				5,
				6,
				7,
				8,
				9,
				10,
				11,
				12,
				13,
				14,
				15,
				16,
				17,
				18,
				19,
				20,
				21,
				22,
				23,
				24,
				25,
				26,
				27,
				28,
				29,
				30,
				31,
				32,
				33,
				34,
				35,
				36,
				37,
				38,
				39,
				40,
				41,
				42,
				43,
				44,
				45,
				46,
				47,
				48,
				49,
				50,
				51,
				52,
				53,
				54,
				55,
				56,
				57,
				58,
				59,
				60,
				61,
				62,
				63,
				64,
				65,
				66,
				67,
				68,
				69,
				70,
				71,
				72,
				73,
				74,
				75,
				76,
				77,
				78,
				79,
				80,
				81,
				82,
				83,
				84,
				85
			]
		}
	]
}