{
	"credit": "Made with Blockbench",
	"parent": "item/handheld",
	"textures": {
		"layer0": "items/0102"
	},
	"display": {
		"thirdperson_righthand": {
			"rotation": [0, -90, 45],
			"translation": [0, 1.5, -2.25],
			"scale": [1, 1, 0.9]
		},
		"thirdperson_lefthand": {
			"translation": [0, -2, 2.25],
			"scale": [0.45, 0.45, 1]
		},
		"firstperson_righthand": {
			"rotation": [-40, -90, 0],
			"translation": [2.25, 2, -0.25],
			"scale": [0.75, 0.75, 0.75]
		},
		"firstperson_lefthand": {
			"scale": [0, 0, 0]
		},
		"ground": {
			"rotation": [90, 0, 0],
			"translation": [-0.25, -2.5, 1.5]
		},
		"head": {
			"rotation": [90, 0, 0],
			"translation": [0, 3, 0]
		}
	}
}