{
	"credit": "Made with Blockbench",
	"parent": "item/handheld",
	"textures": {
		"layer0": "items/1259"
	},
	"display": {
		"thirdperson_righthand": {
			"rotation": [-45, -90, 0],
			"translation": [0, 1.5, 2.25],
			"scale": [0.6, 0.6, 0.65]
		},
		"thirdperson_lefthand": {
			"rotation": [-45, 90, 0],
			"translation": [0, 0.75, 0.75],
			"scale": [0.6, 0.6, 0.65]
		},
		"firstperson_righthand": {
			"rotation": [-45, -90, 0],
			"translation": [3, 3, 0],
			"scale": [0.6, 0.6, 0.65]
		},
		"firstperson_lefthand": {
			"rotation": [-45, 90, 0],
			"translation": [3, 3, 0],
			"scale": [0.6, 0.6, 0.65]
		},
		"ground": {
			"rotation": [90, 0, 0],
			"translation": [1.5, -3.25, -1.5]
		}
	}
}