{
	"credit": "Made with Blockbench",
	"textures": {
		"0": "blocks/iron_block",
		"1": "blocks/sea_lantern",
		"particle": "blocks/iron_block"
	},
	"elements": [
		{
			"from": [5, 5, 0],
			"to": [6, 7, 11],
			"faces": {
				"north": {"uv": [0, 0, 1, 2], "texture": "#0"},
				"east": {"uv": [0, 0, 11, 2], "texture": "#0"},
				"south": {"uv": [0, 0, 5, 7], "texture": "#0"},
				"west": {"uv": [0, 0, 16, 7], "texture": "#0"},
				"up": {"uv": [0, 0, 1, 11], "texture": "#0"},
				"down": {"uv": [0, 0, 1, 11], "texture": "#0"}
			}
		},
		{
			"from": [5, 4, 1],
			"to": [6, 5, 11],
			"faces": {
				"north": {"uv": [0, 0, 1, 1], "texture": "#0"},
				"east": {"uv": [0, 0, 10, 1], "texture": "#0"},
				"south": {"uv": [0, 13, 5, 16], "texture": "#0"},
				"west": {"uv": [0, 13, 16, 16], "texture": "#0"},
				"up": {"uv": [0, 0, 1, 10], "texture": "#missing"},
				"down": {"uv": [0, 0, 1, 10], "texture": "#0"}
			}
		},
		{
			"from": [10, 4, 1],
			"to": [11, 5, 11],
			"rotation": {"angle": 0, "axis": "y", "origin": [16, 0, 0]},
			"faces": {
				"north": {"uv": [1, 0, 0, 1], "texture": "#0"},
				"east": {"uv": [16, 13, 0, 16], "texture": "#0"},
				"south": {"uv": [5, 13, 0, 16], "texture": "#0"},
				"west": {"uv": [10, 0, 0, 1], "texture": "#0"},
				"up": {"uv": [1, 0, 0, 10], "texture": "#missing"},
				"down": {"uv": [1, 0, 0, 10], "texture": "#0"}
			}
		},
		{
			"from": [6, 6.5, 0],
			"to": [10, 8, 11],
			"faces": {
				"north": {"uv": [0, 0, 16, 4.5], "texture": "#0"},
				"east": {"uv": [0, 0, 11, 1.5], "texture": "#0"},
				"south": {"uv": [0, 0, 16, 5.5], "texture": "#0"},
				"west": {"uv": [0, 0, 11, 1.5], "texture": "#0"},
				"up": {"uv": [0, 0, 16, 16], "texture": "#0"},
				"down": {"uv": [0, 0, 4, 11], "texture": "#0"}
			}
		},
		{
			"from": [6, 2.5, 2],
			"to": [10, 6.5, 11],
			"faces": {
				"north": {"uv": [0, 0, 16, 16], "texture": "#0"},
				"east": {"uv": [0, 8, 16, 16], "texture": "#0"},
				"south": {"uv": [0, 3, 16, 16], "texture": "#0"},
				"west": {"uv": [0, 0, 9, 4], "texture": "#0"},
				"up": {"uv": [0, 0, 4, 9], "texture": "#missing"},
				"down": {"uv": [0, 0, 4, 9], "texture": "#0"}
			}
		},
		{
			"from": [6.5, 3, 1.5],
			"to": [9.5, 6, 2.5],
			"faces": {
				"north": {"uv": [0, 0, 16, 16], "texture": "#1"},
				"east": {"uv": [0, 0, 1, 3], "texture": "#0"},
				"south": {"uv": [0, 0, 3, 3], "texture": "#0"},
				"west": {"uv": [0, 0, 1, 3], "texture": "#0"},
				"up": {"uv": [0, 0, 3, 1], "texture": "#0"},
				"down": {"uv": [0, 0, 3, 1], "texture": "#0"}
			}
		},
		{
			"from": [6, -1, 12],
			"to": [10, 2.5, 16],
			"rotation": {"angle": 45, "axis": "y", "origin": [8, 0.75, 14]},
			"faces": {
				"north": {"uv": [0, 0, 16, 16], "texture": "#0"},
				"east": {"uv": [0, 0, 16, 16], "texture": "#0"},
				"south": {"uv": [0, 0, 16, 16], "texture": "#0"},
				"west": {"uv": [0, 0, 16, 16], "texture": "#0"},
				"up": {"uv": [0, 0, 16, 16], "texture": "#0"},
				"down": {"uv": [0, 0, 16, 16], "texture": "#0"}
			}
		},
		{
			"from": [7, 3, 9],
			"to": [9, 4.5, 18],
			"rotation": {"angle": 45, "axis": "x", "origin": [8, 5.75, 12.5]},
			"faces": {
				"north": {"uv": [0, 0, 2, 1.5], "texture": "#missing"},
				"east": {"uv": [0, 0, 9, 1.5], "texture": "#0"},
				"south": {"uv": [0, 0, 2, 1.5], "texture": "#missing"},
				"west": {"uv": [0, 0, 16, 16], "texture": "#0"},
				"up": {"uv": [0, 0, 16, 16], "texture": "#0"},
				"down": {"uv": [0, 0, 2, 9], "texture": "#0"}
			}
		},
		{
			"from": [10, 5, 0],
			"to": [11, 7, 11],
			"rotation": {"angle": 0, "axis": "y", "origin": [16, 0, 0]},
			"faces": {
				"north": {"uv": [1, 0, 0, 2], "texture": "#0"},
				"east": {"uv": [16, 0, 0, 7], "texture": "#0"},
				"south": {"uv": [5, 0, 0, 7], "texture": "#0"},
				"west": {"uv": [11, 0, 0, 2], "texture": "#0"},
				"up": {"uv": [1, 0, 0, 11], "texture": "#0"},
				"down": {"uv": [1, 0, 0, 11], "texture": "#0"}
			}
		}
	],
	"display": {
		"head": {
			"translation": [0, 4.5, -4.5]
		}
	}
}