{
	"credit": "Made with Blockbench",
	"textures": {
		"0": "items/3d/halo (17)",
		"particle": "items/3d/halo (17)"
	},
	"elements": [
		{
			"name": "halo (17)_0",
			"from": [9, 0, 9],
			"to": [10, 0.25, 9.25],
			"faces": {
				"north": {"uv": [10, 9, 9, 9.25], "texture": "#0"},
				"east": {"uv": [9.75, 9, 10, 9.25], "rotation": 90, "texture": "#0"},
				"south": {"uv": [9, 9, 10, 9.25], "texture": "#0"},
				"west": {"uv": [9, 9, 9.25, 9.25], "rotation": 270, "texture": "#0"},
				"up": {"uv": [9, 9, 10, 9.25], "texture": "#0"},
				"down": {"uv": [9, 9.25, 10, 9], "texture": "#0"}
			}
		},
		{
			"name": "halo (17)_1",
			"from": [9, 0, 9.25],
			"to": [10.25, 0.25, 9.5],
			"faces": {
				"north": {"uv": [10.25, 9.25, 9, 9.5], "texture": "#0"},
				"east": {"uv": [10, 9.25, 10.25, 9.5], "rotation": 90, "texture": "#0"},
				"south": {"uv": [9, 9.25, 10.25, 9.5], "texture": "#0"},
				"west": {"uv": [9, 9.25, 9.25, 9.5], "rotation": 270, "texture": "#0"},
				"up": {"uv": [9, 9.25, 10.25, 9.5], "texture": "#0"},
				"down": {"uv": [9, 9.5, 10.25, 9.25], "texture": "#0"}
			}
		},
		{
			"name": "halo (17)_2",
			"from": [9, 0, 9.5],
			"to": [10.5, 0.25, 9.75],
			"faces": {
				"north": {"uv": [10.5, 9.5, 9, 9.75], "texture": "#0"},
				"east": {"uv": [10.25, 9.5, 10.5, 9.75], "rotation": 90, "texture": "#0"},
				"south": {"uv": [9, 9.5, 10.5, 9.75], "texture": "#0"},
				"west": {"uv": [9, 9.5, 9.25, 9.75], "rotation": 270, "texture": "#0"},
				"up": {"uv": [9, 9.5, 10.5, 9.75], "texture": "#0"},
				"down": {"uv": [9, 9.75, 10.5, 9.5], "texture": "#0"}
			}
		},
		{
			"name": "halo (17)_3",
			"from": [9, 0, 9.75],
			"to": [10.75, 0.25, 10],
			"faces": {
				"north": {"uv": [10.75, 9.75, 9, 10], "texture": "#0"},
				"east": {"uv": [10.5, 9.75, 10.75, 10], "rotation": 90, "texture": "#0"},
				"south": {"uv": [9, 9.75, 10.75, 10], "texture": "#0"},
				"west": {"uv": [9, 9.75, 9.25, 10], "rotation": 270, "texture": "#0"},
				"up": {"uv": [9, 9.75, 10.75, 10], "texture": "#0"},
				"down": {"uv": [9, 10, 10.75, 9.75], "texture": "#0"}
			}
		},
		{
			"name": "halo (17)_4",
			"from": [9.25, 0, 10],
			"to": [11, 0.25, 10.25],
			"faces": {
				"north": {"uv": [11, 10, 9.25, 10.25], "texture": "#0"},
				"east": {"uv": [10.75, 10, 11, 10.25], "rotation": 90, "texture": "#0"},
				"south": {"uv": [9.25, 10, 11, 10.25], "texture": "#0"},
				"west": {"uv": [9.25, 10, 9.5, 10.25], "rotation": 270, "texture": "#0"},
				"up": {"uv": [9.25, 10, 11, 10.25], "texture": "#0"},
				"down": {"uv": [9.25, 10.25, 11, 10], "texture": "#0"}
			}
		},
		{
			"name": "halo (17)_5",
			"from": [9.5, 0, 10.25],
			"to": [11.25, 0.25, 10.5],
			"faces": {
				"north": {"uv": [11.25, 10.25, 9.5, 10.5], "texture": "#0"},
				"east": {"uv": [11, 10.25, 11.25, 10.5], "rotation": 90, "texture": "#0"},
				"south": {"uv": [9.5, 10.25, 11.25, 10.5], "texture": "#0"},
				"west": {"uv": [9.5, 10.25, 9.75, 10.5], "rotation": 270, "texture": "#0"},
				"up": {"uv": [9.5, 10.25, 11.25, 10.5], "texture": "#0"},
				"down": {"uv": [9.5, 10.5, 11.25, 10.25], "texture": "#0"}
			}
		},
		{
			"name": "halo (17)_6",
			"from": [9.75, 0, 10.5],
			"to": [11.5, 0.25, 10.75],
			"faces": {
				"north": {"uv": [11.5, 10.5, 9.75, 10.75], "texture": "#0"},
				"east": {"uv": [11.25, 10.5, 11.5, 10.75], "rotation": 90, "texture": "#0"},
				"south": {"uv": [9.75, 10.5, 11.5, 10.75], "texture": "#0"},
				"west": {"uv": [9.75, 10.5, 10, 10.75], "rotation": 270, "texture": "#0"},
				"up": {"uv": [9.75, 10.5, 11.5, 10.75], "texture": "#0"},
				"down": {"uv": [9.75, 10.75, 11.5, 10.5], "texture": "#0"}
			}
		},
		{
			"name": "halo (17)_7",
			"from": [10, 0, 10.75],
			"to": [11.75, 0.25, 11],
			"faces": {
				"north": {"uv": [11.75, 10.75, 10, 11], "texture": "#0"},
				"east": {"uv": [11.5, 10.75, 11.75, 11], "rotation": 90, "texture": "#0"},
				"south": {"uv": [10, 10.75, 11.75, 11], "texture": "#0"},
				"west": {"uv": [10, 10.75, 10.25, 11], "rotation": 270, "texture": "#0"},
				"up": {"uv": [10, 10.75, 11.75, 11], "texture": "#0"},
				"down": {"uv": [10, 11, 11.75, 10.75], "texture": "#0"}
			}
		},
		{
			"name": "halo (17)_8",
			"from": [10.25, 0, 11],
			"to": [12, 0.25, 11.25],
			"faces": {
				"north": {"uv": [12, 11, 10.25, 11.25], "texture": "#0"},
				"east": {"uv": [11.75, 11, 12, 11.25], "rotation": 90, "texture": "#0"},
				"south": {"uv": [10.25, 11, 12, 11.25], "texture": "#0"},
				"west": {"uv": [10.25, 11, 10.5, 11.25], "rotation": 270, "texture": "#0"},
				"up": {"uv": [10.25, 11, 12, 11.25], "texture": "#0"},
				"down": {"uv": [10.25, 11.25, 12, 11], "texture": "#0"}
			}
		},
		{
			"name": "halo (17)_9",
			"from": [10.5, 0, 11.25],
			"to": [12.25, 0.25, 11.5],
			"faces": {
				"north": {"uv": [12.25, 11.25, 10.5, 11.5], "texture": "#0"},
				"east": {"uv": [12, 11.25, 12.25, 11.5], "rotation": 90, "texture": "#0"},
				"south": {"uv": [10.5, 11.25, 12.25, 11.5], "texture": "#0"},
				"west": {"uv": [10.5, 11.25, 10.75, 11.5], "rotation": 270, "texture": "#0"},
				"up": {"uv": [10.5, 11.25, 12.25, 11.5], "texture": "#0"},
				"down": {"uv": [10.5, 11.5, 12.25, 11.25], "texture": "#0"}
			}
		},
		{
			"name": "halo (17)_10",
			"from": [10.75, 0, 11.5],
			"to": [12.5, 0.25, 11.75],
			"faces": {
				"north": {"uv": [12.5, 11.5, 10.75, 11.75], "texture": "#0"},
				"east": {"uv": [12.25, 11.5, 12.5, 11.75], "rotation": 90, "texture": "#0"},
				"south": {"uv": [10.75, 11.5, 12.5, 11.75], "texture": "#0"},
				"west": {"uv": [10.75, 11.5, 11, 11.75], "rotation": 270, "texture": "#0"},
				"up": {"uv": [10.75, 11.5, 12.5, 11.75], "texture": "#0"},
				"down": {"uv": [10.75, 11.75, 12.5, 11.5], "texture": "#0"}
			}
		},
		{
			"name": "halo (17)_11",
			"from": [11, 0, 11.75],
			"to": [12.75, 0.25, 12],
			"faces": {
				"north": {"uv": [12.75, 11.75, 11, 12], "texture": "#0"},
				"east": {"uv": [12.5, 11.75, 12.75, 12], "rotation": 90, "texture": "#0"},
				"south": {"uv": [11, 11.75, 12.75, 12], "texture": "#0"},
				"west": {"uv": [11, 11.75, 11.25, 12], "rotation": 270, "texture": "#0"},
				"up": {"uv": [11, 11.75, 12.75, 12], "texture": "#0"},
				"down": {"uv": [11, 12, 12.75, 11.75], "texture": "#0"}
			}
		},
		{
			"name": "halo (17)_12",
			"from": [11.25, 0, 12],
			"to": [13, 0.25, 12.25],
			"faces": {
				"north": {"uv": [13, 12, 11.25, 12.25], "texture": "#0"},
				"east": {"uv": [12.75, 12, 13, 12.25], "rotation": 90, "texture": "#0"},
				"south": {"uv": [11.25, 12, 13, 12.25], "texture": "#0"},
				"west": {"uv": [11.25, 12, 11.5, 12.25], "rotation": 270, "texture": "#0"},
				"up": {"uv": [11.25, 12, 13, 12.25], "texture": "#0"},
				"down": {"uv": [11.25, 12.25, 13, 12], "texture": "#0"}
			}
		},
		{
			"name": "halo (17)_13",
			"from": [11.5, 0, 12.25],
			"to": [13.25, 0.25, 12.5],
			"faces": {
				"north": {"uv": [13.25, 12.25, 11.5, 12.5], "texture": "#0"},
				"east": {"uv": [13, 12.25, 13.25, 12.5], "rotation": 90, "texture": "#0"},
				"south": {"uv": [11.5, 12.25, 13.25, 12.5], "texture": "#0"},
				"west": {"uv": [11.5, 12.25, 11.75, 12.5], "rotation": 270, "texture": "#0"},
				"up": {"uv": [11.5, 12.25, 13.25, 12.5], "texture": "#0"},
				"down": {"uv": [11.5, 12.5, 13.25, 12.25], "texture": "#0"}
			}
		},
		{
			"name": "halo (17)_14",
			"from": [11.75, 0, 12.5],
			"to": [13.5, 0.25, 12.75],
			"faces": {
				"north": {"uv": [13.5, 12.5, 11.75, 12.75], "texture": "#0"},
				"east": {"uv": [13.25, 12.5, 13.5, 12.75], "rotation": 90, "texture": "#0"},
				"south": {"uv": [11.75, 12.5, 13.5, 12.75], "texture": "#0"},
				"west": {"uv": [11.75, 12.5, 12, 12.75], "rotation": 270, "texture": "#0"},
				"up": {"uv": [11.75, 12.5, 13.5, 12.75], "texture": "#0"},
				"down": {"uv": [11.75, 12.75, 13.5, 12.5], "texture": "#0"}
			}
		},
		{
			"name": "halo (17)_15",
			"from": [12, 0, 12.75],
			"to": [13.75, 0.25, 13],
			"faces": {
				"north": {"uv": [13.75, 12.75, 12, 13], "texture": "#0"},
				"east": {"uv": [13.5, 12.75, 13.75, 13], "rotation": 90, "texture": "#0"},
				"south": {"uv": [12, 12.75, 13.75, 13], "texture": "#0"},
				"west": {"uv": [12, 12.75, 12.25, 13], "rotation": 270, "texture": "#0"},
				"up": {"uv": [12, 12.75, 13.75, 13], "texture": "#0"},
				"down": {"uv": [12, 13, 13.75, 12.75], "texture": "#0"}
			}
		},
		{
			"name": "halo (17)_16",
			"from": [12.25, 0, 13],
			"to": [14, 0.25, 13.25],
			"faces": {
				"north": {"uv": [14, 13, 12.25, 13.25], "texture": "#0"},
				"east": {"uv": [13.75, 13, 14, 13.25], "rotation": 90, "texture": "#0"},
				"south": {"uv": [12.25, 13, 14, 13.25], "texture": "#0"},
				"west": {"uv": [12.25, 13, 12.5, 13.25], "rotation": 270, "texture": "#0"},
				"up": {"uv": [12.25, 13, 14, 13.25], "texture": "#0"},
				"down": {"uv": [12.25, 13.25, 14, 13], "texture": "#0"}
			}
		},
		{
			"name": "halo (17)_17",
			"from": [12.5, 0, 13.25],
			"to": [14.25, 0.25, 13.5],
			"faces": {
				"north": {"uv": [14.25, 13.25, 12.5, 13.5], "texture": "#0"},
				"east": {"uv": [14, 13.25, 14.25, 13.5], "rotation": 90, "texture": "#0"},
				"south": {"uv": [12.5, 13.25, 14.25, 13.5], "texture": "#0"},
				"west": {"uv": [12.5, 13.25, 12.75, 13.5], "rotation": 270, "texture": "#0"},
				"up": {"uv": [12.5, 13.25, 14.25, 13.5], "texture": "#0"},
				"down": {"uv": [12.5, 13.5, 14.25, 13.25], "texture": "#0"}
			}
		},
		{
			"name": "halo (17)_18",
			"from": [12.75, 0, 13.5],
			"to": [14.25, 0.25, 13.75],
			"faces": {
				"north": {"uv": [14.25, 13.5, 12.75, 13.75], "texture": "#0"},
				"east": {"uv": [14, 13.5, 14.25, 13.75], "rotation": 90, "texture": "#0"},
				"south": {"uv": [12.75, 13.5, 14.25, 13.75], "texture": "#0"},
				"west": {"uv": [12.75, 13.5, 13, 13.75], "rotation": 270, "texture": "#0"},
				"up": {"uv": [12.75, 13.5, 14.25, 13.75], "texture": "#0"},
				"down": {"uv": [12.75, 13.75, 14.25, 13.5], "texture": "#0"}
			}
		},
		{
			"name": "halo (17)_19",
			"from": [13, 0, 13.75],
			"to": [14.25, 0.25, 14],
			"faces": {
				"north": {"uv": [14.25, 13.75, 13, 14], "texture": "#0"},
				"east": {"uv": [14, 13.75, 14.25, 14], "rotation": 90, "texture": "#0"},
				"south": {"uv": [13, 13.75, 14.25, 14], "texture": "#0"},
				"west": {"uv": [13, 13.75, 13.25, 14], "rotation": 270, "texture": "#0"},
				"up": {"uv": [13, 13.75, 14.25, 14], "texture": "#0"},
				"down": {"uv": [13, 14, 14.25, 13.75], "texture": "#0"}
			}
		},
		{
			"name": "halo (17)_20",
			"from": [13.25, 0, 14],
			"to": [14.25, 0.25, 14.25],
			"faces": {
				"north": {"uv": [14.25, 14, 13.25, 14.25], "texture": "#0"},
				"east": {"uv": [14, 14, 14.25, 14.25], "rotation": 90, "texture": "#0"},
				"south": {"uv": [13.25, 14, 14.25, 14.25], "texture": "#0"},
				"west": {"uv": [13.25, 14, 13.5, 14.25], "rotation": 270, "texture": "#0"},
				"up": {"uv": [13.25, 14, 14.25, 14.25], "texture": "#0"},
				"down": {"uv": [13.25, 14.25, 14.25, 14], "texture": "#0"}
			}
		}
	],
	"display": {
		"gui": {
			"rotation": [90, 0, 0]
		},
		"head": {
			"rotation": [20, 0, 0],
			"translation": [0, 17, 10]
		}
	},
	"groups": [
		{
			"name": "halo (17)",
			"origin": [8, 8, 8],
			"color": 0,
			"children": [0, 1, 2, 3, 4, 5, 6, 7, 8, 9, 10, 11, 12, 13, 14, 15, 16, 17, 18, 19, 20]
		}
	]
}