{
	"credit": "Made with Blockbench",
	"textures": {
		"0": "items/3d/halo (36)",
		"particle": "items/3d/halo (36)"
	},
	"elements": [
		{
			"name": "halo (36)_0",
			"from": [7, 0, 1],
			"to": [9, 0.25, 1.25],
			"faces": {
				"north": {"uv": [9, 1, 7, 1.25], "texture": "#0"},
				"east": {"uv": [8.75, 1, 9, 1.25], "rotation": 90, "texture": "#0"},
				"south": {"uv": [7, 1, 9, 1.25], "texture": "#0"},
				"west": {"uv": [7, 1, 7.25, 1.25], "rotation": 270, "texture": "#0"},
				"up": {"uv": [7, 1, 9, 1.25], "texture": "#0"},
				"down": {"uv": [7, 1.25, 9, 1], "texture": "#0"}
			}
		},
		{
			"name": "halo (36)_1",
			"from": [6, 0, 1.25],
			"to": [10.25, 0.25, 1.5],
			"faces": {
				"north": {"uv": [10.25, 1.25, 6, 1.5], "texture": "#0"},
				"east": {"uv": [10, 1.25, 10.25, 1.5], "rotation": 90, "texture": "#0"},
				"south": {"uv": [6, 1.25, 10.25, 1.5], "texture": "#0"},
				"west": {"uv": [6, 1.25, 6.25, 1.5], "rotation": 270, "texture": "#0"},
				"up": {"uv": [6, 1.25, 10.25, 1.5], "texture": "#0"},
				"down": {"uv": [6, 1.5, 10.25, 1.25], "texture": "#0"}
			}
		},
		{
			"name": "halo (36)_2",
			"from": [5.5, 0, 1.5],
			"to": [10.5, 0.25, 1.75],
			"faces": {
				"north": {"uv": [10.5, 1.5, 5.5, 1.75], "texture": "#0"},
				"east": {"uv": [10.25, 1.5, 10.5, 1.75], "rotation": 90, "texture": "#0"},
				"south": {"uv": [5.5, 1.5, 10.5, 1.75], "texture": "#0"},
				"west": {"uv": [5.5, 1.5, 5.75, 1.75], "rotation": 270, "texture": "#0"},
				"up": {"uv": [5.5, 1.5, 10.5, 1.75], "texture": "#0"},
				"down": {"uv": [5.5, 1.75, 10.5, 1.5], "texture": "#0"}
			}
		},
		{
			"name": "halo (36)_3",
			"from": [5.25, 0, 1.75],
			"to": [10.75, 0.25, 2],
			"faces": {
				"north": {"uv": [10.75, 1.75, 5.25, 2], "texture": "#0"},
				"east": {"uv": [10.5, 1.75, 10.75, 2], "rotation": 90, "texture": "#0"},
				"south": {"uv": [5.25, 1.75, 10.75, 2], "texture": "#0"},
				"west": {"uv": [5.25, 1.75, 5.5, 2], "rotation": 270, "texture": "#0"},
				"up": {"uv": [5.25, 1.75, 10.75, 2], "texture": "#0"},
				"down": {"uv": [5.25, 2, 10.75, 1.75], "texture": "#0"}
			}
		},
		{
			"name": "halo (36)_4",
			"from": [5.25, 0, 2],
			"to": [10.75, 0.25, 2.25],
			"faces": {
				"north": {"uv": [10.75, 2, 5.25, 2.25], "texture": "#0"},
				"east": {"uv": [10.5, 2, 10.75, 2.25], "rotation": 90, "texture": "#0"},
				"south": {"uv": [5.25, 2, 10.75, 2.25], "texture": "#0"},
				"west": {"uv": [5.25, 2, 5.5, 2.25], "rotation": 270, "texture": "#0"},
				"up": {"uv": [5.25, 2, 10.75, 2.25], "texture": "#0"},
				"down": {"uv": [5.25, 2.25, 10.75, 2], "texture": "#0"}
			}
		},
		{
			"name": "halo (36)_5",
			"from": [5.25, 0, 2.25],
			"to": [10.75, 0.25, 2.5],
			"faces": {
				"north": {"uv": [10.75, 2.25, 5.25, 2.5], "texture": "#0"},
				"east": {"uv": [10.5, 2.25, 10.75, 2.5], "rotation": 90, "texture": "#0"},
				"south": {"uv": [5.25, 2.25, 10.75, 2.5], "texture": "#0"},
				"west": {"uv": [5.25, 2.25, 5.5, 2.5], "rotation": 270, "texture": "#0"},
				"up": {"uv": [5.25, 2.25, 10.75, 2.5], "texture": "#0"},
				"down": {"uv": [5.25, 2.5, 10.75, 2.25], "texture": "#0"}
			}
		},
		{
			"name": "halo (36)_6",
			"from": [5.25, 0, 2.5],
			"to": [10.75, 0.25, 2.75],
			"faces": {
				"north": {"uv": [10.75, 2.5, 5.25, 2.75], "texture": "#0"},
				"east": {"uv": [10.5, 2.5, 10.75, 2.75], "rotation": 90, "texture": "#0"},
				"south": {"uv": [5.25, 2.5, 10.75, 2.75], "texture": "#0"},
				"west": {"uv": [5.25, 2.5, 5.5, 2.75], "rotation": 270, "texture": "#0"},
				"up": {"uv": [5.25, 2.5, 10.75, 2.75], "texture": "#0"},
				"down": {"uv": [5.25, 2.75, 10.75, 2.5], "texture": "#0"}
			}
		},
		{
			"name": "halo (36)_7",
			"from": [5.25, 0, 2.75],
			"to": [10.75, 0.25, 3],
			"faces": {
				"north": {"uv": [10.75, 2.75, 5.25, 3], "texture": "#0"},
				"east": {"uv": [10.5, 2.75, 10.75, 3], "rotation": 90, "texture": "#0"},
				"south": {"uv": [5.25, 2.75, 10.75, 3], "texture": "#0"},
				"west": {"uv": [5.25, 2.75, 5.5, 3], "rotation": 270, "texture": "#0"},
				"up": {"uv": [5.25, 2.75, 10.75, 3], "texture": "#0"},
				"down": {"uv": [5.25, 3, 10.75, 2.75], "texture": "#0"}
			}
		},
		{
			"name": "halo (36)_8",
			"from": [5.25, 0, 3],
			"to": [10.75, 0.25, 3.25],
			"faces": {
				"north": {"uv": [10.75, 3, 5.25, 3.25], "texture": "#0"},
				"east": {"uv": [10.5, 3, 10.75, 3.25], "rotation": 90, "texture": "#0"},
				"south": {"uv": [5.25, 3, 10.75, 3.25], "texture": "#0"},
				"west": {"uv": [5.25, 3, 5.5, 3.25], "rotation": 270, "texture": "#0"},
				"up": {"uv": [5.25, 3, 10.75, 3.25], "texture": "#0"},
				"down": {"uv": [5.25, 3.25, 10.75, 3], "texture": "#0"}
			}
		},
		{
			"name": "halo (36)_9",
			"from": [5.25, 0, 3.25],
			"to": [10.75, 0.25, 3.5],
			"faces": {
				"north": {"uv": [10.75, 3.25, 5.25, 3.5], "texture": "#0"},
				"east": {"uv": [10.5, 3.25, 10.75, 3.5], "rotation": 90, "texture": "#0"},
				"south": {"uv": [5.25, 3.25, 10.75, 3.5], "texture": "#0"},
				"west": {"uv": [5.25, 3.25, 5.5, 3.5], "rotation": 270, "texture": "#0"},
				"up": {"uv": [5.25, 3.25, 10.75, 3.5], "texture": "#0"},
				"down": {"uv": [5.25, 3.5, 10.75, 3.25], "texture": "#0"}
			}
		},
		{
			"name": "halo (36)_10",
			"from": [5.25, 0, 3.5],
			"to": [10.75, 0.25, 3.75],
			"faces": {
				"north": {"uv": [10.75, 3.5, 5.25, 3.75], "texture": "#0"},
				"east": {"uv": [10.5, 3.5, 10.75, 3.75], "rotation": 90, "texture": "#0"},
				"south": {"uv": [5.25, 3.5, 10.75, 3.75], "texture": "#0"},
				"west": {"uv": [5.25, 3.5, 5.5, 3.75], "rotation": 270, "texture": "#0"},
				"up": {"uv": [5.25, 3.5, 10.75, 3.75], "texture": "#0"},
				"down": {"uv": [5.25, 3.75, 10.75, 3.5], "texture": "#0"}
			}
		},
		{
			"name": "halo (36)_11",
			"from": [5.5, 0, 3.75],
			"to": [10.5, 0.25, 4],
			"faces": {
				"north": {"uv": [10.5, 3.75, 5.5, 4], "texture": "#0"},
				"east": {"uv": [10.25, 3.75, 10.5, 4], "rotation": 90, "texture": "#0"},
				"south": {"uv": [5.5, 3.75, 10.5, 4], "texture": "#0"},
				"west": {"uv": [5.5, 3.75, 5.75, 4], "rotation": 270, "texture": "#0"},
				"up": {"uv": [5.5, 3.75, 10.5, 4], "texture": "#0"},
				"down": {"uv": [5.5, 4, 10.5, 3.75], "texture": "#0"}
			}
		},
		{
			"name": "halo (36)_12",
			"from": [5.5, 0, 4],
			"to": [10.5, 0.25, 4.25],
			"faces": {
				"north": {"uv": [10.5, 4, 5.5, 4.25], "texture": "#0"},
				"east": {"uv": [10.25, 4, 10.5, 4.25], "rotation": 90, "texture": "#0"},
				"south": {"uv": [5.5, 4, 10.5, 4.25], "texture": "#0"},
				"west": {"uv": [5.5, 4, 5.75, 4.25], "rotation": 270, "texture": "#0"},
				"up": {"uv": [5.5, 4, 10.5, 4.25], "texture": "#0"},
				"down": {"uv": [5.5, 4.25, 10.5, 4], "texture": "#0"}
			}
		},
		{
			"name": "halo (36)_13",
			"from": [5.75, 0, 4.25],
			"to": [10.25, 0.25, 4.5],
			"faces": {
				"north": {"uv": [10.25, 4.25, 5.75, 4.5], "texture": "#0"},
				"east": {"uv": [10, 4.25, 10.25, 4.5], "rotation": 90, "texture": "#0"},
				"south": {"uv": [5.75, 4.25, 10.25, 4.5], "texture": "#0"},
				"west": {"uv": [5.75, 4.25, 6, 4.5], "rotation": 270, "texture": "#0"},
				"up": {"uv": [5.75, 4.25, 10.25, 4.5], "texture": "#0"},
				"down": {"uv": [5.75, 4.5, 10.25, 4.25], "texture": "#0"}
			}
		},
		{
			"name": "halo (36)_14",
			"from": [6, 0, 4.5],
			"to": [10, 0.25, 4.75],
			"faces": {
				"north": {"uv": [10, 4.5, 6, 4.75], "texture": "#0"},
				"east": {"uv": [9.75, 4.5, 10, 4.75], "rotation": 90, "texture": "#0"},
				"south": {"uv": [6, 4.5, 10, 4.75], "texture": "#0"},
				"west": {"uv": [6, 4.5, 6.25, 4.75], "rotation": 270, "texture": "#0"},
				"up": {"uv": [6, 4.5, 10, 4.75], "texture": "#0"},
				"down": {"uv": [6, 4.75, 10, 4.5], "texture": "#0"}
			}
		},
		{
			"name": "halo (36)_15",
			"from": [6.25, 0, 4.75],
			"to": [9.75, 0.25, 5],
			"faces": {
				"north": {"uv": [9.75, 4.75, 6.25, 5], "texture": "#0"},
				"east": {"uv": [9.5, 4.75, 9.75, 5], "rotation": 90, "texture": "#0"},
				"south": {"uv": [6.25, 4.75, 9.75, 5], "texture": "#0"},
				"west": {"uv": [6.25, 4.75, 6.5, 5], "rotation": 270, "texture": "#0"},
				"up": {"uv": [6.25, 4.75, 9.75, 5], "texture": "#0"},
				"down": {"uv": [6.25, 5, 9.75, 4.75], "texture": "#0"}
			}
		},
		{
			"name": "halo (36)_16",
			"from": [6.5, 0, 5],
			"to": [9.5, 0.25, 5.25],
			"faces": {
				"north": {"uv": [9.5, 5, 6.5, 5.25], "texture": "#0"},
				"east": {"uv": [9.25, 5, 9.5, 5.25], "rotation": 90, "texture": "#0"},
				"south": {"uv": [6.5, 5, 9.5, 5.25], "texture": "#0"},
				"west": {"uv": [6.5, 5, 6.75, 5.25], "rotation": 270, "texture": "#0"},
				"up": {"uv": [6.5, 5, 9.5, 5.25], "texture": "#0"},
				"down": {"uv": [6.5, 5.25, 9.5, 5], "texture": "#0"}
			}
		},
		{
			"name": "halo (36)_17",
			"from": [7, 0, 5.25],
			"to": [9, 0.25, 5.5],
			"faces": {
				"north": {"uv": [9, 5.25, 7, 5.5], "texture": "#0"},
				"east": {"uv": [8.75, 5.25, 9, 5.5], "rotation": 90, "texture": "#0"},
				"south": {"uv": [7, 5.25, 9, 5.5], "texture": "#0"},
				"west": {"uv": [7, 5.25, 7.25, 5.5], "rotation": 270, "texture": "#0"},
				"up": {"uv": [7, 5.25, 9, 5.5], "texture": "#0"},
				"down": {"uv": [7, 5.5, 9, 5.25], "texture": "#0"}
			}
		}
	],
	"display": {
		"gui": {
			"rotation": [90, 0, 0]
		},
		"head": {
			"rotation": [20, 0, 0],
			"translation": [0, 17, 10]
		}
	},
	"groups": [
		{
			"name": "halo (36)",
			"origin": [8, 8, 8],
			"color": 0,
			"children": [0, 1, 2, 3, 4, 5, 6, 7, 8, 9, 10, 11, 12, 13, 14, 15, 16, 17]
		}
	]
}