{
	"credit": "Made with Blockbench",
	"textures": {
		"0": "items/3d/diamond_hammer",
		"particle": "items/3d/diamond_hammer"
	},
	"elements": [
		{
			"from": [7, 0, 7],
			"to": [9, 30, 9],
			"faces": {
				"north": {"uv": [0, 0, 1, 15], "texture": "#0"},
				"east": {"uv": [0, 0, 1, 15], "texture": "#0"},
				"south": {"uv": [0, 0, 1, 15], "texture": "#0"},
				"west": {"uv": [0, 0, 1, 15], "texture": "#0"},
				"up": {"uv": [1.5, 14, 2.5, 15], "texture": "#0"},
				"down": {"uv": [1.5, 14, 2.5, 15], "texture": "#0"}
			}
		},
		{
			"from": [2, 23, 5],
			"to": [14, 29, 11],
			"faces": {
				"north": {"uv": [1.5, 0, 7.5, 3], "texture": "#0"},
				"east": {"uv": [8, 0, 11, 3], "texture": "#0"},
				"south": {"uv": [1.5, 0, 7.5, 3], "texture": "#0"},
				"west": {"uv": [8, 0, 11, 3], "texture": "#0"},
				"up": {"uv": [1.5, 0, 7.5, 3], "texture": "#0"},
				"down": {"uv": [1.5, 0, 7.5, 3], "texture": "#0"}
			}
		}
	],
	"display": {
		"thirdperson_righthand": {
			"rotation": [0, 90, 0],
			"translation": [0, -5, 1],
			"scale": [0.55, 0.55, 0.55]
		},
		"thirdperson_lefthand": {
			"rotation": [0, 90, 0],
			"translation": [0, -5, 1],
			"scale": [0.55, 0.55, 0.55]
		},
		"firstperson_righthand": {
			"rotation": [0, -90, 25],
			"translation": [1.13, 3.2, 1.13],
			"scale": [0.68, 0.68, 0.68]
		},
		"firstperson_lefthand": {
			"rotation": [0, -90, 25],
			"translation": [1.13, 3.2, 1.13],
			"scale": [0.68, 0.68, 0.68]
		},
		"ground": {
			"rotation": [45, 45, 0],
			"translation": [0, 2, 0],
			"scale": [0.5, 0.5, 0.5]
		},
		"gui": {
			"rotation": [0, 0, 45],
			"translation": [2.75, -2.75, 0],
			"scale": [0.5, 0.5, 0.5]
		},
		"head": {
			"rotation": [-120, 90, 0],
			"translation": [-2, 17.25, 10.75]
		},
		"fixed": {
			"rotation": [0, 180, 45],
			"translation": [-2.75, -2.75, 0],
			"scale": [0.5, 0.5, 0.5]
		}
	}
}