{
    "credit": "Made with Blockbench",
    "parent": "item/generated",
    "textures": {
        "layer0": "items/1001"
    },
    "display": {
        "firstperson_righthand": {
            "translation": [
                -9,
                18,
                3.2
            ],
            "rotation": [
                0,
                0,
                0
            ],
            "scale": [
                1,
                1,
                0.5
            ]
        },
        "firstperson_lefthand": {
            "translation": [
                -9,
                16,
                3.2
            ],
            "rotation": [
                0,
                0,
                0
            ],
            "scale": [
                1,
                1,
                1
            ]
        }
    }
}