{
	"credit": "Made with Blockbench",
	"parent": "block/block",
	"textures": {
		"particle": "#all"
	},
	"elements": [
		{
			"from": [0, 11, 0],
			"to": [16, 11, 16],
			"rotation": {"angle": 45, "axis": "y", "origin": [8, 11, 8]},
			"faces": {
				"north": {"uv": [0, 0, 16, 0], "tintindex": 0, "texture": "#all"},
				"east": {"uv": [0, 0, 16, 0], "tintindex": 0, "texture": "#all"},
				"south": {"uv": [0, 0, 16, 0], "tintindex": 0, "texture": "#all"},
				"west": {"uv": [0, 0, 16, 0], "tintindex": 0, "texture": "#all"},
				"up": {"uv": [0, 0, 16, 16], "tintindex": 0, "texture": "#all"},
				"down": {"uv": [0, 0, 16, 16], "tintindex": 0, "texture": "#all"}
			}
		},
		{
			"from": [0, 5, 0],
			"to": [16, 5, 16],
			"rotation": {"angle": 45, "axis": "y", "origin": [8, 5, 8]},
			"faces": {
				"north": {"uv": [0, 0, 16, 0], "tintindex": 0, "texture": "#all"},
				"east": {"uv": [0, 0, 16, 0], "tintindex": 0, "texture": "#all"},
				"south": {"uv": [0, 0, 16, 0], "tintindex": 0, "texture": "#all"},
				"west": {"uv": [0, 0, 16, 0], "tintindex": 0, "texture": "#all"},
				"up": {"uv": [0, 0, 16, 16], "tintindex": 0, "texture": "#all"},
				"down": {"uv": [0, 0, 16, 16], "tintindex": 0, "texture": "#all"}
			}
		},
		{
			"from": [1.75, 0, 9],
			"to": [17.75, 16, 9],
			"rotation": {"angle": 45, "axis": "y", "origin": [11.5, 8, 9]},
			"faces": {
				"north": {"uv": [0, 0, 16, 16], "tintindex": 0, "rotation": 180, "texture": "#all"},
				"east": {"uv": [0, 0, 16, 0], "tintindex": 0, "rotation": 90, "texture": "#all"},
				"south": {"uv": [0, 0, 16, 16], "tintindex": 0, "texture": "#all"},
				"west": {"uv": [0, 0, 16, 0], "tintindex": 0, "rotation": 270, "texture": "#all"},
				"up": {"uv": [0, 0, 16, 0], "tintindex": 0, "texture": "#all"},
				"down": {"uv": [0, 0, 16, 0], "tintindex": 0, "rotation": 180, "texture": "#all"}
			}
		},
		{
			"from": [-2.75, 0, 4.5],
			"to": [13.25, 16, 4.5],
			"rotation": {"angle": 45, "axis": "y", "origin": [7, 8, 4.5]},
			"faces": {
				"north": {"uv": [0, 0, 16, 16], "tintindex": 0, "rotation": 180, "texture": "#all"},
				"east": {"uv": [0, 0, 16, 0], "tintindex": 0, "rotation": 90, "texture": "#all"},
				"south": {"uv": [0, 0, 16, 16], "tintindex": 0, "texture": "#all"},
				"west": {"uv": [0, 0, 16, 0], "tintindex": 0, "rotation": 270, "texture": "#all"},
				"up": {"uv": [0, 0, 16, 0], "tintindex": 0, "texture": "#all"},
				"down": {"uv": [0, 0, 16, 0], "tintindex": 0, "rotation": 180, "texture": "#all"}
			}
		},
		{
			"from": [8, 0, 1.35],
			"to": [8, 16, 17.35],
			"rotation": {"angle": 45, "axis": "y", "origin": [8, 8, 12.6]},
			"faces": {
				"north": {"uv": [0, 0, 16, 0], "tintindex": 0, "rotation": 90, "texture": "#all"},
				"east": {"uv": [0, 0, 16, 16], "tintindex": 0, "texture": "#all"},
				"south": {"uv": [0, 0, 16, 0], "tintindex": 0, "rotation": 270, "texture": "#all"},
				"west": {"uv": [0, 0, 16, 16], "tintindex": 0, "rotation": 180, "texture": "#all"},
				"up": {"uv": [0, 0, 16, 0], "tintindex": 0, "rotation": 270, "texture": "#all"},
				"down": {"uv": [0, 0, 16, 0], "tintindex": 0, "rotation": 270, "texture": "#all"}
			}
		},
		{
			"from": [12.5, 0, -3.4],
			"to": [12.5, 16, 12.6],
			"rotation": {"angle": 45, "axis": "y", "origin": [12.5, 8, 7.85]},
			"faces": {
				"north": {"uv": [0, 0, 16, 0], "tintindex": 0, "rotation": 90, "texture": "#all"},
				"east": {"uv": [0, 0, 16, 16], "tintindex": 0, "texture": "#all"},
				"south": {"uv": [0, 0, 16, 0], "tintindex": 0, "rotation": 270, "texture": "#all"},
				"west": {"uv": [0, 0, 16, 16], "tintindex": 0, "rotation": 180, "texture": "#all"},
				"up": {"uv": [0, 0, 16, 0], "tintindex": 0, "rotation": 270, "texture": "#all"},
				"down": {"uv": [0, 0, 16, 0], "tintindex": 0, "rotation": 270, "texture": "#all"}
			}
		}
	]
}