{
	"credit": "Made with Blockbench",
	"textures": {
		"0": "items/3d/halo (19)",
		"particle": "items/3d/halo (19)"
	},
	"elements": [
		{
			"name": "halo (19)_0",
			"from": [7.75, 0, 0.75],
			"to": [8.25, 0.25, 1],
			"faces": {
				"north": {"uv": [8.25, 0.75, 7.75, 1], "texture": "#0"},
				"east": {"uv": [8, 0.75, 8.25, 1], "rotation": 90, "texture": "#0"},
				"south": {"uv": [7.75, 0.75, 8.25, 1], "texture": "#0"},
				"west": {"uv": [7.75, 0.75, 8, 1], "rotation": 270, "texture": "#0"},
				"up": {"uv": [7.75, 0.75, 8.25, 1], "texture": "#0"},
				"down": {"uv": [7.75, 1, 8.25, 0.75], "texture": "#0"}
			}
		},
		{
			"name": "halo (19)_1",
			"from": [7.75, 0, 1],
			"to": [8.25, 0.25, 1.25],
			"faces": {
				"north": {"uv": [8.25, 1, 7.75, 1.25], "texture": "#0"},
				"east": {"uv": [8, 1, 8.25, 1.25], "rotation": 90, "texture": "#0"},
				"south": {"uv": [7.75, 1, 8.25, 1.25], "texture": "#0"},
				"west": {"uv": [7.75, 1, 8, 1.25], "rotation": 270, "texture": "#0"},
				"up": {"uv": [7.75, 1, 8.25, 1.25], "texture": "#0"},
				"down": {"uv": [7.75, 1.25, 8.25, 1], "texture": "#0"}
			}
		},
		{
			"name": "halo (19)_2",
			"from": [7.5, 0, 1.25],
			"to": [8.5, 0.25, 1.5],
			"faces": {
				"north": {"uv": [8.5, 1.25, 7.5, 1.5], "texture": "#0"},
				"east": {"uv": [8.25, 1.25, 8.5, 1.5], "rotation": 90, "texture": "#0"},
				"south": {"uv": [7.5, 1.25, 8.5, 1.5], "texture": "#0"},
				"west": {"uv": [7.5, 1.25, 7.75, 1.5], "rotation": 270, "texture": "#0"},
				"up": {"uv": [7.5, 1.25, 8.5, 1.5], "texture": "#0"},
				"down": {"uv": [7.5, 1.5, 8.5, 1.25], "texture": "#0"}
			}
		},
		{
			"name": "halo (19)_3",
			"from": [7.5, 0, 1.5],
			"to": [8.5, 0.25, 1.75],
			"faces": {
				"north": {"uv": [8.5, 1.5, 7.5, 1.75], "texture": "#0"},
				"east": {"uv": [8.25, 1.5, 8.5, 1.75], "rotation": 90, "texture": "#0"},
				"south": {"uv": [7.5, 1.5, 8.5, 1.75], "texture": "#0"},
				"west": {"uv": [7.5, 1.5, 7.75, 1.75], "rotation": 270, "texture": "#0"},
				"up": {"uv": [7.5, 1.5, 8.5, 1.75], "texture": "#0"},
				"down": {"uv": [7.5, 1.75, 8.5, 1.5], "texture": "#0"}
			}
		},
		{
			"name": "halo (19)_4",
			"from": [7.25, 0, 1.75],
			"to": [8.75, 0.25, 2],
			"faces": {
				"north": {"uv": [8.75, 1.75, 7.25, 2], "texture": "#0"},
				"east": {"uv": [8.5, 1.75, 8.75, 2], "rotation": 90, "texture": "#0"},
				"south": {"uv": [7.25, 1.75, 8.75, 2], "texture": "#0"},
				"west": {"uv": [7.25, 1.75, 7.5, 2], "rotation": 270, "texture": "#0"},
				"up": {"uv": [7.25, 1.75, 8.75, 2], "texture": "#0"},
				"down": {"uv": [7.25, 2, 8.75, 1.75], "texture": "#0"}
			}
		},
		{
			"name": "halo (19)_5",
			"from": [7.25, 0, 2],
			"to": [8.75, 0.25, 2.25],
			"faces": {
				"north": {"uv": [8.75, 2, 7.25, 2.25], "texture": "#0"},
				"east": {"uv": [8.5, 2, 8.75, 2.25], "rotation": 90, "texture": "#0"},
				"south": {"uv": [7.25, 2, 8.75, 2.25], "texture": "#0"},
				"west": {"uv": [7.25, 2, 7.5, 2.25], "rotation": 270, "texture": "#0"},
				"up": {"uv": [7.25, 2, 8.75, 2.25], "texture": "#0"},
				"down": {"uv": [7.25, 2.25, 8.75, 2], "texture": "#0"}
			}
		},
		{
			"name": "halo (19)_6",
			"from": [7, 0, 2.25],
			"to": [9, 0.25, 2.5],
			"faces": {
				"north": {"uv": [9, 2.25, 7, 2.5], "texture": "#0"},
				"east": {"uv": [8.75, 2.25, 9, 2.5], "rotation": 90, "texture": "#0"},
				"south": {"uv": [7, 2.25, 9, 2.5], "texture": "#0"},
				"west": {"uv": [7, 2.25, 7.25, 2.5], "rotation": 270, "texture": "#0"},
				"up": {"uv": [7, 2.25, 9, 2.5], "texture": "#0"},
				"down": {"uv": [7, 2.5, 9, 2.25], "texture": "#0"}
			}
		},
		{
			"name": "halo (19)_7",
			"from": [7, 0, 2.5],
			"to": [9, 0.25, 2.75],
			"faces": {
				"north": {"uv": [9, 2.5, 7, 2.75], "texture": "#0"},
				"east": {"uv": [8.75, 2.5, 9, 2.75], "rotation": 90, "texture": "#0"},
				"south": {"uv": [7, 2.5, 9, 2.75], "texture": "#0"},
				"west": {"uv": [7, 2.5, 7.25, 2.75], "rotation": 270, "texture": "#0"},
				"up": {"uv": [7, 2.5, 9, 2.75], "texture": "#0"},
				"down": {"uv": [7, 2.75, 9, 2.5], "texture": "#0"}
			}
		},
		{
			"name": "halo (19)_8",
			"from": [6.75, 0, 2.75],
			"to": [9.25, 0.25, 3],
			"faces": {
				"north": {"uv": [9.25, 2.75, 6.75, 3], "texture": "#0"},
				"east": {"uv": [9, 2.75, 9.25, 3], "rotation": 90, "texture": "#0"},
				"south": {"uv": [6.75, 2.75, 9.25, 3], "texture": "#0"},
				"west": {"uv": [6.75, 2.75, 7, 3], "rotation": 270, "texture": "#0"},
				"up": {"uv": [6.75, 2.75, 9.25, 3], "texture": "#0"},
				"down": {"uv": [6.75, 3, 9.25, 2.75], "texture": "#0"}
			}
		},
		{
			"name": "halo (19)_9",
			"from": [6.75, 0, 3],
			"to": [9.25, 0.25, 3.25],
			"faces": {
				"north": {"uv": [9.25, 3, 6.75, 3.25], "texture": "#0"},
				"east": {"uv": [9, 3, 9.25, 3.25], "rotation": 90, "texture": "#0"},
				"south": {"uv": [6.75, 3, 9.25, 3.25], "texture": "#0"},
				"west": {"uv": [6.75, 3, 7, 3.25], "rotation": 270, "texture": "#0"},
				"up": {"uv": [6.75, 3, 9.25, 3.25], "texture": "#0"},
				"down": {"uv": [6.75, 3.25, 9.25, 3], "texture": "#0"}
			}
		},
		{
			"name": "halo (19)_10",
			"from": [6.5, 0, 3.25],
			"to": [9.5, 0.25, 3.5],
			"faces": {
				"north": {"uv": [9.5, 3.25, 6.5, 3.5], "texture": "#0"},
				"east": {"uv": [9.25, 3.25, 9.5, 3.5], "rotation": 90, "texture": "#0"},
				"south": {"uv": [6.5, 3.25, 9.5, 3.5], "texture": "#0"},
				"west": {"uv": [6.5, 3.25, 6.75, 3.5], "rotation": 270, "texture": "#0"},
				"up": {"uv": [6.5, 3.25, 9.5, 3.5], "texture": "#0"},
				"down": {"uv": [6.5, 3.5, 9.5, 3.25], "texture": "#0"}
			}
		},
		{
			"name": "halo (19)_11",
			"from": [6.5, 0, 3.5],
			"to": [9.5, 0.25, 3.75],
			"faces": {
				"north": {"uv": [9.5, 3.5, 6.5, 3.75], "texture": "#0"},
				"east": {"uv": [9.25, 3.5, 9.5, 3.75], "rotation": 90, "texture": "#0"},
				"south": {"uv": [6.5, 3.5, 9.5, 3.75], "texture": "#0"},
				"west": {"uv": [6.5, 3.5, 6.75, 3.75], "rotation": 270, "texture": "#0"},
				"up": {"uv": [6.5, 3.5, 9.5, 3.75], "texture": "#0"},
				"down": {"uv": [6.5, 3.75, 9.5, 3.5], "texture": "#0"}
			}
		},
		{
			"name": "halo (19)_12",
			"from": [6.25, 0, 3.75],
			"to": [9.75, 0.25, 4],
			"faces": {
				"north": {"uv": [9.75, 3.75, 6.25, 4], "texture": "#0"},
				"east": {"uv": [9.5, 3.75, 9.75, 4], "rotation": 90, "texture": "#0"},
				"south": {"uv": [6.25, 3.75, 9.75, 4], "texture": "#0"},
				"west": {"uv": [6.25, 3.75, 6.5, 4], "rotation": 270, "texture": "#0"},
				"up": {"uv": [6.25, 3.75, 9.75, 4], "texture": "#0"},
				"down": {"uv": [6.25, 4, 9.75, 3.75], "texture": "#0"}
			}
		},
		{
			"name": "halo (19)_13",
			"from": [6.25, 0, 4],
			"to": [9.75, 0.25, 4.25],
			"faces": {
				"north": {"uv": [9.75, 4, 6.25, 4.25], "texture": "#0"},
				"east": {"uv": [9.5, 4, 9.75, 4.25], "rotation": 90, "texture": "#0"},
				"south": {"uv": [6.25, 4, 9.75, 4.25], "texture": "#0"},
				"west": {"uv": [6.25, 4, 6.5, 4.25], "rotation": 270, "texture": "#0"},
				"up": {"uv": [6.25, 4, 9.75, 4.25], "texture": "#0"},
				"down": {"uv": [6.25, 4.25, 9.75, 4], "texture": "#0"}
			}
		},
		{
			"name": "halo (19)_14",
			"from": [3.75, 0, 6.25],
			"to": [4.25, 0.25, 6.5],
			"faces": {
				"north": {"uv": [4.25, 6.25, 3.75, 6.5], "texture": "#0"},
				"east": {"uv": [4, 6.25, 4.25, 6.5], "rotation": 90, "texture": "#0"},
				"south": {"uv": [3.75, 6.25, 4.25, 6.5], "texture": "#0"},
				"west": {"uv": [3.75, 6.25, 4, 6.5], "rotation": 270, "texture": "#0"},
				"up": {"uv": [3.75, 6.25, 4.25, 6.5], "texture": "#0"},
				"down": {"uv": [3.75, 6.5, 4.25, 6.25], "texture": "#0"}
			}
		},
		{
			"name": "halo (19)_15",
			"from": [11.75, 0, 6.25],
			"to": [12.25, 0.25, 6.5],
			"faces": {
				"north": {"uv": [12.25, 6.25, 11.75, 6.5], "texture": "#0"},
				"east": {"uv": [12, 6.25, 12.25, 6.5], "rotation": 90, "texture": "#0"},
				"south": {"uv": [11.75, 6.25, 12.25, 6.5], "texture": "#0"},
				"west": {"uv": [11.75, 6.25, 12, 6.5], "rotation": 270, "texture": "#0"},
				"up": {"uv": [11.75, 6.25, 12.25, 6.5], "texture": "#0"},
				"down": {"uv": [11.75, 6.5, 12.25, 6.25], "texture": "#0"}
			}
		},
		{
			"name": "halo (19)_16",
			"from": [3.25, 0, 6.5],
			"to": [4.25, 0.25, 6.75],
			"faces": {
				"north": {"uv": [4.25, 6.5, 3.25, 6.75], "texture": "#0"},
				"east": {"uv": [4, 6.5, 4.25, 6.75], "rotation": 90, "texture": "#0"},
				"south": {"uv": [3.25, 6.5, 4.25, 6.75], "texture": "#0"},
				"west": {"uv": [3.25, 6.5, 3.5, 6.75], "rotation": 270, "texture": "#0"},
				"up": {"uv": [3.25, 6.5, 4.25, 6.75], "texture": "#0"},
				"down": {"uv": [3.25, 6.75, 4.25, 6.5], "texture": "#0"}
			}
		},
		{
			"name": "halo (19)_17",
			"from": [11.75, 0, 6.5],
			"to": [12.75, 0.25, 6.75],
			"faces": {
				"north": {"uv": [12.75, 6.5, 11.75, 6.75], "texture": "#0"},
				"east": {"uv": [12.5, 6.5, 12.75, 6.75], "rotation": 90, "texture": "#0"},
				"south": {"uv": [11.75, 6.5, 12.75, 6.75], "texture": "#0"},
				"west": {"uv": [11.75, 6.5, 12, 6.75], "rotation": 270, "texture": "#0"},
				"up": {"uv": [11.75, 6.5, 12.75, 6.75], "texture": "#0"},
				"down": {"uv": [11.75, 6.75, 12.75, 6.5], "texture": "#0"}
			}
		},
		{
			"name": "halo (19)_18",
			"from": [2.75, 0, 6.75],
			"to": [4.25, 0.25, 7],
			"faces": {
				"north": {"uv": [4.25, 6.75, 2.75, 7], "texture": "#0"},
				"east": {"uv": [4, 6.75, 4.25, 7], "rotation": 90, "texture": "#0"},
				"south": {"uv": [2.75, 6.75, 4.25, 7], "texture": "#0"},
				"west": {"uv": [2.75, 6.75, 3, 7], "rotation": 270, "texture": "#0"},
				"up": {"uv": [2.75, 6.75, 4.25, 7], "texture": "#0"},
				"down": {"uv": [2.75, 7, 4.25, 6.75], "texture": "#0"}
			}
		},
		{
			"name": "halo (19)_19",
			"from": [11.75, 0, 6.75],
			"to": [13.25, 0.25, 7],
			"faces": {
				"north": {"uv": [13.25, 6.75, 11.75, 7], "texture": "#0"},
				"east": {"uv": [13, 6.75, 13.25, 7], "rotation": 90, "texture": "#0"},
				"south": {"uv": [11.75, 6.75, 13.25, 7], "texture": "#0"},
				"west": {"uv": [11.75, 6.75, 12, 7], "rotation": 270, "texture": "#0"},
				"up": {"uv": [11.75, 6.75, 13.25, 7], "texture": "#0"},
				"down": {"uv": [11.75, 7, 13.25, 6.75], "texture": "#0"}
			}
		},
		{
			"name": "halo (19)_20",
			"from": [2.25, 0, 7],
			"to": [4.25, 0.25, 7.25],
			"faces": {
				"north": {"uv": [4.25, 7, 2.25, 7.25], "texture": "#0"},
				"east": {"uv": [4, 7, 4.25, 7.25], "rotation": 90, "texture": "#0"},
				"south": {"uv": [2.25, 7, 4.25, 7.25], "texture": "#0"},
				"west": {"uv": [2.25, 7, 2.5, 7.25], "rotation": 270, "texture": "#0"},
				"up": {"uv": [2.25, 7, 4.25, 7.25], "texture": "#0"},
				"down": {"uv": [2.25, 7.25, 4.25, 7], "texture": "#0"}
			}
		},
		{
			"name": "halo (19)_21",
			"from": [11.75, 0, 7],
			"to": [13.75, 0.25, 7.25],
			"faces": {
				"north": {"uv": [13.75, 7, 11.75, 7.25], "texture": "#0"},
				"east": {"uv": [13.5, 7, 13.75, 7.25], "rotation": 90, "texture": "#0"},
				"south": {"uv": [11.75, 7, 13.75, 7.25], "texture": "#0"},
				"west": {"uv": [11.75, 7, 12, 7.25], "rotation": 270, "texture": "#0"},
				"up": {"uv": [11.75, 7, 13.75, 7.25], "texture": "#0"},
				"down": {"uv": [11.75, 7.25, 13.75, 7], "texture": "#0"}
			}
		},
		{
			"name": "halo (19)_22",
			"from": [1.75, 0, 7.25],
			"to": [4.25, 0.25, 7.5],
			"faces": {
				"north": {"uv": [4.25, 7.25, 1.75, 7.5], "texture": "#0"},
				"east": {"uv": [4, 7.25, 4.25, 7.5], "rotation": 90, "texture": "#0"},
				"south": {"uv": [1.75, 7.25, 4.25, 7.5], "texture": "#0"},
				"west": {"uv": [1.75, 7.25, 2, 7.5], "rotation": 270, "texture": "#0"},
				"up": {"uv": [1.75, 7.25, 4.25, 7.5], "texture": "#0"},
				"down": {"uv": [1.75, 7.5, 4.25, 7.25], "texture": "#0"}
			}
		},
		{
			"name": "halo (19)_23",
			"from": [11.75, 0, 7.25],
			"to": [14.25, 0.25, 7.5],
			"faces": {
				"north": {"uv": [14.25, 7.25, 11.75, 7.5], "texture": "#0"},
				"east": {"uv": [14, 7.25, 14.25, 7.5], "rotation": 90, "texture": "#0"},
				"south": {"uv": [11.75, 7.25, 14.25, 7.5], "texture": "#0"},
				"west": {"uv": [11.75, 7.25, 12, 7.5], "rotation": 270, "texture": "#0"},
				"up": {"uv": [11.75, 7.25, 14.25, 7.5], "texture": "#0"},
				"down": {"uv": [11.75, 7.5, 14.25, 7.25], "texture": "#0"}
			}
		},
		{
			"name": "halo (19)_24",
			"from": [1.25, 0, 7.5],
			"to": [4.25, 0.25, 7.75],
			"faces": {
				"north": {"uv": [4.25, 7.5, 1.25, 7.75], "texture": "#0"},
				"east": {"uv": [4, 7.5, 4.25, 7.75], "rotation": 90, "texture": "#0"},
				"south": {"uv": [1.25, 7.5, 4.25, 7.75], "texture": "#0"},
				"west": {"uv": [1.25, 7.5, 1.5, 7.75], "rotation": 270, "texture": "#0"},
				"up": {"uv": [1.25, 7.5, 4.25, 7.75], "texture": "#0"},
				"down": {"uv": [1.25, 7.75, 4.25, 7.5], "texture": "#0"}
			}
		},
		{
			"name": "halo (19)_25",
			"from": [11.75, 0, 7.5],
			"to": [14.75, 0.25, 7.75],
			"faces": {
				"north": {"uv": [14.75, 7.5, 11.75, 7.75], "texture": "#0"},
				"east": {"uv": [14.5, 7.5, 14.75, 7.75], "rotation": 90, "texture": "#0"},
				"south": {"uv": [11.75, 7.5, 14.75, 7.75], "texture": "#0"},
				"west": {"uv": [11.75, 7.5, 12, 7.75], "rotation": 270, "texture": "#0"},
				"up": {"uv": [11.75, 7.5, 14.75, 7.75], "texture": "#0"},
				"down": {"uv": [11.75, 7.75, 14.75, 7.5], "texture": "#0"}
			}
		},
		{
			"name": "halo (19)_26",
			"from": [0.75, 0, 7.75],
			"to": [4.25, 0.25, 8],
			"faces": {
				"north": {"uv": [4.25, 7.75, 0.75, 8], "texture": "#0"},
				"east": {"uv": [4, 7.75, 4.25, 8], "rotation": 90, "texture": "#0"},
				"south": {"uv": [0.75, 7.75, 4.25, 8], "texture": "#0"},
				"west": {"uv": [0.75, 7.75, 1, 8], "rotation": 270, "texture": "#0"},
				"up": {"uv": [0.75, 7.75, 4.25, 8], "texture": "#0"},
				"down": {"uv": [0.75, 8, 4.25, 7.75], "texture": "#0"}
			}
		},
		{
			"name": "halo (19)_27",
			"from": [11.75, 0, 7.75],
			"to": [15.25, 0.25, 8],
			"faces": {
				"north": {"uv": [15.25, 7.75, 11.75, 8], "texture": "#0"},
				"east": {"uv": [15, 7.75, 15.25, 8], "rotation": 90, "texture": "#0"},
				"south": {"uv": [11.75, 7.75, 15.25, 8], "texture": "#0"},
				"west": {"uv": [11.75, 7.75, 12, 8], "rotation": 270, "texture": "#0"},
				"up": {"uv": [11.75, 7.75, 15.25, 8], "texture": "#0"},
				"down": {"uv": [11.75, 8, 15.25, 7.75], "texture": "#0"}
			}
		},
		{
			"name": "halo (19)_28",
			"from": [0.75, 0, 8],
			"to": [4.25, 0.25, 8.25],
			"faces": {
				"north": {"uv": [4.25, 8, 0.75, 8.25], "texture": "#0"},
				"east": {"uv": [4, 8, 4.25, 8.25], "rotation": 90, "texture": "#0"},
				"south": {"uv": [0.75, 8, 4.25, 8.25], "texture": "#0"},
				"west": {"uv": [0.75, 8, 1, 8.25], "rotation": 270, "texture": "#0"},
				"up": {"uv": [0.75, 8, 4.25, 8.25], "texture": "#0"},
				"down": {"uv": [0.75, 8.25, 4.25, 8], "texture": "#0"}
			}
		},
		{
			"name": "halo (19)_29",
			"from": [11.75, 0, 8],
			"to": [15.25, 0.25, 8.25],
			"faces": {
				"north": {"uv": [15.25, 8, 11.75, 8.25], "texture": "#0"},
				"east": {"uv": [15, 8, 15.25, 8.25], "rotation": 90, "texture": "#0"},
				"south": {"uv": [11.75, 8, 15.25, 8.25], "texture": "#0"},
				"west": {"uv": [11.75, 8, 12, 8.25], "rotation": 270, "texture": "#0"},
				"up": {"uv": [11.75, 8, 15.25, 8.25], "texture": "#0"},
				"down": {"uv": [11.75, 8.25, 15.25, 8], "texture": "#0"}
			}
		},
		{
			"name": "halo (19)_30",
			"from": [1.25, 0, 8.25],
			"to": [4.25, 0.25, 8.5],
			"faces": {
				"north": {"uv": [4.25, 8.25, 1.25, 8.5], "texture": "#0"},
				"east": {"uv": [4, 8.25, 4.25, 8.5], "rotation": 90, "texture": "#0"},
				"south": {"uv": [1.25, 8.25, 4.25, 8.5], "texture": "#0"},
				"west": {"uv": [1.25, 8.25, 1.5, 8.5], "rotation": 270, "texture": "#0"},
				"up": {"uv": [1.25, 8.25, 4.25, 8.5], "texture": "#0"},
				"down": {"uv": [1.25, 8.5, 4.25, 8.25], "texture": "#0"}
			}
		},
		{
			"name": "halo (19)_31",
			"from": [11.75, 0, 8.25],
			"to": [14.75, 0.25, 8.5],
			"faces": {
				"north": {"uv": [14.75, 8.25, 11.75, 8.5], "texture": "#0"},
				"east": {"uv": [14.5, 8.25, 14.75, 8.5], "rotation": 90, "texture": "#0"},
				"south": {"uv": [11.75, 8.25, 14.75, 8.5], "texture": "#0"},
				"west": {"uv": [11.75, 8.25, 12, 8.5], "rotation": 270, "texture": "#0"},
				"up": {"uv": [11.75, 8.25, 14.75, 8.5], "texture": "#0"},
				"down": {"uv": [11.75, 8.5, 14.75, 8.25], "texture": "#0"}
			}
		},
		{
			"name": "halo (19)_32",
			"from": [1.75, 0, 8.5],
			"to": [4.25, 0.25, 8.75],
			"faces": {
				"north": {"uv": [4.25, 8.5, 1.75, 8.75], "texture": "#0"},
				"east": {"uv": [4, 8.5, 4.25, 8.75], "rotation": 90, "texture": "#0"},
				"south": {"uv": [1.75, 8.5, 4.25, 8.75], "texture": "#0"},
				"west": {"uv": [1.75, 8.5, 2, 8.75], "rotation": 270, "texture": "#0"},
				"up": {"uv": [1.75, 8.5, 4.25, 8.75], "texture": "#0"},
				"down": {"uv": [1.75, 8.75, 4.25, 8.5], "texture": "#0"}
			}
		},
		{
			"name": "halo (19)_33",
			"from": [11.75, 0, 8.5],
			"to": [14.25, 0.25, 8.75],
			"faces": {
				"north": {"uv": [14.25, 8.5, 11.75, 8.75], "texture": "#0"},
				"east": {"uv": [14, 8.5, 14.25, 8.75], "rotation": 90, "texture": "#0"},
				"south": {"uv": [11.75, 8.5, 14.25, 8.75], "texture": "#0"},
				"west": {"uv": [11.75, 8.5, 12, 8.75], "rotation": 270, "texture": "#0"},
				"up": {"uv": [11.75, 8.5, 14.25, 8.75], "texture": "#0"},
				"down": {"uv": [11.75, 8.75, 14.25, 8.5], "texture": "#0"}
			}
		},
		{
			"name": "halo (19)_34",
			"from": [2.25, 0, 8.75],
			"to": [4.25, 0.25, 9],
			"faces": {
				"north": {"uv": [4.25, 8.75, 2.25, 9], "texture": "#0"},
				"east": {"uv": [4, 8.75, 4.25, 9], "rotation": 90, "texture": "#0"},
				"south": {"uv": [2.25, 8.75, 4.25, 9], "texture": "#0"},
				"west": {"uv": [2.25, 8.75, 2.5, 9], "rotation": 270, "texture": "#0"},
				"up": {"uv": [2.25, 8.75, 4.25, 9], "texture": "#0"},
				"down": {"uv": [2.25, 9, 4.25, 8.75], "texture": "#0"}
			}
		},
		{
			"name": "halo (19)_35",
			"from": [11.75, 0, 8.75],
			"to": [13.75, 0.25, 9],
			"faces": {
				"north": {"uv": [13.75, 8.75, 11.75, 9], "texture": "#0"},
				"east": {"uv": [13.5, 8.75, 13.75, 9], "rotation": 90, "texture": "#0"},
				"south": {"uv": [11.75, 8.75, 13.75, 9], "texture": "#0"},
				"west": {"uv": [11.75, 8.75, 12, 9], "rotation": 270, "texture": "#0"},
				"up": {"uv": [11.75, 8.75, 13.75, 9], "texture": "#0"},
				"down": {"uv": [11.75, 9, 13.75, 8.75], "texture": "#0"}
			}
		},
		{
			"name": "halo (19)_36",
			"from": [2.75, 0, 9],
			"to": [4.25, 0.25, 9.25],
			"faces": {
				"north": {"uv": [4.25, 9, 2.75, 9.25], "texture": "#0"},
				"east": {"uv": [4, 9, 4.25, 9.25], "rotation": 90, "texture": "#0"},
				"south": {"uv": [2.75, 9, 4.25, 9.25], "texture": "#0"},
				"west": {"uv": [2.75, 9, 3, 9.25], "rotation": 270, "texture": "#0"},
				"up": {"uv": [2.75, 9, 4.25, 9.25], "texture": "#0"},
				"down": {"uv": [2.75, 9.25, 4.25, 9], "texture": "#0"}
			}
		},
		{
			"name": "halo (19)_37",
			"from": [11.75, 0, 9],
			"to": [13.25, 0.25, 9.25],
			"faces": {
				"north": {"uv": [13.25, 9, 11.75, 9.25], "texture": "#0"},
				"east": {"uv": [13, 9, 13.25, 9.25], "rotation": 90, "texture": "#0"},
				"south": {"uv": [11.75, 9, 13.25, 9.25], "texture": "#0"},
				"west": {"uv": [11.75, 9, 12, 9.25], "rotation": 270, "texture": "#0"},
				"up": {"uv": [11.75, 9, 13.25, 9.25], "texture": "#0"},
				"down": {"uv": [11.75, 9.25, 13.25, 9], "texture": "#0"}
			}
		},
		{
			"name": "halo (19)_38",
			"from": [3.25, 0, 9.25],
			"to": [4.25, 0.25, 9.5],
			"faces": {
				"north": {"uv": [4.25, 9.25, 3.25, 9.5], "texture": "#0"},
				"east": {"uv": [4, 9.25, 4.25, 9.5], "rotation": 90, "texture": "#0"},
				"south": {"uv": [3.25, 9.25, 4.25, 9.5], "texture": "#0"},
				"west": {"uv": [3.25, 9.25, 3.5, 9.5], "rotation": 270, "texture": "#0"},
				"up": {"uv": [3.25, 9.25, 4.25, 9.5], "texture": "#0"},
				"down": {"uv": [3.25, 9.5, 4.25, 9.25], "texture": "#0"}
			}
		},
		{
			"name": "halo (19)_39",
			"from": [11.75, 0, 9.25],
			"to": [12.75, 0.25, 9.5],
			"faces": {
				"north": {"uv": [12.75, 9.25, 11.75, 9.5], "texture": "#0"},
				"east": {"uv": [12.5, 9.25, 12.75, 9.5], "rotation": 90, "texture": "#0"},
				"south": {"uv": [11.75, 9.25, 12.75, 9.5], "texture": "#0"},
				"west": {"uv": [11.75, 9.25, 12, 9.5], "rotation": 270, "texture": "#0"},
				"up": {"uv": [11.75, 9.25, 12.75, 9.5], "texture": "#0"},
				"down": {"uv": [11.75, 9.5, 12.75, 9.25], "texture": "#0"}
			}
		},
		{
			"name": "halo (19)_40",
			"from": [3.75, 0, 9.5],
			"to": [4.25, 0.25, 9.75],
			"faces": {
				"north": {"uv": [4.25, 9.5, 3.75, 9.75], "texture": "#0"},
				"east": {"uv": [4, 9.5, 4.25, 9.75], "rotation": 90, "texture": "#0"},
				"south": {"uv": [3.75, 9.5, 4.25, 9.75], "texture": "#0"},
				"west": {"uv": [3.75, 9.5, 4, 9.75], "rotation": 270, "texture": "#0"},
				"up": {"uv": [3.75, 9.5, 4.25, 9.75], "texture": "#0"},
				"down": {"uv": [3.75, 9.75, 4.25, 9.5], "texture": "#0"}
			}
		},
		{
			"name": "halo (19)_41",
			"from": [11.75, 0, 9.5],
			"to": [12.25, 0.25, 9.75],
			"faces": {
				"north": {"uv": [12.25, 9.5, 11.75, 9.75], "texture": "#0"},
				"east": {"uv": [12, 9.5, 12.25, 9.75], "rotation": 90, "texture": "#0"},
				"south": {"uv": [11.75, 9.5, 12.25, 9.75], "texture": "#0"},
				"west": {"uv": [11.75, 9.5, 12, 9.75], "rotation": 270, "texture": "#0"},
				"up": {"uv": [11.75, 9.5, 12.25, 9.75], "texture": "#0"},
				"down": {"uv": [11.75, 9.75, 12.25, 9.5], "texture": "#0"}
			}
		},
		{
			"name": "halo (19)_42",
			"from": [6.25, 0, 11.75],
			"to": [9.75, 0.25, 12],
			"faces": {
				"north": {"uv": [9.75, 11.75, 6.25, 12], "texture": "#0"},
				"east": {"uv": [9.5, 11.75, 9.75, 12], "rotation": 90, "texture": "#0"},
				"south": {"uv": [6.25, 11.75, 9.75, 12], "texture": "#0"},
				"west": {"uv": [6.25, 11.75, 6.5, 12], "rotation": 270, "texture": "#0"},
				"up": {"uv": [6.25, 11.75, 9.75, 12], "texture": "#0"},
				"down": {"uv": [6.25, 12, 9.75, 11.75], "texture": "#0"}
			}
		},
		{
			"name": "halo (19)_43",
			"from": [6.25, 0, 12],
			"to": [9.75, 0.25, 12.25],
			"faces": {
				"north": {"uv": [9.75, 12, 6.25, 12.25], "texture": "#0"},
				"east": {"uv": [9.5, 12, 9.75, 12.25], "rotation": 90, "texture": "#0"},
				"south": {"uv": [6.25, 12, 9.75, 12.25], "texture": "#0"},
				"west": {"uv": [6.25, 12, 6.5, 12.25], "rotation": 270, "texture": "#0"},
				"up": {"uv": [6.25, 12, 9.75, 12.25], "texture": "#0"},
				"down": {"uv": [6.25, 12.25, 9.75, 12], "texture": "#0"}
			}
		},
		{
			"name": "halo (19)_44",
			"from": [6.5, 0, 12.25],
			"to": [9.5, 0.25, 12.5],
			"faces": {
				"north": {"uv": [9.5, 12.25, 6.5, 12.5], "texture": "#0"},
				"east": {"uv": [9.25, 12.25, 9.5, 12.5], "rotation": 90, "texture": "#0"},
				"south": {"uv": [6.5, 12.25, 9.5, 12.5], "texture": "#0"},
				"west": {"uv": [6.5, 12.25, 6.75, 12.5], "rotation": 270, "texture": "#0"},
				"up": {"uv": [6.5, 12.25, 9.5, 12.5], "texture": "#0"},
				"down": {"uv": [6.5, 12.5, 9.5, 12.25], "texture": "#0"}
			}
		},
		{
			"name": "halo (19)_45",
			"from": [6.5, 0, 12.5],
			"to": [9.5, 0.25, 12.75],
			"faces": {
				"north": {"uv": [9.5, 12.5, 6.5, 12.75], "texture": "#0"},
				"east": {"uv": [9.25, 12.5, 9.5, 12.75], "rotation": 90, "texture": "#0"},
				"south": {"uv": [6.5, 12.5, 9.5, 12.75], "texture": "#0"},
				"west": {"uv": [6.5, 12.5, 6.75, 12.75], "rotation": 270, "texture": "#0"},
				"up": {"uv": [6.5, 12.5, 9.5, 12.75], "texture": "#0"},
				"down": {"uv": [6.5, 12.75, 9.5, 12.5], "texture": "#0"}
			}
		},
		{
			"name": "halo (19)_46",
			"from": [6.75, 0, 12.75],
			"to": [9.25, 0.25, 13],
			"faces": {
				"north": {"uv": [9.25, 12.75, 6.75, 13], "texture": "#0"},
				"east": {"uv": [9, 12.75, 9.25, 13], "rotation": 90, "texture": "#0"},
				"south": {"uv": [6.75, 12.75, 9.25, 13], "texture": "#0"},
				"west": {"uv": [6.75, 12.75, 7, 13], "rotation": 270, "texture": "#0"},
				"up": {"uv": [6.75, 12.75, 9.25, 13], "texture": "#0"},
				"down": {"uv": [6.75, 13, 9.25, 12.75], "texture": "#0"}
			}
		},
		{
			"name": "halo (19)_47",
			"from": [6.75, 0, 13],
			"to": [9.25, 0.25, 13.25],
			"faces": {
				"north": {"uv": [9.25, 13, 6.75, 13.25], "texture": "#0"},
				"east": {"uv": [9, 13, 9.25, 13.25], "rotation": 90, "texture": "#0"},
				"south": {"uv": [6.75, 13, 9.25, 13.25], "texture": "#0"},
				"west": {"uv": [6.75, 13, 7, 13.25], "rotation": 270, "texture": "#0"},
				"up": {"uv": [6.75, 13, 9.25, 13.25], "texture": "#0"},
				"down": {"uv": [6.75, 13.25, 9.25, 13], "texture": "#0"}
			}
		},
		{
			"name": "halo (19)_48",
			"from": [7, 0, 13.25],
			"to": [9, 0.25, 13.5],
			"faces": {
				"north": {"uv": [9, 13.25, 7, 13.5], "texture": "#0"},
				"east": {"uv": [8.75, 13.25, 9, 13.5], "rotation": 90, "texture": "#0"},
				"south": {"uv": [7, 13.25, 9, 13.5], "texture": "#0"},
				"west": {"uv": [7, 13.25, 7.25, 13.5], "rotation": 270, "texture": "#0"},
				"up": {"uv": [7, 13.25, 9, 13.5], "texture": "#0"},
				"down": {"uv": [7, 13.5, 9, 13.25], "texture": "#0"}
			}
		},
		{
			"name": "halo (19)_49",
			"from": [7, 0, 13.5],
			"to": [9, 0.25, 13.75],
			"faces": {
				"north": {"uv": [9, 13.5, 7, 13.75], "texture": "#0"},
				"east": {"uv": [8.75, 13.5, 9, 13.75], "rotation": 90, "texture": "#0"},
				"south": {"uv": [7, 13.5, 9, 13.75], "texture": "#0"},
				"west": {"uv": [7, 13.5, 7.25, 13.75], "rotation": 270, "texture": "#0"},
				"up": {"uv": [7, 13.5, 9, 13.75], "texture": "#0"},
				"down": {"uv": [7, 13.75, 9, 13.5], "texture": "#0"}
			}
		},
		{
			"name": "halo (19)_50",
			"from": [7.25, 0, 13.75],
			"to": [8.75, 0.25, 14],
			"faces": {
				"north": {"uv": [8.75, 13.75, 7.25, 14], "texture": "#0"},
				"east": {"uv": [8.5, 13.75, 8.75, 14], "rotation": 90, "texture": "#0"},
				"south": {"uv": [7.25, 13.75, 8.75, 14], "texture": "#0"},
				"west": {"uv": [7.25, 13.75, 7.5, 14], "rotation": 270, "texture": "#0"},
				"up": {"uv": [7.25, 13.75, 8.75, 14], "texture": "#0"},
				"down": {"uv": [7.25, 14, 8.75, 13.75], "texture": "#0"}
			}
		},
		{
			"name": "halo (19)_51",
			"from": [7.25, 0, 14],
			"to": [8.75, 0.25, 14.25],
			"faces": {
				"north": {"uv": [8.75, 14, 7.25, 14.25], "texture": "#0"},
				"east": {"uv": [8.5, 14, 8.75, 14.25], "rotation": 90, "texture": "#0"},
				"south": {"uv": [7.25, 14, 8.75, 14.25], "texture": "#0"},
				"west": {"uv": [7.25, 14, 7.5, 14.25], "rotation": 270, "texture": "#0"},
				"up": {"uv": [7.25, 14, 8.75, 14.25], "texture": "#0"},
				"down": {"uv": [7.25, 14.25, 8.75, 14], "texture": "#0"}
			}
		},
		{
			"name": "halo (19)_52",
			"from": [7.5, 0, 14.25],
			"to": [8.5, 0.25, 14.5],
			"faces": {
				"north": {"uv": [8.5, 14.25, 7.5, 14.5], "texture": "#0"},
				"east": {"uv": [8.25, 14.25, 8.5, 14.5], "rotation": 90, "texture": "#0"},
				"south": {"uv": [7.5, 14.25, 8.5, 14.5], "texture": "#0"},
				"west": {"uv": [7.5, 14.25, 7.75, 14.5], "rotation": 270, "texture": "#0"},
				"up": {"uv": [7.5, 14.25, 8.5, 14.5], "texture": "#0"},
				"down": {"uv": [7.5, 14.5, 8.5, 14.25], "texture": "#0"}
			}
		},
		{
			"name": "halo (19)_53",
			"from": [7.5, 0, 14.5],
			"to": [8.5, 0.25, 14.75],
			"faces": {
				"north": {"uv": [8.5, 14.5, 7.5, 14.75], "texture": "#0"},
				"east": {"uv": [8.25, 14.5, 8.5, 14.75], "rotation": 90, "texture": "#0"},
				"south": {"uv": [7.5, 14.5, 8.5, 14.75], "texture": "#0"},
				"west": {"uv": [7.5, 14.5, 7.75, 14.75], "rotation": 270, "texture": "#0"},
				"up": {"uv": [7.5, 14.5, 8.5, 14.75], "texture": "#0"},
				"down": {"uv": [7.5, 14.75, 8.5, 14.5], "texture": "#0"}
			}
		},
		{
			"name": "halo (19)_54",
			"from": [7.75, 0, 14.75],
			"to": [8.25, 0.25, 15],
			"faces": {
				"north": {"uv": [8.25, 14.75, 7.75, 15], "texture": "#0"},
				"east": {"uv": [8, 14.75, 8.25, 15], "rotation": 90, "texture": "#0"},
				"south": {"uv": [7.75, 14.75, 8.25, 15], "texture": "#0"},
				"west": {"uv": [7.75, 14.75, 8, 15], "rotation": 270, "texture": "#0"},
				"up": {"uv": [7.75, 14.75, 8.25, 15], "texture": "#0"},
				"down": {"uv": [7.75, 15, 8.25, 14.75], "texture": "#0"}
			}
		},
		{
			"name": "halo (19)_55",
			"from": [7.75, 0, 15],
			"to": [8.25, 0.25, 15.25],
			"faces": {
				"north": {"uv": [8.25, 15, 7.75, 15.25], "texture": "#0"},
				"east": {"uv": [8, 15, 8.25, 15.25], "rotation": 90, "texture": "#0"},
				"south": {"uv": [7.75, 15, 8.25, 15.25], "texture": "#0"},
				"west": {"uv": [7.75, 15, 8, 15.25], "rotation": 270, "texture": "#0"},
				"up": {"uv": [7.75, 15, 8.25, 15.25], "texture": "#0"},
				"down": {"uv": [7.75, 15.25, 8.25, 15], "texture": "#0"}
			}
		}
	],
	"display": {
		"gui": {
			"rotation": [90, 0, 0]
		},
		"head": {
			"rotation": [20, 0, 0],
			"translation": [0, 17, 10]
		}
	},
	"groups": [
		{
			"name": "halo (19)",
			"origin": [8, 8, 8],
			"color": 0,
			"children": [
				0,
				1,
				2,
				3,
				4,
				5,
				6,
				7,
				8,
				9,
				10,
				11,
				12,
				13,
				14,
				15,
				16,
				17,
				18,
				19,
				20,
				21,
				22,
				23,
				24,
				25,
				26,
				27,
				28,
				29,
				30,
				31,
				32,
				33,
				34,
				35,
				36,
				37,
				38,
				39,
				40,
				41,
				42,
				43,
				44,
				45,
				46,
				47,
				48,
				49,
				50,
				51,
				52,
				53,
				54,
				55
			]
		}
	]
}