{
    "textures": {
        "particle": "#texture"
    },
    "elements": [
        {   "from": [0, 0, 0],
            "to": [16, 0.5, 16],
            "faces": {
                "down":  {"uv": [0,    0, 16, 16], "texture": "#texture", "cullface": "down"},
                "up":    {"uv": [0,    0, 16, 16], "texture": "#texture"},
                "north": {"uv": [0, 15.5, 16, 16], "texture": "#texture"},
                "south": {"uv": [0, 15.5, 16, 16], "texture": "#texture"},
                "west":  {"uv": [0, 15.5, 16, 16], "texture": "#texture"},
                "east":  {"uv": [0, 16, 16, 15.5], "texture": "#texture"}
            }
        }
    ]
}