{
        "parent": "block/block",
        "ambientocclusion": false,
	"textures": {
		"particle": "blocks/anvil_base"
	},
	"elements": [
		{
			"from": [3, 0, 4],
			"to": [13, 19, 12],
			"rotation": {"angle": 0, "axis": "y", "origin": [8, 9.5, 8]},
			"faces": {
				"north": {"uv": [16, 0, 8, 16], "texture": "#particle"},
				"east": {"uv": [16, 0, 8, 16], "texture": "#particle"},
				"south": {"uv": [16, 0, 8, 16], "texture": "#particle"},
				"west": {"uv": [16, 0, 8, 16], "texture": "#particle"},
				"up": {"uv": [16, 0, 8, 16], "rotation": 270, "texture": "#particle"},
				"down": {"uv": [16, 0, 8, 16], "rotation": 90, "texture": "#particle"}
			}
		},
		{
			"from": [4, 0, 3],
			"to": [12, 19, 13],
			"faces": {
				"north": {"uv": [16, 0, 8, 16], "texture": "#particle"},
				"east": {"uv": [16, 0, 8, 16], "texture": "#particle"},
				"south": {"uv": [16, 0, 8, 16], "texture": "#particle"},
				"west": {"uv": [16, 0, 8, 16], "texture": "#particle"},
				"up": {"uv": [16, 0, 8, 16], "texture": "#particle"},
				"down": {"uv": [16, 0, 8, 16], "texture": "#particle"}
			}
		},
		{
			"from": [11.5, 18, 7],
			"to": [12.5, 23, 17],
			"rotation": {"angle": 22.5, "axis": "x", "origin": [8, 30, 8]},
			"faces": {
				"north": {"uv": [0, 10, 9, 5], "texture": "#particle"},
				"east": {"uv": [0, 10, 9, 5], "texture": "#particle"},
				"south": {"uv": [0, 5, 9, 10], "texture": "#particle"},
				"west": {"uv": [0, 5, 9, 10], "texture": "#particle"},
				"up": {"uv": [0, 10, 9, 5], "texture": "#particle"},
				"down": {"uv": [0, 10, 9, 5], "texture": "#particle"}
			}
		},
		{
			"from": [4.5, 22, 7],
			"to": [11.5, 23, 17],
			"rotation": {"angle": 22.5, "axis": "x", "origin": [8, 30, 8]},
			"faces": {
				"north": {"uv": [0, 10, 9, 5], "texture": "#particle"},
				"east": {"uv": [0, 10, 9, 5], "texture": "#particle"},
				"south": {"uv": [0, 5, 9, 10], "texture": "#particle"},
				"west": {"uv": [0, 5, 9, 10], "texture": "#particle"},
				"up": {"uv": [0, 10, 9, 5], "texture": "#particle"},
				"down": {"uv": [0, 10, 9, 5], "texture": "#particle"}
			}
		},
		{
			"from": [4.5, 18, 7],
			"to": [11.5, 19, 17],
			"rotation": {"angle": 22.5, "axis": "x", "origin": [8, 30, 8]},
			"faces": {
				"north": {"uv": [0, 10, 9, 5], "texture": "#particle"},
				"east": {"uv": [0, 10, 9, 5], "texture": "#particle"},
				"south": {"uv": [0, 5, 9, 10], "texture": "#particle"},
				"west": {"uv": [0, 5, 9, 10], "texture": "#particle"},
				"up": {"uv": [0, 10, 9, 5], "texture": "#particle"},
				"down": {"uv": [0, 10, 9, 5], "texture": "#particle"}
			}
		},
		{
			"from": [3.5, 18, 7],
			"to": [4.5, 23, 17],
			"rotation": {"angle": 22.5, "axis": "x", "origin": [8, 30, 8]},
			"faces": {
				"north": {"uv": [0, 10, 9, 5], "texture": "#particle"},
				"east": {"uv": [0, 10, 9, 5], "texture": "#particle"},
				"south": {"uv": [0, 5, 9, 10], "texture": "#particle"},
				"west": {"uv": [0, 5, 9, 10], "texture": "#particle"},
				"up": {"uv": [0, 10, 9, 5], "texture": "#particle"},
				"down": {"uv": [0, 10, 9, 5], "texture": "#particle"}
			}
		},
		{
			"from": [7.5, 18, 7],
			"to": [8.5, 23, 17],
			"rotation": {"angle": 22.5, "axis": "x", "origin": [8, 30, 8]},
			"faces": {
				"north": {"uv": [0, 10, 9, 5], "texture": "#particle"},
				"east": {"uv": [0, 10, 9, 5], "texture": "#particle"},
				"south": {"uv": [0, 5, 9, 10], "texture": "#particle"},
				"west": {"uv": [0, 5, 9, 10], "texture": "#particle"},
				"up": {"uv": [0, 10, 9, 5], "texture": "#particle"},
				"down": {"uv": [0, 10, 9, 5], "texture": "#particle"}
			}
		},
		{
			"from": [2.5, 18, 2],
			"to": [13.5, 20, 14],
			"faces": {
				"north": {"uv": [0, 0, 12, 1], "texture": "#particle"},
				"east": {"uv": [0, 0, 12, 1], "texture": "#particle"},
				"south": {"uv": [0, 0, 12, 1], "texture": "#particle"},
				"west": {"uv": [0, 0, 12, 1], "texture": "#particle"},
				"up": {"uv": [0, 4, 12, 16], "texture": "#particle"},
				"down": {"uv": [0, 0, 12, 12], "texture": "#particle"}
			}
		}
	]
}