{
	"credit": "Made with Blockbench",
	"textures": {
		"0": "items/3d/halo (39)",
		"particle": "items/3d/halo (39)"
	},
	"elements": [
		{
			"name": "halo (39)_0",
			"from": [12.25, 0, 5.25],
			"to": [14.25, 0.25, 5.5],
			"faces": {
				"north": {"uv": [14.25, 5.25, 12.25, 5.5], "texture": "#0"},
				"east": {"uv": [14, 5.25, 14.25, 5.5], "rotation": 90, "texture": "#0"},
				"south": {"uv": [12.25, 5.25, 14.25, 5.5], "texture": "#0"},
				"west": {"uv": [12.25, 5.25, 12.5, 5.5], "rotation": 270, "texture": "#0"},
				"up": {"uv": [12.25, 5.25, 14.25, 5.5], "texture": "#0"},
				"down": {"uv": [12.25, 5.5, 14.25, 5.25], "texture": "#0"}
			}
		},
		{
			"name": "halo (39)_1",
			"from": [11.75, 0, 5.5],
			"to": [14.5, 0.25, 5.75],
			"faces": {
				"north": {"uv": [14.5, 5.5, 11.75, 5.75], "texture": "#0"},
				"east": {"uv": [14.25, 5.5, 14.5, 5.75], "rotation": 90, "texture": "#0"},
				"south": {"uv": [11.75, 5.5, 14.5, 5.75], "texture": "#0"},
				"west": {"uv": [11.75, 5.5, 12, 5.75], "rotation": 270, "texture": "#0"},
				"up": {"uv": [11.75, 5.5, 14.5, 5.75], "texture": "#0"},
				"down": {"uv": [11.75, 5.75, 14.5, 5.5], "texture": "#0"}
			}
		},
		{
			"name": "halo (39)_2",
			"from": [11.5, 0, 5.75],
			"to": [14.5, 0.25, 6],
			"faces": {
				"north": {"uv": [14.5, 5.75, 11.5, 6], "texture": "#0"},
				"east": {"uv": [14.25, 5.75, 14.5, 6], "rotation": 90, "texture": "#0"},
				"south": {"uv": [11.5, 5.75, 14.5, 6], "texture": "#0"},
				"west": {"uv": [11.5, 5.75, 11.75, 6], "rotation": 270, "texture": "#0"},
				"up": {"uv": [11.5, 5.75, 14.5, 6], "texture": "#0"},
				"down": {"uv": [11.5, 6, 14.5, 5.75], "texture": "#0"}
			}
		},
		{
			"name": "halo (39)_3",
			"from": [11.25, 0, 6],
			"to": [14.75, 0.25, 6.25],
			"faces": {
				"north": {"uv": [14.75, 6, 11.25, 6.25], "texture": "#0"},
				"east": {"uv": [14.5, 6, 14.75, 6.25], "rotation": 90, "texture": "#0"},
				"south": {"uv": [11.25, 6, 14.75, 6.25], "texture": "#0"},
				"west": {"uv": [11.25, 6, 11.5, 6.25], "rotation": 270, "texture": "#0"},
				"up": {"uv": [11.25, 6, 14.75, 6.25], "texture": "#0"},
				"down": {"uv": [11.25, 6.25, 14.75, 6], "texture": "#0"}
			}
		},
		{
			"name": "halo (39)_4",
			"from": [11, 0, 6.25],
			"to": [14.75, 0.25, 6.5],
			"faces": {
				"north": {"uv": [14.75, 6.25, 11, 6.5], "texture": "#0"},
				"east": {"uv": [14.5, 6.25, 14.75, 6.5], "rotation": 90, "texture": "#0"},
				"south": {"uv": [11, 6.25, 14.75, 6.5], "texture": "#0"},
				"west": {"uv": [11, 6.25, 11.25, 6.5], "rotation": 270, "texture": "#0"},
				"up": {"uv": [11, 6.25, 14.75, 6.5], "texture": "#0"},
				"down": {"uv": [11, 6.5, 14.75, 6.25], "texture": "#0"}
			}
		},
		{
			"name": "halo (39)_5",
			"from": [10.75, 0, 6.5],
			"to": [14.75, 0.25, 6.75],
			"faces": {
				"north": {"uv": [14.75, 6.5, 10.75, 6.75], "texture": "#0"},
				"east": {"uv": [14.5, 6.5, 14.75, 6.75], "rotation": 90, "texture": "#0"},
				"south": {"uv": [10.75, 6.5, 14.75, 6.75], "texture": "#0"},
				"west": {"uv": [10.75, 6.5, 11, 6.75], "rotation": 270, "texture": "#0"},
				"up": {"uv": [10.75, 6.5, 14.75, 6.75], "texture": "#0"},
				"down": {"uv": [10.75, 6.75, 14.75, 6.5], "texture": "#0"}
			}
		},
		{
			"name": "halo (39)_6",
			"from": [10.75, 0, 6.75],
			"to": [14.75, 0.25, 7],
			"faces": {
				"north": {"uv": [14.75, 6.75, 10.75, 7], "texture": "#0"},
				"east": {"uv": [14.5, 6.75, 14.75, 7], "rotation": 90, "texture": "#0"},
				"south": {"uv": [10.75, 6.75, 14.75, 7], "texture": "#0"},
				"west": {"uv": [10.75, 6.75, 11, 7], "rotation": 270, "texture": "#0"},
				"up": {"uv": [10.75, 6.75, 14.75, 7], "texture": "#0"},
				"down": {"uv": [10.75, 7, 14.75, 6.75], "texture": "#0"}
			}
		},
		{
			"name": "halo (39)_7",
			"from": [10.5, 0, 7],
			"to": [15, 0.25, 7.25],
			"faces": {
				"north": {"uv": [15, 7, 10.5, 7.25], "texture": "#0"},
				"east": {"uv": [14.75, 7, 15, 7.25], "rotation": 90, "texture": "#0"},
				"south": {"uv": [10.5, 7, 15, 7.25], "texture": "#0"},
				"west": {"uv": [10.5, 7, 10.75, 7.25], "rotation": 270, "texture": "#0"},
				"up": {"uv": [10.5, 7, 15, 7.25], "texture": "#0"},
				"down": {"uv": [10.5, 7.25, 15, 7], "texture": "#0"}
			}
		},
		{
			"name": "halo (39)_8",
			"from": [10.5, 0, 7.25],
			"to": [15, 0.25, 7.5],
			"faces": {
				"north": {"uv": [15, 7.25, 10.5, 7.5], "texture": "#0"},
				"east": {"uv": [14.75, 7.25, 15, 7.5], "rotation": 90, "texture": "#0"},
				"south": {"uv": [10.5, 7.25, 15, 7.5], "texture": "#0"},
				"west": {"uv": [10.5, 7.25, 10.75, 7.5], "rotation": 270, "texture": "#0"},
				"up": {"uv": [10.5, 7.25, 15, 7.5], "texture": "#0"},
				"down": {"uv": [10.5, 7.5, 15, 7.25], "texture": "#0"}
			}
		},
		{
			"name": "halo (39)_9",
			"from": [10.5, 0, 7.5],
			"to": [15, 0.25, 7.75],
			"faces": {
				"north": {"uv": [15, 7.5, 10.5, 7.75], "texture": "#0"},
				"east": {"uv": [14.75, 7.5, 15, 7.75], "rotation": 90, "texture": "#0"},
				"south": {"uv": [10.5, 7.5, 15, 7.75], "texture": "#0"},
				"west": {"uv": [10.5, 7.5, 10.75, 7.75], "rotation": 270, "texture": "#0"},
				"up": {"uv": [10.5, 7.5, 15, 7.75], "texture": "#0"},
				"down": {"uv": [10.5, 7.75, 15, 7.5], "texture": "#0"}
			}
		},
		{
			"name": "halo (39)_10",
			"from": [10.5, 0, 7.75],
			"to": [15, 0.25, 8],
			"faces": {
				"north": {"uv": [15, 7.75, 10.5, 8], "texture": "#0"},
				"east": {"uv": [14.75, 7.75, 15, 8], "rotation": 90, "texture": "#0"},
				"south": {"uv": [10.5, 7.75, 15, 8], "texture": "#0"},
				"west": {"uv": [10.5, 7.75, 10.75, 8], "rotation": 270, "texture": "#0"},
				"up": {"uv": [10.5, 7.75, 15, 8], "texture": "#0"},
				"down": {"uv": [10.5, 8, 15, 7.75], "texture": "#0"}
			}
		},
		{
			"name": "halo (39)_11",
			"from": [10.5, 0, 8],
			"to": [15, 0.25, 8.25],
			"faces": {
				"north": {"uv": [15, 8, 10.5, 8.25], "texture": "#0"},
				"east": {"uv": [14.75, 8, 15, 8.25], "rotation": 90, "texture": "#0"},
				"south": {"uv": [10.5, 8, 15, 8.25], "texture": "#0"},
				"west": {"uv": [10.5, 8, 10.75, 8.25], "rotation": 270, "texture": "#0"},
				"up": {"uv": [10.5, 8, 15, 8.25], "texture": "#0"},
				"down": {"uv": [10.5, 8.25, 15, 8], "texture": "#0"}
			}
		},
		{
			"name": "halo (39)_12",
			"from": [10.5, 0, 8.25],
			"to": [15, 0.25, 8.5],
			"faces": {
				"north": {"uv": [15, 8.25, 10.5, 8.5], "texture": "#0"},
				"east": {"uv": [14.75, 8.25, 15, 8.5], "rotation": 90, "texture": "#0"},
				"south": {"uv": [10.5, 8.25, 15, 8.5], "texture": "#0"},
				"west": {"uv": [10.5, 8.25, 10.75, 8.5], "rotation": 270, "texture": "#0"},
				"up": {"uv": [10.5, 8.25, 15, 8.5], "texture": "#0"},
				"down": {"uv": [10.5, 8.5, 15, 8.25], "texture": "#0"}
			}
		},
		{
			"name": "halo (39)_13",
			"from": [10.5, 0, 8.5],
			"to": [15, 0.25, 8.75],
			"faces": {
				"north": {"uv": [15, 8.5, 10.5, 8.75], "texture": "#0"},
				"east": {"uv": [14.75, 8.5, 15, 8.75], "rotation": 90, "texture": "#0"},
				"south": {"uv": [10.5, 8.5, 15, 8.75], "texture": "#0"},
				"west": {"uv": [10.5, 8.5, 10.75, 8.75], "rotation": 270, "texture": "#0"},
				"up": {"uv": [10.5, 8.5, 15, 8.75], "texture": "#0"},
				"down": {"uv": [10.5, 8.75, 15, 8.5], "texture": "#0"}
			}
		},
		{
			"name": "halo (39)_14",
			"from": [10.5, 0, 8.75],
			"to": [15, 0.25, 9],
			"faces": {
				"north": {"uv": [15, 8.75, 10.5, 9], "texture": "#0"},
				"east": {"uv": [14.75, 8.75, 15, 9], "rotation": 90, "texture": "#0"},
				"south": {"uv": [10.5, 8.75, 15, 9], "texture": "#0"},
				"west": {"uv": [10.5, 8.75, 10.75, 9], "rotation": 270, "texture": "#0"},
				"up": {"uv": [10.5, 8.75, 15, 9], "texture": "#0"},
				"down": {"uv": [10.5, 9, 15, 8.75], "texture": "#0"}
			}
		},
		{
			"name": "halo (39)_15",
			"from": [10.75, 0, 9],
			"to": [14.75, 0.25, 9.25],
			"faces": {
				"north": {"uv": [14.75, 9, 10.75, 9.25], "texture": "#0"},
				"east": {"uv": [14.5, 9, 14.75, 9.25], "rotation": 90, "texture": "#0"},
				"south": {"uv": [10.75, 9, 14.75, 9.25], "texture": "#0"},
				"west": {"uv": [10.75, 9, 11, 9.25], "rotation": 270, "texture": "#0"},
				"up": {"uv": [10.75, 9, 14.75, 9.25], "texture": "#0"},
				"down": {"uv": [10.75, 9.25, 14.75, 9], "texture": "#0"}
			}
		},
		{
			"name": "halo (39)_16",
			"from": [10.75, 0, 9.25],
			"to": [14.75, 0.25, 9.5],
			"faces": {
				"north": {"uv": [14.75, 9.25, 10.75, 9.5], "texture": "#0"},
				"east": {"uv": [14.5, 9.25, 14.75, 9.5], "rotation": 90, "texture": "#0"},
				"south": {"uv": [10.75, 9.25, 14.75, 9.5], "texture": "#0"},
				"west": {"uv": [10.75, 9.25, 11, 9.5], "rotation": 270, "texture": "#0"},
				"up": {"uv": [10.75, 9.25, 14.75, 9.5], "texture": "#0"},
				"down": {"uv": [10.75, 9.5, 14.75, 9.25], "texture": "#0"}
			}
		},
		{
			"name": "halo (39)_17",
			"from": [11, 0, 9.5],
			"to": [14.75, 0.25, 9.75],
			"faces": {
				"north": {"uv": [14.75, 9.5, 11, 9.75], "texture": "#0"},
				"east": {"uv": [14.5, 9.5, 14.75, 9.75], "rotation": 90, "texture": "#0"},
				"south": {"uv": [11, 9.5, 14.75, 9.75], "texture": "#0"},
				"west": {"uv": [11, 9.5, 11.25, 9.75], "rotation": 270, "texture": "#0"},
				"up": {"uv": [11, 9.5, 14.75, 9.75], "texture": "#0"},
				"down": {"uv": [11, 9.75, 14.75, 9.5], "texture": "#0"}
			}
		},
		{
			"name": "halo (39)_18",
			"from": [11.25, 0, 9.75],
			"to": [14.75, 0.25, 10],
			"faces": {
				"north": {"uv": [14.75, 9.75, 11.25, 10], "texture": "#0"},
				"east": {"uv": [14.5, 9.75, 14.75, 10], "rotation": 90, "texture": "#0"},
				"south": {"uv": [11.25, 9.75, 14.75, 10], "texture": "#0"},
				"west": {"uv": [11.25, 9.75, 11.5, 10], "rotation": 270, "texture": "#0"},
				"up": {"uv": [11.25, 9.75, 14.75, 10], "texture": "#0"},
				"down": {"uv": [11.25, 10, 14.75, 9.75], "texture": "#0"}
			}
		},
		{
			"name": "halo (39)_19",
			"from": [11.5, 0, 10],
			"to": [14.75, 0.25, 10.25],
			"faces": {
				"north": {"uv": [14.75, 10, 11.5, 10.25], "texture": "#0"},
				"east": {"uv": [14.5, 10, 14.75, 10.25], "rotation": 90, "texture": "#0"},
				"south": {"uv": [11.5, 10, 14.75, 10.25], "texture": "#0"},
				"west": {"uv": [11.5, 10, 11.75, 10.25], "rotation": 270, "texture": "#0"},
				"up": {"uv": [11.5, 10, 14.75, 10.25], "texture": "#0"},
				"down": {"uv": [11.5, 10.25, 14.75, 10], "texture": "#0"}
			}
		},
		{
			"name": "halo (39)_20",
			"from": [11.75, 0, 10.25],
			"to": [14.5, 0.25, 10.5],
			"faces": {
				"north": {"uv": [14.5, 10.25, 11.75, 10.5], "texture": "#0"},
				"east": {"uv": [14.25, 10.25, 14.5, 10.5], "rotation": 90, "texture": "#0"},
				"south": {"uv": [11.75, 10.25, 14.5, 10.5], "texture": "#0"},
				"west": {"uv": [11.75, 10.25, 12, 10.5], "rotation": 270, "texture": "#0"},
				"up": {"uv": [11.75, 10.25, 14.5, 10.5], "texture": "#0"},
				"down": {"uv": [11.75, 10.5, 14.5, 10.25], "texture": "#0"}
			}
		},
		{
			"name": "halo (39)_21",
			"from": [12.25, 0, 10.5],
			"to": [14.25, 0.25, 10.75],
			"faces": {
				"north": {"uv": [14.25, 10.5, 12.25, 10.75], "texture": "#0"},
				"east": {"uv": [14, 10.5, 14.25, 10.75], "rotation": 90, "texture": "#0"},
				"south": {"uv": [12.25, 10.5, 14.25, 10.75], "texture": "#0"},
				"west": {"uv": [12.25, 10.5, 12.5, 10.75], "rotation": 270, "texture": "#0"},
				"up": {"uv": [12.25, 10.5, 14.25, 10.75], "texture": "#0"},
				"down": {"uv": [12.25, 10.75, 14.25, 10.5], "texture": "#0"}
			}
		}
	],
	"display": {
		"gui": {
			"rotation": [90, 0, 0]
		},
		"head": {
			"rotation": [20, 0, 0],
			"translation": [0, 17, 10]
		}
	},
	"groups": [
		{
			"name": "halo (39)",
			"origin": [8, 8, 8],
			"color": 0,
			"children": [0, 1, 2, 3, 4, 5, 6, 7, 8, 9, 10, 11, 12, 13, 14, 15, 16, 17, 18, 19, 20, 21]
		}
	]
}