{
	"credit": "Made with Blockbench",
	"textures": {
		"0": "items/3d/halo (21)",
		"particle": "items/3d/halo (21)"
	},
	"elements": [
		{
			"name": "halo (21)_0",
			"from": [1, 0, 0.75],
			"to": [2, 0.25, 1],
			"faces": {
				"north": {"uv": [2, 0.75, 1, 1], "texture": "#0"},
				"east": {"uv": [1.75, 0.75, 2, 1], "rotation": 90, "texture": "#0"},
				"south": {"uv": [1, 0.75, 2, 1], "texture": "#0"},
				"west": {"uv": [1, 0.75, 1.25, 1], "rotation": 270, "texture": "#0"},
				"up": {"uv": [1, 0.75, 2, 1], "texture": "#0"},
				"down": {"uv": [1, 1, 2, 0.75], "texture": "#0"}
			}
		},
		{
			"name": "halo (21)_1",
			"from": [1, 0, 1],
			"to": [2.25, 0.25, 1.25],
			"faces": {
				"north": {"uv": [2.25, 1, 1, 1.25], "texture": "#0"},
				"east": {"uv": [2, 1, 2.25, 1.25], "rotation": 90, "texture": "#0"},
				"south": {"uv": [1, 1, 2.25, 1.25], "texture": "#0"},
				"west": {"uv": [1, 1, 1.25, 1.25], "rotation": 270, "texture": "#0"},
				"up": {"uv": [1, 1, 2.25, 1.25], "texture": "#0"},
				"down": {"uv": [1, 1.25, 2.25, 1], "texture": "#0"}
			}
		},
		{
			"name": "halo (21)_2",
			"from": [2.75, 0, 1],
			"to": [3.75, 0.25, 1.25],
			"faces": {
				"north": {"uv": [3.75, 1, 2.75, 1.25], "texture": "#0"},
				"east": {"uv": [3.5, 1, 3.75, 1.25], "rotation": 90, "texture": "#0"},
				"south": {"uv": [2.75, 1, 3.75, 1.25], "texture": "#0"},
				"west": {"uv": [2.75, 1, 3, 1.25], "rotation": 270, "texture": "#0"},
				"up": {"uv": [2.75, 1, 3.75, 1.25], "texture": "#0"},
				"down": {"uv": [2.75, 1.25, 3.75, 1], "texture": "#0"}
			}
		},
		{
			"name": "halo (21)_3",
			"from": [14.25, 0, 1],
			"to": [15.25, 0.25, 1.25],
			"faces": {
				"north": {"uv": [15.25, 1, 14.25, 1.25], "texture": "#0"},
				"east": {"uv": [15, 1, 15.25, 1.25], "rotation": 90, "texture": "#0"},
				"south": {"uv": [14.25, 1, 15.25, 1.25], "texture": "#0"},
				"west": {"uv": [14.25, 1, 14.5, 1.25], "rotation": 270, "texture": "#0"},
				"up": {"uv": [14.25, 1, 15.25, 1.25], "texture": "#0"},
				"down": {"uv": [14.25, 1.25, 15.25, 1], "texture": "#0"}
			}
		},
		{
			"name": "halo (21)_4",
			"from": [1, 0, 1.25],
			"to": [2.5, 0.25, 1.5],
			"faces": {
				"north": {"uv": [2.5, 1.25, 1, 1.5], "texture": "#0"},
				"east": {"uv": [2.25, 1.25, 2.5, 1.5], "rotation": 90, "texture": "#0"},
				"south": {"uv": [1, 1.25, 2.5, 1.5], "texture": "#0"},
				"west": {"uv": [1, 1.25, 1.25, 1.5], "rotation": 270, "texture": "#0"},
				"up": {"uv": [1, 1.25, 2.5, 1.5], "texture": "#0"},
				"down": {"uv": [1, 1.5, 2.5, 1.25], "texture": "#0"}
			}
		},
		{
			"name": "halo (21)_5",
			"from": [2.75, 0, 1.25],
			"to": [3.75, 0.25, 1.5],
			"faces": {
				"north": {"uv": [3.75, 1.25, 2.75, 1.5], "texture": "#0"},
				"east": {"uv": [3.5, 1.25, 3.75, 1.5], "rotation": 90, "texture": "#0"},
				"south": {"uv": [2.75, 1.25, 3.75, 1.5], "texture": "#0"},
				"west": {"uv": [2.75, 1.25, 3, 1.5], "rotation": 270, "texture": "#0"},
				"up": {"uv": [2.75, 1.25, 3.75, 1.5], "texture": "#0"},
				"down": {"uv": [2.75, 1.5, 3.75, 1.25], "texture": "#0"}
			}
		},
		{
			"name": "halo (21)_6",
			"from": [12.5, 0, 1.25],
			"to": [13.5, 0.25, 1.5],
			"faces": {
				"north": {"uv": [13.5, 1.25, 12.5, 1.5], "texture": "#0"},
				"east": {"uv": [13.25, 1.25, 13.5, 1.5], "rotation": 90, "texture": "#0"},
				"south": {"uv": [12.5, 1.25, 13.5, 1.5], "texture": "#0"},
				"west": {"uv": [12.5, 1.25, 12.75, 1.5], "rotation": 270, "texture": "#0"},
				"up": {"uv": [12.5, 1.25, 13.5, 1.5], "texture": "#0"},
				"down": {"uv": [12.5, 1.5, 13.5, 1.25], "texture": "#0"}
			}
		},
		{
			"name": "halo (21)_7",
			"from": [14, 0, 1.25],
			"to": [15.25, 0.25, 1.5],
			"faces": {
				"north": {"uv": [15.25, 1.25, 14, 1.5], "texture": "#0"},
				"east": {"uv": [15, 1.25, 15.25, 1.5], "rotation": 90, "texture": "#0"},
				"south": {"uv": [14, 1.25, 15.25, 1.5], "texture": "#0"},
				"west": {"uv": [14, 1.25, 14.25, 1.5], "rotation": 270, "texture": "#0"},
				"up": {"uv": [14, 1.25, 15.25, 1.5], "texture": "#0"},
				"down": {"uv": [14, 1.5, 15.25, 1.25], "texture": "#0"}
			}
		},
		{
			"name": "halo (21)_8",
			"from": [1, 0, 1.5],
			"to": [3.75, 0.25, 1.75],
			"faces": {
				"north": {"uv": [3.75, 1.5, 1, 1.75], "texture": "#0"},
				"east": {"uv": [3.5, 1.5, 3.75, 1.75], "rotation": 90, "texture": "#0"},
				"south": {"uv": [1, 1.5, 3.75, 1.75], "texture": "#0"},
				"west": {"uv": [1, 1.5, 1.25, 1.75], "rotation": 270, "texture": "#0"},
				"up": {"uv": [1, 1.5, 3.75, 1.75], "texture": "#0"},
				"down": {"uv": [1, 1.75, 3.75, 1.5], "texture": "#0"}
			}
		},
		{
			"name": "halo (21)_9",
			"from": [12.5, 0, 1.5],
			"to": [13.5, 0.25, 1.75],
			"faces": {
				"north": {"uv": [13.5, 1.5, 12.5, 1.75], "texture": "#0"},
				"east": {"uv": [13.25, 1.5, 13.5, 1.75], "rotation": 90, "texture": "#0"},
				"south": {"uv": [12.5, 1.5, 13.5, 1.75], "texture": "#0"},
				"west": {"uv": [12.5, 1.5, 12.75, 1.75], "rotation": 270, "texture": "#0"},
				"up": {"uv": [12.5, 1.5, 13.5, 1.75], "texture": "#0"},
				"down": {"uv": [12.5, 1.75, 13.5, 1.5], "texture": "#0"}
			}
		},
		{
			"name": "halo (21)_10",
			"from": [13.75, 0, 1.5],
			"to": [15.25, 0.25, 1.75],
			"faces": {
				"north": {"uv": [15.25, 1.5, 13.75, 1.75], "texture": "#0"},
				"east": {"uv": [15, 1.5, 15.25, 1.75], "rotation": 90, "texture": "#0"},
				"south": {"uv": [13.75, 1.5, 15.25, 1.75], "texture": "#0"},
				"west": {"uv": [13.75, 1.5, 14, 1.75], "rotation": 270, "texture": "#0"},
				"up": {"uv": [13.75, 1.5, 15.25, 1.75], "texture": "#0"},
				"down": {"uv": [13.75, 1.75, 15.25, 1.5], "texture": "#0"}
			}
		},
		{
			"name": "halo (21)_11",
			"from": [1.25, 0, 1.75],
			"to": [3.75, 0.25, 2],
			"faces": {
				"north": {"uv": [3.75, 1.75, 1.25, 2], "texture": "#0"},
				"east": {"uv": [3.5, 1.75, 3.75, 2], "rotation": 90, "texture": "#0"},
				"south": {"uv": [1.25, 1.75, 3.75, 2], "texture": "#0"},
				"west": {"uv": [1.25, 1.75, 1.5, 2], "rotation": 270, "texture": "#0"},
				"up": {"uv": [1.25, 1.75, 3.75, 2], "texture": "#0"},
				"down": {"uv": [1.25, 2, 3.75, 1.75], "texture": "#0"}
			}
		},
		{
			"name": "halo (21)_12",
			"from": [12.5, 0, 1.75],
			"to": [15.25, 0.25, 2],
			"faces": {
				"north": {"uv": [15.25, 1.75, 12.5, 2], "texture": "#0"},
				"east": {"uv": [15, 1.75, 15.25, 2], "rotation": 90, "texture": "#0"},
				"south": {"uv": [12.5, 1.75, 15.25, 2], "texture": "#0"},
				"west": {"uv": [12.5, 1.75, 12.75, 2], "rotation": 270, "texture": "#0"},
				"up": {"uv": [12.5, 1.75, 15.25, 2], "texture": "#0"},
				"down": {"uv": [12.5, 2, 15.25, 1.75], "texture": "#0"}
			}
		},
		{
			"name": "halo (21)_13",
			"from": [1.5, 0, 2],
			"to": [3.25, 0.25, 2.25],
			"faces": {
				"north": {"uv": [3.25, 2, 1.5, 2.25], "texture": "#0"},
				"east": {"uv": [3, 2, 3.25, 2.25], "rotation": 90, "texture": "#0"},
				"south": {"uv": [1.5, 2, 3.25, 2.25], "texture": "#0"},
				"west": {"uv": [1.5, 2, 1.75, 2.25], "rotation": 270, "texture": "#0"},
				"up": {"uv": [1.5, 2, 3.25, 2.25], "texture": "#0"},
				"down": {"uv": [1.5, 2.25, 3.25, 2], "texture": "#0"}
			}
		},
		{
			"name": "halo (21)_14",
			"from": [12.5, 0, 2],
			"to": [15, 0.25, 2.25],
			"faces": {
				"north": {"uv": [15, 2, 12.5, 2.25], "texture": "#0"},
				"east": {"uv": [14.75, 2, 15, 2.25], "rotation": 90, "texture": "#0"},
				"south": {"uv": [12.5, 2, 15, 2.25], "texture": "#0"},
				"west": {"uv": [12.5, 2, 12.75, 2.25], "rotation": 270, "texture": "#0"},
				"up": {"uv": [12.5, 2, 15, 2.25], "texture": "#0"},
				"down": {"uv": [12.5, 2.25, 15, 2], "texture": "#0"}
			}
		},
		{
			"name": "halo (21)_15",
			"from": [1.75, 0, 2.25],
			"to": [3.5, 0.25, 2.5],
			"faces": {
				"north": {"uv": [3.5, 2.25, 1.75, 2.5], "texture": "#0"},
				"east": {"uv": [3.25, 2.25, 3.5, 2.5], "rotation": 90, "texture": "#0"},
				"south": {"uv": [1.75, 2.25, 3.5, 2.5], "texture": "#0"},
				"west": {"uv": [1.75, 2.25, 2, 2.5], "rotation": 270, "texture": "#0"},
				"up": {"uv": [1.75, 2.25, 3.5, 2.5], "texture": "#0"},
				"down": {"uv": [1.75, 2.5, 3.5, 2.25], "texture": "#0"}
			}
		},
		{
			"name": "halo (21)_16",
			"from": [13, 0, 2.25],
			"to": [14.75, 0.25, 2.5],
			"faces": {
				"north": {"uv": [14.75, 2.25, 13, 2.5], "texture": "#0"},
				"east": {"uv": [14.5, 2.25, 14.75, 2.5], "rotation": 90, "texture": "#0"},
				"south": {"uv": [13, 2.25, 14.75, 2.5], "texture": "#0"},
				"west": {"uv": [13, 2.25, 13.25, 2.5], "rotation": 270, "texture": "#0"},
				"up": {"uv": [13, 2.25, 14.75, 2.5], "texture": "#0"},
				"down": {"uv": [13, 2.5, 14.75, 2.25], "texture": "#0"}
			}
		},
		{
			"name": "halo (21)_17",
			"from": [1.25, 0, 2.5],
			"to": [3.75, 0.25, 2.75],
			"faces": {
				"north": {"uv": [3.75, 2.5, 1.25, 2.75], "texture": "#0"},
				"east": {"uv": [3.5, 2.5, 3.75, 2.75], "rotation": 90, "texture": "#0"},
				"south": {"uv": [1.25, 2.5, 3.75, 2.75], "texture": "#0"},
				"west": {"uv": [1.25, 2.5, 1.5, 2.75], "rotation": 270, "texture": "#0"},
				"up": {"uv": [1.25, 2.5, 3.75, 2.75], "texture": "#0"},
				"down": {"uv": [1.25, 2.75, 3.75, 2.5], "texture": "#0"}
			}
		},
		{
			"name": "halo (21)_18",
			"from": [12.75, 0, 2.5],
			"to": [14.5, 0.25, 2.75],
			"faces": {
				"north": {"uv": [14.5, 2.5, 12.75, 2.75], "texture": "#0"},
				"east": {"uv": [14.25, 2.5, 14.5, 2.75], "rotation": 90, "texture": "#0"},
				"south": {"uv": [12.75, 2.5, 14.5, 2.75], "texture": "#0"},
				"west": {"uv": [12.75, 2.5, 13, 2.75], "rotation": 270, "texture": "#0"},
				"up": {"uv": [12.75, 2.5, 14.5, 2.75], "texture": "#0"},
				"down": {"uv": [12.75, 2.75, 14.5, 2.5], "texture": "#0"}
			}
		},
		{
			"name": "halo (21)_19",
			"from": [1.25, 0, 2.75],
			"to": [4, 0.25, 3],
			"faces": {
				"north": {"uv": [4, 2.75, 1.25, 3], "texture": "#0"},
				"east": {"uv": [3.75, 2.75, 4, 3], "rotation": 90, "texture": "#0"},
				"south": {"uv": [1.25, 2.75, 4, 3], "texture": "#0"},
				"west": {"uv": [1.25, 2.75, 1.5, 3], "rotation": 270, "texture": "#0"},
				"up": {"uv": [1.25, 2.75, 4, 3], "texture": "#0"},
				"down": {"uv": [1.25, 3, 4, 2.75], "texture": "#0"}
			}
		},
		{
			"name": "halo (21)_20",
			"from": [12.5, 0, 2.75],
			"to": [15, 0.25, 3],
			"faces": {
				"north": {"uv": [15, 2.75, 12.5, 3], "texture": "#0"},
				"east": {"uv": [14.75, 2.75, 15, 3], "rotation": 90, "texture": "#0"},
				"south": {"uv": [12.5, 2.75, 15, 3], "texture": "#0"},
				"west": {"uv": [12.5, 2.75, 12.75, 3], "rotation": 270, "texture": "#0"},
				"up": {"uv": [12.5, 2.75, 15, 3], "texture": "#0"},
				"down": {"uv": [12.5, 3, 15, 2.75], "texture": "#0"}
			}
		},
		{
			"name": "halo (21)_21",
			"from": [1.25, 0, 3],
			"to": [2.25, 0.25, 3.25],
			"faces": {
				"north": {"uv": [2.25, 3, 1.25, 3.25], "texture": "#0"},
				"east": {"uv": [2, 3, 2.25, 3.25], "rotation": 90, "texture": "#0"},
				"south": {"uv": [1.25, 3, 2.25, 3.25], "texture": "#0"},
				"west": {"uv": [1.25, 3, 1.5, 3.25], "rotation": 270, "texture": "#0"},
				"up": {"uv": [1.25, 3, 2.25, 3.25], "texture": "#0"},
				"down": {"uv": [1.25, 3.25, 2.25, 3], "texture": "#0"}
			}
		},
		{
			"name": "halo (21)_22",
			"from": [2.5, 0, 3],
			"to": [4, 0.25, 3.25],
			"faces": {
				"north": {"uv": [4, 3, 2.5, 3.25], "texture": "#0"},
				"east": {"uv": [3.75, 3, 4, 3.25], "rotation": 90, "texture": "#0"},
				"south": {"uv": [2.5, 3, 4, 3.25], "texture": "#0"},
				"west": {"uv": [2.5, 3, 2.75, 3.25], "rotation": 270, "texture": "#0"},
				"up": {"uv": [2.5, 3, 4, 3.25], "texture": "#0"},
				"down": {"uv": [2.5, 3.25, 4, 3], "texture": "#0"}
			}
		},
		{
			"name": "halo (21)_23",
			"from": [12.25, 0, 3],
			"to": [15, 0.25, 3.25],
			"faces": {
				"north": {"uv": [15, 3, 12.25, 3.25], "texture": "#0"},
				"east": {"uv": [14.75, 3, 15, 3.25], "rotation": 90, "texture": "#0"},
				"south": {"uv": [12.25, 3, 15, 3.25], "texture": "#0"},
				"west": {"uv": [12.25, 3, 12.5, 3.25], "rotation": 270, "texture": "#0"},
				"up": {"uv": [12.25, 3, 15, 3.25], "texture": "#0"},
				"down": {"uv": [12.25, 3.25, 15, 3], "texture": "#0"}
			}
		},
		{
			"name": "halo (21)_24",
			"from": [1.25, 0, 3.25],
			"to": [2.25, 0.25, 3.5],
			"faces": {
				"north": {"uv": [2.25, 3.25, 1.25, 3.5], "texture": "#0"},
				"east": {"uv": [2, 3.25, 2.25, 3.5], "rotation": 90, "texture": "#0"},
				"south": {"uv": [1.25, 3.25, 2.25, 3.5], "texture": "#0"},
				"west": {"uv": [1.25, 3.25, 1.5, 3.5], "rotation": 270, "texture": "#0"},
				"up": {"uv": [1.25, 3.25, 2.25, 3.5], "texture": "#0"},
				"down": {"uv": [1.25, 3.5, 2.25, 3.25], "texture": "#0"}
			}
		},
		{
			"name": "halo (21)_25",
			"from": [2.75, 0, 3.25],
			"to": [4, 0.25, 3.5],
			"faces": {
				"north": {"uv": [4, 3.25, 2.75, 3.5], "texture": "#0"},
				"east": {"uv": [3.75, 3.25, 4, 3.5], "rotation": 90, "texture": "#0"},
				"south": {"uv": [2.75, 3.25, 4, 3.5], "texture": "#0"},
				"west": {"uv": [2.75, 3.25, 3, 3.5], "rotation": 270, "texture": "#0"},
				"up": {"uv": [2.75, 3.25, 4, 3.5], "texture": "#0"},
				"down": {"uv": [2.75, 3.5, 4, 3.25], "texture": "#0"}
			}
		},
		{
			"name": "halo (21)_26",
			"from": [12.25, 0, 3.25],
			"to": [13.75, 0.25, 3.5],
			"faces": {
				"north": {"uv": [13.75, 3.25, 12.25, 3.5], "texture": "#0"},
				"east": {"uv": [13.5, 3.25, 13.75, 3.5], "rotation": 90, "texture": "#0"},
				"south": {"uv": [12.25, 3.25, 13.75, 3.5], "texture": "#0"},
				"west": {"uv": [12.25, 3.25, 12.5, 3.5], "rotation": 270, "texture": "#0"},
				"up": {"uv": [12.25, 3.25, 13.75, 3.5], "texture": "#0"},
				"down": {"uv": [12.25, 3.5, 13.75, 3.25], "texture": "#0"}
			}
		},
		{
			"name": "halo (21)_27",
			"from": [14, 0, 3.25],
			"to": [15, 0.25, 3.5],
			"faces": {
				"north": {"uv": [15, 3.25, 14, 3.5], "texture": "#0"},
				"east": {"uv": [14.75, 3.25, 15, 3.5], "rotation": 90, "texture": "#0"},
				"south": {"uv": [14, 3.25, 15, 3.5], "texture": "#0"},
				"west": {"uv": [14, 3.25, 14.25, 3.5], "rotation": 270, "texture": "#0"},
				"up": {"uv": [14, 3.25, 15, 3.5], "texture": "#0"},
				"down": {"uv": [14, 3.5, 15, 3.25], "texture": "#0"}
			}
		},
		{
			"name": "halo (21)_28",
			"from": [3, 0, 3.5],
			"to": [4, 0.25, 3.75],
			"faces": {
				"north": {"uv": [4, 3.5, 3, 3.75], "texture": "#0"},
				"east": {"uv": [3.75, 3.5, 4, 3.75], "rotation": 90, "texture": "#0"},
				"south": {"uv": [3, 3.5, 4, 3.75], "texture": "#0"},
				"west": {"uv": [3, 3.5, 3.25, 3.75], "rotation": 270, "texture": "#0"},
				"up": {"uv": [3, 3.5, 4, 3.75], "texture": "#0"},
				"down": {"uv": [3, 3.75, 4, 3.5], "texture": "#0"}
			}
		},
		{
			"name": "halo (21)_29",
			"from": [12.25, 0, 3.5],
			"to": [13.5, 0.25, 3.75],
			"faces": {
				"north": {"uv": [13.5, 3.5, 12.25, 3.75], "texture": "#0"},
				"east": {"uv": [13.25, 3.5, 13.5, 3.75], "rotation": 90, "texture": "#0"},
				"south": {"uv": [12.25, 3.5, 13.5, 3.75], "texture": "#0"},
				"west": {"uv": [12.25, 3.5, 12.5, 3.75], "rotation": 270, "texture": "#0"},
				"up": {"uv": [12.25, 3.5, 13.5, 3.75], "texture": "#0"},
				"down": {"uv": [12.25, 3.75, 13.5, 3.5], "texture": "#0"}
			}
		},
		{
			"name": "halo (21)_30",
			"from": [14, 0, 3.5],
			"to": [15, 0.25, 3.75],
			"faces": {
				"north": {"uv": [15, 3.5, 14, 3.75], "texture": "#0"},
				"east": {"uv": [14.75, 3.5, 15, 3.75], "rotation": 90, "texture": "#0"},
				"south": {"uv": [14, 3.5, 15, 3.75], "texture": "#0"},
				"west": {"uv": [14, 3.5, 14.25, 3.75], "rotation": 270, "texture": "#0"},
				"up": {"uv": [14, 3.5, 15, 3.75], "texture": "#0"},
				"down": {"uv": [14, 3.75, 15, 3.5], "texture": "#0"}
			}
		},
		{
			"name": "halo (21)_31",
			"from": [12.25, 0, 3.75],
			"to": [13.25, 0.25, 4],
			"faces": {
				"north": {"uv": [13.25, 3.75, 12.25, 4], "texture": "#0"},
				"east": {"uv": [13, 3.75, 13.25, 4], "rotation": 90, "texture": "#0"},
				"south": {"uv": [12.25, 3.75, 13.25, 4], "texture": "#0"},
				"west": {"uv": [12.25, 3.75, 12.5, 4], "rotation": 270, "texture": "#0"},
				"up": {"uv": [12.25, 3.75, 13.25, 4], "texture": "#0"},
				"down": {"uv": [12.25, 4, 13.25, 3.75], "texture": "#0"}
			}
		},
		{
			"name": "halo (21)_32",
			"from": [2.75, 0, 12],
			"to": [3.75, 0.25, 12.25],
			"faces": {
				"north": {"uv": [3.75, 12, 2.75, 12.25], "texture": "#0"},
				"east": {"uv": [3.5, 12, 3.75, 12.25], "rotation": 90, "texture": "#0"},
				"south": {"uv": [2.75, 12, 3.75, 12.25], "texture": "#0"},
				"west": {"uv": [2.75, 12, 3, 12.25], "rotation": 270, "texture": "#0"},
				"up": {"uv": [2.75, 12, 3.75, 12.25], "texture": "#0"},
				"down": {"uv": [2.75, 12.25, 3.75, 12], "texture": "#0"}
			}
		},
		{
			"name": "halo (21)_33",
			"from": [1, 0, 12.25],
			"to": [2, 0.25, 12.5],
			"faces": {
				"north": {"uv": [2, 12.25, 1, 12.5], "texture": "#0"},
				"east": {"uv": [1.75, 12.25, 2, 12.5], "rotation": 90, "texture": "#0"},
				"south": {"uv": [1, 12.25, 2, 12.5], "texture": "#0"},
				"west": {"uv": [1, 12.25, 1.25, 12.5], "rotation": 270, "texture": "#0"},
				"up": {"uv": [1, 12.25, 2, 12.5], "texture": "#0"},
				"down": {"uv": [1, 12.5, 2, 12.25], "texture": "#0"}
			}
		},
		{
			"name": "halo (21)_34",
			"from": [2.5, 0, 12.25],
			"to": [3.75, 0.25, 12.5],
			"faces": {
				"north": {"uv": [3.75, 12.25, 2.5, 12.5], "texture": "#0"},
				"east": {"uv": [3.5, 12.25, 3.75, 12.5], "rotation": 90, "texture": "#0"},
				"south": {"uv": [2.5, 12.25, 3.75, 12.5], "texture": "#0"},
				"west": {"uv": [2.5, 12.25, 2.75, 12.5], "rotation": 270, "texture": "#0"},
				"up": {"uv": [2.5, 12.25, 3.75, 12.5], "texture": "#0"},
				"down": {"uv": [2.5, 12.5, 3.75, 12.25], "texture": "#0"}
			}
		},
		{
			"name": "halo (21)_35",
			"from": [12, 0, 12.25],
			"to": [13, 0.25, 12.5],
			"faces": {
				"north": {"uv": [13, 12.25, 12, 12.5], "texture": "#0"},
				"east": {"uv": [12.75, 12.25, 13, 12.5], "rotation": 90, "texture": "#0"},
				"south": {"uv": [12, 12.25, 13, 12.5], "texture": "#0"},
				"west": {"uv": [12, 12.25, 12.25, 12.5], "rotation": 270, "texture": "#0"},
				"up": {"uv": [12, 12.25, 13, 12.5], "texture": "#0"},
				"down": {"uv": [12, 12.5, 13, 12.25], "texture": "#0"}
			}
		},
		{
			"name": "halo (21)_36",
			"from": [1, 0, 12.5],
			"to": [2, 0.25, 12.75],
			"faces": {
				"north": {"uv": [2, 12.5, 1, 12.75], "texture": "#0"},
				"east": {"uv": [1.75, 12.5, 2, 12.75], "rotation": 90, "texture": "#0"},
				"south": {"uv": [1, 12.5, 2, 12.75], "texture": "#0"},
				"west": {"uv": [1, 12.5, 1.25, 12.75], "rotation": 270, "texture": "#0"},
				"up": {"uv": [1, 12.5, 2, 12.75], "texture": "#0"},
				"down": {"uv": [1, 12.75, 2, 12.5], "texture": "#0"}
			}
		},
		{
			"name": "halo (21)_37",
			"from": [2.25, 0, 12.5],
			"to": [3.75, 0.25, 12.75],
			"faces": {
				"north": {"uv": [3.75, 12.5, 2.25, 12.75], "texture": "#0"},
				"east": {"uv": [3.5, 12.5, 3.75, 12.75], "rotation": 90, "texture": "#0"},
				"south": {"uv": [2.25, 12.5, 3.75, 12.75], "texture": "#0"},
				"west": {"uv": [2.25, 12.5, 2.5, 12.75], "rotation": 270, "texture": "#0"},
				"up": {"uv": [2.25, 12.5, 3.75, 12.75], "texture": "#0"},
				"down": {"uv": [2.25, 12.75, 3.75, 12.5], "texture": "#0"}
			}
		},
		{
			"name": "halo (21)_38",
			"from": [12, 0, 12.5],
			"to": [13.25, 0.25, 12.75],
			"faces": {
				"north": {"uv": [13.25, 12.5, 12, 12.75], "texture": "#0"},
				"east": {"uv": [13, 12.5, 13.25, 12.75], "rotation": 90, "texture": "#0"},
				"south": {"uv": [12, 12.5, 13.25, 12.75], "texture": "#0"},
				"west": {"uv": [12, 12.5, 12.25, 12.75], "rotation": 270, "texture": "#0"},
				"up": {"uv": [12, 12.5, 13.25, 12.75], "texture": "#0"},
				"down": {"uv": [12, 12.75, 13.25, 12.5], "texture": "#0"}
			}
		},
		{
			"name": "halo (21)_39",
			"from": [13.75, 0, 12.5],
			"to": [14.75, 0.25, 12.75],
			"faces": {
				"north": {"uv": [14.75, 12.5, 13.75, 12.75], "texture": "#0"},
				"east": {"uv": [14.5, 12.5, 14.75, 12.75], "rotation": 90, "texture": "#0"},
				"south": {"uv": [13.75, 12.5, 14.75, 12.75], "texture": "#0"},
				"west": {"uv": [13.75, 12.5, 14, 12.75], "rotation": 270, "texture": "#0"},
				"up": {"uv": [13.75, 12.5, 14.75, 12.75], "texture": "#0"},
				"down": {"uv": [13.75, 12.75, 14.75, 12.5], "texture": "#0"}
			}
		},
		{
			"name": "halo (21)_40",
			"from": [1, 0, 12.75],
			"to": [3.75, 0.25, 13],
			"faces": {
				"north": {"uv": [3.75, 12.75, 1, 13], "texture": "#0"},
				"east": {"uv": [3.5, 12.75, 3.75, 13], "rotation": 90, "texture": "#0"},
				"south": {"uv": [1, 12.75, 3.75, 13], "texture": "#0"},
				"west": {"uv": [1, 12.75, 1.25, 13], "rotation": 270, "texture": "#0"},
				"up": {"uv": [1, 12.75, 3.75, 13], "texture": "#0"},
				"down": {"uv": [1, 13, 3.75, 12.75], "texture": "#0"}
			}
		},
		{
			"name": "halo (21)_41",
			"from": [12, 0, 12.75],
			"to": [13.5, 0.25, 13],
			"faces": {
				"north": {"uv": [13.5, 12.75, 12, 13], "texture": "#0"},
				"east": {"uv": [13.25, 12.75, 13.5, 13], "rotation": 90, "texture": "#0"},
				"south": {"uv": [12, 12.75, 13.5, 13], "texture": "#0"},
				"west": {"uv": [12, 12.75, 12.25, 13], "rotation": 270, "texture": "#0"},
				"up": {"uv": [12, 12.75, 13.5, 13], "texture": "#0"},
				"down": {"uv": [12, 13, 13.5, 12.75], "texture": "#0"}
			}
		},
		{
			"name": "halo (21)_42",
			"from": [13.75, 0, 12.75],
			"to": [14.75, 0.25, 13],
			"faces": {
				"north": {"uv": [14.75, 12.75, 13.75, 13], "texture": "#0"},
				"east": {"uv": [14.5, 12.75, 14.75, 13], "rotation": 90, "texture": "#0"},
				"south": {"uv": [13.75, 12.75, 14.75, 13], "texture": "#0"},
				"west": {"uv": [13.75, 12.75, 14, 13], "rotation": 270, "texture": "#0"},
				"up": {"uv": [13.75, 12.75, 14.75, 13], "texture": "#0"},
				"down": {"uv": [13.75, 13, 14.75, 12.75], "texture": "#0"}
			}
		},
		{
			"name": "halo (21)_43",
			"from": [1, 0, 13],
			"to": [3.5, 0.25, 13.25],
			"faces": {
				"north": {"uv": [3.5, 13, 1, 13.25], "texture": "#0"},
				"east": {"uv": [3.25, 13, 3.5, 13.25], "rotation": 90, "texture": "#0"},
				"south": {"uv": [1, 13, 3.5, 13.25], "texture": "#0"},
				"west": {"uv": [1, 13, 1.25, 13.25], "rotation": 270, "texture": "#0"},
				"up": {"uv": [1, 13, 3.5, 13.25], "texture": "#0"},
				"down": {"uv": [1, 13.25, 3.5, 13], "texture": "#0"}
			}
		},
		{
			"name": "halo (21)_44",
			"from": [12, 0, 13],
			"to": [14.75, 0.25, 13.25],
			"faces": {
				"north": {"uv": [14.75, 13, 12, 13.25], "texture": "#0"},
				"east": {"uv": [14.5, 13, 14.75, 13.25], "rotation": 90, "texture": "#0"},
				"south": {"uv": [12, 13, 14.75, 13.25], "texture": "#0"},
				"west": {"uv": [12, 13, 12.25, 13.25], "rotation": 270, "texture": "#0"},
				"up": {"uv": [12, 13, 14.75, 13.25], "texture": "#0"},
				"down": {"uv": [12, 13.25, 14.75, 13], "texture": "#0"}
			}
		},
		{
			"name": "halo (21)_45",
			"from": [1.5, 0, 13.25],
			"to": [3.25, 0.25, 13.5],
			"faces": {
				"north": {"uv": [3.25, 13.25, 1.5, 13.5], "texture": "#0"},
				"east": {"uv": [3, 13.25, 3.25, 13.5], "rotation": 90, "texture": "#0"},
				"south": {"uv": [1.5, 13.25, 3.25, 13.5], "texture": "#0"},
				"west": {"uv": [1.5, 13.25, 1.75, 13.5], "rotation": 270, "texture": "#0"},
				"up": {"uv": [1.5, 13.25, 3.25, 13.5], "texture": "#0"},
				"down": {"uv": [1.5, 13.5, 3.25, 13.25], "texture": "#0"}
			}
		},
		{
			"name": "halo (21)_46",
			"from": [12.25, 0, 13.25],
			"to": [14.75, 0.25, 13.5],
			"faces": {
				"north": {"uv": [14.75, 13.25, 12.25, 13.5], "texture": "#0"},
				"east": {"uv": [14.5, 13.25, 14.75, 13.5], "rotation": 90, "texture": "#0"},
				"south": {"uv": [12.25, 13.25, 14.75, 13.5], "texture": "#0"},
				"west": {"uv": [12.25, 13.25, 12.5, 13.5], "rotation": 270, "texture": "#0"},
				"up": {"uv": [12.25, 13.25, 14.75, 13.5], "texture": "#0"},
				"down": {"uv": [12.25, 13.5, 14.75, 13.25], "texture": "#0"}
			}
		},
		{
			"name": "halo (21)_47",
			"from": [1.25, 0, 13.5],
			"to": [3, 0.25, 13.75],
			"faces": {
				"north": {"uv": [3, 13.5, 1.25, 13.75], "texture": "#0"},
				"east": {"uv": [2.75, 13.5, 3, 13.75], "rotation": 90, "texture": "#0"},
				"south": {"uv": [1.25, 13.5, 3, 13.75], "texture": "#0"},
				"west": {"uv": [1.25, 13.5, 1.5, 13.75], "rotation": 270, "texture": "#0"},
				"up": {"uv": [1.25, 13.5, 3, 13.75], "texture": "#0"},
				"down": {"uv": [1.25, 13.75, 3, 13.5], "texture": "#0"}
			}
		},
		{
			"name": "halo (21)_48",
			"from": [12.5, 0, 13.5],
			"to": [14.25, 0.25, 13.75],
			"faces": {
				"north": {"uv": [14.25, 13.5, 12.5, 13.75], "texture": "#0"},
				"east": {"uv": [14, 13.5, 14.25, 13.75], "rotation": 90, "texture": "#0"},
				"south": {"uv": [12.5, 13.5, 14.25, 13.75], "texture": "#0"},
				"west": {"uv": [12.5, 13.5, 12.75, 13.75], "rotation": 270, "texture": "#0"},
				"up": {"uv": [12.5, 13.5, 14.25, 13.75], "texture": "#0"},
				"down": {"uv": [12.5, 13.75, 14.25, 13.5], "texture": "#0"}
			}
		},
		{
			"name": "halo (21)_49",
			"from": [1, 0, 13.75],
			"to": [3.5, 0.25, 14],
			"faces": {
				"north": {"uv": [3.5, 13.75, 1, 14], "texture": "#0"},
				"east": {"uv": [3.25, 13.75, 3.5, 14], "rotation": 90, "texture": "#0"},
				"south": {"uv": [1, 13.75, 3.5, 14], "texture": "#0"},
				"west": {"uv": [1, 13.75, 1.25, 14], "rotation": 270, "texture": "#0"},
				"up": {"uv": [1, 13.75, 3.5, 14], "texture": "#0"},
				"down": {"uv": [1, 14, 3.5, 13.75], "texture": "#0"}
			}
		},
		{
			"name": "halo (21)_50",
			"from": [12.75, 0, 13.75],
			"to": [14.5, 0.25, 14],
			"faces": {
				"north": {"uv": [14.5, 13.75, 12.75, 14], "texture": "#0"},
				"east": {"uv": [14.25, 13.75, 14.5, 14], "rotation": 90, "texture": "#0"},
				"south": {"uv": [12.75, 13.75, 14.5, 14], "texture": "#0"},
				"west": {"uv": [12.75, 13.75, 13, 14], "rotation": 270, "texture": "#0"},
				"up": {"uv": [12.75, 13.75, 14.5, 14], "texture": "#0"},
				"down": {"uv": [12.75, 14, 14.5, 13.75], "texture": "#0"}
			}
		},
		{
			"name": "halo (21)_51",
			"from": [0.75, 0, 14],
			"to": [3.5, 0.25, 14.25],
			"faces": {
				"north": {"uv": [3.5, 14, 0.75, 14.25], "texture": "#0"},
				"east": {"uv": [3.25, 14, 3.5, 14.25], "rotation": 90, "texture": "#0"},
				"south": {"uv": [0.75, 14, 3.5, 14.25], "texture": "#0"},
				"west": {"uv": [0.75, 14, 1, 14.25], "rotation": 270, "texture": "#0"},
				"up": {"uv": [0.75, 14, 3.5, 14.25], "texture": "#0"},
				"down": {"uv": [0.75, 14.25, 3.5, 14], "texture": "#0"}
			}
		},
		{
			"name": "halo (21)_52",
			"from": [12.25, 0, 14],
			"to": [14.75, 0.25, 14.25],
			"faces": {
				"north": {"uv": [14.75, 14, 12.25, 14.25], "texture": "#0"},
				"east": {"uv": [14.5, 14, 14.75, 14.25], "rotation": 90, "texture": "#0"},
				"south": {"uv": [12.25, 14, 14.75, 14.25], "texture": "#0"},
				"west": {"uv": [12.25, 14, 12.5, 14.25], "rotation": 270, "texture": "#0"},
				"up": {"uv": [12.25, 14, 14.75, 14.25], "texture": "#0"},
				"down": {"uv": [12.25, 14.25, 14.75, 14], "texture": "#0"}
			}
		},
		{
			"name": "halo (21)_53",
			"from": [0.75, 0, 14.25],
			"to": [2.25, 0.25, 14.5],
			"faces": {
				"north": {"uv": [2.25, 14.25, 0.75, 14.5], "texture": "#0"},
				"east": {"uv": [2, 14.25, 2.25, 14.5], "rotation": 90, "texture": "#0"},
				"south": {"uv": [0.75, 14.25, 2.25, 14.5], "texture": "#0"},
				"west": {"uv": [0.75, 14.25, 1, 14.5], "rotation": 270, "texture": "#0"},
				"up": {"uv": [0.75, 14.25, 2.25, 14.5], "texture": "#0"},
				"down": {"uv": [0.75, 14.5, 2.25, 14.25], "texture": "#0"}
			}
		},
		{
			"name": "halo (21)_54",
			"from": [2.5, 0, 14.25],
			"to": [3.5, 0.25, 14.5],
			"faces": {
				"north": {"uv": [3.5, 14.25, 2.5, 14.5], "texture": "#0"},
				"east": {"uv": [3.25, 14.25, 3.5, 14.5], "rotation": 90, "texture": "#0"},
				"south": {"uv": [2.5, 14.25, 3.5, 14.5], "texture": "#0"},
				"west": {"uv": [2.5, 14.25, 2.75, 14.5], "rotation": 270, "texture": "#0"},
				"up": {"uv": [2.5, 14.25, 3.5, 14.5], "texture": "#0"},
				"down": {"uv": [2.5, 14.5, 3.5, 14.25], "texture": "#0"}
			}
		},
		{
			"name": "halo (21)_55",
			"from": [12.25, 0, 14.25],
			"to": [15, 0.25, 14.5],
			"faces": {
				"north": {"uv": [15, 14.25, 12.25, 14.5], "texture": "#0"},
				"east": {"uv": [14.75, 14.25, 15, 14.5], "rotation": 90, "texture": "#0"},
				"south": {"uv": [12.25, 14.25, 15, 14.5], "texture": "#0"},
				"west": {"uv": [12.25, 14.25, 12.5, 14.5], "rotation": 270, "texture": "#0"},
				"up": {"uv": [12.25, 14.25, 15, 14.5], "texture": "#0"},
				"down": {"uv": [12.25, 14.5, 15, 14.25], "texture": "#0"}
			}
		},
		{
			"name": "halo (21)_56",
			"from": [0.75, 0, 14.5],
			"to": [2, 0.25, 14.75],
			"faces": {
				"north": {"uv": [2, 14.5, 0.75, 14.75], "texture": "#0"},
				"east": {"uv": [1.75, 14.5, 2, 14.75], "rotation": 90, "texture": "#0"},
				"south": {"uv": [0.75, 14.5, 2, 14.75], "texture": "#0"},
				"west": {"uv": [0.75, 14.5, 1, 14.75], "rotation": 270, "texture": "#0"},
				"up": {"uv": [0.75, 14.5, 2, 14.75], "texture": "#0"},
				"down": {"uv": [0.75, 14.75, 2, 14.5], "texture": "#0"}
			}
		},
		{
			"name": "halo (21)_57",
			"from": [2.5, 0, 14.5],
			"to": [3.5, 0.25, 14.75],
			"faces": {
				"north": {"uv": [3.5, 14.5, 2.5, 14.75], "texture": "#0"},
				"east": {"uv": [3.25, 14.5, 3.5, 14.75], "rotation": 90, "texture": "#0"},
				"south": {"uv": [2.5, 14.5, 3.5, 14.75], "texture": "#0"},
				"west": {"uv": [2.5, 14.5, 2.75, 14.75], "rotation": 270, "texture": "#0"},
				"up": {"uv": [2.5, 14.5, 3.5, 14.75], "texture": "#0"},
				"down": {"uv": [2.5, 14.75, 3.5, 14.5], "texture": "#0"}
			}
		},
		{
			"name": "halo (21)_58",
			"from": [12.25, 0, 14.5],
			"to": [13.25, 0.25, 14.75],
			"faces": {
				"north": {"uv": [13.25, 14.5, 12.25, 14.75], "texture": "#0"},
				"east": {"uv": [13, 14.5, 13.25, 14.75], "rotation": 90, "texture": "#0"},
				"south": {"uv": [12.25, 14.5, 13.25, 14.75], "texture": "#0"},
				"west": {"uv": [12.25, 14.5, 12.5, 14.75], "rotation": 270, "texture": "#0"},
				"up": {"uv": [12.25, 14.5, 13.25, 14.75], "texture": "#0"},
				"down": {"uv": [12.25, 14.75, 13.25, 14.5], "texture": "#0"}
			}
		},
		{
			"name": "halo (21)_59",
			"from": [13.5, 0, 14.5],
			"to": [15, 0.25, 14.75],
			"faces": {
				"north": {"uv": [15, 14.5, 13.5, 14.75], "texture": "#0"},
				"east": {"uv": [14.75, 14.5, 15, 14.75], "rotation": 90, "texture": "#0"},
				"south": {"uv": [13.5, 14.5, 15, 14.75], "texture": "#0"},
				"west": {"uv": [13.5, 14.5, 13.75, 14.75], "rotation": 270, "texture": "#0"},
				"up": {"uv": [13.5, 14.5, 15, 14.75], "texture": "#0"},
				"down": {"uv": [13.5, 14.75, 15, 14.5], "texture": "#0"}
			}
		},
		{
			"name": "halo (21)_60",
			"from": [0.75, 0, 14.75],
			"to": [1.75, 0.25, 15],
			"faces": {
				"north": {"uv": [1.75, 14.75, 0.75, 15], "texture": "#0"},
				"east": {"uv": [1.5, 14.75, 1.75, 15], "rotation": 90, "texture": "#0"},
				"south": {"uv": [0.75, 14.75, 1.75, 15], "texture": "#0"},
				"west": {"uv": [0.75, 14.75, 1, 15], "rotation": 270, "texture": "#0"},
				"up": {"uv": [0.75, 14.75, 1.75, 15], "texture": "#0"},
				"down": {"uv": [0.75, 15, 1.75, 14.75], "texture": "#0"}
			}
		},
		{
			"name": "halo (21)_61",
			"from": [12.25, 0, 14.75],
			"to": [13.25, 0.25, 15],
			"faces": {
				"north": {"uv": [13.25, 14.75, 12.25, 15], "texture": "#0"},
				"east": {"uv": [13, 14.75, 13.25, 15], "rotation": 90, "texture": "#0"},
				"south": {"uv": [12.25, 14.75, 13.25, 15], "texture": "#0"},
				"west": {"uv": [12.25, 14.75, 12.5, 15], "rotation": 270, "texture": "#0"},
				"up": {"uv": [12.25, 14.75, 13.25, 15], "texture": "#0"},
				"down": {"uv": [12.25, 15, 13.25, 14.75], "texture": "#0"}
			}
		},
		{
			"name": "halo (21)_62",
			"from": [13.75, 0, 14.75],
			"to": [15, 0.25, 15],
			"faces": {
				"north": {"uv": [15, 14.75, 13.75, 15], "texture": "#0"},
				"east": {"uv": [14.75, 14.75, 15, 15], "rotation": 90, "texture": "#0"},
				"south": {"uv": [13.75, 14.75, 15, 15], "texture": "#0"},
				"west": {"uv": [13.75, 14.75, 14, 15], "rotation": 270, "texture": "#0"},
				"up": {"uv": [13.75, 14.75, 15, 15], "texture": "#0"},
				"down": {"uv": [13.75, 15, 15, 14.75], "texture": "#0"}
			}
		},
		{
			"name": "halo (21)_63",
			"from": [14, 0, 15],
			"to": [15, 0.25, 15.25],
			"faces": {
				"north": {"uv": [15, 15, 14, 15.25], "texture": "#0"},
				"east": {"uv": [14.75, 15, 15, 15.25], "rotation": 90, "texture": "#0"},
				"south": {"uv": [14, 15, 15, 15.25], "texture": "#0"},
				"west": {"uv": [14, 15, 14.25, 15.25], "rotation": 270, "texture": "#0"},
				"up": {"uv": [14, 15, 15, 15.25], "texture": "#0"},
				"down": {"uv": [14, 15.25, 15, 15], "texture": "#0"}
			}
		}
	],
	"display": {
		"gui": {
			"rotation": [90, 0, 0]
		},
		"head": {
			"rotation": [20, 0, 0],
			"translation": [0, 17, 10]
		}
	},
	"groups": [
		{
			"name": "halo (21)",
			"origin": [8, 8, 8],
			"color": 0,
			"children": [
				0,
				1,
				2,
				3,
				4,
				5,
				6,
				7,
				8,
				9,
				10,
				11,
				12,
				13,
				14,
				15,
				16,
				17,
				18,
				19,
				20,
				21,
				22,
				23,
				24,
				25,
				26,
				27,
				28,
				29,
				30,
				31,
				32,
				33,
				34,
				35,
				36,
				37,
				38,
				39,
				40,
				41,
				42,
				43,
				44,
				45,
				46,
				47,
				48,
				49,
				50,
				51,
				52,
				53,
				54,
				55,
				56,
				57,
				58,
				59,
				60,
				61,
				62,
				63
			]
		}
	]
}