{
	"credit": "Made with Blockbench",
	"textures": {
		"0": "blocks/diamond_block",
		"1": "blocks/log_oak",
		"3": "blocks/iron_block",
		"4": "blocks/glowstone",
		"particle": "blocks/diamond_block"
	},
	"elements": [
		{
			"from": [7.5, 0, 7.75],
			"to": [8.5, 0.7, 8.25],
			"rotation": {"angle": 0, "axis": "y", "origin": [8, 0, 8]},
			"faces": {
				"north": {"uv": [2, 1, 3, 1.7], "texture": "#4"},
				"east": {"uv": [2, 1, 2.5, 1.7], "texture": "#4"},
				"south": {"uv": [2, 1, 3, 1.7], "texture": "#4"},
				"west": {"uv": [2, 1, 2.5, 1.7], "texture": "#4"},
				"up": {"uv": [2, 1, 2.5, 2], "rotation": 90, "texture": "#4"},
				"down": {"uv": [2, 1, 2.5, 2], "rotation": 270, "texture": "#4"}
			}
		},
		{
			"from": [7.83033, 0, 7.82323],
			"to": [8.53033, 0.7, 8.17678],
			"rotation": {"angle": 45, "axis": "y", "origin": [8, 0, 8]},
			"faces": {
				"north": {"uv": [2, 1, 2.7, 1.7], "texture": "#4"},
				"east": {"uv": [2, 1, 2.35355, 1.7], "texture": "#4"},
				"south": {"uv": [2, 1, 2.7, 1.7], "texture": "#4"},
				"west": {"uv": [2, 1, 2.35355, 1.7], "texture": "#4"},
				"up": {"uv": [2, 1, 2.35355, 1.7], "rotation": 90, "texture": "#4"},
				"down": {"uv": [2, 1, 2.35355, 1.7], "rotation": 270, "texture": "#4"}
			}
		},
		{
			"from": [7.82322, 0, 7.83033],
			"to": [8.17677, 0.7, 8.53033],
			"rotation": {"angle": 45, "axis": "y", "origin": [8, 0, 8]},
			"faces": {
				"north": {"uv": [2, 1, 2.35355, 1.7], "texture": "#4"},
				"east": {"uv": [2, 1, 2.7, 1.7], "texture": "#4"},
				"south": {"uv": [2, 1, 2.35355, 1.7], "texture": "#4"},
				"west": {"uv": [2, 1, 2.7, 1.7], "texture": "#4"},
				"up": {"uv": [2, 1, 2.35355, 1.7], "rotation": 180, "texture": "#4"},
				"down": {"uv": [2, 1, 2.35355, 1.7], "rotation": 180, "texture": "#4"}
			}
		},
		{
			"from": [7.82323, 0, 7.46967],
			"to": [8.17678, 0.7, 8.16967],
			"rotation": {"angle": 45, "axis": "y", "origin": [8, 0, 8]},
			"faces": {
				"north": {"uv": [2, 1, 2.35355, 1.7], "texture": "#4"},
				"east": {"uv": [2, 1, 2.7, 1.7], "texture": "#4"},
				"south": {"uv": [2, 1, 2.35355, 1.7], "texture": "#4"},
				"west": {"uv": [2, 1, 2.7, 1.7], "texture": "#4"},
				"up": {"uv": [2, 1, 2.35355, 1.7], "rotation": 180, "texture": "#4"},
				"down": {"uv": [2, 1, 2.35355, 1.7], "rotation": 180, "texture": "#4"}
			}
		},
		{
			"from": [7.46967, 0, 7.82322],
			"to": [8.16967, 0.7, 8.17677],
			"rotation": {"angle": 45, "axis": "y", "origin": [8, 0, 8]},
			"faces": {
				"north": {"uv": [2, 1, 2.7, 1.7], "texture": "#4"},
				"east": {"uv": [2, 1, 2.35355, 1.7], "texture": "#4"},
				"south": {"uv": [2, 1, 2.7, 1.7], "texture": "#4"},
				"west": {"uv": [2, 1, 2.35355, 1.7], "texture": "#4"},
				"up": {"uv": [2, 1, 2.35355, 1.7], "rotation": 90, "texture": "#4"},
				"down": {"uv": [2, 1, 2.35355, 1.7], "rotation": 270, "texture": "#4"}
			}
		},
		{
			"from": [7.75, 0, 7.5],
			"to": [8.25, 0.7, 8.5],
			"rotation": {"angle": 0, "axis": "y", "origin": [8, 0, 8]},
			"faces": {
				"north": {"uv": [2, 1, 2.5, 1.7], "texture": "#4"},
				"east": {"uv": [2, 1, 3, 1.7], "texture": "#4"},
				"south": {"uv": [2, 1, 2.5, 1.7], "texture": "#4"},
				"west": {"uv": [2, 1, 3, 1.7], "texture": "#4"},
				"up": {"uv": [2, 1, 3, 1.5], "rotation": 90, "texture": "#4"},
				"down": {"uv": [2, 1, 3, 1.5], "rotation": 270, "texture": "#4"}
			}
		},
		{
			"from": [7.7, 0.7, 7.85],
			"to": [8.3, 4.7, 8.15],
			"rotation": {"angle": 0, "axis": "y", "origin": [8, 0, 8]},
			"faces": {
				"north": {"uv": [0, 0, 0.6, 4], "texture": "#1"},
				"east": {"uv": [0, 0, 0.3, 4], "texture": "#1"},
				"south": {"uv": [0, 0, 0.6, 4], "texture": "#1"},
				"west": {"uv": [0, 0, 0.3, 4], "texture": "#1"},
				"up": {"uv": [0, 0, 0.3, 0.6], "rotation": 90, "texture": "#1"},
				"down": {"uv": [0, 0, 0.3, 0.6], "rotation": 270, "texture": "#1"}
			}
		},
		{
			"from": [7.8, 5, 7.9],
			"to": [8.2, 6.2, 8.1],
			"rotation": {"angle": 0, "axis": "y", "origin": [8, 0, 8]},
			"faces": {
				"north": {"uv": [0, 0, 0.4, 1.2], "texture": "#3"},
				"east": {"uv": [0, 0, 0.2, 1.2], "texture": "#3"},
				"south": {"uv": [0, 0, 0.4, 1.2], "texture": "#3"},
				"west": {"uv": [0, 0, 0.2, 1.2], "texture": "#3"},
				"up": {"uv": [0, 0, 0.2, 0.4], "rotation": 90, "texture": "#3"},
				"down": {"uv": [0, 0, 0.2, 0.4], "rotation": 270, "texture": "#3"}
			}
		},
		{
			"from": [7.92929, 5, 7.78787],
			"to": [8.07071, 6.2, 7.88787],
			"rotation": {"angle": 45, "axis": "y", "origin": [8, 0, 8]},
			"faces": {
				"north": {"uv": [0, 0, 0.14142, 1.2], "texture": "#3"},
				"east": {"uv": [0, 0, 0.1, 1.2], "texture": "#3"},
				"south": {"uv": [0, 0, 0.14142, 1.2], "texture": "#3"},
				"west": {"uv": [0, 0, 0.1, 1.2], "texture": "#3"},
				"up": {"uv": [0, 0, 0.1, 0.14142], "rotation": 90, "texture": "#3"},
				"down": {"uv": [0, 0, 0.1, 0.14142], "rotation": 270, "texture": "#3"}
			}
		},
		{
			"from": [7.92929, 5, 8.11213],
			"to": [8.07071, 6.2, 8.21213],
			"rotation": {"angle": 45, "axis": "y", "origin": [8, 0, 8]},
			"faces": {
				"north": {"uv": [0, 0, 0.14142, 1.2], "texture": "#3"},
				"east": {"uv": [0, 0, 0.1, 1.2], "texture": "#3"},
				"south": {"uv": [0, 0, 0.14142, 1.2], "texture": "#3"},
				"west": {"uv": [0, 0, 0.1, 1.2], "texture": "#3"},
				"up": {"uv": [0, 0, 0.1, 0.14142], "rotation": 90, "texture": "#3"},
				"down": {"uv": [0, 0, 0.1, 0.14142], "rotation": 270, "texture": "#3"}
			}
		},
		{
			"from": [7.92929, 5, 7.78787],
			"to": [8.07072, 6.2, 7.88787],
			"rotation": {"angle": -45, "axis": "y", "origin": [8, 0, 8]},
			"faces": {
				"north": {"uv": [0, 0, 0.14142, 1.2], "texture": "#3"},
				"east": {"uv": [0, 0, 0.1, 1.2], "texture": "#3"},
				"south": {"uv": [0, 0, 0.14142, 1.2], "texture": "#3"},
				"west": {"uv": [0, 0, 0.1, 1.2], "texture": "#3"},
				"up": {"uv": [0, 0, 0.1, 0.14142], "rotation": 90, "texture": "#3"},
				"down": {"uv": [0, 0, 0.1, 0.14142], "rotation": 270, "texture": "#3"}
			}
		},
		{
			"from": [7.92928, 5, 8.11213],
			"to": [8.07071, 6.2, 8.21213],
			"rotation": {"angle": -45, "axis": "y", "origin": [8, 0, 8]},
			"faces": {
				"north": {"uv": [0, 0, 0.14142, 1.2], "texture": "#3"},
				"east": {"uv": [0, 0, 0.1, 1.2], "texture": "#3"},
				"south": {"uv": [0, 0, 0.14142, 1.2], "texture": "#3"},
				"west": {"uv": [0, 0, 0.1, 1.2], "texture": "#3"},
				"up": {"uv": [0, 0, 0.1, 0.14142], "rotation": 90, "texture": "#3"},
				"down": {"uv": [0, 0, 0.1, 0.14142], "rotation": 270, "texture": "#3"}
			}
		},
		{
			"from": [7.85, 0.7, 7.7],
			"to": [8.15, 4.7, 8.3],
			"rotation": {"angle": 0, "axis": "y", "origin": [8, 0, 8]},
			"faces": {
				"north": {"uv": [0, 0, 0.3, 4], "texture": "#1"},
				"east": {"uv": [0, 0, 0.6, 4], "texture": "#1"},
				"south": {"uv": [0, 0, 0.3, 4], "texture": "#1"},
				"west": {"uv": [0, 0, 0.6, 4], "texture": "#1"},
				"up": {"uv": [0, 0, 0.6, 0.3], "rotation": 90, "texture": "#1"},
				"down": {"uv": [0, 0, 0.6, 0.3], "rotation": 270, "texture": "#1"}
			}
		},
		{
			"from": [7.85, 4.7, 7.6],
			"to": [8.15, 5, 8.4],
			"rotation": {"angle": 0, "axis": "y", "origin": [8, 0, 8]},
			"faces": {
				"north": {"uv": [2, 1, 2.3, 1.3], "texture": "#4"},
				"east": {"uv": [2, 1, 2.8, 1.3], "texture": "#4"},
				"south": {"uv": [2, 1, 2.3, 1.3], "texture": "#4"},
				"west": {"uv": [2, 1, 2.8, 1.3], "texture": "#4"},
				"up": {"uv": [2, 1, 2.8, 1.3], "rotation": 90, "texture": "#4"},
				"down": {"uv": [2, 1, 2.8, 1.3], "rotation": 270, "texture": "#4"}
			}
		},
		{
			"from": [7.6, 4.7, 7.85],
			"to": [8.4, 5, 8.15],
			"rotation": {"angle": 0, "axis": "y", "origin": [8, 0, 8]},
			"faces": {
				"north": {"uv": [2, 1, 2.8, 1.3], "texture": "#4"},
				"east": {"uv": [2, 1, 2.3, 1.3], "texture": "#4"},
				"south": {"uv": [2, 1, 2.8, 1.3], "texture": "#4"},
				"west": {"uv": [2, 1, 2.3, 1.3], "texture": "#4"},
				"up": {"uv": [2, 1, 2.3, 1.8], "rotation": 90, "texture": "#4"},
				"down": {"uv": [2, 1, 2.3, 1.8], "rotation": 270, "texture": "#4"}
			}
		},
		{
			"from": [8.08891, 4.7, 7.82322],
			"to": [8.38891, 5, 8.17678],
			"rotation": {"angle": 45, "axis": "y", "origin": [8, 0, 8]},
			"faces": {
				"north": {"uv": [2, 1, 2.3, 1.3], "texture": "#4"},
				"east": {"uv": [2, 1, 2.35355, 1.3], "texture": "#4"},
				"south": {"uv": [2, 1, 2.3, 1.3], "texture": "#4"},
				"west": {"uv": [2, 1, 2.35355, 1.3], "texture": "#4"},
				"up": {"uv": [2, 1, 2.3, 1.35355], "texture": "#4"},
				"down": {"uv": [2, 1, 2.3, 1.35355], "texture": "#4"}
			}
		},
		{
			"from": [7.61109, 4.7, 7.82322],
			"to": [7.91109, 5, 8.17678],
			"rotation": {"angle": -45, "axis": "y", "origin": [8, 0, 8]},
			"faces": {
				"north": {"uv": [2, 1, 2.3, 1.3], "texture": "#4"},
				"east": {"uv": [2, 1, 2.35355, 1.3], "texture": "#4"},
				"south": {"uv": [2, 1, 2.3, 1.3], "texture": "#4"},
				"west": {"uv": [2, 1, 2.35355, 1.3], "texture": "#4"},
				"up": {"uv": [2, 1, 2.3, 1.35355], "texture": "#4"},
				"down": {"uv": [2, 1, 2.3, 1.35355], "texture": "#4"}
			}
		},
		{
			"from": [7.82323, 4.7, 8.08891],
			"to": [8.17678, 5, 8.38891],
			"rotation": {"angle": -45, "axis": "y", "origin": [8, 0, 8]},
			"faces": {
				"north": {"uv": [2, 1, 2.35355, 1.3], "texture": "#4"},
				"east": {"uv": [2, 1, 2.3, 1.3], "texture": "#4"},
				"south": {"uv": [2, 1, 2.35355, 1.3], "texture": "#4"},
				"west": {"uv": [2, 1, 2.3, 1.3], "texture": "#4"},
				"up": {"uv": [2, 1, 2.3, 1.35355], "rotation": 90, "texture": "#4"},
				"down": {"uv": [2, 1, 2.3, 1.35355], "rotation": 270, "texture": "#4"}
			}
		},
		{
			"from": [8.08891, 4.7, 7.82322],
			"to": [8.38891, 5, 8.17678],
			"rotation": {"angle": -45, "axis": "y", "origin": [8, 0, 8]},
			"faces": {
				"north": {"uv": [2, 1, 2.3, 1.3], "texture": "#4"},
				"east": {"uv": [2, 1, 2.35355, 1.3], "texture": "#4"},
				"south": {"uv": [2, 1, 2.3, 1.3], "texture": "#4"},
				"west": {"uv": [2, 1, 2.35355, 1.3], "texture": "#4"},
				"up": {"uv": [2, 1, 2.3, 1.35355], "rotation": 180, "texture": "#4"},
				"down": {"uv": [2, 1, 2.3, 1.35355], "rotation": 180, "texture": "#4"}
			}
		},
		{
			"from": [7.9, 5, 7.8],
			"to": [8.1, 6.2, 8.2],
			"rotation": {"angle": 0, "axis": "y", "origin": [8, 0, 8]},
			"faces": {
				"north": {"uv": [0, 0, 0.2, 1.2], "texture": "#3"},
				"east": {"uv": [0, 0, 0.4, 1.2], "texture": "#3"},
				"south": {"uv": [0, 0, 0.2, 1.2], "texture": "#3"},
				"west": {"uv": [0, 0, 0.4, 1.2], "texture": "#3"},
				"up": {"uv": [0, 0, 0.4, 0.2], "rotation": 90, "texture": "#3"},
				"down": {"uv": [0, 0, 0.4, 0.2], "rotation": 270, "texture": "#3"}
			}
		},
		{
			"from": [7.89393, 0.7, 8.1182],
			"to": [8.10606, 4.7, 8.3182],
			"rotation": {"angle": -45, "axis": "y", "origin": [8, 0, 8]},
			"faces": {
				"north": {"uv": [0, 0, 0.21213, 4], "texture": "#1"},
				"east": {"uv": [0, 0, 0.2, 4], "texture": "#1"},
				"south": {"uv": [0, 0, 0.21213, 4], "texture": "#1"},
				"west": {"uv": [0, 0, 0.2, 4], "texture": "#1"},
				"up": {"uv": [0, 0, 0.21213, 0.2], "texture": "#1"},
				"down": {"uv": [0, 0, 0.21213, 0.2], "texture": "#1"}
			}
		},
		{
			"from": [7.89394, 0.7, 7.68181],
			"to": [8.10607, 4.7, 7.88181],
			"rotation": {"angle": -45, "axis": "y", "origin": [8, 0, 8]},
			"faces": {
				"north": {"uv": [0, 0, 0.21213, 4], "texture": "#1"},
				"east": {"uv": [0, 0, 0.2, 4], "texture": "#1"},
				"south": {"uv": [0, 0, 0.21213, 4], "texture": "#1"},
				"west": {"uv": [0, 0, 0.2, 4], "texture": "#1"},
				"up": {"uv": [0, 0, 0.21213, 0.2], "texture": "#1"},
				"down": {"uv": [0, 0, 0.21213, 0.2], "texture": "#1"}
			}
		},
		{
			"from": [7.68181, 0.7, 7.89393],
			"to": [7.88181, 4.7, 8.10606],
			"rotation": {"angle": -45, "axis": "y", "origin": [8, 0, 8]},
			"faces": {
				"north": {"uv": [0, 0, 0.2, 4], "texture": "#1"},
				"east": {"uv": [0, 0, 0.21213, 4], "texture": "#1"},
				"south": {"uv": [0, 0, 0.2, 4], "texture": "#1"},
				"west": {"uv": [0, 0, 0.21213, 4], "texture": "#1"},
				"up": {"uv": [0, 0, 0.21213, 0.2], "rotation": 90, "texture": "#1"},
				"down": {"uv": [0, 0, 0.21213, 0.2], "rotation": 270, "texture": "#1"}
			}
		},
		{
			"from": [8.11819, 0.7, 7.89394],
			"to": [8.31819, 4.7, 8.10607],
			"rotation": {"angle": -45, "axis": "y", "origin": [8, 0, 8]},
			"faces": {
				"north": {"uv": [0, 0, 0.2, 4], "texture": "#1"},
				"east": {"uv": [0, 0, 0.21213, 4], "texture": "#1"},
				"south": {"uv": [0, 0, 0.2, 4], "texture": "#1"},
				"west": {"uv": [0, 0, 0.21213, 4], "texture": "#1"},
				"up": {"uv": [0, 0, 0.21213, 0.2], "rotation": 90, "texture": "#1"},
				"down": {"uv": [0, 0, 0.21213, 0.2], "rotation": 270, "texture": "#1"}
			}
		},
		{
			"from": [7.5, 6.2, 7.5],
			"to": [8.5, 7.2, 8.5],
			"rotation": {"angle": 0, "axis": "y", "origin": [8, 0, 8]},
			"faces": {
				"north": {"uv": [1, 1, 6, 6], "rotation": 90, "texture": "#0"},
				"east": {"uv": [1, 1, 6, 6], "rotation": 90, "texture": "#0"},
				"south": {"uv": [1, 1, 6, 6], "rotation": 90, "texture": "#0"},
				"west": {"uv": [1, 1, 6, 6], "rotation": 90, "texture": "#0"},
				"up": {"uv": [1, 1, 6, 6], "rotation": 90, "texture": "#0"},
				"down": {"uv": [1, 1, 6, 6], "rotation": 90, "texture": "#0"}
			}
		},
		{
			"from": [7.7, 6.4, 10],
			"to": [8.3, 7, 10.1],
			"rotation": {"angle": 0, "axis": "y", "origin": [8, 0, 8]},
			"faces": {
				"north": {"uv": [0, 0, 0.6, 0.6], "texture": "#0"},
				"east": {"uv": [1, 1, 1.1, 1.14142], "rotation": 90, "texture": "#0"},
				"south": {"uv": [1, 1, 6.6, 6.6], "texture": "#0"},
				"west": {"uv": [1, 1, 1.1, 1.14142], "rotation": 90, "texture": "#0"},
				"up": {"uv": [0, 0, 0.1, 0.6], "rotation": 90, "texture": "#0"},
				"down": {"uv": [0, 0, 0.1, 0.6], "rotation": 270, "texture": "#0"}
			}
		},
		{
			"from": [7.7, 6.4, 9],
			"to": [8.3, 7, 9.1],
			"rotation": {"angle": 0, "axis": "y", "origin": [8, 0, 8]},
			"faces": {
				"north": {"uv": [1, 1, 1.6, 1.6], "texture": "#0"},
				"east": {"uv": [1, 1, 1.1, 1.14142], "rotation": 90, "texture": "#0"},
				"south": {"uv": [0, 0, 0.6, 0.6], "texture": "#0"},
				"west": {"uv": [1, 1, 1.1, 1.14142], "rotation": 90, "texture": "#0"},
				"up": {"uv": [0, 0, 0.1, 0.6], "rotation": 90, "texture": "#0"},
				"down": {"uv": [0, 0, 0.1, 0.6], "rotation": 270, "texture": "#0"}
			}
		},
		{
			"from": [7.7, 4.14264, 13.65686],
			"to": [8.3, 4.24264, 13.79828],
			"rotation": {"angle": -45, "axis": "x", "origin": [8, 0, 8]},
			"faces": {
				"north": {"uv": [0, 0, 0.1, 0.6], "rotation": 90, "texture": "#0"},
				"east": {"uv": [1, 1, 1.1, 1.14142], "rotation": 90, "texture": "#0"},
				"south": {"uv": [0, 0, 0.1, 0.6], "rotation": 90, "texture": "#0"},
				"west": {"uv": [1, 1, 1.1, 1.14142], "rotation": 90, "texture": "#0"},
				"up": {"uv": [1, 1, 3.6, 3.1414], "rotation": 180, "texture": "#0"},
				"down": {"uv": [0, 0, 0.6, 0.14142], "texture": "#0"}
			}
		},
		{
			"from": [7.7, 5.86899, 4.85944],
			"to": [8.3, 6.01041, 4.95944],
			"rotation": {"angle": 45, "axis": "x", "origin": [8, 0, 8]},
			"faces": {
				"north": {"uv": [0, 0, 0.6, 0.14142], "rotation": 180, "texture": "#0"},
				"east": {"uv": [1, 1, 1.1, 1.14142], "rotation": 90, "texture": "#0"},
				"south": {"uv": [1, 1, 3.6, 3.1414], "rotation": 180, "texture": "#0"},
				"west": {"uv": [1, 1, 1.1, 1.14142], "rotation": 90, "texture": "#0"},
				"up": {"uv": [0, 0, 0.1, 0.6], "rotation": 270, "texture": "#0"},
				"down": {"uv": [0, 0, 0.1, 0.6], "rotation": 90, "texture": "#0"}
			}
		},
		{
			"from": [7.7, 6.33467, 4.39376],
			"to": [8.3, 6.43467, 4.53518],
			"rotation": {"angle": 45, "axis": "x", "origin": [8, 0, 8]},
			"faces": {
				"north": {"uv": [0, 0, 0.1, 0.6], "rotation": 90, "texture": "#0"},
				"east": {"uv": [1, 1, 1.1, 1.14142], "rotation": 90, "texture": "#0"},
				"south": {"uv": [0, 0, 0.1, 0.6], "rotation": 90, "texture": "#0"},
				"west": {"uv": [1, 1, 1.1, 1.14142], "rotation": 90, "texture": "#0"},
				"up": {"uv": [1, 1, 3.6, 3.1414], "rotation": 180, "texture": "#0"},
				"down": {"uv": [0, 0, 0.6, 0.14142], "texture": "#0"}
			}
		},
		{
			"from": [7.7, 5.23259, 4.18162],
			"to": [8.3, 5.33259, 4.32304],
			"rotation": {"angle": 45, "axis": "x", "origin": [8, 0, 8]},
			"faces": {
				"north": {"uv": [0, 0, 0.1, 0.6], "rotation": 90, "texture": "#0"},
				"east": {"uv": [1, 1, 1.1, 1.14142], "rotation": 90, "texture": "#0"},
				"south": {"uv": [0, 0, 0.1, 0.6], "rotation": 90, "texture": "#0"},
				"west": {"uv": [1, 1, 1.1, 1.14142], "rotation": 90, "texture": "#0"},
				"up": {"uv": [0, 0, 0.6, 0.14142], "rotation": 180, "texture": "#0"},
				"down": {"uv": [1, 1, 3.6, 3.1414], "texture": "#0"}
			}
		},
		{
			"from": [7.7, 6.3, 9.1],
			"to": [8.3, 7.1, 10],
			"rotation": {"angle": 0, "axis": "y", "origin": [8, 0, 8]},
			"faces": {
				"north": {"uv": [0, 0, 5.9, 5.1], "texture": "#0"},
				"east": {"uv": [1, 1, 6.9, 6.1], "texture": "#0"},
				"south": {"uv": [0, 0, 5.9, 5.1], "texture": "#0"},
				"west": {"uv": [1, 1, 6.9, 6.1], "texture": "#0"},
				"up": {"uv": [1, 1, 6.9, 6.6], "rotation": 90, "texture": "#0"},
				"down": {"uv": [1, 1, 6.9, 6.6], "rotation": 270, "texture": "#0"}
			}
		},
		{
			"from": [7.9, 6.45, 8.5],
			"to": [8.1, 6.95, 9],
			"rotation": {"angle": 0, "axis": "y", "origin": [8, 0, 8]},
			"faces": {
				"north": {"uv": [0, 0, 0.2, 0.5], "texture": "#0"},
				"east": {"uv": [0, 0, 0.5, 0.5], "texture": "#0"},
				"south": {"uv": [0, 0, 0.2, 0.5], "texture": "#0"},
				"west": {"uv": [0, 0, 0.5, 0.5], "texture": "#0"},
				"up": {"uv": [1, 1, 2.5, 2.2], "rotation": 90, "texture": "#0"},
				"down": {"uv": [1, 1, 2.5, 2.2], "rotation": 270, "texture": "#0"}
			}
		},
		{
			"from": [7.75, 6.6, 8.5],
			"to": [8.25, 6.8, 9],
			"rotation": {"angle": 0, "axis": "y", "origin": [8, 0, 8]},
			"faces": {
				"north": {"uv": [0, 0, 0.5, 0.2], "texture": "#0"},
				"east": {"uv": [1, 1, 2.5, 2.2], "texture": "#0"},
				"south": {"uv": [0, 0, 0.5, 0.2], "texture": "#0"},
				"west": {"uv": [1, 1, 2.5, 2.2], "texture": "#0"},
				"up": {"uv": [0, 0, 0.5, 0.5], "rotation": 90, "texture": "#0"},
				"down": {"uv": [0, 0, 0.5, 0.5], "rotation": 270, "texture": "#0"}
			}
		},
		{
			"from": [3.0149, 4.63155, 8.5],
			"to": [3.1399, 4.84368, 9],
			"rotation": {"angle": -45, "axis": "z", "origin": [8, 0, 8]},
			"faces": {
				"north": {"uv": [0, 0, 0.21213, 0.125], "rotation": 270, "texture": "#0"},
				"east": {"uv": [0, 0, 0.5, 0.21213], "rotation": 180, "texture": "#0"},
				"south": {"uv": [0, 0, 0.21213, 0.125], "rotation": 90, "texture": "#0"},
				"west": {"uv": [1, 1, 2.5, 2.2121], "texture": "#0"},
				"up": {"uv": [0, 0, 0.5, 0.125], "rotation": 90, "texture": "#0"},
				"down": {"uv": [0, 0, 0.5, 0.125], "rotation": 90, "texture": "#0"}
			}
		},
		{
			"from": [12.86011, 4.63155, 8.5],
			"to": [12.98511, 4.84368, 9],
			"rotation": {"angle": 45, "axis": "z", "origin": [8, 0, 8]},
			"faces": {
				"north": {"uv": [0, 0, 0.21213, 0.125], "rotation": 270, "texture": "#0"},
				"east": {"uv": [1, 1, 2.5, 2.2121], "rotation": 180, "texture": "#0"},
				"south": {"uv": [0, 0, 0.21213, 0.125], "rotation": 90, "texture": "#0"},
				"west": {"uv": [0, 0, 0.5, 0.21213], "texture": "#0"},
				"up": {"uv": [0, 0, 0.5, 0.125], "rotation": 90, "texture": "#0"},
				"down": {"uv": [0, 0, 0.5, 0.125], "rotation": 90, "texture": "#0"}
			}
		},
		{
			"from": [12.49013, 4.63155, 8.5],
			"to": [12.61513, 4.84368, 9],
			"rotation": {"angle": 45, "axis": "z", "origin": [8, 0, 8]},
			"faces": {
				"north": {"uv": [0, 0, 0.21213, 0.125], "rotation": 270, "texture": "#0"},
				"east": {"uv": [0, 0, 0.5, 0.21213], "rotation": 180, "texture": "#0"},
				"south": {"uv": [0, 0, 0.21213, 0.125], "rotation": 90, "texture": "#0"},
				"west": {"uv": [1, 1, 2.5, 2.21213], "texture": "#0"},
				"up": {"uv": [0, 0, 0.5, 0.125], "rotation": 90, "texture": "#0"},
				"down": {"uv": [0, 0, 0.5, 0.125], "rotation": 90, "texture": "#0"}
			}
		},
		{
			"from": [3.38488, 4.63155, 8.5],
			"to": [3.50988, 4.84369, 9],
			"rotation": {"angle": -45, "axis": "z", "origin": [8, 0, 8]},
			"faces": {
				"north": {"uv": [0, 0, 0.21213, 0.125], "rotation": 270, "texture": "#0"},
				"east": {"uv": [1, 1, 2.5, 2.21213], "rotation": 180, "texture": "#0"},
				"south": {"uv": [0, 0, 0.21213, 0.125], "rotation": 90, "texture": "#0"},
				"west": {"uv": [0, 0, 0.5, 0.21213], "texture": "#0"},
				"up": {"uv": [0, 0, 0.5, 0.125], "rotation": 90, "texture": "#0"},
				"down": {"uv": [0, 0, 0.5, 0.125], "rotation": 90, "texture": "#0"}
			}
		},
		{
			"from": [7.99169, 6.3, 6.4243],
			"to": [8.26669, 7.1, 7.6243],
			"rotation": {"angle": 0, "axis": "y", "origin": [8, 0, 8]},
			"faces": {
				"north": {"uv": [0, 0, 0.275, 0.8], "texture": "#0"},
				"east": {"uv": [1, 1, 2.2, 1.8], "texture": "#0"},
				"south": {"uv": [0, 0, 0.275, 0.8], "texture": "#0"},
				"west": {"uv": [0, 0, 1.2, 0.8], "texture": "#0"},
				"up": {"uv": [1, 1, 3.2, 2.275], "rotation": 90, "texture": "#0"},
				"down": {"uv": [1, 1, 3.2, 2.275], "rotation": 90, "texture": "#0"}
			}
		},
		{
			"from": [7.73331, 6.3, 6.4243],
			"to": [8.00831, 7.1, 7.6243],
			"rotation": {"angle": 0, "axis": "y", "origin": [8, 0, 8]},
			"faces": {
				"north": {"uv": [0, 0, 0.275, 0.8], "texture": "#0"},
				"east": {"uv": [0, 0, 1.2, 0.8], "texture": "#0"},
				"south": {"uv": [0, 0, 0.275, 0.8], "texture": "#0"},
				"west": {"uv": [1, 1, 2.2, 1.8], "texture": "#0"},
				"up": {"uv": [1, 1, 3.2, 2.275], "rotation": 180, "texture": "#0"},
				"down": {"uv": [1, 1, 3.2, 2.275], "rotation": 270, "texture": "#0"}
			}
		},
		{
			"from": [7.4, 6.3, 6],
			"to": [8.6, 7.1, 6.5],
			"rotation": {"angle": 0, "axis": "y", "origin": [8, 0, 8]},
			"faces": {
				"north": {"uv": [12, 14, 14.2, 15.8], "texture": "#0"},
				"east": {"uv": [12, 13, 13.5, 14.8], "texture": "#0"},
				"south": {"uv": [12, 14, 13.2, 14.8], "texture": "#0"},
				"west": {"uv": [12, 13, 12.5, 13.8], "texture": "#0"},
				"up": {"uv": [0, 0, 0.5, 1.2], "rotation": 90, "texture": "#0"},
				"down": {"uv": [0, 0, 0.5, 1.2], "rotation": 270, "texture": "#0"}
			}
		},
		{
			"from": [7.6, 7.1, 6],
			"to": [8.4, 7.3, 6.5],
			"rotation": {"angle": 0, "axis": "y", "origin": [8, 0, 8]},
			"faces": {
				"north": {"uv": [13, 14, 13.8, 14.2], "texture": "#0"},
				"east": {"uv": [0, 0, 0.5, 0.2], "texture": "#0"},
				"south": {"uv": [13, 14, 13.8, 14.2], "texture": "#0"},
				"west": {"uv": [0, 0, 0.5, 0.2], "texture": "#0"},
				"up": {"uv": [13, 14, 13.5, 14.8], "rotation": 90, "texture": "#0"},
				"down": {"uv": [0, 0, 0.5, 0.8], "rotation": 270, "texture": "#0"}
			}
		},
		{
			"from": [7.6, 6.1, 6],
			"to": [8.4, 6.3, 6.5],
			"rotation": {"angle": 0, "axis": "y", "origin": [8, 0, 8]},
			"faces": {
				"north": {"uv": [12, 14, 12.8, 14.2], "texture": "#0"},
				"east": {"uv": [0, 0, 0.5, 0.2], "texture": "#0"},
				"south": {"uv": [12, 14, 12.8, 14.2], "texture": "#0"},
				"west": {"uv": [0, 0, 0.5, 0.2], "texture": "#0"},
				"up": {"uv": [0, 0, 0.5, 0.8], "rotation": 90, "texture": "#0"},
				"down": {"uv": [13, 14, 13.5, 14.8], "rotation": 270, "texture": "#0"}
			}
		},
		{
			"from": [12.59619, 4.03051, 6],
			"to": [12.87904, 4.23051, 6.5],
			"rotation": {"angle": 45, "axis": "z", "origin": [8, 0, 8]},
			"faces": {
				"north": {"uv": [13, 13, 13.28284, 13.2], "texture": "#0"},
				"east": {"uv": [0, 0, 0.5, 0.2], "texture": "#0"},
				"south": {"uv": [13, 13, 13.28284, 13.2], "texture": "#0"},
				"west": {"uv": [0, 0, 0.5, 0.2], "texture": "#0"},
				"up": {"uv": [0, 0, 0.5, 0.28284], "rotation": 90, "texture": "#0"},
				"down": {"uv": [12, 13, 12.5, 13.28284], "rotation": 270, "texture": "#0"}
			}
		},
		{
			"from": [12.5962, 5.24472, 6],
			"to": [12.87904, 5.44472, 6.5],
			"rotation": {"angle": 45, "axis": "z", "origin": [8, 0, 8]},
			"faces": {
				"north": {"uv": [13, 14, 13.28284, 14.2], "texture": "#0"},
				"east": {"uv": [0, 0, 0.5, 0.2], "texture": "#0"},
				"south": {"uv": [13, 14, 13.28284, 14.2], "texture": "#0"},
				"west": {"uv": [0, 0, 0.5, 0.2], "texture": "#0"},
				"up": {"uv": [13, 14, 13.5, 14.28284], "rotation": 90, "texture": "#0"},
				"down": {"uv": [0, 0, 0.5, 0.28284], "rotation": 270, "texture": "#0"}
			}
		},
		{
			"from": [12.03051, 4.5962, 6],
			"to": [12.23051, 4.87904, 6.5],
			"rotation": {"angle": 45, "axis": "z", "origin": [8, 0, 8]},
			"faces": {
				"north": {"uv": [12, 14, 12.28284, 14.2], "rotation": 90, "texture": "#0"},
				"east": {"uv": [0, 0, 0.5, 0.28284], "rotation": 180, "texture": "#0"},
				"south": {"uv": [12, 14, 12.28284, 14.2], "rotation": 270, "texture": "#0"},
				"west": {"uv": [13, 14, 13.5, 14.28284], "texture": "#0"},
				"up": {"uv": [0, 0, 0.5, 0.2], "rotation": 270, "texture": "#0"},
				"down": {"uv": [0, 0, 0.5, 0.2], "rotation": 270, "texture": "#0"}
			}
		},
		{
			"from": [13.24472, 4.59619, 6],
			"to": [13.44472, 4.87904, 6.5],
			"rotation": {"angle": 45, "axis": "z", "origin": [8, 0, 8]},
			"faces": {
				"north": {"uv": [14, 14, 14.28284, 14.2], "rotation": 90, "texture": "#0"},
				"east": {"uv": [12, 14, 12.5, 14.28284], "rotation": 180, "texture": "#0"},
				"south": {"uv": [12, 14, 12.28284, 14.2], "rotation": 270, "texture": "#0"},
				"west": {"uv": [0, 0, 0.5, 0.28284], "texture": "#0"},
				"up": {"uv": [0, 0, 0.5, 0.2], "rotation": 270, "texture": "#0"},
				"down": {"uv": [0, 0, 0.5, 0.2], "rotation": 270, "texture": "#0"}
			}
		},
		{
			"from": [7.67052, 6.3, 6.46111],
			"to": [7.79552, 7.1, 6.86111],
			"rotation": {"angle": -22.5, "axis": "y", "origin": [8, 0, 8]},
			"faces": {
				"north": {"uv": [0, 0, 0.3, 0.8], "texture": "#0"},
				"east": {"uv": [1, 1, 1.8, 1.8], "texture": "#0"},
				"south": {"uv": [0, 0, 0.3, 0.8], "texture": "#0"},
				"west": {"uv": [0, 0, 0.8, 0.8], "texture": "#0"},
				"up": {"uv": [1, 1, 1.3, 1.8], "texture": "#0"},
				"down": {"uv": [1, 1, 1.3, 1.8], "texture": "#0"}
			}
		},
		{
			"from": [8.20447, 6.3, 6.46111],
			"to": [8.32947, 7.1, 6.86111],
			"rotation": {"angle": 22.5, "axis": "y", "origin": [8, 0, 8]},
			"faces": {
				"north": {"uv": [0, 0, 0.3, 0.8], "texture": "#0"},
				"east": {"uv": [0, 0, 0.8, 0.8], "texture": "#0"},
				"south": {"uv": [0, 0, 0.3, 0.8], "texture": "#0"},
				"west": {"uv": [1, 1, 1.8, 1.8], "texture": "#0"},
				"up": {"uv": [1, 1, 1.3, 1.8], "texture": "#0"},
				"down": {"uv": [1, 1, 1.3, 1.8], "texture": "#0"}
			}
		}
	],
	"display": {
		"thirdperson_righthand": {
			"translation": [0, 9.75, 1.25],
			"scale": [2, 2, 2]
		},
		"thirdperson_lefthand": {
			"translation": [0, 9.75, 1.25],
			"scale": [2, 2, 2]
		},
		"firstperson_righthand": {
			"translation": [0, 11.5, 0],
			"scale": [2, 2, 2]
		},
		"firstperson_lefthand": {
			"translation": [0, 11.5, 0],
			"scale": [2, 2, 2]
		},
		"ground": {
			"translation": [0, 11.75, 0],
			"scale": [2, 2, 2]
		},
		"gui": {
			"rotation": [90, 45, -90],
			"translation": [-3.5, 5.75, 0],
			"scale": [2, 2, 2]
		},
		"fixed": {
			"rotation": [90, -45, 90],
			"translation": [-6, 6, 0],
			"scale": [2, 2, 2]
		}
	}
}