{
	"credit": "Made with Blockbench",
	"textures": {
		"1": "items/3d/entity01"
	},
	"elements": [
		{
			"from": [4, 7, 8],
			"to": [4, 22, 16],
			"rotation": {"angle": -45, "axis": "z", "origin": [4, 7.5, 12]},
			"faces": {
				"north": {"uv": [0, 0, 0, 15], "texture": "#1"},
				"east": {"uv": [8, 0, 0, 15], "texture": "#1"},
				"south": {"uv": [0, 0, 0, 15], "texture": "#1"},
				"west": {"uv": [8, 0, 0, 15], "texture": "#1"},
				"up": {"uv": [0, 0, 0, 8], "texture": "#1"},
				"down": {"uv": [0, 0, 0, 8], "texture": "#1"}
			}
		},
		{
			"from": [12, 7, 8],
			"to": [12, 22, 16],
			"rotation": {"angle": 45, "axis": "z", "origin": [12, 7.5, 12]},
			"faces": {
				"north": {"uv": [0, 0, 0, 15], "texture": "#1"},
				"east": {"uv": [0, 0, 8, 15], "texture": "#1"},
				"south": {"uv": [0, 0, 0, 15], "texture": "#1"},
				"west": {"uv": [0, 0, 8, 15], "texture": "#1"},
				"up": {"uv": [0, 0, 0, 8], "texture": "#1"},
				"down": {"uv": [0, 0, 0, 8], "texture": "#1"}
			}
		},
		{
			"from": [8, 11, 8],
			"to": [8, 28, 16],
			"rotation": {"angle": -22.5, "axis": "x", "origin": [8, 11.5, 12]},
			"faces": {
				"north": {"uv": [0, 0, 0, 16], "texture": "#1"},
				"east": {"uv": [0, 0, 8, 16], "texture": "#1"},
				"south": {"uv": [0, 0, 0, 16], "texture": "#1"},
				"west": {"uv": [0, 0, 8, 16], "texture": "#1"},
				"up": {"uv": [0, 0, 0, 8], "rotation": 180, "texture": "#1"},
				"down": {"uv": [0, 0, 0, 8], "rotation": 180, "texture": "#1"}
			}
		},
		{
			"from": [4, 11, 12],
			"to": [12, 28, 12],
			"rotation": {"angle": -22.5, "axis": "x", "origin": [8, 11.5, 12]},
			"faces": {
				"north": {"uv": [0, 0, 8, 16], "texture": "#1"},
				"east": {"uv": [0, 0, 0, 16], "texture": "#1"},
				"south": {"uv": [0, 0, 8, 16], "texture": "#1"},
				"west": {"uv": [0, 0, 0, 16], "texture": "#1"},
				"up": {"uv": [0, 0, 0, 8], "rotation": 270, "texture": "#1"},
				"down": {"uv": [0, 0, 0, 8], "rotation": 90, "texture": "#1"}
			}
		},
		{
			"from": [7.5, 18.5, 5],
			"to": [24.5, 18.5, 13],
			"rotation": {"angle": -22.5, "axis": "z", "origin": [8, 18.5, 9]},
			"faces": {
				"north": {"uv": [0, 16, 0, 0], "rotation": 90, "texture": "#1"},
				"east": {"uv": [0, 8, 0, 0], "rotation": 270, "texture": "#1"},
				"south": {"uv": [0, 16, 0, 0], "rotation": 270, "texture": "#1"},
				"west": {"uv": [0, 8, 0, 0], "rotation": 270, "texture": "#1"},
				"up": {"uv": [0, 16, 8, 0], "rotation": 270, "texture": "#1"},
				"down": {"uv": [0, 16, 8, 0], "rotation": 270, "texture": "#1"}
			}
		},
		{
			"from": [-8.5, 18.5, 5],
			"to": [8.5, 18.5, 13],
			"rotation": {"angle": 22.5, "axis": "z", "origin": [8, 18.5, 9]},
			"faces": {
				"north": {"uv": [0, 0, 0, 16], "rotation": 90, "texture": "#1"},
				"east": {"uv": [0, 0, 0, 8], "rotation": 270, "texture": "#1"},
				"south": {"uv": [0, 0, 0, 16], "rotation": 270, "texture": "#1"},
				"west": {"uv": [0, 0, 0, 8], "rotation": 270, "texture": "#1"},
				"up": {"uv": [0, 0, 8, 16], "rotation": 270, "texture": "#1"},
				"down": {"uv": [0, 0, 8, 16], "rotation": 270, "texture": "#1"}
			}
		},
		{
			"from": [12, 0, 8],
			"to": [12, 17, 16],
			"rotation": {"angle": 0, "axis": "y", "origin": [16, 8.5, 12]},
			"faces": {
				"north": {"uv": [0, 0, 0, 16], "texture": "#1"},
				"east": {"uv": [0, 0, 8, 16], "texture": "#1"},
				"south": {"uv": [0, 0, 0, 16], "texture": "#1"},
				"west": {"uv": [0, 0, 8, 16], "texture": "#1"},
				"up": {"uv": [0, 0, 0, 8], "texture": "#1"},
				"down": {"uv": [0, 0, 0, 8], "texture": "#1"}
			}
		},
		{
			"from": [4, 0, 8],
			"to": [4, 17, 16],
			"rotation": {"angle": 0, "axis": "y", "origin": [0, 8.5, 12]},
			"faces": {
				"north": {"uv": [0, 0, 0, 16], "texture": "#1"},
				"east": {"uv": [8, 0, 0, 16], "texture": "#1"},
				"south": {"uv": [0, 0, 0, 16], "texture": "#1"},
				"west": {"uv": [8, 0, 0, 16], "texture": "#1"},
				"up": {"uv": [0, 0, 0, 8], "texture": "#1"},
				"down": {"uv": [0, 0, 0, 8], "texture": "#1"}
			}
		}
	],
	"display": {
		"head": {
			"translation": [0, -12.75, -15.25],
			"scale": [4, 4, 4]
		}
	},
	"groups": [
		{
			"name": "group",
			"origin": [12, 7.5, 12],
			"color": 0,
			"children": [0, 1]
		},
		{
			"name": "group",
			"origin": [8, 19.5, 12],
			"color": 0,
			"children": [2, 3]
		},
		{
			"name": "group",
			"origin": [8, 18.5, 12],
			"color": 0,
			"children": [4, 5]
		},
		{
			"name": "group",
			"origin": [0, 8.5, 12],
			"color": 0,
			"children": [6, 7]
		}
	]
}