{
	"credit": "Made with Blockbench",
	"textures": {
		"0": "blocks/furnace_side",
		"1": "blocks/furnace_top",
		"2": "blocks/hardened_clay_stained_cyan",
		"3": "blocks/anvil_base",
		"particle": "blocks/furnace_side"
	},
	"elements": [
		{
			"from": [1, 5, 16],
			"to": [13, 12, 16.25],
			"rotation": {"angle": 0, "axis": "y", "origin": [6.25, 8, 3.5]},
			"faces": {
				"north": {"uv": [0, 0, 10, 5], "texture": "#0"},
				"east": {"uv": [0, 0, 0.25, 5], "texture": "#0"},
				"south": {"uv": [0, 0, 16, 16], "texture": "#2"},
				"west": {"uv": [0, 0, 0.25, 5], "texture": "#0"},
				"up": {"uv": [0, 0, 10, 0.25], "rotation": 180, "texture": "#1"},
				"down": {"uv": [0, 0, 10, 0.25], "rotation": 180, "texture": "#missing"}
			}
		},
		{
			"from": [0, 0, 0],
			"to": [16, 16, 15],
			"rotation": {"angle": 0, "axis": "y", "origin": [6.25, 8, 3.5]},
			"faces": {
				"north": {"uv": [0, 0, 16, 16], "texture": "#0"},
				"east": {"uv": [0, 0, 16, 16], "texture": "#0"},
				"south": {"uv": [0, 0, 16, 16], "texture": "#1"},
				"west": {"uv": [0, 0, 16, 16], "texture": "#0"},
				"up": {"uv": [0, 0, 16, 16], "rotation": 180, "texture": "#1"},
				"down": {"uv": [0, 0, 16, 16], "rotation": 180, "texture": "#1"}
			}
		},
		{
			"from": [0, 0, 15],
			"to": [16, 16, 16],
			"rotation": {"angle": 0, "axis": "y", "origin": [6.25, 8, 3.5]},
			"faces": {
				"north": {"uv": [0, 0, 16, 16], "texture": "#3"},
				"east": {"uv": [0, 0, 1, 16], "texture": "#3"},
				"south": {"uv": [0, 0, 16, 16], "texture": "#1"},
				"west": {"uv": [0, 0, 1, 16], "texture": "#3"},
				"up": {"uv": [0, 0, 16, 1], "rotation": 180, "texture": "#3"},
				"down": {"uv": [0, 0, 16, 1], "rotation": 180, "texture": "#3"}
			}
		},
		{
			"from": [2, 8, 17],
			"to": [6, 9, 18],
			"rotation": {"angle": 0, "axis": "y", "origin": [6.25, 8, 3.5]},
			"faces": {
				"north": {"uv": [0, 0, 4, 1], "texture": "#3"},
				"east": {"uv": [0, 0, 1, 1], "texture": "#3"},
				"south": {"uv": [0, 0, 4, 1], "texture": "#3"},
				"west": {"uv": [0, 0, 1, 1], "texture": "#3"},
				"up": {"uv": [0, 0, 4, 1], "rotation": 180, "texture": "#3"},
				"down": {"uv": [0, 0, 4, 1], "rotation": 180, "texture": "#3"}
			}
		},
		{
			"from": [5, 8, 16],
			"to": [6, 9, 17],
			"rotation": {"angle": 0, "axis": "y", "origin": [6.25, 8, 3.5]},
			"faces": {
				"north": {"uv": [0, 0, 1, 1], "texture": "#2"},
				"east": {"uv": [0, 0, 1, 1], "texture": "#2"},
				"south": {"uv": [0, 0, 1, 1], "texture": "#2"},
				"west": {"uv": [0, 0, 1, 1], "texture": "#2"},
				"up": {"uv": [0, 0, 1, 1], "rotation": 180, "texture": "#2"},
				"down": {"uv": [0, 0, 1, 1], "rotation": 180, "texture": "#2"}
			}
		},
		{
			"from": [14.5, 11, 13.5],
			"to": [16.5, 13, 16.5],
			"rotation": {"angle": 0, "axis": "y", "origin": [6.25, 8, 3.5]},
			"faces": {
				"north": {"uv": [0, 0, 16, 16], "texture": "#2"},
				"east": {"uv": [0, 0, 16, 16], "texture": "#2"},
				"south": {"uv": [0, 0, 16, 16], "texture": "#2"},
				"west": {"uv": [0, 0, 16, 16], "texture": "#2"},
				"up": {"uv": [0, 0, 16, 16], "rotation": 180, "texture": "#2"},
				"down": {"uv": [0, 0, 16, 16], "rotation": 180, "texture": "#2"}
			}
		},
		{
			"from": [4.5, 7.5, 13.5],
			"to": [6.5, 9.5, 16.5],
			"rotation": {"angle": 0, "axis": "y", "origin": [6.25, 8, 3.5]},
			"faces": {
				"north": {"uv": [0, 0, 16, 16], "texture": "#2"},
				"east": {"uv": [0, 0, 16, 16], "texture": "#2"},
				"south": {"uv": [0, 0, 16, 16], "texture": "#2"},
				"west": {"uv": [0, 0, 16, 16], "texture": "#2"},
				"up": {"uv": [0, 0, 16, 16], "rotation": 180, "texture": "#2"},
				"down": {"uv": [0, 0, 16, 16], "rotation": 180, "texture": "#2"}
			}
		},
		{
			"from": [14.5, 3, 13.5],
			"to": [16.5, 5, 16.5],
			"rotation": {"angle": 0, "axis": "y", "origin": [6.25, 8, 3.5]},
			"faces": {
				"north": {"uv": [0, 0, 16, 16], "texture": "#2"},
				"east": {"uv": [0, 0, 16, 16], "texture": "#2"},
				"south": {"uv": [0, 0, 16, 16], "texture": "#2"},
				"west": {"uv": [0, 0, 16, 16], "texture": "#2"},
				"up": {"uv": [0, 0, 16, 16], "rotation": 180, "texture": "#2"},
				"down": {"uv": [0, 0, 16, 16], "rotation": 180, "texture": "#2"}
			}
		},
		{
			"from": [9, 6, 16],
			"to": [11, 10, 17],
			"rotation": {"angle": 0, "axis": "y", "origin": [6.25, 8, 3.5]},
			"faces": {
				"north": {"uv": [0, 0, 2, 4], "texture": "#3"},
				"east": {"uv": [0, 0, 1, 4], "texture": "#3"},
				"south": {"uv": [0, 0, 2, 4], "texture": "#3"},
				"west": {"uv": [0, 0, 1, 4], "texture": "#3"},
				"up": {"uv": [0, 0, 2, 1], "rotation": 180, "texture": "#3"},
				"down": {"uv": [0, 0, 2, 1], "rotation": 180, "texture": "#3"}
			}
		},
		{
			"from": [8, 7, 16],
			"to": [12, 9, 17],
			"rotation": {"angle": 0, "axis": "y", "origin": [6.25, 8, 3.5]},
			"faces": {
				"north": {"uv": [0, 0, 4, 2], "texture": "#3"},
				"east": {"uv": [0, 0, 1, 2], "texture": "#3"},
				"south": {"uv": [0, 0, 4, 2], "texture": "#3"},
				"west": {"uv": [0, 0, 1, 2], "texture": "#3"},
				"up": {"uv": [0, 0, 4, 1], "rotation": 180, "texture": "#3"},
				"down": {"uv": [0, 0, 4, 1], "rotation": 180, "texture": "#3"}
			}
		}
	],
	"display": {
		"thirdperson_righthand": {
			"scale": [0.5, 0.5, 0.5]
		},
		"ground": {
			"scale": [0.5, 0.5, 0.5]
		},
		"gui": {
			"rotation": [35, 45, 0],
			"scale": [0.55, 0.55, 0.55]
		}
	}
}