{
	"credit": "Made with Blockbench",
	"parent": "item/handheld",
	"textures": {
		"layer0": "items/0626"
	},
	"display": {
		"thirdperson_righthand": {
			"rotation": [0, -90, 45],
			"translation": [0, 1, -2],
			"scale": [2, 2, 1]
		},
		"thirdperson_lefthand": {
			"scale": [0, 0, 0]
		},
		"firstperson_righthand": {
			"rotation": [-40, -90, 0],
			"translation": [3, 2, 0],
			"scale": [2, 2, 1]
		},
		"firstperson_lefthand": {
			"scale": [0, 0, 0]
		},
		"ground": {
			"rotation": [90, 0, 0],
			"translation": [0, -3.25, 0],
			"scale": [2, 2, 1]
		},
		"gui": {
			"scale": [2, 2, 1]
		},
		"head": {
			"translation": [0, -16, 7.75],
			"scale": [2, 2, 1]
		}
	}
}