{
	"credit": "Made with Blockbench",
	"textures": {
		"0": "items/3d/halo (8)",
		"particle": "items/3d/halo (8)"
	},
	"elements": [
		{
			"name": "halo (8)_0",
			"from": [6.25, 0, 0.5],
			"to": [9.75, 0.25, 0.75],
			"faces": {
				"north": {"uv": [9.75, 0.5, 6.25, 0.75], "texture": "#0"},
				"east": {"uv": [9.5, 0.5, 9.75, 0.75], "rotation": 90, "texture": "#0"},
				"south": {"uv": [6.25, 0.5, 9.75, 0.75], "texture": "#0"},
				"west": {"uv": [6.25, 0.5, 6.5, 0.75], "rotation": 270, "texture": "#0"},
				"up": {"uv": [6.25, 0.5, 9.75, 0.75], "texture": "#0"},
				"down": {"uv": [6.25, 0.75, 9.75, 0.5], "texture": "#0"}
			}
		},
		{
			"name": "halo (8)_1",
			"from": [6.25, 0, 0.75],
			"to": [9.75, 0.25, 1],
			"faces": {
				"north": {"uv": [9.75, 0.75, 6.25, 1], "texture": "#0"},
				"east": {"uv": [9.5, 0.75, 9.75, 1], "rotation": 90, "texture": "#0"},
				"south": {"uv": [6.25, 0.75, 9.75, 1], "texture": "#0"},
				"west": {"uv": [6.25, 0.75, 6.5, 1], "rotation": 270, "texture": "#0"},
				"up": {"uv": [6.25, 0.75, 9.75, 1], "texture": "#0"},
				"down": {"uv": [6.25, 1, 9.75, 0.75], "texture": "#0"}
			}
		},
		{
			"name": "halo (8)_2",
			"from": [6.5, 0, 1],
			"to": [9.5, 0.25, 1.25],
			"faces": {
				"north": {"uv": [9.5, 1, 6.5, 1.25], "texture": "#0"},
				"east": {"uv": [9.25, 1, 9.5, 1.25], "rotation": 90, "texture": "#0"},
				"south": {"uv": [6.5, 1, 9.5, 1.25], "texture": "#0"},
				"west": {"uv": [6.5, 1, 6.75, 1.25], "rotation": 270, "texture": "#0"},
				"up": {"uv": [6.5, 1, 9.5, 1.25], "texture": "#0"},
				"down": {"uv": [6.5, 1.25, 9.5, 1], "texture": "#0"}
			}
		},
		{
			"name": "halo (8)_3",
			"from": [6.5, 0, 1.25],
			"to": [9.5, 0.25, 1.5],
			"faces": {
				"north": {"uv": [9.5, 1.25, 6.5, 1.5], "texture": "#0"},
				"east": {"uv": [9.25, 1.25, 9.5, 1.5], "rotation": 90, "texture": "#0"},
				"south": {"uv": [6.5, 1.25, 9.5, 1.5], "texture": "#0"},
				"west": {"uv": [6.5, 1.25, 6.75, 1.5], "rotation": 270, "texture": "#0"},
				"up": {"uv": [6.5, 1.25, 9.5, 1.5], "texture": "#0"},
				"down": {"uv": [6.5, 1.5, 9.5, 1.25], "texture": "#0"}
			}
		},
		{
			"name": "halo (8)_4",
			"from": [6.75, 0, 1.5],
			"to": [9.25, 0.25, 1.75],
			"faces": {
				"north": {"uv": [9.25, 1.5, 6.75, 1.75], "texture": "#0"},
				"east": {"uv": [9, 1.5, 9.25, 1.75], "rotation": 90, "texture": "#0"},
				"south": {"uv": [6.75, 1.5, 9.25, 1.75], "texture": "#0"},
				"west": {"uv": [6.75, 1.5, 7, 1.75], "rotation": 270, "texture": "#0"},
				"up": {"uv": [6.75, 1.5, 9.25, 1.75], "texture": "#0"},
				"down": {"uv": [6.75, 1.75, 9.25, 1.5], "texture": "#0"}
			}
		},
		{
			"name": "halo (8)_5",
			"from": [6.75, 0, 1.75],
			"to": [9.25, 0.25, 2],
			"faces": {
				"north": {"uv": [9.25, 1.75, 6.75, 2], "texture": "#0"},
				"east": {"uv": [9, 1.75, 9.25, 2], "rotation": 90, "texture": "#0"},
				"south": {"uv": [6.75, 1.75, 9.25, 2], "texture": "#0"},
				"west": {"uv": [6.75, 1.75, 7, 2], "rotation": 270, "texture": "#0"},
				"up": {"uv": [6.75, 1.75, 9.25, 2], "texture": "#0"},
				"down": {"uv": [6.75, 2, 9.25, 1.75], "texture": "#0"}
			}
		},
		{
			"name": "halo (8)_6",
			"from": [7, 0, 2],
			"to": [9, 0.25, 2.25],
			"faces": {
				"north": {"uv": [9, 2, 7, 2.25], "texture": "#0"},
				"east": {"uv": [8.75, 2, 9, 2.25], "rotation": 90, "texture": "#0"},
				"south": {"uv": [7, 2, 9, 2.25], "texture": "#0"},
				"west": {"uv": [7, 2, 7.25, 2.25], "rotation": 270, "texture": "#0"},
				"up": {"uv": [7, 2, 9, 2.25], "texture": "#0"},
				"down": {"uv": [7, 2.25, 9, 2], "texture": "#0"}
			}
		},
		{
			"name": "halo (8)_7",
			"from": [7, 0, 2.25],
			"to": [9, 0.25, 2.5],
			"faces": {
				"north": {"uv": [9, 2.25, 7, 2.5], "texture": "#0"},
				"east": {"uv": [8.75, 2.25, 9, 2.5], "rotation": 90, "texture": "#0"},
				"south": {"uv": [7, 2.25, 9, 2.5], "texture": "#0"},
				"west": {"uv": [7, 2.25, 7.25, 2.5], "rotation": 270, "texture": "#0"},
				"up": {"uv": [7, 2.25, 9, 2.5], "texture": "#0"},
				"down": {"uv": [7, 2.5, 9, 2.25], "texture": "#0"}
			}
		},
		{
			"name": "halo (8)_8",
			"from": [7.25, 0, 2.5],
			"to": [8.75, 0.25, 2.75],
			"faces": {
				"north": {"uv": [8.75, 2.5, 7.25, 2.75], "texture": "#0"},
				"east": {"uv": [8.5, 2.5, 8.75, 2.75], "rotation": 90, "texture": "#0"},
				"south": {"uv": [7.25, 2.5, 8.75, 2.75], "texture": "#0"},
				"west": {"uv": [7.25, 2.5, 7.5, 2.75], "rotation": 270, "texture": "#0"},
				"up": {"uv": [7.25, 2.5, 8.75, 2.75], "texture": "#0"},
				"down": {"uv": [7.25, 2.75, 8.75, 2.5], "texture": "#0"}
			}
		},
		{
			"name": "halo (8)_9",
			"from": [7.25, 0, 2.75],
			"to": [8.75, 0.25, 3],
			"faces": {
				"north": {"uv": [8.75, 2.75, 7.25, 3], "texture": "#0"},
				"east": {"uv": [8.5, 2.75, 8.75, 3], "rotation": 90, "texture": "#0"},
				"south": {"uv": [7.25, 2.75, 8.75, 3], "texture": "#0"},
				"west": {"uv": [7.25, 2.75, 7.5, 3], "rotation": 270, "texture": "#0"},
				"up": {"uv": [7.25, 2.75, 8.75, 3], "texture": "#0"},
				"down": {"uv": [7.25, 3, 8.75, 2.75], "texture": "#0"}
			}
		},
		{
			"name": "halo (8)_10",
			"from": [7.5, 0, 3],
			"to": [8.5, 0.25, 3.25],
			"faces": {
				"north": {"uv": [8.5, 3, 7.5, 3.25], "texture": "#0"},
				"east": {"uv": [8.25, 3, 8.5, 3.25], "rotation": 90, "texture": "#0"},
				"south": {"uv": [7.5, 3, 8.5, 3.25], "texture": "#0"},
				"west": {"uv": [7.5, 3, 7.75, 3.25], "rotation": 270, "texture": "#0"},
				"up": {"uv": [7.5, 3, 8.5, 3.25], "texture": "#0"},
				"down": {"uv": [7.5, 3.25, 8.5, 3], "texture": "#0"}
			}
		},
		{
			"name": "halo (8)_11",
			"from": [7.5, 0, 3.25],
			"to": [8.5, 0.25, 3.5],
			"faces": {
				"north": {"uv": [8.5, 3.25, 7.5, 3.5], "texture": "#0"},
				"east": {"uv": [8.25, 3.25, 8.5, 3.5], "rotation": 90, "texture": "#0"},
				"south": {"uv": [7.5, 3.25, 8.5, 3.5], "texture": "#0"},
				"west": {"uv": [7.5, 3.25, 7.75, 3.5], "rotation": 270, "texture": "#0"},
				"up": {"uv": [7.5, 3.25, 8.5, 3.5], "texture": "#0"},
				"down": {"uv": [7.5, 3.5, 8.5, 3.25], "texture": "#0"}
			}
		},
		{
			"name": "halo (8)_12",
			"from": [7.75, 0, 3.5],
			"to": [8.25, 0.25, 3.75],
			"faces": {
				"north": {"uv": [8.25, 3.5, 7.75, 3.75], "texture": "#0"},
				"east": {"uv": [8, 3.5, 8.25, 3.75], "rotation": 90, "texture": "#0"},
				"south": {"uv": [7.75, 3.5, 8.25, 3.75], "texture": "#0"},
				"west": {"uv": [7.75, 3.5, 8, 3.75], "rotation": 270, "texture": "#0"},
				"up": {"uv": [7.75, 3.5, 8.25, 3.75], "texture": "#0"},
				"down": {"uv": [7.75, 3.75, 8.25, 3.5], "texture": "#0"}
			}
		},
		{
			"name": "halo (8)_13",
			"from": [7.75, 0, 3.75],
			"to": [8.25, 0.25, 4],
			"faces": {
				"north": {"uv": [8.25, 3.75, 7.75, 4], "texture": "#0"},
				"east": {"uv": [8, 3.75, 8.25, 4], "rotation": 90, "texture": "#0"},
				"south": {"uv": [7.75, 3.75, 8.25, 4], "texture": "#0"},
				"west": {"uv": [7.75, 3.75, 8, 4], "rotation": 270, "texture": "#0"},
				"up": {"uv": [7.75, 3.75, 8.25, 4], "texture": "#0"},
				"down": {"uv": [7.75, 4, 8.25, 3.75], "texture": "#0"}
			}
		},
		{
			"name": "halo (8)_14",
			"from": [0.5, 0, 6.25],
			"to": [1, 0.25, 6.5],
			"faces": {
				"north": {"uv": [1, 6.25, 0.5, 6.5], "texture": "#0"},
				"east": {"uv": [0.75, 6.25, 1, 6.5], "rotation": 90, "texture": "#0"},
				"south": {"uv": [0.5, 6.25, 1, 6.5], "texture": "#0"},
				"west": {"uv": [0.5, 6.25, 0.75, 6.5], "rotation": 270, "texture": "#0"},
				"up": {"uv": [0.5, 6.25, 1, 6.5], "texture": "#0"},
				"down": {"uv": [0.5, 6.5, 1, 6.25], "texture": "#0"}
			}
		},
		{
			"name": "halo (8)_15",
			"from": [15, 0, 6.25],
			"to": [15.5, 0.25, 6.5],
			"faces": {
				"north": {"uv": [15.5, 6.25, 15, 6.5], "texture": "#0"},
				"east": {"uv": [15.25, 6.25, 15.5, 6.5], "rotation": 90, "texture": "#0"},
				"south": {"uv": [15, 6.25, 15.5, 6.5], "texture": "#0"},
				"west": {"uv": [15, 6.25, 15.25, 6.5], "rotation": 270, "texture": "#0"},
				"up": {"uv": [15, 6.25, 15.5, 6.5], "texture": "#0"},
				"down": {"uv": [15, 6.5, 15.5, 6.25], "texture": "#0"}
			}
		},
		{
			"name": "halo (8)_16",
			"from": [0.5, 0, 6.5],
			"to": [1.5, 0.25, 6.75],
			"faces": {
				"north": {"uv": [1.5, 6.5, 0.5, 6.75], "texture": "#0"},
				"east": {"uv": [1.25, 6.5, 1.5, 6.75], "rotation": 90, "texture": "#0"},
				"south": {"uv": [0.5, 6.5, 1.5, 6.75], "texture": "#0"},
				"west": {"uv": [0.5, 6.5, 0.75, 6.75], "rotation": 270, "texture": "#0"},
				"up": {"uv": [0.5, 6.5, 1.5, 6.75], "texture": "#0"},
				"down": {"uv": [0.5, 6.75, 1.5, 6.5], "texture": "#0"}
			}
		},
		{
			"name": "halo (8)_17",
			"from": [14.5, 0, 6.5],
			"to": [15.5, 0.25, 6.75],
			"faces": {
				"north": {"uv": [15.5, 6.5, 14.5, 6.75], "texture": "#0"},
				"east": {"uv": [15.25, 6.5, 15.5, 6.75], "rotation": 90, "texture": "#0"},
				"south": {"uv": [14.5, 6.5, 15.5, 6.75], "texture": "#0"},
				"west": {"uv": [14.5, 6.5, 14.75, 6.75], "rotation": 270, "texture": "#0"},
				"up": {"uv": [14.5, 6.5, 15.5, 6.75], "texture": "#0"},
				"down": {"uv": [14.5, 6.75, 15.5, 6.5], "texture": "#0"}
			}
		},
		{
			"name": "halo (8)_18",
			"from": [0.5, 0, 6.75],
			"to": [2, 0.25, 7],
			"faces": {
				"north": {"uv": [2, 6.75, 0.5, 7], "texture": "#0"},
				"east": {"uv": [1.75, 6.75, 2, 7], "rotation": 90, "texture": "#0"},
				"south": {"uv": [0.5, 6.75, 2, 7], "texture": "#0"},
				"west": {"uv": [0.5, 6.75, 0.75, 7], "rotation": 270, "texture": "#0"},
				"up": {"uv": [0.5, 6.75, 2, 7], "texture": "#0"},
				"down": {"uv": [0.5, 7, 2, 6.75], "texture": "#0"}
			}
		},
		{
			"name": "halo (8)_19",
			"from": [14, 0, 6.75],
			"to": [15.5, 0.25, 7],
			"faces": {
				"north": {"uv": [15.5, 6.75, 14, 7], "texture": "#0"},
				"east": {"uv": [15.25, 6.75, 15.5, 7], "rotation": 90, "texture": "#0"},
				"south": {"uv": [14, 6.75, 15.5, 7], "texture": "#0"},
				"west": {"uv": [14, 6.75, 14.25, 7], "rotation": 270, "texture": "#0"},
				"up": {"uv": [14, 6.75, 15.5, 7], "texture": "#0"},
				"down": {"uv": [14, 7, 15.5, 6.75], "texture": "#0"}
			}
		},
		{
			"name": "halo (8)_20",
			"from": [0.5, 0, 7],
			"to": [2.5, 0.25, 7.25],
			"faces": {
				"north": {"uv": [2.5, 7, 0.5, 7.25], "texture": "#0"},
				"east": {"uv": [2.25, 7, 2.5, 7.25], "rotation": 90, "texture": "#0"},
				"south": {"uv": [0.5, 7, 2.5, 7.25], "texture": "#0"},
				"west": {"uv": [0.5, 7, 0.75, 7.25], "rotation": 270, "texture": "#0"},
				"up": {"uv": [0.5, 7, 2.5, 7.25], "texture": "#0"},
				"down": {"uv": [0.5, 7.25, 2.5, 7], "texture": "#0"}
			}
		},
		{
			"name": "halo (8)_21",
			"from": [13.5, 0, 7],
			"to": [15.5, 0.25, 7.25],
			"faces": {
				"north": {"uv": [15.5, 7, 13.5, 7.25], "texture": "#0"},
				"east": {"uv": [15.25, 7, 15.5, 7.25], "rotation": 90, "texture": "#0"},
				"south": {"uv": [13.5, 7, 15.5, 7.25], "texture": "#0"},
				"west": {"uv": [13.5, 7, 13.75, 7.25], "rotation": 270, "texture": "#0"},
				"up": {"uv": [13.5, 7, 15.5, 7.25], "texture": "#0"},
				"down": {"uv": [13.5, 7.25, 15.5, 7], "texture": "#0"}
			}
		},
		{
			"name": "halo (8)_22",
			"from": [0.5, 0, 7.25],
			"to": [3, 0.25, 7.5],
			"faces": {
				"north": {"uv": [3, 7.25, 0.5, 7.5], "texture": "#0"},
				"east": {"uv": [2.75, 7.25, 3, 7.5], "rotation": 90, "texture": "#0"},
				"south": {"uv": [0.5, 7.25, 3, 7.5], "texture": "#0"},
				"west": {"uv": [0.5, 7.25, 0.75, 7.5], "rotation": 270, "texture": "#0"},
				"up": {"uv": [0.5, 7.25, 3, 7.5], "texture": "#0"},
				"down": {"uv": [0.5, 7.5, 3, 7.25], "texture": "#0"}
			}
		},
		{
			"name": "halo (8)_23",
			"from": [13, 0, 7.25],
			"to": [15.5, 0.25, 7.5],
			"faces": {
				"north": {"uv": [15.5, 7.25, 13, 7.5], "texture": "#0"},
				"east": {"uv": [15.25, 7.25, 15.5, 7.5], "rotation": 90, "texture": "#0"},
				"south": {"uv": [13, 7.25, 15.5, 7.5], "texture": "#0"},
				"west": {"uv": [13, 7.25, 13.25, 7.5], "rotation": 270, "texture": "#0"},
				"up": {"uv": [13, 7.25, 15.5, 7.5], "texture": "#0"},
				"down": {"uv": [13, 7.5, 15.5, 7.25], "texture": "#0"}
			}
		},
		{
			"name": "halo (8)_24",
			"from": [0.5, 0, 7.5],
			"to": [3.5, 0.25, 7.75],
			"faces": {
				"north": {"uv": [3.5, 7.5, 0.5, 7.75], "texture": "#0"},
				"east": {"uv": [3.25, 7.5, 3.5, 7.75], "rotation": 90, "texture": "#0"},
				"south": {"uv": [0.5, 7.5, 3.5, 7.75], "texture": "#0"},
				"west": {"uv": [0.5, 7.5, 0.75, 7.75], "rotation": 270, "texture": "#0"},
				"up": {"uv": [0.5, 7.5, 3.5, 7.75], "texture": "#0"},
				"down": {"uv": [0.5, 7.75, 3.5, 7.5], "texture": "#0"}
			}
		},
		{
			"name": "halo (8)_25",
			"from": [12.5, 0, 7.5],
			"to": [15.5, 0.25, 7.75],
			"faces": {
				"north": {"uv": [15.5, 7.5, 12.5, 7.75], "texture": "#0"},
				"east": {"uv": [15.25, 7.5, 15.5, 7.75], "rotation": 90, "texture": "#0"},
				"south": {"uv": [12.5, 7.5, 15.5, 7.75], "texture": "#0"},
				"west": {"uv": [12.5, 7.5, 12.75, 7.75], "rotation": 270, "texture": "#0"},
				"up": {"uv": [12.5, 7.5, 15.5, 7.75], "texture": "#0"},
				"down": {"uv": [12.5, 7.75, 15.5, 7.5], "texture": "#0"}
			}
		},
		{
			"name": "halo (8)_26",
			"from": [0.5, 0, 7.75],
			"to": [4, 0.25, 8],
			"faces": {
				"north": {"uv": [4, 7.75, 0.5, 8], "texture": "#0"},
				"east": {"uv": [3.75, 7.75, 4, 8], "rotation": 90, "texture": "#0"},
				"south": {"uv": [0.5, 7.75, 4, 8], "texture": "#0"},
				"west": {"uv": [0.5, 7.75, 0.75, 8], "rotation": 270, "texture": "#0"},
				"up": {"uv": [0.5, 7.75, 4, 8], "texture": "#0"},
				"down": {"uv": [0.5, 8, 4, 7.75], "texture": "#0"}
			}
		},
		{
			"name": "halo (8)_27",
			"from": [12, 0, 7.75],
			"to": [15.5, 0.25, 8],
			"faces": {
				"north": {"uv": [15.5, 7.75, 12, 8], "texture": "#0"},
				"east": {"uv": [15.25, 7.75, 15.5, 8], "rotation": 90, "texture": "#0"},
				"south": {"uv": [12, 7.75, 15.5, 8], "texture": "#0"},
				"west": {"uv": [12, 7.75, 12.25, 8], "rotation": 270, "texture": "#0"},
				"up": {"uv": [12, 7.75, 15.5, 8], "texture": "#0"},
				"down": {"uv": [12, 8, 15.5, 7.75], "texture": "#0"}
			}
		},
		{
			"name": "halo (8)_28",
			"from": [0.5, 0, 8],
			"to": [4, 0.25, 8.25],
			"faces": {
				"north": {"uv": [4, 8, 0.5, 8.25], "texture": "#0"},
				"east": {"uv": [3.75, 8, 4, 8.25], "rotation": 90, "texture": "#0"},
				"south": {"uv": [0.5, 8, 4, 8.25], "texture": "#0"},
				"west": {"uv": [0.5, 8, 0.75, 8.25], "rotation": 270, "texture": "#0"},
				"up": {"uv": [0.5, 8, 4, 8.25], "texture": "#0"},
				"down": {"uv": [0.5, 8.25, 4, 8], "texture": "#0"}
			}
		},
		{
			"name": "halo (8)_29",
			"from": [12, 0, 8],
			"to": [15.5, 0.25, 8.25],
			"faces": {
				"north": {"uv": [15.5, 8, 12, 8.25], "texture": "#0"},
				"east": {"uv": [15.25, 8, 15.5, 8.25], "rotation": 90, "texture": "#0"},
				"south": {"uv": [12, 8, 15.5, 8.25], "texture": "#0"},
				"west": {"uv": [12, 8, 12.25, 8.25], "rotation": 270, "texture": "#0"},
				"up": {"uv": [12, 8, 15.5, 8.25], "texture": "#0"},
				"down": {"uv": [12, 8.25, 15.5, 8], "texture": "#0"}
			}
		},
		{
			"name": "halo (8)_30",
			"from": [0.5, 0, 8.25],
			"to": [3.5, 0.25, 8.5],
			"faces": {
				"north": {"uv": [3.5, 8.25, 0.5, 8.5], "texture": "#0"},
				"east": {"uv": [3.25, 8.25, 3.5, 8.5], "rotation": 90, "texture": "#0"},
				"south": {"uv": [0.5, 8.25, 3.5, 8.5], "texture": "#0"},
				"west": {"uv": [0.5, 8.25, 0.75, 8.5], "rotation": 270, "texture": "#0"},
				"up": {"uv": [0.5, 8.25, 3.5, 8.5], "texture": "#0"},
				"down": {"uv": [0.5, 8.5, 3.5, 8.25], "texture": "#0"}
			}
		},
		{
			"name": "halo (8)_31",
			"from": [12.5, 0, 8.25],
			"to": [15.5, 0.25, 8.5],
			"faces": {
				"north": {"uv": [15.5, 8.25, 12.5, 8.5], "texture": "#0"},
				"east": {"uv": [15.25, 8.25, 15.5, 8.5], "rotation": 90, "texture": "#0"},
				"south": {"uv": [12.5, 8.25, 15.5, 8.5], "texture": "#0"},
				"west": {"uv": [12.5, 8.25, 12.75, 8.5], "rotation": 270, "texture": "#0"},
				"up": {"uv": [12.5, 8.25, 15.5, 8.5], "texture": "#0"},
				"down": {"uv": [12.5, 8.5, 15.5, 8.25], "texture": "#0"}
			}
		},
		{
			"name": "halo (8)_32",
			"from": [0.5, 0, 8.5],
			"to": [3, 0.25, 8.75],
			"faces": {
				"north": {"uv": [3, 8.5, 0.5, 8.75], "texture": "#0"},
				"east": {"uv": [2.75, 8.5, 3, 8.75], "rotation": 90, "texture": "#0"},
				"south": {"uv": [0.5, 8.5, 3, 8.75], "texture": "#0"},
				"west": {"uv": [0.5, 8.5, 0.75, 8.75], "rotation": 270, "texture": "#0"},
				"up": {"uv": [0.5, 8.5, 3, 8.75], "texture": "#0"},
				"down": {"uv": [0.5, 8.75, 3, 8.5], "texture": "#0"}
			}
		},
		{
			"name": "halo (8)_33",
			"from": [13, 0, 8.5],
			"to": [15.5, 0.25, 8.75],
			"faces": {
				"north": {"uv": [15.5, 8.5, 13, 8.75], "texture": "#0"},
				"east": {"uv": [15.25, 8.5, 15.5, 8.75], "rotation": 90, "texture": "#0"},
				"south": {"uv": [13, 8.5, 15.5, 8.75], "texture": "#0"},
				"west": {"uv": [13, 8.5, 13.25, 8.75], "rotation": 270, "texture": "#0"},
				"up": {"uv": [13, 8.5, 15.5, 8.75], "texture": "#0"},
				"down": {"uv": [13, 8.75, 15.5, 8.5], "texture": "#0"}
			}
		},
		{
			"name": "halo (8)_34",
			"from": [0.5, 0, 8.75],
			"to": [2.5, 0.25, 9],
			"faces": {
				"north": {"uv": [2.5, 8.75, 0.5, 9], "texture": "#0"},
				"east": {"uv": [2.25, 8.75, 2.5, 9], "rotation": 90, "texture": "#0"},
				"south": {"uv": [0.5, 8.75, 2.5, 9], "texture": "#0"},
				"west": {"uv": [0.5, 8.75, 0.75, 9], "rotation": 270, "texture": "#0"},
				"up": {"uv": [0.5, 8.75, 2.5, 9], "texture": "#0"},
				"down": {"uv": [0.5, 9, 2.5, 8.75], "texture": "#0"}
			}
		},
		{
			"name": "halo (8)_35",
			"from": [13.5, 0, 8.75],
			"to": [15.5, 0.25, 9],
			"faces": {
				"north": {"uv": [15.5, 8.75, 13.5, 9], "texture": "#0"},
				"east": {"uv": [15.25, 8.75, 15.5, 9], "rotation": 90, "texture": "#0"},
				"south": {"uv": [13.5, 8.75, 15.5, 9], "texture": "#0"},
				"west": {"uv": [13.5, 8.75, 13.75, 9], "rotation": 270, "texture": "#0"},
				"up": {"uv": [13.5, 8.75, 15.5, 9], "texture": "#0"},
				"down": {"uv": [13.5, 9, 15.5, 8.75], "texture": "#0"}
			}
		},
		{
			"name": "halo (8)_36",
			"from": [0.5, 0, 9],
			"to": [2, 0.25, 9.25],
			"faces": {
				"north": {"uv": [2, 9, 0.5, 9.25], "texture": "#0"},
				"east": {"uv": [1.75, 9, 2, 9.25], "rotation": 90, "texture": "#0"},
				"south": {"uv": [0.5, 9, 2, 9.25], "texture": "#0"},
				"west": {"uv": [0.5, 9, 0.75, 9.25], "rotation": 270, "texture": "#0"},
				"up": {"uv": [0.5, 9, 2, 9.25], "texture": "#0"},
				"down": {"uv": [0.5, 9.25, 2, 9], "texture": "#0"}
			}
		},
		{
			"name": "halo (8)_37",
			"from": [14, 0, 9],
			"to": [15.5, 0.25, 9.25],
			"faces": {
				"north": {"uv": [15.5, 9, 14, 9.25], "texture": "#0"},
				"east": {"uv": [15.25, 9, 15.5, 9.25], "rotation": 90, "texture": "#0"},
				"south": {"uv": [14, 9, 15.5, 9.25], "texture": "#0"},
				"west": {"uv": [14, 9, 14.25, 9.25], "rotation": 270, "texture": "#0"},
				"up": {"uv": [14, 9, 15.5, 9.25], "texture": "#0"},
				"down": {"uv": [14, 9.25, 15.5, 9], "texture": "#0"}
			}
		},
		{
			"name": "halo (8)_38",
			"from": [0.5, 0, 9.25],
			"to": [1.5, 0.25, 9.5],
			"faces": {
				"north": {"uv": [1.5, 9.25, 0.5, 9.5], "texture": "#0"},
				"east": {"uv": [1.25, 9.25, 1.5, 9.5], "rotation": 90, "texture": "#0"},
				"south": {"uv": [0.5, 9.25, 1.5, 9.5], "texture": "#0"},
				"west": {"uv": [0.5, 9.25, 0.75, 9.5], "rotation": 270, "texture": "#0"},
				"up": {"uv": [0.5, 9.25, 1.5, 9.5], "texture": "#0"},
				"down": {"uv": [0.5, 9.5, 1.5, 9.25], "texture": "#0"}
			}
		},
		{
			"name": "halo (8)_39",
			"from": [14.5, 0, 9.25],
			"to": [15.5, 0.25, 9.5],
			"faces": {
				"north": {"uv": [15.5, 9.25, 14.5, 9.5], "texture": "#0"},
				"east": {"uv": [15.25, 9.25, 15.5, 9.5], "rotation": 90, "texture": "#0"},
				"south": {"uv": [14.5, 9.25, 15.5, 9.5], "texture": "#0"},
				"west": {"uv": [14.5, 9.25, 14.75, 9.5], "rotation": 270, "texture": "#0"},
				"up": {"uv": [14.5, 9.25, 15.5, 9.5], "texture": "#0"},
				"down": {"uv": [14.5, 9.5, 15.5, 9.25], "texture": "#0"}
			}
		},
		{
			"name": "halo (8)_40",
			"from": [0.5, 0, 9.5],
			"to": [1, 0.25, 9.75],
			"faces": {
				"north": {"uv": [1, 9.5, 0.5, 9.75], "texture": "#0"},
				"east": {"uv": [0.75, 9.5, 1, 9.75], "rotation": 90, "texture": "#0"},
				"south": {"uv": [0.5, 9.5, 1, 9.75], "texture": "#0"},
				"west": {"uv": [0.5, 9.5, 0.75, 9.75], "rotation": 270, "texture": "#0"},
				"up": {"uv": [0.5, 9.5, 1, 9.75], "texture": "#0"},
				"down": {"uv": [0.5, 9.75, 1, 9.5], "texture": "#0"}
			}
		},
		{
			"name": "halo (8)_41",
			"from": [15, 0, 9.5],
			"to": [15.5, 0.25, 9.75],
			"faces": {
				"north": {"uv": [15.5, 9.5, 15, 9.75], "texture": "#0"},
				"east": {"uv": [15.25, 9.5, 15.5, 9.75], "rotation": 90, "texture": "#0"},
				"south": {"uv": [15, 9.5, 15.5, 9.75], "texture": "#0"},
				"west": {"uv": [15, 9.5, 15.25, 9.75], "rotation": 270, "texture": "#0"},
				"up": {"uv": [15, 9.5, 15.5, 9.75], "texture": "#0"},
				"down": {"uv": [15, 9.75, 15.5, 9.5], "texture": "#0"}
			}
		},
		{
			"name": "halo (8)_42",
			"from": [7.75, 0, 12],
			"to": [8.25, 0.25, 12.25],
			"faces": {
				"north": {"uv": [8.25, 12, 7.75, 12.25], "texture": "#0"},
				"east": {"uv": [8, 12, 8.25, 12.25], "rotation": 90, "texture": "#0"},
				"south": {"uv": [7.75, 12, 8.25, 12.25], "texture": "#0"},
				"west": {"uv": [7.75, 12, 8, 12.25], "rotation": 270, "texture": "#0"},
				"up": {"uv": [7.75, 12, 8.25, 12.25], "texture": "#0"},
				"down": {"uv": [7.75, 12.25, 8.25, 12], "texture": "#0"}
			}
		},
		{
			"name": "halo (8)_43",
			"from": [7.75, 0, 12.25],
			"to": [8.25, 0.25, 12.5],
			"faces": {
				"north": {"uv": [8.25, 12.25, 7.75, 12.5], "texture": "#0"},
				"east": {"uv": [8, 12.25, 8.25, 12.5], "rotation": 90, "texture": "#0"},
				"south": {"uv": [7.75, 12.25, 8.25, 12.5], "texture": "#0"},
				"west": {"uv": [7.75, 12.25, 8, 12.5], "rotation": 270, "texture": "#0"},
				"up": {"uv": [7.75, 12.25, 8.25, 12.5], "texture": "#0"},
				"down": {"uv": [7.75, 12.5, 8.25, 12.25], "texture": "#0"}
			}
		},
		{
			"name": "halo (8)_44",
			"from": [7.5, 0, 12.5],
			"to": [8.5, 0.25, 12.75],
			"faces": {
				"north": {"uv": [8.5, 12.5, 7.5, 12.75], "texture": "#0"},
				"east": {"uv": [8.25, 12.5, 8.5, 12.75], "rotation": 90, "texture": "#0"},
				"south": {"uv": [7.5, 12.5, 8.5, 12.75], "texture": "#0"},
				"west": {"uv": [7.5, 12.5, 7.75, 12.75], "rotation": 270, "texture": "#0"},
				"up": {"uv": [7.5, 12.5, 8.5, 12.75], "texture": "#0"},
				"down": {"uv": [7.5, 12.75, 8.5, 12.5], "texture": "#0"}
			}
		},
		{
			"name": "halo (8)_45",
			"from": [7.5, 0, 12.75],
			"to": [8.5, 0.25, 13],
			"faces": {
				"north": {"uv": [8.5, 12.75, 7.5, 13], "texture": "#0"},
				"east": {"uv": [8.25, 12.75, 8.5, 13], "rotation": 90, "texture": "#0"},
				"south": {"uv": [7.5, 12.75, 8.5, 13], "texture": "#0"},
				"west": {"uv": [7.5, 12.75, 7.75, 13], "rotation": 270, "texture": "#0"},
				"up": {"uv": [7.5, 12.75, 8.5, 13], "texture": "#0"},
				"down": {"uv": [7.5, 13, 8.5, 12.75], "texture": "#0"}
			}
		},
		{
			"name": "halo (8)_46",
			"from": [7.25, 0, 13],
			"to": [8.75, 0.25, 13.25],
			"faces": {
				"north": {"uv": [8.75, 13, 7.25, 13.25], "texture": "#0"},
				"east": {"uv": [8.5, 13, 8.75, 13.25], "rotation": 90, "texture": "#0"},
				"south": {"uv": [7.25, 13, 8.75, 13.25], "texture": "#0"},
				"west": {"uv": [7.25, 13, 7.5, 13.25], "rotation": 270, "texture": "#0"},
				"up": {"uv": [7.25, 13, 8.75, 13.25], "texture": "#0"},
				"down": {"uv": [7.25, 13.25, 8.75, 13], "texture": "#0"}
			}
		},
		{
			"name": "halo (8)_47",
			"from": [7.25, 0, 13.25],
			"to": [8.75, 0.25, 13.5],
			"faces": {
				"north": {"uv": [8.75, 13.25, 7.25, 13.5], "texture": "#0"},
				"east": {"uv": [8.5, 13.25, 8.75, 13.5], "rotation": 90, "texture": "#0"},
				"south": {"uv": [7.25, 13.25, 8.75, 13.5], "texture": "#0"},
				"west": {"uv": [7.25, 13.25, 7.5, 13.5], "rotation": 270, "texture": "#0"},
				"up": {"uv": [7.25, 13.25, 8.75, 13.5], "texture": "#0"},
				"down": {"uv": [7.25, 13.5, 8.75, 13.25], "texture": "#0"}
			}
		},
		{
			"name": "halo (8)_48",
			"from": [7, 0, 13.5],
			"to": [9, 0.25, 13.75],
			"faces": {
				"north": {"uv": [9, 13.5, 7, 13.75], "texture": "#0"},
				"east": {"uv": [8.75, 13.5, 9, 13.75], "rotation": 90, "texture": "#0"},
				"south": {"uv": [7, 13.5, 9, 13.75], "texture": "#0"},
				"west": {"uv": [7, 13.5, 7.25, 13.75], "rotation": 270, "texture": "#0"},
				"up": {"uv": [7, 13.5, 9, 13.75], "texture": "#0"},
				"down": {"uv": [7, 13.75, 9, 13.5], "texture": "#0"}
			}
		},
		{
			"name": "halo (8)_49",
			"from": [7, 0, 13.75],
			"to": [9, 0.25, 14],
			"faces": {
				"north": {"uv": [9, 13.75, 7, 14], "texture": "#0"},
				"east": {"uv": [8.75, 13.75, 9, 14], "rotation": 90, "texture": "#0"},
				"south": {"uv": [7, 13.75, 9, 14], "texture": "#0"},
				"west": {"uv": [7, 13.75, 7.25, 14], "rotation": 270, "texture": "#0"},
				"up": {"uv": [7, 13.75, 9, 14], "texture": "#0"},
				"down": {"uv": [7, 14, 9, 13.75], "texture": "#0"}
			}
		},
		{
			"name": "halo (8)_50",
			"from": [6.75, 0, 14],
			"to": [9.25, 0.25, 14.25],
			"faces": {
				"north": {"uv": [9.25, 14, 6.75, 14.25], "texture": "#0"},
				"east": {"uv": [9, 14, 9.25, 14.25], "rotation": 90, "texture": "#0"},
				"south": {"uv": [6.75, 14, 9.25, 14.25], "texture": "#0"},
				"west": {"uv": [6.75, 14, 7, 14.25], "rotation": 270, "texture": "#0"},
				"up": {"uv": [6.75, 14, 9.25, 14.25], "texture": "#0"},
				"down": {"uv": [6.75, 14.25, 9.25, 14], "texture": "#0"}
			}
		},
		{
			"name": "halo (8)_51",
			"from": [6.75, 0, 14.25],
			"to": [9.25, 0.25, 14.5],
			"faces": {
				"north": {"uv": [9.25, 14.25, 6.75, 14.5], "texture": "#0"},
				"east": {"uv": [9, 14.25, 9.25, 14.5], "rotation": 90, "texture": "#0"},
				"south": {"uv": [6.75, 14.25, 9.25, 14.5], "texture": "#0"},
				"west": {"uv": [6.75, 14.25, 7, 14.5], "rotation": 270, "texture": "#0"},
				"up": {"uv": [6.75, 14.25, 9.25, 14.5], "texture": "#0"},
				"down": {"uv": [6.75, 14.5, 9.25, 14.25], "texture": "#0"}
			}
		},
		{
			"name": "halo (8)_52",
			"from": [6.5, 0, 14.5],
			"to": [9.5, 0.25, 14.75],
			"faces": {
				"north": {"uv": [9.5, 14.5, 6.5, 14.75], "texture": "#0"},
				"east": {"uv": [9.25, 14.5, 9.5, 14.75], "rotation": 90, "texture": "#0"},
				"south": {"uv": [6.5, 14.5, 9.5, 14.75], "texture": "#0"},
				"west": {"uv": [6.5, 14.5, 6.75, 14.75], "rotation": 270, "texture": "#0"},
				"up": {"uv": [6.5, 14.5, 9.5, 14.75], "texture": "#0"},
				"down": {"uv": [6.5, 14.75, 9.5, 14.5], "texture": "#0"}
			}
		},
		{
			"name": "halo (8)_53",
			"from": [6.5, 0, 14.75],
			"to": [9.5, 0.25, 15],
			"faces": {
				"north": {"uv": [9.5, 14.75, 6.5, 15], "texture": "#0"},
				"east": {"uv": [9.25, 14.75, 9.5, 15], "rotation": 90, "texture": "#0"},
				"south": {"uv": [6.5, 14.75, 9.5, 15], "texture": "#0"},
				"west": {"uv": [6.5, 14.75, 6.75, 15], "rotation": 270, "texture": "#0"},
				"up": {"uv": [6.5, 14.75, 9.5, 15], "texture": "#0"},
				"down": {"uv": [6.5, 15, 9.5, 14.75], "texture": "#0"}
			}
		},
		{
			"name": "halo (8)_54",
			"from": [6.25, 0, 15],
			"to": [9.75, 0.25, 15.25],
			"faces": {
				"north": {"uv": [9.75, 15, 6.25, 15.25], "texture": "#0"},
				"east": {"uv": [9.5, 15, 9.75, 15.25], "rotation": 90, "texture": "#0"},
				"south": {"uv": [6.25, 15, 9.75, 15.25], "texture": "#0"},
				"west": {"uv": [6.25, 15, 6.5, 15.25], "rotation": 270, "texture": "#0"},
				"up": {"uv": [6.25, 15, 9.75, 15.25], "texture": "#0"},
				"down": {"uv": [6.25, 15.25, 9.75, 15], "texture": "#0"}
			}
		},
		{
			"name": "halo (8)_55",
			"from": [6.25, 0, 15.25],
			"to": [9.75, 0.25, 15.5],
			"faces": {
				"north": {"uv": [9.75, 15.25, 6.25, 15.5], "texture": "#0"},
				"east": {"uv": [9.5, 15.25, 9.75, 15.5], "rotation": 90, "texture": "#0"},
				"south": {"uv": [6.25, 15.25, 9.75, 15.5], "texture": "#0"},
				"west": {"uv": [6.25, 15.25, 6.5, 15.5], "rotation": 270, "texture": "#0"},
				"up": {"uv": [6.25, 15.25, 9.75, 15.5], "texture": "#0"},
				"down": {"uv": [6.25, 15.5, 9.75, 15.25], "texture": "#0"}
			}
		}
	],
	"display": {
		"gui": {
			"rotation": [90, 0, 0]
		},
		"head": {
			"rotation": [22, 0, 0],
			"translation": [0, 17, 10]
		}
	},
	"groups": [
		{
			"name": "halo (8)",
			"origin": [8, 8, 8],
			"color": 0,
			"children": [
				0,
				1,
				2,
				3,
				4,
				5,
				6,
				7,
				8,
				9,
				10,
				11,
				12,
				13,
				14,
				15,
				16,
				17,
				18,
				19,
				20,
				21,
				22,
				23,
				24,
				25,
				26,
				27,
				28,
				29,
				30,
				31,
				32,
				33,
				34,
				35,
				36,
				37,
				38,
				39,
				40,
				41,
				42,
				43,
				44,
				45,
				46,
				47,
				48,
				49,
				50,
				51,
				52,
				53,
				54,
				55
			]
		}
	]
}