{
	"credit": "Made with Blockbench",
	"parent": "item/handheld",
	"textures": {
		"layer0": "items/0084"
	},
	"display": {
		"thirdperson_righthand": {
			"rotation": [-45, -90, 0],
			"translation": [-0.5, 1.5, -1.25],
			"scale": [1.15, 1.15, 1]
		},
		"thirdperson_lefthand": {
			"rotation": [-45, 90, 0],
			"translation": [-0.5, 1.5, -1.25],
			"scale": [1.15, 1.15, 1]
		},
		"firstperson_righthand": {
			"rotation": [-45, -90, 0],
			"translation": [2, 2.75, 0.75],
			"scale": [1.25, 1.25, 1]
		},
		"firstperson_lefthand": {
			"rotation": [-45, 90, 0],
			"translation": [2, 2.75, 0.75],
			"scale": [1.25, 1.25, 1]
		},
		"ground": {
			"rotation": [0, 0, 45],
			"translation": [0, -0.2, 0],
			"scale": [1.5, 1.5, 1]
		},
		"gui": {
			"scale": [1.335, 1.335, 1]
		},
		"head": {
			"rotation": [-90, 0, 0],
			"translation": [0, -4, 0],
			"scale": [1.5, 1.5, 1.25]
		},
		"fixed": {
			"rotation": [0, -180, 0]
		}
	}
}