{
	"credit": "Made with Blockbench",
	"textures": {
		"0": "items/3d/halo (11)",
		"particle": "items/3d/halo (11)"
	},
	"elements": [
		{
			"name": "halo (11)_0",
			"from": [6.75, 0, 3.25],
			"to": [9.25, 0.25, 3.5],
			"faces": {
				"north": {"uv": [9.25, 3.25, 6.75, 3.5], "texture": "#0"},
				"east": {"uv": [9, 3.25, 9.25, 3.5], "rotation": 90, "texture": "#0"},
				"south": {"uv": [6.75, 3.25, 9.25, 3.5], "texture": "#0"},
				"west": {"uv": [6.75, 3.25, 7, 3.5], "rotation": 270, "texture": "#0"},
				"up": {"uv": [6.75, 3.25, 9.25, 3.5], "texture": "#0"},
				"down": {"uv": [6.75, 3.5, 9.25, 3.25], "texture": "#0"}
			}
		},
		{
			"name": "halo (11)_1",
			"from": [6, 0, 3.5],
			"to": [10, 0.25, 3.75],
			"faces": {
				"north": {"uv": [10, 3.5, 6, 3.75], "texture": "#0"},
				"east": {"uv": [9.75, 3.5, 10, 3.75], "rotation": 90, "texture": "#0"},
				"south": {"uv": [6, 3.5, 10, 3.75], "texture": "#0"},
				"west": {"uv": [6, 3.5, 6.25, 3.75], "rotation": 270, "texture": "#0"},
				"up": {"uv": [6, 3.5, 10, 3.75], "texture": "#0"},
				"down": {"uv": [6, 3.75, 10, 3.5], "texture": "#0"}
			}
		},
		{
			"name": "halo (11)_2",
			"from": [5.5, 0, 3.75],
			"to": [10.5, 0.25, 4],
			"faces": {
				"north": {"uv": [10.5, 3.75, 5.5, 4], "texture": "#0"},
				"east": {"uv": [10.25, 3.75, 10.5, 4], "rotation": 90, "texture": "#0"},
				"south": {"uv": [5.5, 3.75, 10.5, 4], "texture": "#0"},
				"west": {"uv": [5.5, 3.75, 5.75, 4], "rotation": 270, "texture": "#0"},
				"up": {"uv": [5.5, 3.75, 10.5, 4], "texture": "#0"},
				"down": {"uv": [5.5, 4, 10.5, 3.75], "texture": "#0"}
			}
		},
		{
			"name": "halo (11)_3",
			"from": [5.25, 0, 4],
			"to": [10.75, 0.25, 4.25],
			"faces": {
				"north": {"uv": [10.75, 4, 5.25, 4.25], "texture": "#0"},
				"east": {"uv": [10.5, 4, 10.75, 4.25], "rotation": 90, "texture": "#0"},
				"south": {"uv": [5.25, 4, 10.75, 4.25], "texture": "#0"},
				"west": {"uv": [5.25, 4, 5.5, 4.25], "rotation": 270, "texture": "#0"},
				"up": {"uv": [5.25, 4, 10.75, 4.25], "texture": "#0"},
				"down": {"uv": [5.25, 4.25, 10.75, 4], "texture": "#0"}
			}
		},
		{
			"name": "halo (11)_4",
			"from": [4.75, 0, 4.25],
			"to": [7, 0.25, 4.5],
			"faces": {
				"north": {"uv": [7, 4.25, 4.75, 4.5], "texture": "#0"},
				"east": {"uv": [6.75, 4.25, 7, 4.5], "rotation": 90, "texture": "#0"},
				"south": {"uv": [4.75, 4.25, 7, 4.5], "texture": "#0"},
				"west": {"uv": [4.75, 4.25, 5, 4.5], "rotation": 270, "texture": "#0"},
				"up": {"uv": [4.75, 4.25, 7, 4.5], "texture": "#0"},
				"down": {"uv": [4.75, 4.5, 7, 4.25], "texture": "#0"}
			}
		},
		{
			"name": "halo (11)_5",
			"from": [9, 0, 4.25],
			"to": [11.25, 0.25, 4.5],
			"faces": {
				"north": {"uv": [11.25, 4.25, 9, 4.5], "texture": "#0"},
				"east": {"uv": [11, 4.25, 11.25, 4.5], "rotation": 90, "texture": "#0"},
				"south": {"uv": [9, 4.25, 11.25, 4.5], "texture": "#0"},
				"west": {"uv": [9, 4.25, 9.25, 4.5], "rotation": 270, "texture": "#0"},
				"up": {"uv": [9, 4.25, 11.25, 4.5], "texture": "#0"},
				"down": {"uv": [9, 4.5, 11.25, 4.25], "texture": "#0"}
			}
		},
		{
			"name": "halo (11)_6",
			"from": [4.5, 0, 4.5],
			"to": [6.25, 0.25, 4.75],
			"faces": {
				"north": {"uv": [6.25, 4.5, 4.5, 4.75], "texture": "#0"},
				"east": {"uv": [6, 4.5, 6.25, 4.75], "rotation": 90, "texture": "#0"},
				"south": {"uv": [4.5, 4.5, 6.25, 4.75], "texture": "#0"},
				"west": {"uv": [4.5, 4.5, 4.75, 4.75], "rotation": 270, "texture": "#0"},
				"up": {"uv": [4.5, 4.5, 6.25, 4.75], "texture": "#0"},
				"down": {"uv": [4.5, 4.75, 6.25, 4.5], "texture": "#0"}
			}
		},
		{
			"name": "halo (11)_7",
			"from": [9.75, 0, 4.5],
			"to": [11.5, 0.25, 4.75],
			"faces": {
				"north": {"uv": [11.5, 4.5, 9.75, 4.75], "texture": "#0"},
				"east": {"uv": [11.25, 4.5, 11.5, 4.75], "rotation": 90, "texture": "#0"},
				"south": {"uv": [9.75, 4.5, 11.5, 4.75], "texture": "#0"},
				"west": {"uv": [9.75, 4.5, 10, 4.75], "rotation": 270, "texture": "#0"},
				"up": {"uv": [9.75, 4.5, 11.5, 4.75], "texture": "#0"},
				"down": {"uv": [9.75, 4.75, 11.5, 4.5], "texture": "#0"}
			}
		},
		{
			"name": "halo (11)_8",
			"from": [4.25, 0, 4.75],
			"to": [5.75, 0.25, 5],
			"faces": {
				"north": {"uv": [5.75, 4.75, 4.25, 5], "texture": "#0"},
				"east": {"uv": [5.5, 4.75, 5.75, 5], "rotation": 90, "texture": "#0"},
				"south": {"uv": [4.25, 4.75, 5.75, 5], "texture": "#0"},
				"west": {"uv": [4.25, 4.75, 4.5, 5], "rotation": 270, "texture": "#0"},
				"up": {"uv": [4.25, 4.75, 5.75, 5], "texture": "#0"},
				"down": {"uv": [4.25, 5, 5.75, 4.75], "texture": "#0"}
			}
		},
		{
			"name": "halo (11)_9",
			"from": [10.25, 0, 4.75],
			"to": [11.75, 0.25, 5],
			"faces": {
				"north": {"uv": [11.75, 4.75, 10.25, 5], "texture": "#0"},
				"east": {"uv": [11.5, 4.75, 11.75, 5], "rotation": 90, "texture": "#0"},
				"south": {"uv": [10.25, 4.75, 11.75, 5], "texture": "#0"},
				"west": {"uv": [10.25, 4.75, 10.5, 5], "rotation": 270, "texture": "#0"},
				"up": {"uv": [10.25, 4.75, 11.75, 5], "texture": "#0"},
				"down": {"uv": [10.25, 5, 11.75, 4.75], "texture": "#0"}
			}
		},
		{
			"name": "halo (11)_10",
			"from": [4.25, 0, 5],
			"to": [5.5, 0.25, 5.25],
			"faces": {
				"north": {"uv": [5.5, 5, 4.25, 5.25], "texture": "#0"},
				"east": {"uv": [5.25, 5, 5.5, 5.25], "rotation": 90, "texture": "#0"},
				"south": {"uv": [4.25, 5, 5.5, 5.25], "texture": "#0"},
				"west": {"uv": [4.25, 5, 4.5, 5.25], "rotation": 270, "texture": "#0"},
				"up": {"uv": [4.25, 5, 5.5, 5.25], "texture": "#0"},
				"down": {"uv": [4.25, 5.25, 5.5, 5], "texture": "#0"}
			}
		},
		{
			"name": "halo (11)_11",
			"from": [10.5, 0, 5],
			"to": [11.75, 0.25, 5.25],
			"faces": {
				"north": {"uv": [11.75, 5, 10.5, 5.25], "texture": "#0"},
				"east": {"uv": [11.5, 5, 11.75, 5.25], "rotation": 90, "texture": "#0"},
				"south": {"uv": [10.5, 5, 11.75, 5.25], "texture": "#0"},
				"west": {"uv": [10.5, 5, 10.75, 5.25], "rotation": 270, "texture": "#0"},
				"up": {"uv": [10.5, 5, 11.75, 5.25], "texture": "#0"},
				"down": {"uv": [10.5, 5.25, 11.75, 5], "texture": "#0"}
			}
		},
		{
			"name": "halo (11)_12",
			"from": [4, 0, 5.25],
			"to": [5.25, 0.25, 5.5],
			"faces": {
				"north": {"uv": [5.25, 5.25, 4, 5.5], "texture": "#0"},
				"east": {"uv": [5, 5.25, 5.25, 5.5], "rotation": 90, "texture": "#0"},
				"south": {"uv": [4, 5.25, 5.25, 5.5], "texture": "#0"},
				"west": {"uv": [4, 5.25, 4.25, 5.5], "rotation": 270, "texture": "#0"},
				"up": {"uv": [4, 5.25, 5.25, 5.5], "texture": "#0"},
				"down": {"uv": [4, 5.5, 5.25, 5.25], "texture": "#0"}
			}
		},
		{
			"name": "halo (11)_13",
			"from": [10.75, 0, 5.25],
			"to": [12, 0.25, 5.5],
			"faces": {
				"north": {"uv": [12, 5.25, 10.75, 5.5], "texture": "#0"},
				"east": {"uv": [11.75, 5.25, 12, 5.5], "rotation": 90, "texture": "#0"},
				"south": {"uv": [10.75, 5.25, 12, 5.5], "texture": "#0"},
				"west": {"uv": [10.75, 5.25, 11, 5.5], "rotation": 270, "texture": "#0"},
				"up": {"uv": [10.75, 5.25, 12, 5.5], "texture": "#0"},
				"down": {"uv": [10.75, 5.5, 12, 5.25], "texture": "#0"}
			}
		},
		{
			"name": "halo (11)_14",
			"from": [3.75, 0, 5.5],
			"to": [5, 0.25, 5.75],
			"faces": {
				"north": {"uv": [5, 5.5, 3.75, 5.75], "texture": "#0"},
				"east": {"uv": [4.75, 5.5, 5, 5.75], "rotation": 90, "texture": "#0"},
				"south": {"uv": [3.75, 5.5, 5, 5.75], "texture": "#0"},
				"west": {"uv": [3.75, 5.5, 4, 5.75], "rotation": 270, "texture": "#0"},
				"up": {"uv": [3.75, 5.5, 5, 5.75], "texture": "#0"},
				"down": {"uv": [3.75, 5.75, 5, 5.5], "texture": "#0"}
			}
		},
		{
			"name": "halo (11)_15",
			"from": [11, 0, 5.5],
			"to": [12.25, 0.25, 5.75],
			"faces": {
				"north": {"uv": [12.25, 5.5, 11, 5.75], "texture": "#0"},
				"east": {"uv": [12, 5.5, 12.25, 5.75], "rotation": 90, "texture": "#0"},
				"south": {"uv": [11, 5.5, 12.25, 5.75], "texture": "#0"},
				"west": {"uv": [11, 5.5, 11.25, 5.75], "rotation": 270, "texture": "#0"},
				"up": {"uv": [11, 5.5, 12.25, 5.75], "texture": "#0"},
				"down": {"uv": [11, 5.75, 12.25, 5.5], "texture": "#0"}
			}
		},
		{
			"name": "halo (11)_16",
			"from": [3.75, 0, 5.75],
			"to": [4.75, 0.25, 6],
			"faces": {
				"north": {"uv": [4.75, 5.75, 3.75, 6], "texture": "#0"},
				"east": {"uv": [4.5, 5.75, 4.75, 6], "rotation": 90, "texture": "#0"},
				"south": {"uv": [3.75, 5.75, 4.75, 6], "texture": "#0"},
				"west": {"uv": [3.75, 5.75, 4, 6], "rotation": 270, "texture": "#0"},
				"up": {"uv": [3.75, 5.75, 4.75, 6], "texture": "#0"},
				"down": {"uv": [3.75, 6, 4.75, 5.75], "texture": "#0"}
			}
		},
		{
			"name": "halo (11)_17",
			"from": [11.25, 0, 5.75],
			"to": [12.25, 0.25, 6],
			"faces": {
				"north": {"uv": [12.25, 5.75, 11.25, 6], "texture": "#0"},
				"east": {"uv": [12, 5.75, 12.25, 6], "rotation": 90, "texture": "#0"},
				"south": {"uv": [11.25, 5.75, 12.25, 6], "texture": "#0"},
				"west": {"uv": [11.25, 5.75, 11.5, 6], "rotation": 270, "texture": "#0"},
				"up": {"uv": [11.25, 5.75, 12.25, 6], "texture": "#0"},
				"down": {"uv": [11.25, 6, 12.25, 5.75], "texture": "#0"}
			}
		},
		{
			"name": "halo (11)_18",
			"from": [3.5, 0, 6],
			"to": [4.75, 0.25, 6.25],
			"faces": {
				"north": {"uv": [4.75, 6, 3.5, 6.25], "texture": "#0"},
				"east": {"uv": [4.5, 6, 4.75, 6.25], "rotation": 90, "texture": "#0"},
				"south": {"uv": [3.5, 6, 4.75, 6.25], "texture": "#0"},
				"west": {"uv": [3.5, 6, 3.75, 6.25], "rotation": 270, "texture": "#0"},
				"up": {"uv": [3.5, 6, 4.75, 6.25], "texture": "#0"},
				"down": {"uv": [3.5, 6.25, 4.75, 6], "texture": "#0"}
			}
		},
		{
			"name": "halo (11)_19",
			"from": [11.25, 0, 6],
			"to": [12.5, 0.25, 6.25],
			"faces": {
				"north": {"uv": [12.5, 6, 11.25, 6.25], "texture": "#0"},
				"east": {"uv": [12.25, 6, 12.5, 6.25], "rotation": 90, "texture": "#0"},
				"south": {"uv": [11.25, 6, 12.5, 6.25], "texture": "#0"},
				"west": {"uv": [11.25, 6, 11.5, 6.25], "rotation": 270, "texture": "#0"},
				"up": {"uv": [11.25, 6, 12.5, 6.25], "texture": "#0"},
				"down": {"uv": [11.25, 6.25, 12.5, 6], "texture": "#0"}
			}
		},
		{
			"name": "halo (11)_20",
			"from": [3.5, 0, 6.25],
			"to": [4.5, 0.25, 6.5],
			"faces": {
				"north": {"uv": [4.5, 6.25, 3.5, 6.5], "texture": "#0"},
				"east": {"uv": [4.25, 6.25, 4.5, 6.5], "rotation": 90, "texture": "#0"},
				"south": {"uv": [3.5, 6.25, 4.5, 6.5], "texture": "#0"},
				"west": {"uv": [3.5, 6.25, 3.75, 6.5], "rotation": 270, "texture": "#0"},
				"up": {"uv": [3.5, 6.25, 4.5, 6.5], "texture": "#0"},
				"down": {"uv": [3.5, 6.5, 4.5, 6.25], "texture": "#0"}
			}
		},
		{
			"name": "halo (11)_21",
			"from": [11.5, 0, 6.25],
			"to": [12.5, 0.25, 6.5],
			"faces": {
				"north": {"uv": [12.5, 6.25, 11.5, 6.5], "texture": "#0"},
				"east": {"uv": [12.25, 6.25, 12.5, 6.5], "rotation": 90, "texture": "#0"},
				"south": {"uv": [11.5, 6.25, 12.5, 6.5], "texture": "#0"},
				"west": {"uv": [11.5, 6.25, 11.75, 6.5], "rotation": 270, "texture": "#0"},
				"up": {"uv": [11.5, 6.25, 12.5, 6.5], "texture": "#0"},
				"down": {"uv": [11.5, 6.5, 12.5, 6.25], "texture": "#0"}
			}
		},
		{
			"name": "halo (11)_22",
			"from": [3.5, 0, 6.5],
			"to": [4.5, 0.25, 6.75],
			"faces": {
				"north": {"uv": [4.5, 6.5, 3.5, 6.75], "texture": "#0"},
				"east": {"uv": [4.25, 6.5, 4.5, 6.75], "rotation": 90, "texture": "#0"},
				"south": {"uv": [3.5, 6.5, 4.5, 6.75], "texture": "#0"},
				"west": {"uv": [3.5, 6.5, 3.75, 6.75], "rotation": 270, "texture": "#0"},
				"up": {"uv": [3.5, 6.5, 4.5, 6.75], "texture": "#0"},
				"down": {"uv": [3.5, 6.75, 4.5, 6.5], "texture": "#0"}
			}
		},
		{
			"name": "halo (11)_23",
			"from": [11.5, 0, 6.5],
			"to": [12.5, 0.25, 6.75],
			"faces": {
				"north": {"uv": [12.5, 6.5, 11.5, 6.75], "texture": "#0"},
				"east": {"uv": [12.25, 6.5, 12.5, 6.75], "rotation": 90, "texture": "#0"},
				"south": {"uv": [11.5, 6.5, 12.5, 6.75], "texture": "#0"},
				"west": {"uv": [11.5, 6.5, 11.75, 6.75], "rotation": 270, "texture": "#0"},
				"up": {"uv": [11.5, 6.5, 12.5, 6.75], "texture": "#0"},
				"down": {"uv": [11.5, 6.75, 12.5, 6.5], "texture": "#0"}
			}
		},
		{
			"name": "halo (11)_24",
			"from": [3.25, 0, 6.75],
			"to": [4.5, 0.25, 7],
			"faces": {
				"north": {"uv": [4.5, 6.75, 3.25, 7], "texture": "#0"},
				"east": {"uv": [4.25, 6.75, 4.5, 7], "rotation": 90, "texture": "#0"},
				"south": {"uv": [3.25, 6.75, 4.5, 7], "texture": "#0"},
				"west": {"uv": [3.25, 6.75, 3.5, 7], "rotation": 270, "texture": "#0"},
				"up": {"uv": [3.25, 6.75, 4.5, 7], "texture": "#0"},
				"down": {"uv": [3.25, 7, 4.5, 6.75], "texture": "#0"}
			}
		},
		{
			"name": "halo (11)_25",
			"from": [11.5, 0, 6.75],
			"to": [12.75, 0.25, 7],
			"faces": {
				"north": {"uv": [12.75, 6.75, 11.5, 7], "texture": "#0"},
				"east": {"uv": [12.5, 6.75, 12.75, 7], "rotation": 90, "texture": "#0"},
				"south": {"uv": [11.5, 6.75, 12.75, 7], "texture": "#0"},
				"west": {"uv": [11.5, 6.75, 11.75, 7], "rotation": 270, "texture": "#0"},
				"up": {"uv": [11.5, 6.75, 12.75, 7], "texture": "#0"},
				"down": {"uv": [11.5, 7, 12.75, 6.75], "texture": "#0"}
			}
		},
		{
			"name": "halo (11)_26",
			"from": [3.25, 0, 7],
			"to": [4.25, 0.25, 7.25],
			"faces": {
				"north": {"uv": [4.25, 7, 3.25, 7.25], "texture": "#0"},
				"east": {"uv": [4, 7, 4.25, 7.25], "rotation": 90, "texture": "#0"},
				"south": {"uv": [3.25, 7, 4.25, 7.25], "texture": "#0"},
				"west": {"uv": [3.25, 7, 3.5, 7.25], "rotation": 270, "texture": "#0"},
				"up": {"uv": [3.25, 7, 4.25, 7.25], "texture": "#0"},
				"down": {"uv": [3.25, 7.25, 4.25, 7], "texture": "#0"}
			}
		},
		{
			"name": "halo (11)_27",
			"from": [11.75, 0, 7],
			"to": [12.75, 0.25, 7.25],
			"faces": {
				"north": {"uv": [12.75, 7, 11.75, 7.25], "texture": "#0"},
				"east": {"uv": [12.5, 7, 12.75, 7.25], "rotation": 90, "texture": "#0"},
				"south": {"uv": [11.75, 7, 12.75, 7.25], "texture": "#0"},
				"west": {"uv": [11.75, 7, 12, 7.25], "rotation": 270, "texture": "#0"},
				"up": {"uv": [11.75, 7, 12.75, 7.25], "texture": "#0"},
				"down": {"uv": [11.75, 7.25, 12.75, 7], "texture": "#0"}
			}
		},
		{
			"name": "halo (11)_28",
			"from": [3.25, 0, 7.25],
			"to": [4.25, 0.25, 7.5],
			"faces": {
				"north": {"uv": [4.25, 7.25, 3.25, 7.5], "texture": "#0"},
				"east": {"uv": [4, 7.25, 4.25, 7.5], "rotation": 90, "texture": "#0"},
				"south": {"uv": [3.25, 7.25, 4.25, 7.5], "texture": "#0"},
				"west": {"uv": [3.25, 7.25, 3.5, 7.5], "rotation": 270, "texture": "#0"},
				"up": {"uv": [3.25, 7.25, 4.25, 7.5], "texture": "#0"},
				"down": {"uv": [3.25, 7.5, 4.25, 7.25], "texture": "#0"}
			}
		},
		{
			"name": "halo (11)_29",
			"from": [11.75, 0, 7.25],
			"to": [12.75, 0.25, 7.5],
			"faces": {
				"north": {"uv": [12.75, 7.25, 11.75, 7.5], "texture": "#0"},
				"east": {"uv": [12.5, 7.25, 12.75, 7.5], "rotation": 90, "texture": "#0"},
				"south": {"uv": [11.75, 7.25, 12.75, 7.5], "texture": "#0"},
				"west": {"uv": [11.75, 7.25, 12, 7.5], "rotation": 270, "texture": "#0"},
				"up": {"uv": [11.75, 7.25, 12.75, 7.5], "texture": "#0"},
				"down": {"uv": [11.75, 7.5, 12.75, 7.25], "texture": "#0"}
			}
		},
		{
			"name": "halo (11)_30",
			"from": [3.25, 0, 7.5],
			"to": [4.25, 0.25, 7.75],
			"faces": {
				"north": {"uv": [4.25, 7.5, 3.25, 7.75], "texture": "#0"},
				"east": {"uv": [4, 7.5, 4.25, 7.75], "rotation": 90, "texture": "#0"},
				"south": {"uv": [3.25, 7.5, 4.25, 7.75], "texture": "#0"},
				"west": {"uv": [3.25, 7.5, 3.5, 7.75], "rotation": 270, "texture": "#0"},
				"up": {"uv": [3.25, 7.5, 4.25, 7.75], "texture": "#0"},
				"down": {"uv": [3.25, 7.75, 4.25, 7.5], "texture": "#0"}
			}
		},
		{
			"name": "halo (11)_31",
			"from": [11.75, 0, 7.5],
			"to": [12.75, 0.25, 7.75],
			"faces": {
				"north": {"uv": [12.75, 7.5, 11.75, 7.75], "texture": "#0"},
				"east": {"uv": [12.5, 7.5, 12.75, 7.75], "rotation": 90, "texture": "#0"},
				"south": {"uv": [11.75, 7.5, 12.75, 7.75], "texture": "#0"},
				"west": {"uv": [11.75, 7.5, 12, 7.75], "rotation": 270, "texture": "#0"},
				"up": {"uv": [11.75, 7.5, 12.75, 7.75], "texture": "#0"},
				"down": {"uv": [11.75, 7.75, 12.75, 7.5], "texture": "#0"}
			}
		},
		{
			"name": "halo (11)_32",
			"from": [3.25, 0, 7.75],
			"to": [4.25, 0.25, 8],
			"faces": {
				"north": {"uv": [4.25, 7.75, 3.25, 8], "texture": "#0"},
				"east": {"uv": [4, 7.75, 4.25, 8], "rotation": 90, "texture": "#0"},
				"south": {"uv": [3.25, 7.75, 4.25, 8], "texture": "#0"},
				"west": {"uv": [3.25, 7.75, 3.5, 8], "rotation": 270, "texture": "#0"},
				"up": {"uv": [3.25, 7.75, 4.25, 8], "texture": "#0"},
				"down": {"uv": [3.25, 8, 4.25, 7.75], "texture": "#0"}
			}
		},
		{
			"name": "halo (11)_33",
			"from": [11.75, 0, 7.75],
			"to": [12.75, 0.25, 8],
			"faces": {
				"north": {"uv": [12.75, 7.75, 11.75, 8], "texture": "#0"},
				"east": {"uv": [12.5, 7.75, 12.75, 8], "rotation": 90, "texture": "#0"},
				"south": {"uv": [11.75, 7.75, 12.75, 8], "texture": "#0"},
				"west": {"uv": [11.75, 7.75, 12, 8], "rotation": 270, "texture": "#0"},
				"up": {"uv": [11.75, 7.75, 12.75, 8], "texture": "#0"},
				"down": {"uv": [11.75, 8, 12.75, 7.75], "texture": "#0"}
			}
		},
		{
			"name": "halo (11)_34",
			"from": [3.25, 0, 8],
			"to": [4.25, 0.25, 8.25],
			"faces": {
				"north": {"uv": [4.25, 8, 3.25, 8.25], "texture": "#0"},
				"east": {"uv": [4, 8, 4.25, 8.25], "rotation": 90, "texture": "#0"},
				"south": {"uv": [3.25, 8, 4.25, 8.25], "texture": "#0"},
				"west": {"uv": [3.25, 8, 3.5, 8.25], "rotation": 270, "texture": "#0"},
				"up": {"uv": [3.25, 8, 4.25, 8.25], "texture": "#0"},
				"down": {"uv": [3.25, 8.25, 4.25, 8], "texture": "#0"}
			}
		},
		{
			"name": "halo (11)_35",
			"from": [11.75, 0, 8],
			"to": [12.75, 0.25, 8.25],
			"faces": {
				"north": {"uv": [12.75, 8, 11.75, 8.25], "texture": "#0"},
				"east": {"uv": [12.5, 8, 12.75, 8.25], "rotation": 90, "texture": "#0"},
				"south": {"uv": [11.75, 8, 12.75, 8.25], "texture": "#0"},
				"west": {"uv": [11.75, 8, 12, 8.25], "rotation": 270, "texture": "#0"},
				"up": {"uv": [11.75, 8, 12.75, 8.25], "texture": "#0"},
				"down": {"uv": [11.75, 8.25, 12.75, 8], "texture": "#0"}
			}
		},
		{
			"name": "halo (11)_36",
			"from": [3.25, 0, 8.25],
			"to": [4.25, 0.25, 8.5],
			"faces": {
				"north": {"uv": [4.25, 8.25, 3.25, 8.5], "texture": "#0"},
				"east": {"uv": [4, 8.25, 4.25, 8.5], "rotation": 90, "texture": "#0"},
				"south": {"uv": [3.25, 8.25, 4.25, 8.5], "texture": "#0"},
				"west": {"uv": [3.25, 8.25, 3.5, 8.5], "rotation": 270, "texture": "#0"},
				"up": {"uv": [3.25, 8.25, 4.25, 8.5], "texture": "#0"},
				"down": {"uv": [3.25, 8.5, 4.25, 8.25], "texture": "#0"}
			}
		},
		{
			"name": "halo (11)_37",
			"from": [11.75, 0, 8.25],
			"to": [12.75, 0.25, 8.5],
			"faces": {
				"north": {"uv": [12.75, 8.25, 11.75, 8.5], "texture": "#0"},
				"east": {"uv": [12.5, 8.25, 12.75, 8.5], "rotation": 90, "texture": "#0"},
				"south": {"uv": [11.75, 8.25, 12.75, 8.5], "texture": "#0"},
				"west": {"uv": [11.75, 8.25, 12, 8.5], "rotation": 270, "texture": "#0"},
				"up": {"uv": [11.75, 8.25, 12.75, 8.5], "texture": "#0"},
				"down": {"uv": [11.75, 8.5, 12.75, 8.25], "texture": "#0"}
			}
		},
		{
			"name": "halo (11)_38",
			"from": [3.25, 0, 8.5],
			"to": [4.25, 0.25, 8.75],
			"faces": {
				"north": {"uv": [4.25, 8.5, 3.25, 8.75], "texture": "#0"},
				"east": {"uv": [4, 8.5, 4.25, 8.75], "rotation": 90, "texture": "#0"},
				"south": {"uv": [3.25, 8.5, 4.25, 8.75], "texture": "#0"},
				"west": {"uv": [3.25, 8.5, 3.5, 8.75], "rotation": 270, "texture": "#0"},
				"up": {"uv": [3.25, 8.5, 4.25, 8.75], "texture": "#0"},
				"down": {"uv": [3.25, 8.75, 4.25, 8.5], "texture": "#0"}
			}
		},
		{
			"name": "halo (11)_39",
			"from": [11.75, 0, 8.5],
			"to": [12.75, 0.25, 8.75],
			"faces": {
				"north": {"uv": [12.75, 8.5, 11.75, 8.75], "texture": "#0"},
				"east": {"uv": [12.5, 8.5, 12.75, 8.75], "rotation": 90, "texture": "#0"},
				"south": {"uv": [11.75, 8.5, 12.75, 8.75], "texture": "#0"},
				"west": {"uv": [11.75, 8.5, 12, 8.75], "rotation": 270, "texture": "#0"},
				"up": {"uv": [11.75, 8.5, 12.75, 8.75], "texture": "#0"},
				"down": {"uv": [11.75, 8.75, 12.75, 8.5], "texture": "#0"}
			}
		},
		{
			"name": "halo (11)_40",
			"from": [3.25, 0, 8.75],
			"to": [4.25, 0.25, 9],
			"faces": {
				"north": {"uv": [4.25, 8.75, 3.25, 9], "texture": "#0"},
				"east": {"uv": [4, 8.75, 4.25, 9], "rotation": 90, "texture": "#0"},
				"south": {"uv": [3.25, 8.75, 4.25, 9], "texture": "#0"},
				"west": {"uv": [3.25, 8.75, 3.5, 9], "rotation": 270, "texture": "#0"},
				"up": {"uv": [3.25, 8.75, 4.25, 9], "texture": "#0"},
				"down": {"uv": [3.25, 9, 4.25, 8.75], "texture": "#0"}
			}
		},
		{
			"name": "halo (11)_41",
			"from": [11.75, 0, 8.75],
			"to": [12.75, 0.25, 9],
			"faces": {
				"north": {"uv": [12.75, 8.75, 11.75, 9], "texture": "#0"},
				"east": {"uv": [12.5, 8.75, 12.75, 9], "rotation": 90, "texture": "#0"},
				"south": {"uv": [11.75, 8.75, 12.75, 9], "texture": "#0"},
				"west": {"uv": [11.75, 8.75, 12, 9], "rotation": 270, "texture": "#0"},
				"up": {"uv": [11.75, 8.75, 12.75, 9], "texture": "#0"},
				"down": {"uv": [11.75, 9, 12.75, 8.75], "texture": "#0"}
			}
		},
		{
			"name": "halo (11)_42",
			"from": [3.25, 0, 9],
			"to": [4.5, 0.25, 9.25],
			"faces": {
				"north": {"uv": [4.5, 9, 3.25, 9.25], "texture": "#0"},
				"east": {"uv": [4.25, 9, 4.5, 9.25], "rotation": 90, "texture": "#0"},
				"south": {"uv": [3.25, 9, 4.5, 9.25], "texture": "#0"},
				"west": {"uv": [3.25, 9, 3.5, 9.25], "rotation": 270, "texture": "#0"},
				"up": {"uv": [3.25, 9, 4.5, 9.25], "texture": "#0"},
				"down": {"uv": [3.25, 9.25, 4.5, 9], "texture": "#0"}
			}
		},
		{
			"name": "halo (11)_43",
			"from": [11.5, 0, 9],
			"to": [12.75, 0.25, 9.25],
			"faces": {
				"north": {"uv": [12.75, 9, 11.5, 9.25], "texture": "#0"},
				"east": {"uv": [12.5, 9, 12.75, 9.25], "rotation": 90, "texture": "#0"},
				"south": {"uv": [11.5, 9, 12.75, 9.25], "texture": "#0"},
				"west": {"uv": [11.5, 9, 11.75, 9.25], "rotation": 270, "texture": "#0"},
				"up": {"uv": [11.5, 9, 12.75, 9.25], "texture": "#0"},
				"down": {"uv": [11.5, 9.25, 12.75, 9], "texture": "#0"}
			}
		},
		{
			"name": "halo (11)_44",
			"from": [3.5, 0, 9.25],
			"to": [4.5, 0.25, 9.5],
			"faces": {
				"north": {"uv": [4.5, 9.25, 3.5, 9.5], "texture": "#0"},
				"east": {"uv": [4.25, 9.25, 4.5, 9.5], "rotation": 90, "texture": "#0"},
				"south": {"uv": [3.5, 9.25, 4.5, 9.5], "texture": "#0"},
				"west": {"uv": [3.5, 9.25, 3.75, 9.5], "rotation": 270, "texture": "#0"},
				"up": {"uv": [3.5, 9.25, 4.5, 9.5], "texture": "#0"},
				"down": {"uv": [3.5, 9.5, 4.5, 9.25], "texture": "#0"}
			}
		},
		{
			"name": "halo (11)_45",
			"from": [11.5, 0, 9.25],
			"to": [12.5, 0.25, 9.5],
			"faces": {
				"north": {"uv": [12.5, 9.25, 11.5, 9.5], "texture": "#0"},
				"east": {"uv": [12.25, 9.25, 12.5, 9.5], "rotation": 90, "texture": "#0"},
				"south": {"uv": [11.5, 9.25, 12.5, 9.5], "texture": "#0"},
				"west": {"uv": [11.5, 9.25, 11.75, 9.5], "rotation": 270, "texture": "#0"},
				"up": {"uv": [11.5, 9.25, 12.5, 9.5], "texture": "#0"},
				"down": {"uv": [11.5, 9.5, 12.5, 9.25], "texture": "#0"}
			}
		},
		{
			"name": "halo (11)_46",
			"from": [3.5, 0, 9.5],
			"to": [4.5, 0.25, 9.75],
			"faces": {
				"north": {"uv": [4.5, 9.5, 3.5, 9.75], "texture": "#0"},
				"east": {"uv": [4.25, 9.5, 4.5, 9.75], "rotation": 90, "texture": "#0"},
				"south": {"uv": [3.5, 9.5, 4.5, 9.75], "texture": "#0"},
				"west": {"uv": [3.5, 9.5, 3.75, 9.75], "rotation": 270, "texture": "#0"},
				"up": {"uv": [3.5, 9.5, 4.5, 9.75], "texture": "#0"},
				"down": {"uv": [3.5, 9.75, 4.5, 9.5], "texture": "#0"}
			}
		},
		{
			"name": "halo (11)_47",
			"from": [11.5, 0, 9.5],
			"to": [12.5, 0.25, 9.75],
			"faces": {
				"north": {"uv": [12.5, 9.5, 11.5, 9.75], "texture": "#0"},
				"east": {"uv": [12.25, 9.5, 12.5, 9.75], "rotation": 90, "texture": "#0"},
				"south": {"uv": [11.5, 9.5, 12.5, 9.75], "texture": "#0"},
				"west": {"uv": [11.5, 9.5, 11.75, 9.75], "rotation": 270, "texture": "#0"},
				"up": {"uv": [11.5, 9.5, 12.5, 9.75], "texture": "#0"},
				"down": {"uv": [11.5, 9.75, 12.5, 9.5], "texture": "#0"}
			}
		},
		{
			"name": "halo (11)_48",
			"from": [3.5, 0, 9.75],
			"to": [4.75, 0.25, 10],
			"faces": {
				"north": {"uv": [4.75, 9.75, 3.5, 10], "texture": "#0"},
				"east": {"uv": [4.5, 9.75, 4.75, 10], "rotation": 90, "texture": "#0"},
				"south": {"uv": [3.5, 9.75, 4.75, 10], "texture": "#0"},
				"west": {"uv": [3.5, 9.75, 3.75, 10], "rotation": 270, "texture": "#0"},
				"up": {"uv": [3.5, 9.75, 4.75, 10], "texture": "#0"},
				"down": {"uv": [3.5, 10, 4.75, 9.75], "texture": "#0"}
			}
		},
		{
			"name": "halo (11)_49",
			"from": [11.25, 0, 9.75],
			"to": [12.5, 0.25, 10],
			"faces": {
				"north": {"uv": [12.5, 9.75, 11.25, 10], "texture": "#0"},
				"east": {"uv": [12.25, 9.75, 12.5, 10], "rotation": 90, "texture": "#0"},
				"south": {"uv": [11.25, 9.75, 12.5, 10], "texture": "#0"},
				"west": {"uv": [11.25, 9.75, 11.5, 10], "rotation": 270, "texture": "#0"},
				"up": {"uv": [11.25, 9.75, 12.5, 10], "texture": "#0"},
				"down": {"uv": [11.25, 10, 12.5, 9.75], "texture": "#0"}
			}
		},
		{
			"name": "halo (11)_50",
			"from": [3.75, 0, 10],
			"to": [4.75, 0.25, 10.25],
			"faces": {
				"north": {"uv": [4.75, 10, 3.75, 10.25], "texture": "#0"},
				"east": {"uv": [4.5, 10, 4.75, 10.25], "rotation": 90, "texture": "#0"},
				"south": {"uv": [3.75, 10, 4.75, 10.25], "texture": "#0"},
				"west": {"uv": [3.75, 10, 4, 10.25], "rotation": 270, "texture": "#0"},
				"up": {"uv": [3.75, 10, 4.75, 10.25], "texture": "#0"},
				"down": {"uv": [3.75, 10.25, 4.75, 10], "texture": "#0"}
			}
		},
		{
			"name": "halo (11)_51",
			"from": [11.25, 0, 10],
			"to": [12.25, 0.25, 10.25],
			"faces": {
				"north": {"uv": [12.25, 10, 11.25, 10.25], "texture": "#0"},
				"east": {"uv": [12, 10, 12.25, 10.25], "rotation": 90, "texture": "#0"},
				"south": {"uv": [11.25, 10, 12.25, 10.25], "texture": "#0"},
				"west": {"uv": [11.25, 10, 11.5, 10.25], "rotation": 270, "texture": "#0"},
				"up": {"uv": [11.25, 10, 12.25, 10.25], "texture": "#0"},
				"down": {"uv": [11.25, 10.25, 12.25, 10], "texture": "#0"}
			}
		},
		{
			"name": "halo (11)_52",
			"from": [3.75, 0, 10.25],
			"to": [5, 0.25, 10.5],
			"faces": {
				"north": {"uv": [5, 10.25, 3.75, 10.5], "texture": "#0"},
				"east": {"uv": [4.75, 10.25, 5, 10.5], "rotation": 90, "texture": "#0"},
				"south": {"uv": [3.75, 10.25, 5, 10.5], "texture": "#0"},
				"west": {"uv": [3.75, 10.25, 4, 10.5], "rotation": 270, "texture": "#0"},
				"up": {"uv": [3.75, 10.25, 5, 10.5], "texture": "#0"},
				"down": {"uv": [3.75, 10.5, 5, 10.25], "texture": "#0"}
			}
		},
		{
			"name": "halo (11)_53",
			"from": [11, 0, 10.25],
			"to": [12.25, 0.25, 10.5],
			"faces": {
				"north": {"uv": [12.25, 10.25, 11, 10.5], "texture": "#0"},
				"east": {"uv": [12, 10.25, 12.25, 10.5], "rotation": 90, "texture": "#0"},
				"south": {"uv": [11, 10.25, 12.25, 10.5], "texture": "#0"},
				"west": {"uv": [11, 10.25, 11.25, 10.5], "rotation": 270, "texture": "#0"},
				"up": {"uv": [11, 10.25, 12.25, 10.5], "texture": "#0"},
				"down": {"uv": [11, 10.5, 12.25, 10.25], "texture": "#0"}
			}
		},
		{
			"name": "halo (11)_54",
			"from": [4, 0, 10.5],
			"to": [5.25, 0.25, 10.75],
			"faces": {
				"north": {"uv": [5.25, 10.5, 4, 10.75], "texture": "#0"},
				"east": {"uv": [5, 10.5, 5.25, 10.75], "rotation": 90, "texture": "#0"},
				"south": {"uv": [4, 10.5, 5.25, 10.75], "texture": "#0"},
				"west": {"uv": [4, 10.5, 4.25, 10.75], "rotation": 270, "texture": "#0"},
				"up": {"uv": [4, 10.5, 5.25, 10.75], "texture": "#0"},
				"down": {"uv": [4, 10.75, 5.25, 10.5], "texture": "#0"}
			}
		},
		{
			"name": "halo (11)_55",
			"from": [10.75, 0, 10.5],
			"to": [12, 0.25, 10.75],
			"faces": {
				"north": {"uv": [12, 10.5, 10.75, 10.75], "texture": "#0"},
				"east": {"uv": [11.75, 10.5, 12, 10.75], "rotation": 90, "texture": "#0"},
				"south": {"uv": [10.75, 10.5, 12, 10.75], "texture": "#0"},
				"west": {"uv": [10.75, 10.5, 11, 10.75], "rotation": 270, "texture": "#0"},
				"up": {"uv": [10.75, 10.5, 12, 10.75], "texture": "#0"},
				"down": {"uv": [10.75, 10.75, 12, 10.5], "texture": "#0"}
			}
		},
		{
			"name": "halo (11)_56",
			"from": [4.25, 0, 10.75],
			"to": [5.5, 0.25, 11],
			"faces": {
				"north": {"uv": [5.5, 10.75, 4.25, 11], "texture": "#0"},
				"east": {"uv": [5.25, 10.75, 5.5, 11], "rotation": 90, "texture": "#0"},
				"south": {"uv": [4.25, 10.75, 5.5, 11], "texture": "#0"},
				"west": {"uv": [4.25, 10.75, 4.5, 11], "rotation": 270, "texture": "#0"},
				"up": {"uv": [4.25, 10.75, 5.5, 11], "texture": "#0"},
				"down": {"uv": [4.25, 11, 5.5, 10.75], "texture": "#0"}
			}
		},
		{
			"name": "halo (11)_57",
			"from": [10.5, 0, 10.75],
			"to": [11.75, 0.25, 11],
			"faces": {
				"north": {"uv": [11.75, 10.75, 10.5, 11], "texture": "#0"},
				"east": {"uv": [11.5, 10.75, 11.75, 11], "rotation": 90, "texture": "#0"},
				"south": {"uv": [10.5, 10.75, 11.75, 11], "texture": "#0"},
				"west": {"uv": [10.5, 10.75, 10.75, 11], "rotation": 270, "texture": "#0"},
				"up": {"uv": [10.5, 10.75, 11.75, 11], "texture": "#0"},
				"down": {"uv": [10.5, 11, 11.75, 10.75], "texture": "#0"}
			}
		},
		{
			"name": "halo (11)_58",
			"from": [4.25, 0, 11],
			"to": [5.75, 0.25, 11.25],
			"faces": {
				"north": {"uv": [5.75, 11, 4.25, 11.25], "texture": "#0"},
				"east": {"uv": [5.5, 11, 5.75, 11.25], "rotation": 90, "texture": "#0"},
				"south": {"uv": [4.25, 11, 5.75, 11.25], "texture": "#0"},
				"west": {"uv": [4.25, 11, 4.5, 11.25], "rotation": 270, "texture": "#0"},
				"up": {"uv": [4.25, 11, 5.75, 11.25], "texture": "#0"},
				"down": {"uv": [4.25, 11.25, 5.75, 11], "texture": "#0"}
			}
		},
		{
			"name": "halo (11)_59",
			"from": [10.25, 0, 11],
			"to": [11.75, 0.25, 11.25],
			"faces": {
				"north": {"uv": [11.75, 11, 10.25, 11.25], "texture": "#0"},
				"east": {"uv": [11.5, 11, 11.75, 11.25], "rotation": 90, "texture": "#0"},
				"south": {"uv": [10.25, 11, 11.75, 11.25], "texture": "#0"},
				"west": {"uv": [10.25, 11, 10.5, 11.25], "rotation": 270, "texture": "#0"},
				"up": {"uv": [10.25, 11, 11.75, 11.25], "texture": "#0"},
				"down": {"uv": [10.25, 11.25, 11.75, 11], "texture": "#0"}
			}
		},
		{
			"name": "halo (11)_60",
			"from": [4.5, 0, 11.25],
			"to": [6.25, 0.25, 11.5],
			"faces": {
				"north": {"uv": [6.25, 11.25, 4.5, 11.5], "texture": "#0"},
				"east": {"uv": [6, 11.25, 6.25, 11.5], "rotation": 90, "texture": "#0"},
				"south": {"uv": [4.5, 11.25, 6.25, 11.5], "texture": "#0"},
				"west": {"uv": [4.5, 11.25, 4.75, 11.5], "rotation": 270, "texture": "#0"},
				"up": {"uv": [4.5, 11.25, 6.25, 11.5], "texture": "#0"},
				"down": {"uv": [4.5, 11.5, 6.25, 11.25], "texture": "#0"}
			}
		},
		{
			"name": "halo (11)_61",
			"from": [9.75, 0, 11.25],
			"to": [11.5, 0.25, 11.5],
			"faces": {
				"north": {"uv": [11.5, 11.25, 9.75, 11.5], "texture": "#0"},
				"east": {"uv": [11.25, 11.25, 11.5, 11.5], "rotation": 90, "texture": "#0"},
				"south": {"uv": [9.75, 11.25, 11.5, 11.5], "texture": "#0"},
				"west": {"uv": [9.75, 11.25, 10, 11.5], "rotation": 270, "texture": "#0"},
				"up": {"uv": [9.75, 11.25, 11.5, 11.5], "texture": "#0"},
				"down": {"uv": [9.75, 11.5, 11.5, 11.25], "texture": "#0"}
			}
		},
		{
			"name": "halo (11)_62",
			"from": [4.75, 0, 11.5],
			"to": [7, 0.25, 11.75],
			"faces": {
				"north": {"uv": [7, 11.5, 4.75, 11.75], "texture": "#0"},
				"east": {"uv": [6.75, 11.5, 7, 11.75], "rotation": 90, "texture": "#0"},
				"south": {"uv": [4.75, 11.5, 7, 11.75], "texture": "#0"},
				"west": {"uv": [4.75, 11.5, 5, 11.75], "rotation": 270, "texture": "#0"},
				"up": {"uv": [4.75, 11.5, 7, 11.75], "texture": "#0"},
				"down": {"uv": [4.75, 11.75, 7, 11.5], "texture": "#0"}
			}
		},
		{
			"name": "halo (11)_63",
			"from": [9, 0, 11.5],
			"to": [11.25, 0.25, 11.75],
			"faces": {
				"north": {"uv": [11.25, 11.5, 9, 11.75], "texture": "#0"},
				"east": {"uv": [11, 11.5, 11.25, 11.75], "rotation": 90, "texture": "#0"},
				"south": {"uv": [9, 11.5, 11.25, 11.75], "texture": "#0"},
				"west": {"uv": [9, 11.5, 9.25, 11.75], "rotation": 270, "texture": "#0"},
				"up": {"uv": [9, 11.5, 11.25, 11.75], "texture": "#0"},
				"down": {"uv": [9, 11.75, 11.25, 11.5], "texture": "#0"}
			}
		},
		{
			"name": "halo (11)_64",
			"from": [5.25, 0, 11.75],
			"to": [10.75, 0.25, 12],
			"faces": {
				"north": {"uv": [10.75, 11.75, 5.25, 12], "texture": "#0"},
				"east": {"uv": [10.5, 11.75, 10.75, 12], "rotation": 90, "texture": "#0"},
				"south": {"uv": [5.25, 11.75, 10.75, 12], "texture": "#0"},
				"west": {"uv": [5.25, 11.75, 5.5, 12], "rotation": 270, "texture": "#0"},
				"up": {"uv": [5.25, 11.75, 10.75, 12], "texture": "#0"},
				"down": {"uv": [5.25, 12, 10.75, 11.75], "texture": "#0"}
			}
		},
		{
			"name": "halo (11)_65",
			"from": [5.5, 0, 12],
			"to": [10.5, 0.25, 12.25],
			"faces": {
				"north": {"uv": [10.5, 12, 5.5, 12.25], "texture": "#0"},
				"east": {"uv": [10.25, 12, 10.5, 12.25], "rotation": 90, "texture": "#0"},
				"south": {"uv": [5.5, 12, 10.5, 12.25], "texture": "#0"},
				"west": {"uv": [5.5, 12, 5.75, 12.25], "rotation": 270, "texture": "#0"},
				"up": {"uv": [5.5, 12, 10.5, 12.25], "texture": "#0"},
				"down": {"uv": [5.5, 12.25, 10.5, 12], "texture": "#0"}
			}
		},
		{
			"name": "halo (11)_66",
			"from": [6, 0, 12.25],
			"to": [10, 0.25, 12.5],
			"faces": {
				"north": {"uv": [10, 12.25, 6, 12.5], "texture": "#0"},
				"east": {"uv": [9.75, 12.25, 10, 12.5], "rotation": 90, "texture": "#0"},
				"south": {"uv": [6, 12.25, 10, 12.5], "texture": "#0"},
				"west": {"uv": [6, 12.25, 6.25, 12.5], "rotation": 270, "texture": "#0"},
				"up": {"uv": [6, 12.25, 10, 12.5], "texture": "#0"},
				"down": {"uv": [6, 12.5, 10, 12.25], "texture": "#0"}
			}
		},
		{
			"name": "halo (11)_67",
			"from": [6.75, 0, 12.5],
			"to": [9.25, 0.25, 12.75],
			"faces": {
				"north": {"uv": [9.25, 12.5, 6.75, 12.75], "texture": "#0"},
				"east": {"uv": [9, 12.5, 9.25, 12.75], "rotation": 90, "texture": "#0"},
				"south": {"uv": [6.75, 12.5, 9.25, 12.75], "texture": "#0"},
				"west": {"uv": [6.75, 12.5, 7, 12.75], "rotation": 270, "texture": "#0"},
				"up": {"uv": [6.75, 12.5, 9.25, 12.75], "texture": "#0"},
				"down": {"uv": [6.75, 12.75, 9.25, 12.5], "texture": "#0"}
			}
		}
	],
	"display": {
		"gui": {
			"rotation": [90, 0, 0]
		},
		"head": {
			"rotation": [20, 0, 0],
			"translation": [0, 17, 10]
		}
	},
	"groups": [
		{
			"name": "halo (11)",
			"origin": [8, 8, 8],
			"color": 0,
			"children": [
				0,
				1,
				2,
				3,
				4,
				5,
				6,
				7,
				8,
				9,
				10,
				11,
				12,
				13,
				14,
				15,
				16,
				17,
				18,
				19,
				20,
				21,
				22,
				23,
				24,
				25,
				26,
				27,
				28,
				29,
				30,
				31,
				32,
				33,
				34,
				35,
				36,
				37,
				38,
				39,
				40,
				41,
				42,
				43,
				44,
				45,
				46,
				47,
				48,
				49,
				50,
				51,
				52,
				53,
				54,
				55,
				56,
				57,
				58,
				59,
				60,
				61,
				62,
				63,
				64,
				65,
				66,
				67
			]
		}
	]
}