{
	"credit": "Made with Blockbench",
	"textures": {
		"0": "items/3d/halo (35)",
		"particle": "items/3d/halo (35)"
	},
	"elements": [
		{
			"name": "halo (35)_0",
			"from": [7, 0, 1],
			"to": [9, 0.25, 1.25],
			"faces": {
				"north": {"uv": [9, 1, 7, 1.25], "texture": "#0"},
				"east": {"uv": [8.75, 1, 9, 1.25], "rotation": 90, "texture": "#0"},
				"south": {"uv": [7, 1, 9, 1.25], "texture": "#0"},
				"west": {"uv": [7, 1, 7.25, 1.25], "rotation": 270, "texture": "#0"},
				"up": {"uv": [7, 1, 9, 1.25], "texture": "#0"},
				"down": {"uv": [7, 1.25, 9, 1], "texture": "#0"}
			}
		},
		{
			"name": "halo (35)_1",
			"from": [6, 0, 1.25],
			"to": [10.25, 0.25, 1.5],
			"faces": {
				"north": {"uv": [10.25, 1.25, 6, 1.5], "texture": "#0"},
				"east": {"uv": [10, 1.25, 10.25, 1.5], "rotation": 90, "texture": "#0"},
				"south": {"uv": [6, 1.25, 10.25, 1.5], "texture": "#0"},
				"west": {"uv": [6, 1.25, 6.25, 1.5], "rotation": 270, "texture": "#0"},
				"up": {"uv": [6, 1.25, 10.25, 1.5], "texture": "#0"},
				"down": {"uv": [6, 1.5, 10.25, 1.25], "texture": "#0"}
			}
		},
		{
			"name": "halo (35)_2",
			"from": [5.5, 0, 1.5],
			"to": [10.5, 0.25, 1.75],
			"faces": {
				"north": {"uv": [10.5, 1.5, 5.5, 1.75], "texture": "#0"},
				"east": {"uv": [10.25, 1.5, 10.5, 1.75], "rotation": 90, "texture": "#0"},
				"south": {"uv": [5.5, 1.5, 10.5, 1.75], "texture": "#0"},
				"west": {"uv": [5.5, 1.5, 5.75, 1.75], "rotation": 270, "texture": "#0"},
				"up": {"uv": [5.5, 1.5, 10.5, 1.75], "texture": "#0"},
				"down": {"uv": [5.5, 1.75, 10.5, 1.5], "texture": "#0"}
			}
		},
		{
			"name": "halo (35)_3",
			"from": [5.25, 0, 1.75],
			"to": [10.75, 0.25, 2],
			"faces": {
				"north": {"uv": [10.75, 1.75, 5.25, 2], "texture": "#0"},
				"east": {"uv": [10.5, 1.75, 10.75, 2], "rotation": 90, "texture": "#0"},
				"south": {"uv": [5.25, 1.75, 10.75, 2], "texture": "#0"},
				"west": {"uv": [5.25, 1.75, 5.5, 2], "rotation": 270, "texture": "#0"},
				"up": {"uv": [5.25, 1.75, 10.75, 2], "texture": "#0"},
				"down": {"uv": [5.25, 2, 10.75, 1.75], "texture": "#0"}
			}
		},
		{
			"name": "halo (35)_4",
			"from": [5.25, 0, 2],
			"to": [10.75, 0.25, 2.25],
			"faces": {
				"north": {"uv": [10.75, 2, 5.25, 2.25], "texture": "#0"},
				"east": {"uv": [10.5, 2, 10.75, 2.25], "rotation": 90, "texture": "#0"},
				"south": {"uv": [5.25, 2, 10.75, 2.25], "texture": "#0"},
				"west": {"uv": [5.25, 2, 5.5, 2.25], "rotation": 270, "texture": "#0"},
				"up": {"uv": [5.25, 2, 10.75, 2.25], "texture": "#0"},
				"down": {"uv": [5.25, 2.25, 10.75, 2], "texture": "#0"}
			}
		},
		{
			"name": "halo (35)_5",
			"from": [5.25, 0, 2.25],
			"to": [10.75, 0.25, 2.5],
			"faces": {
				"north": {"uv": [10.75, 2.25, 5.25, 2.5], "texture": "#0"},
				"east": {"uv": [10.5, 2.25, 10.75, 2.5], "rotation": 90, "texture": "#0"},
				"south": {"uv": [5.25, 2.25, 10.75, 2.5], "texture": "#0"},
				"west": {"uv": [5.25, 2.25, 5.5, 2.5], "rotation": 270, "texture": "#0"},
				"up": {"uv": [5.25, 2.25, 10.75, 2.5], "texture": "#0"},
				"down": {"uv": [5.25, 2.5, 10.75, 2.25], "texture": "#0"}
			}
		},
		{
			"name": "halo (35)_6",
			"from": [5.25, 0, 2.5],
			"to": [10.75, 0.25, 2.75],
			"faces": {
				"north": {"uv": [10.75, 2.5, 5.25, 2.75], "texture": "#0"},
				"east": {"uv": [10.5, 2.5, 10.75, 2.75], "rotation": 90, "texture": "#0"},
				"south": {"uv": [5.25, 2.5, 10.75, 2.75], "texture": "#0"},
				"west": {"uv": [5.25, 2.5, 5.5, 2.75], "rotation": 270, "texture": "#0"},
				"up": {"uv": [5.25, 2.5, 10.75, 2.75], "texture": "#0"},
				"down": {"uv": [5.25, 2.75, 10.75, 2.5], "texture": "#0"}
			}
		},
		{
			"name": "halo (35)_7",
			"from": [5.25, 0, 2.75],
			"to": [10.75, 0.25, 3],
			"faces": {
				"north": {"uv": [10.75, 2.75, 5.25, 3], "texture": "#0"},
				"east": {"uv": [10.5, 2.75, 10.75, 3], "rotation": 90, "texture": "#0"},
				"south": {"uv": [5.25, 2.75, 10.75, 3], "texture": "#0"},
				"west": {"uv": [5.25, 2.75, 5.5, 3], "rotation": 270, "texture": "#0"},
				"up": {"uv": [5.25, 2.75, 10.75, 3], "texture": "#0"},
				"down": {"uv": [5.25, 3, 10.75, 2.75], "texture": "#0"}
			}
		},
		{
			"name": "halo (35)_8",
			"from": [5.25, 0, 3],
			"to": [10.75, 0.25, 3.25],
			"faces": {
				"north": {"uv": [10.75, 3, 5.25, 3.25], "texture": "#0"},
				"east": {"uv": [10.5, 3, 10.75, 3.25], "rotation": 90, "texture": "#0"},
				"south": {"uv": [5.25, 3, 10.75, 3.25], "texture": "#0"},
				"west": {"uv": [5.25, 3, 5.5, 3.25], "rotation": 270, "texture": "#0"},
				"up": {"uv": [5.25, 3, 10.75, 3.25], "texture": "#0"},
				"down": {"uv": [5.25, 3.25, 10.75, 3], "texture": "#0"}
			}
		},
		{
			"name": "halo (35)_9",
			"from": [5.25, 0, 3.25],
			"to": [10.75, 0.25, 3.5],
			"faces": {
				"north": {"uv": [10.75, 3.25, 5.25, 3.5], "texture": "#0"},
				"east": {"uv": [10.5, 3.25, 10.75, 3.5], "rotation": 90, "texture": "#0"},
				"south": {"uv": [5.25, 3.25, 10.75, 3.5], "texture": "#0"},
				"west": {"uv": [5.25, 3.25, 5.5, 3.5], "rotation": 270, "texture": "#0"},
				"up": {"uv": [5.25, 3.25, 10.75, 3.5], "texture": "#0"},
				"down": {"uv": [5.25, 3.5, 10.75, 3.25], "texture": "#0"}
			}
		},
		{
			"name": "halo (35)_10",
			"from": [5.25, 0, 3.5],
			"to": [10.75, 0.25, 3.75],
			"faces": {
				"north": {"uv": [10.75, 3.5, 5.25, 3.75], "texture": "#0"},
				"east": {"uv": [10.5, 3.5, 10.75, 3.75], "rotation": 90, "texture": "#0"},
				"south": {"uv": [5.25, 3.5, 10.75, 3.75], "texture": "#0"},
				"west": {"uv": [5.25, 3.5, 5.5, 3.75], "rotation": 270, "texture": "#0"},
				"up": {"uv": [5.25, 3.5, 10.75, 3.75], "texture": "#0"},
				"down": {"uv": [5.25, 3.75, 10.75, 3.5], "texture": "#0"}
			}
		},
		{
			"name": "halo (35)_11",
			"from": [5.5, 0, 3.75],
			"to": [10.5, 0.25, 4],
			"faces": {
				"north": {"uv": [10.5, 3.75, 5.5, 4], "texture": "#0"},
				"east": {"uv": [10.25, 3.75, 10.5, 4], "rotation": 90, "texture": "#0"},
				"south": {"uv": [5.5, 3.75, 10.5, 4], "texture": "#0"},
				"west": {"uv": [5.5, 3.75, 5.75, 4], "rotation": 270, "texture": "#0"},
				"up": {"uv": [5.5, 3.75, 10.5, 4], "texture": "#0"},
				"down": {"uv": [5.5, 4, 10.5, 3.75], "texture": "#0"}
			}
		},
		{
			"name": "halo (35)_12",
			"from": [5.5, 0, 4],
			"to": [10.5, 0.25, 4.25],
			"faces": {
				"north": {"uv": [10.5, 4, 5.5, 4.25], "texture": "#0"},
				"east": {"uv": [10.25, 4, 10.5, 4.25], "rotation": 90, "texture": "#0"},
				"south": {"uv": [5.5, 4, 10.5, 4.25], "texture": "#0"},
				"west": {"uv": [5.5, 4, 5.75, 4.25], "rotation": 270, "texture": "#0"},
				"up": {"uv": [5.5, 4, 10.5, 4.25], "texture": "#0"},
				"down": {"uv": [5.5, 4.25, 10.5, 4], "texture": "#0"}
			}
		},
		{
			"name": "halo (35)_13",
			"from": [5.75, 0, 4.25],
			"to": [10.25, 0.25, 4.5],
			"faces": {
				"north": {"uv": [10.25, 4.25, 5.75, 4.5], "texture": "#0"},
				"east": {"uv": [10, 4.25, 10.25, 4.5], "rotation": 90, "texture": "#0"},
				"south": {"uv": [5.75, 4.25, 10.25, 4.5], "texture": "#0"},
				"west": {"uv": [5.75, 4.25, 6, 4.5], "rotation": 270, "texture": "#0"},
				"up": {"uv": [5.75, 4.25, 10.25, 4.5], "texture": "#0"},
				"down": {"uv": [5.75, 4.5, 10.25, 4.25], "texture": "#0"}
			}
		},
		{
			"name": "halo (35)_14",
			"from": [6, 0, 4.5],
			"to": [10, 0.25, 4.75],
			"faces": {
				"north": {"uv": [10, 4.5, 6, 4.75], "texture": "#0"},
				"east": {"uv": [9.75, 4.5, 10, 4.75], "rotation": 90, "texture": "#0"},
				"south": {"uv": [6, 4.5, 10, 4.75], "texture": "#0"},
				"west": {"uv": [6, 4.5, 6.25, 4.75], "rotation": 270, "texture": "#0"},
				"up": {"uv": [6, 4.5, 10, 4.75], "texture": "#0"},
				"down": {"uv": [6, 4.75, 10, 4.5], "texture": "#0"}
			}
		},
		{
			"name": "halo (35)_15",
			"from": [6.25, 0, 4.75],
			"to": [9.75, 0.25, 5],
			"faces": {
				"north": {"uv": [9.75, 4.75, 6.25, 5], "texture": "#0"},
				"east": {"uv": [9.5, 4.75, 9.75, 5], "rotation": 90, "texture": "#0"},
				"south": {"uv": [6.25, 4.75, 9.75, 5], "texture": "#0"},
				"west": {"uv": [6.25, 4.75, 6.5, 5], "rotation": 270, "texture": "#0"},
				"up": {"uv": [6.25, 4.75, 9.75, 5], "texture": "#0"},
				"down": {"uv": [6.25, 5, 9.75, 4.75], "texture": "#0"}
			}
		},
		{
			"name": "halo (35)_16",
			"from": [6.5, 0, 5],
			"to": [9.5, 0.25, 5.25],
			"faces": {
				"north": {"uv": [9.5, 5, 6.5, 5.25], "texture": "#0"},
				"east": {"uv": [9.25, 5, 9.5, 5.25], "rotation": 90, "texture": "#0"},
				"south": {"uv": [6.5, 5, 9.5, 5.25], "texture": "#0"},
				"west": {"uv": [6.5, 5, 6.75, 5.25], "rotation": 270, "texture": "#0"},
				"up": {"uv": [6.5, 5, 9.5, 5.25], "texture": "#0"},
				"down": {"uv": [6.5, 5.25, 9.5, 5], "texture": "#0"}
			}
		},
		{
			"name": "halo (35)_17",
			"from": [1.75, 0, 5.25],
			"to": [3.75, 0.25, 5.5],
			"faces": {
				"north": {"uv": [3.75, 5.25, 1.75, 5.5], "texture": "#0"},
				"east": {"uv": [3.5, 5.25, 3.75, 5.5], "rotation": 90, "texture": "#0"},
				"south": {"uv": [1.75, 5.25, 3.75, 5.5], "texture": "#0"},
				"west": {"uv": [1.75, 5.25, 2, 5.5], "rotation": 270, "texture": "#0"},
				"up": {"uv": [1.75, 5.25, 3.75, 5.5], "texture": "#0"},
				"down": {"uv": [1.75, 5.5, 3.75, 5.25], "texture": "#0"}
			}
		},
		{
			"name": "halo (35)_18",
			"from": [7, 0, 5.25],
			"to": [9, 0.25, 5.5],
			"faces": {
				"north": {"uv": [9, 5.25, 7, 5.5], "texture": "#0"},
				"east": {"uv": [8.75, 5.25, 9, 5.5], "rotation": 90, "texture": "#0"},
				"south": {"uv": [7, 5.25, 9, 5.5], "texture": "#0"},
				"west": {"uv": [7, 5.25, 7.25, 5.5], "rotation": 270, "texture": "#0"},
				"up": {"uv": [7, 5.25, 9, 5.5], "texture": "#0"},
				"down": {"uv": [7, 5.5, 9, 5.25], "texture": "#0"}
			}
		},
		{
			"name": "halo (35)_19",
			"from": [12.25, 0, 5.25],
			"to": [14.25, 0.25, 5.5],
			"faces": {
				"north": {"uv": [14.25, 5.25, 12.25, 5.5], "texture": "#0"},
				"east": {"uv": [14, 5.25, 14.25, 5.5], "rotation": 90, "texture": "#0"},
				"south": {"uv": [12.25, 5.25, 14.25, 5.5], "texture": "#0"},
				"west": {"uv": [12.25, 5.25, 12.5, 5.5], "rotation": 270, "texture": "#0"},
				"up": {"uv": [12.25, 5.25, 14.25, 5.5], "texture": "#0"},
				"down": {"uv": [12.25, 5.5, 14.25, 5.25], "texture": "#0"}
			}
		},
		{
			"name": "halo (35)_20",
			"from": [1.5, 0, 5.5],
			"to": [4.25, 0.25, 5.75],
			"faces": {
				"north": {"uv": [4.25, 5.5, 1.5, 5.75], "texture": "#0"},
				"east": {"uv": [4, 5.5, 4.25, 5.75], "rotation": 90, "texture": "#0"},
				"south": {"uv": [1.5, 5.5, 4.25, 5.75], "texture": "#0"},
				"west": {"uv": [1.5, 5.5, 1.75, 5.75], "rotation": 270, "texture": "#0"},
				"up": {"uv": [1.5, 5.5, 4.25, 5.75], "texture": "#0"},
				"down": {"uv": [1.5, 5.75, 4.25, 5.5], "texture": "#0"}
			}
		},
		{
			"name": "halo (35)_21",
			"from": [11.75, 0, 5.5],
			"to": [14.5, 0.25, 5.75],
			"faces": {
				"north": {"uv": [14.5, 5.5, 11.75, 5.75], "texture": "#0"},
				"east": {"uv": [14.25, 5.5, 14.5, 5.75], "rotation": 90, "texture": "#0"},
				"south": {"uv": [11.75, 5.5, 14.5, 5.75], "texture": "#0"},
				"west": {"uv": [11.75, 5.5, 12, 5.75], "rotation": 270, "texture": "#0"},
				"up": {"uv": [11.75, 5.5, 14.5, 5.75], "texture": "#0"},
				"down": {"uv": [11.75, 5.75, 14.5, 5.5], "texture": "#0"}
			}
		},
		{
			"name": "halo (35)_22",
			"from": [1.25, 0, 5.75],
			"to": [4.5, 0.25, 6],
			"faces": {
				"north": {"uv": [4.5, 5.75, 1.25, 6], "texture": "#0"},
				"east": {"uv": [4.25, 5.75, 4.5, 6], "rotation": 90, "texture": "#0"},
				"south": {"uv": [1.25, 5.75, 4.5, 6], "texture": "#0"},
				"west": {"uv": [1.25, 5.75, 1.5, 6], "rotation": 270, "texture": "#0"},
				"up": {"uv": [1.25, 5.75, 4.5, 6], "texture": "#0"},
				"down": {"uv": [1.25, 6, 4.5, 5.75], "texture": "#0"}
			}
		},
		{
			"name": "halo (35)_23",
			"from": [11.5, 0, 5.75],
			"to": [14.5, 0.25, 6],
			"faces": {
				"north": {"uv": [14.5, 5.75, 11.5, 6], "texture": "#0"},
				"east": {"uv": [14.25, 5.75, 14.5, 6], "rotation": 90, "texture": "#0"},
				"south": {"uv": [11.5, 5.75, 14.5, 6], "texture": "#0"},
				"west": {"uv": [11.5, 5.75, 11.75, 6], "rotation": 270, "texture": "#0"},
				"up": {"uv": [11.5, 5.75, 14.5, 6], "texture": "#0"},
				"down": {"uv": [11.5, 6, 14.5, 5.75], "texture": "#0"}
			}
		},
		{
			"name": "halo (35)_24",
			"from": [1.25, 0, 6],
			"to": [4.75, 0.25, 6.25],
			"faces": {
				"north": {"uv": [4.75, 6, 1.25, 6.25], "texture": "#0"},
				"east": {"uv": [4.5, 6, 4.75, 6.25], "rotation": 90, "texture": "#0"},
				"south": {"uv": [1.25, 6, 4.75, 6.25], "texture": "#0"},
				"west": {"uv": [1.25, 6, 1.5, 6.25], "rotation": 270, "texture": "#0"},
				"up": {"uv": [1.25, 6, 4.75, 6.25], "texture": "#0"},
				"down": {"uv": [1.25, 6.25, 4.75, 6], "texture": "#0"}
			}
		},
		{
			"name": "halo (35)_25",
			"from": [11.25, 0, 6],
			"to": [14.75, 0.25, 6.25],
			"faces": {
				"north": {"uv": [14.75, 6, 11.25, 6.25], "texture": "#0"},
				"east": {"uv": [14.5, 6, 14.75, 6.25], "rotation": 90, "texture": "#0"},
				"south": {"uv": [11.25, 6, 14.75, 6.25], "texture": "#0"},
				"west": {"uv": [11.25, 6, 11.5, 6.25], "rotation": 270, "texture": "#0"},
				"up": {"uv": [11.25, 6, 14.75, 6.25], "texture": "#0"},
				"down": {"uv": [11.25, 6.25, 14.75, 6], "texture": "#0"}
			}
		},
		{
			"name": "halo (35)_26",
			"from": [1.25, 0, 6.25],
			"to": [5, 0.25, 6.5],
			"faces": {
				"north": {"uv": [5, 6.25, 1.25, 6.5], "texture": "#0"},
				"east": {"uv": [4.75, 6.25, 5, 6.5], "rotation": 90, "texture": "#0"},
				"south": {"uv": [1.25, 6.25, 5, 6.5], "texture": "#0"},
				"west": {"uv": [1.25, 6.25, 1.5, 6.5], "rotation": 270, "texture": "#0"},
				"up": {"uv": [1.25, 6.25, 5, 6.5], "texture": "#0"},
				"down": {"uv": [1.25, 6.5, 5, 6.25], "texture": "#0"}
			}
		},
		{
			"name": "halo (35)_27",
			"from": [11, 0, 6.25],
			"to": [14.75, 0.25, 6.5],
			"faces": {
				"north": {"uv": [14.75, 6.25, 11, 6.5], "texture": "#0"},
				"east": {"uv": [14.5, 6.25, 14.75, 6.5], "rotation": 90, "texture": "#0"},
				"south": {"uv": [11, 6.25, 14.75, 6.5], "texture": "#0"},
				"west": {"uv": [11, 6.25, 11.25, 6.5], "rotation": 270, "texture": "#0"},
				"up": {"uv": [11, 6.25, 14.75, 6.5], "texture": "#0"},
				"down": {"uv": [11, 6.5, 14.75, 6.25], "texture": "#0"}
			}
		},
		{
			"name": "halo (35)_28",
			"from": [1.25, 0, 6.5],
			"to": [5.25, 0.25, 6.75],
			"faces": {
				"north": {"uv": [5.25, 6.5, 1.25, 6.75], "texture": "#0"},
				"east": {"uv": [5, 6.5, 5.25, 6.75], "rotation": 90, "texture": "#0"},
				"south": {"uv": [1.25, 6.5, 5.25, 6.75], "texture": "#0"},
				"west": {"uv": [1.25, 6.5, 1.5, 6.75], "rotation": 270, "texture": "#0"},
				"up": {"uv": [1.25, 6.5, 5.25, 6.75], "texture": "#0"},
				"down": {"uv": [1.25, 6.75, 5.25, 6.5], "texture": "#0"}
			}
		},
		{
			"name": "halo (35)_29",
			"from": [10.75, 0, 6.5],
			"to": [14.75, 0.25, 6.75],
			"faces": {
				"north": {"uv": [14.75, 6.5, 10.75, 6.75], "texture": "#0"},
				"east": {"uv": [14.5, 6.5, 14.75, 6.75], "rotation": 90, "texture": "#0"},
				"south": {"uv": [10.75, 6.5, 14.75, 6.75], "texture": "#0"},
				"west": {"uv": [10.75, 6.5, 11, 6.75], "rotation": 270, "texture": "#0"},
				"up": {"uv": [10.75, 6.5, 14.75, 6.75], "texture": "#0"},
				"down": {"uv": [10.75, 6.75, 14.75, 6.5], "texture": "#0"}
			}
		},
		{
			"name": "halo (35)_30",
			"from": [1.25, 0, 6.75],
			"to": [5.25, 0.25, 7],
			"faces": {
				"north": {"uv": [5.25, 6.75, 1.25, 7], "texture": "#0"},
				"east": {"uv": [5, 6.75, 5.25, 7], "rotation": 90, "texture": "#0"},
				"south": {"uv": [1.25, 6.75, 5.25, 7], "texture": "#0"},
				"west": {"uv": [1.25, 6.75, 1.5, 7], "rotation": 270, "texture": "#0"},
				"up": {"uv": [1.25, 6.75, 5.25, 7], "texture": "#0"},
				"down": {"uv": [1.25, 7, 5.25, 6.75], "texture": "#0"}
			}
		},
		{
			"name": "halo (35)_31",
			"from": [10.75, 0, 6.75],
			"to": [14.75, 0.25, 7],
			"faces": {
				"north": {"uv": [14.75, 6.75, 10.75, 7], "texture": "#0"},
				"east": {"uv": [14.5, 6.75, 14.75, 7], "rotation": 90, "texture": "#0"},
				"south": {"uv": [10.75, 6.75, 14.75, 7], "texture": "#0"},
				"west": {"uv": [10.75, 6.75, 11, 7], "rotation": 270, "texture": "#0"},
				"up": {"uv": [10.75, 6.75, 14.75, 7], "texture": "#0"},
				"down": {"uv": [10.75, 7, 14.75, 6.75], "texture": "#0"}
			}
		},
		{
			"name": "halo (35)_32",
			"from": [1, 0, 7],
			"to": [5.5, 0.25, 7.25],
			"faces": {
				"north": {"uv": [5.5, 7, 1, 7.25], "texture": "#0"},
				"east": {"uv": [5.25, 7, 5.5, 7.25], "rotation": 90, "texture": "#0"},
				"south": {"uv": [1, 7, 5.5, 7.25], "texture": "#0"},
				"west": {"uv": [1, 7, 1.25, 7.25], "rotation": 270, "texture": "#0"},
				"up": {"uv": [1, 7, 5.5, 7.25], "texture": "#0"},
				"down": {"uv": [1, 7.25, 5.5, 7], "texture": "#0"}
			}
		},
		{
			"name": "halo (35)_33",
			"from": [10.5, 0, 7],
			"to": [15, 0.25, 7.25],
			"faces": {
				"north": {"uv": [15, 7, 10.5, 7.25], "texture": "#0"},
				"east": {"uv": [14.75, 7, 15, 7.25], "rotation": 90, "texture": "#0"},
				"south": {"uv": [10.5, 7, 15, 7.25], "texture": "#0"},
				"west": {"uv": [10.5, 7, 10.75, 7.25], "rotation": 270, "texture": "#0"},
				"up": {"uv": [10.5, 7, 15, 7.25], "texture": "#0"},
				"down": {"uv": [10.5, 7.25, 15, 7], "texture": "#0"}
			}
		},
		{
			"name": "halo (35)_34",
			"from": [1, 0, 7.25],
			"to": [5.5, 0.25, 7.5],
			"faces": {
				"north": {"uv": [5.5, 7.25, 1, 7.5], "texture": "#0"},
				"east": {"uv": [5.25, 7.25, 5.5, 7.5], "rotation": 90, "texture": "#0"},
				"south": {"uv": [1, 7.25, 5.5, 7.5], "texture": "#0"},
				"west": {"uv": [1, 7.25, 1.25, 7.5], "rotation": 270, "texture": "#0"},
				"up": {"uv": [1, 7.25, 5.5, 7.5], "texture": "#0"},
				"down": {"uv": [1, 7.5, 5.5, 7.25], "texture": "#0"}
			}
		},
		{
			"name": "halo (35)_35",
			"from": [10.5, 0, 7.25],
			"to": [15, 0.25, 7.5],
			"faces": {
				"north": {"uv": [15, 7.25, 10.5, 7.5], "texture": "#0"},
				"east": {"uv": [14.75, 7.25, 15, 7.5], "rotation": 90, "texture": "#0"},
				"south": {"uv": [10.5, 7.25, 15, 7.5], "texture": "#0"},
				"west": {"uv": [10.5, 7.25, 10.75, 7.5], "rotation": 270, "texture": "#0"},
				"up": {"uv": [10.5, 7.25, 15, 7.5], "texture": "#0"},
				"down": {"uv": [10.5, 7.5, 15, 7.25], "texture": "#0"}
			}
		},
		{
			"name": "halo (35)_36",
			"from": [1, 0, 7.5],
			"to": [5.5, 0.25, 7.75],
			"faces": {
				"north": {"uv": [5.5, 7.5, 1, 7.75], "texture": "#0"},
				"east": {"uv": [5.25, 7.5, 5.5, 7.75], "rotation": 90, "texture": "#0"},
				"south": {"uv": [1, 7.5, 5.5, 7.75], "texture": "#0"},
				"west": {"uv": [1, 7.5, 1.25, 7.75], "rotation": 270, "texture": "#0"},
				"up": {"uv": [1, 7.5, 5.5, 7.75], "texture": "#0"},
				"down": {"uv": [1, 7.75, 5.5, 7.5], "texture": "#0"}
			}
		},
		{
			"name": "halo (35)_37",
			"from": [10.5, 0, 7.5],
			"to": [15, 0.25, 7.75],
			"faces": {
				"north": {"uv": [15, 7.5, 10.5, 7.75], "texture": "#0"},
				"east": {"uv": [14.75, 7.5, 15, 7.75], "rotation": 90, "texture": "#0"},
				"south": {"uv": [10.5, 7.5, 15, 7.75], "texture": "#0"},
				"west": {"uv": [10.5, 7.5, 10.75, 7.75], "rotation": 270, "texture": "#0"},
				"up": {"uv": [10.5, 7.5, 15, 7.75], "texture": "#0"},
				"down": {"uv": [10.5, 7.75, 15, 7.5], "texture": "#0"}
			}
		},
		{
			"name": "halo (35)_38",
			"from": [1, 0, 7.75],
			"to": [5.5, 0.25, 8],
			"faces": {
				"north": {"uv": [5.5, 7.75, 1, 8], "texture": "#0"},
				"east": {"uv": [5.25, 7.75, 5.5, 8], "rotation": 90, "texture": "#0"},
				"south": {"uv": [1, 7.75, 5.5, 8], "texture": "#0"},
				"west": {"uv": [1, 7.75, 1.25, 8], "rotation": 270, "texture": "#0"},
				"up": {"uv": [1, 7.75, 5.5, 8], "texture": "#0"},
				"down": {"uv": [1, 8, 5.5, 7.75], "texture": "#0"}
			}
		},
		{
			"name": "halo (35)_39",
			"from": [10.5, 0, 7.75],
			"to": [15, 0.25, 8],
			"faces": {
				"north": {"uv": [15, 7.75, 10.5, 8], "texture": "#0"},
				"east": {"uv": [14.75, 7.75, 15, 8], "rotation": 90, "texture": "#0"},
				"south": {"uv": [10.5, 7.75, 15, 8], "texture": "#0"},
				"west": {"uv": [10.5, 7.75, 10.75, 8], "rotation": 270, "texture": "#0"},
				"up": {"uv": [10.5, 7.75, 15, 8], "texture": "#0"},
				"down": {"uv": [10.5, 8, 15, 7.75], "texture": "#0"}
			}
		},
		{
			"name": "halo (35)_40",
			"from": [1, 0, 8],
			"to": [5.5, 0.25, 8.25],
			"faces": {
				"north": {"uv": [5.5, 8, 1, 8.25], "texture": "#0"},
				"east": {"uv": [5.25, 8, 5.5, 8.25], "rotation": 90, "texture": "#0"},
				"south": {"uv": [1, 8, 5.5, 8.25], "texture": "#0"},
				"west": {"uv": [1, 8, 1.25, 8.25], "rotation": 270, "texture": "#0"},
				"up": {"uv": [1, 8, 5.5, 8.25], "texture": "#0"},
				"down": {"uv": [1, 8.25, 5.5, 8], "texture": "#0"}
			}
		},
		{
			"name": "halo (35)_41",
			"from": [10.5, 0, 8],
			"to": [15, 0.25, 8.25],
			"faces": {
				"north": {"uv": [15, 8, 10.5, 8.25], "texture": "#0"},
				"east": {"uv": [14.75, 8, 15, 8.25], "rotation": 90, "texture": "#0"},
				"south": {"uv": [10.5, 8, 15, 8.25], "texture": "#0"},
				"west": {"uv": [10.5, 8, 10.75, 8.25], "rotation": 270, "texture": "#0"},
				"up": {"uv": [10.5, 8, 15, 8.25], "texture": "#0"},
				"down": {"uv": [10.5, 8.25, 15, 8], "texture": "#0"}
			}
		},
		{
			"name": "halo (35)_42",
			"from": [1, 0, 8.25],
			"to": [5.5, 0.25, 8.5],
			"faces": {
				"north": {"uv": [5.5, 8.25, 1, 8.5], "texture": "#0"},
				"east": {"uv": [5.25, 8.25, 5.5, 8.5], "rotation": 90, "texture": "#0"},
				"south": {"uv": [1, 8.25, 5.5, 8.5], "texture": "#0"},
				"west": {"uv": [1, 8.25, 1.25, 8.5], "rotation": 270, "texture": "#0"},
				"up": {"uv": [1, 8.25, 5.5, 8.5], "texture": "#0"},
				"down": {"uv": [1, 8.5, 5.5, 8.25], "texture": "#0"}
			}
		},
		{
			"name": "halo (35)_43",
			"from": [10.5, 0, 8.25],
			"to": [15, 0.25, 8.5],
			"faces": {
				"north": {"uv": [15, 8.25, 10.5, 8.5], "texture": "#0"},
				"east": {"uv": [14.75, 8.25, 15, 8.5], "rotation": 90, "texture": "#0"},
				"south": {"uv": [10.5, 8.25, 15, 8.5], "texture": "#0"},
				"west": {"uv": [10.5, 8.25, 10.75, 8.5], "rotation": 270, "texture": "#0"},
				"up": {"uv": [10.5, 8.25, 15, 8.5], "texture": "#0"},
				"down": {"uv": [10.5, 8.5, 15, 8.25], "texture": "#0"}
			}
		},
		{
			"name": "halo (35)_44",
			"from": [1, 0, 8.5],
			"to": [5.5, 0.25, 8.75],
			"faces": {
				"north": {"uv": [5.5, 8.5, 1, 8.75], "texture": "#0"},
				"east": {"uv": [5.25, 8.5, 5.5, 8.75], "rotation": 90, "texture": "#0"},
				"south": {"uv": [1, 8.5, 5.5, 8.75], "texture": "#0"},
				"west": {"uv": [1, 8.5, 1.25, 8.75], "rotation": 270, "texture": "#0"},
				"up": {"uv": [1, 8.5, 5.5, 8.75], "texture": "#0"},
				"down": {"uv": [1, 8.75, 5.5, 8.5], "texture": "#0"}
			}
		},
		{
			"name": "halo (35)_45",
			"from": [10.5, 0, 8.5],
			"to": [15, 0.25, 8.75],
			"faces": {
				"north": {"uv": [15, 8.5, 10.5, 8.75], "texture": "#0"},
				"east": {"uv": [14.75, 8.5, 15, 8.75], "rotation": 90, "texture": "#0"},
				"south": {"uv": [10.5, 8.5, 15, 8.75], "texture": "#0"},
				"west": {"uv": [10.5, 8.5, 10.75, 8.75], "rotation": 270, "texture": "#0"},
				"up": {"uv": [10.5, 8.5, 15, 8.75], "texture": "#0"},
				"down": {"uv": [10.5, 8.75, 15, 8.5], "texture": "#0"}
			}
		},
		{
			"name": "halo (35)_46",
			"from": [1, 0, 8.75],
			"to": [5.5, 0.25, 9],
			"faces": {
				"north": {"uv": [5.5, 8.75, 1, 9], "texture": "#0"},
				"east": {"uv": [5.25, 8.75, 5.5, 9], "rotation": 90, "texture": "#0"},
				"south": {"uv": [1, 8.75, 5.5, 9], "texture": "#0"},
				"west": {"uv": [1, 8.75, 1.25, 9], "rotation": 270, "texture": "#0"},
				"up": {"uv": [1, 8.75, 5.5, 9], "texture": "#0"},
				"down": {"uv": [1, 9, 5.5, 8.75], "texture": "#0"}
			}
		},
		{
			"name": "halo (35)_47",
			"from": [10.5, 0, 8.75],
			"to": [15, 0.25, 9],
			"faces": {
				"north": {"uv": [15, 8.75, 10.5, 9], "texture": "#0"},
				"east": {"uv": [14.75, 8.75, 15, 9], "rotation": 90, "texture": "#0"},
				"south": {"uv": [10.5, 8.75, 15, 9], "texture": "#0"},
				"west": {"uv": [10.5, 8.75, 10.75, 9], "rotation": 270, "texture": "#0"},
				"up": {"uv": [10.5, 8.75, 15, 9], "texture": "#0"},
				"down": {"uv": [10.5, 9, 15, 8.75], "texture": "#0"}
			}
		},
		{
			"name": "halo (35)_48",
			"from": [1.25, 0, 9],
			"to": [5.25, 0.25, 9.25],
			"faces": {
				"north": {"uv": [5.25, 9, 1.25, 9.25], "texture": "#0"},
				"east": {"uv": [5, 9, 5.25, 9.25], "rotation": 90, "texture": "#0"},
				"south": {"uv": [1.25, 9, 5.25, 9.25], "texture": "#0"},
				"west": {"uv": [1.25, 9, 1.5, 9.25], "rotation": 270, "texture": "#0"},
				"up": {"uv": [1.25, 9, 5.25, 9.25], "texture": "#0"},
				"down": {"uv": [1.25, 9.25, 5.25, 9], "texture": "#0"}
			}
		},
		{
			"name": "halo (35)_49",
			"from": [10.75, 0, 9],
			"to": [14.75, 0.25, 9.25],
			"faces": {
				"north": {"uv": [14.75, 9, 10.75, 9.25], "texture": "#0"},
				"east": {"uv": [14.5, 9, 14.75, 9.25], "rotation": 90, "texture": "#0"},
				"south": {"uv": [10.75, 9, 14.75, 9.25], "texture": "#0"},
				"west": {"uv": [10.75, 9, 11, 9.25], "rotation": 270, "texture": "#0"},
				"up": {"uv": [10.75, 9, 14.75, 9.25], "texture": "#0"},
				"down": {"uv": [10.75, 9.25, 14.75, 9], "texture": "#0"}
			}
		},
		{
			"name": "halo (35)_50",
			"from": [1.25, 0, 9.25],
			"to": [5.25, 0.25, 9.5],
			"faces": {
				"north": {"uv": [5.25, 9.25, 1.25, 9.5], "texture": "#0"},
				"east": {"uv": [5, 9.25, 5.25, 9.5], "rotation": 90, "texture": "#0"},
				"south": {"uv": [1.25, 9.25, 5.25, 9.5], "texture": "#0"},
				"west": {"uv": [1.25, 9.25, 1.5, 9.5], "rotation": 270, "texture": "#0"},
				"up": {"uv": [1.25, 9.25, 5.25, 9.5], "texture": "#0"},
				"down": {"uv": [1.25, 9.5, 5.25, 9.25], "texture": "#0"}
			}
		},
		{
			"name": "halo (35)_51",
			"from": [10.75, 0, 9.25],
			"to": [14.75, 0.25, 9.5],
			"faces": {
				"north": {"uv": [14.75, 9.25, 10.75, 9.5], "texture": "#0"},
				"east": {"uv": [14.5, 9.25, 14.75, 9.5], "rotation": 90, "texture": "#0"},
				"south": {"uv": [10.75, 9.25, 14.75, 9.5], "texture": "#0"},
				"west": {"uv": [10.75, 9.25, 11, 9.5], "rotation": 270, "texture": "#0"},
				"up": {"uv": [10.75, 9.25, 14.75, 9.5], "texture": "#0"},
				"down": {"uv": [10.75, 9.5, 14.75, 9.25], "texture": "#0"}
			}
		},
		{
			"name": "halo (35)_52",
			"from": [1.25, 0, 9.5],
			"to": [5, 0.25, 9.75],
			"faces": {
				"north": {"uv": [5, 9.5, 1.25, 9.75], "texture": "#0"},
				"east": {"uv": [4.75, 9.5, 5, 9.75], "rotation": 90, "texture": "#0"},
				"south": {"uv": [1.25, 9.5, 5, 9.75], "texture": "#0"},
				"west": {"uv": [1.25, 9.5, 1.5, 9.75], "rotation": 270, "texture": "#0"},
				"up": {"uv": [1.25, 9.5, 5, 9.75], "texture": "#0"},
				"down": {"uv": [1.25, 9.75, 5, 9.5], "texture": "#0"}
			}
		},
		{
			"name": "halo (35)_53",
			"from": [11, 0, 9.5],
			"to": [14.75, 0.25, 9.75],
			"faces": {
				"north": {"uv": [14.75, 9.5, 11, 9.75], "texture": "#0"},
				"east": {"uv": [14.5, 9.5, 14.75, 9.75], "rotation": 90, "texture": "#0"},
				"south": {"uv": [11, 9.5, 14.75, 9.75], "texture": "#0"},
				"west": {"uv": [11, 9.5, 11.25, 9.75], "rotation": 270, "texture": "#0"},
				"up": {"uv": [11, 9.5, 14.75, 9.75], "texture": "#0"},
				"down": {"uv": [11, 9.75, 14.75, 9.5], "texture": "#0"}
			}
		},
		{
			"name": "halo (35)_54",
			"from": [1.25, 0, 9.75],
			"to": [4.75, 0.25, 10],
			"faces": {
				"north": {"uv": [4.75, 9.75, 1.25, 10], "texture": "#0"},
				"east": {"uv": [4.5, 9.75, 4.75, 10], "rotation": 90, "texture": "#0"},
				"south": {"uv": [1.25, 9.75, 4.75, 10], "texture": "#0"},
				"west": {"uv": [1.25, 9.75, 1.5, 10], "rotation": 270, "texture": "#0"},
				"up": {"uv": [1.25, 9.75, 4.75, 10], "texture": "#0"},
				"down": {"uv": [1.25, 10, 4.75, 9.75], "texture": "#0"}
			}
		},
		{
			"name": "halo (35)_55",
			"from": [11.25, 0, 9.75],
			"to": [14.75, 0.25, 10],
			"faces": {
				"north": {"uv": [14.75, 9.75, 11.25, 10], "texture": "#0"},
				"east": {"uv": [14.5, 9.75, 14.75, 10], "rotation": 90, "texture": "#0"},
				"south": {"uv": [11.25, 9.75, 14.75, 10], "texture": "#0"},
				"west": {"uv": [11.25, 9.75, 11.5, 10], "rotation": 270, "texture": "#0"},
				"up": {"uv": [11.25, 9.75, 14.75, 10], "texture": "#0"},
				"down": {"uv": [11.25, 10, 14.75, 9.75], "texture": "#0"}
			}
		},
		{
			"name": "halo (35)_56",
			"from": [1.5, 0, 10],
			"to": [4.5, 0.25, 10.25],
			"faces": {
				"north": {"uv": [4.5, 10, 1.5, 10.25], "texture": "#0"},
				"east": {"uv": [4.25, 10, 4.5, 10.25], "rotation": 90, "texture": "#0"},
				"south": {"uv": [1.5, 10, 4.5, 10.25], "texture": "#0"},
				"west": {"uv": [1.5, 10, 1.75, 10.25], "rotation": 270, "texture": "#0"},
				"up": {"uv": [1.5, 10, 4.5, 10.25], "texture": "#0"},
				"down": {"uv": [1.5, 10.25, 4.5, 10], "texture": "#0"}
			}
		},
		{
			"name": "halo (35)_57",
			"from": [11.5, 0, 10],
			"to": [14.75, 0.25, 10.25],
			"faces": {
				"north": {"uv": [14.75, 10, 11.5, 10.25], "texture": "#0"},
				"east": {"uv": [14.5, 10, 14.75, 10.25], "rotation": 90, "texture": "#0"},
				"south": {"uv": [11.5, 10, 14.75, 10.25], "texture": "#0"},
				"west": {"uv": [11.5, 10, 11.75, 10.25], "rotation": 270, "texture": "#0"},
				"up": {"uv": [11.5, 10, 14.75, 10.25], "texture": "#0"},
				"down": {"uv": [11.5, 10.25, 14.75, 10], "texture": "#0"}
			}
		},
		{
			"name": "halo (35)_58",
			"from": [1.5, 0, 10.25],
			"to": [4.25, 0.25, 10.5],
			"faces": {
				"north": {"uv": [4.25, 10.25, 1.5, 10.5], "texture": "#0"},
				"east": {"uv": [4, 10.25, 4.25, 10.5], "rotation": 90, "texture": "#0"},
				"south": {"uv": [1.5, 10.25, 4.25, 10.5], "texture": "#0"},
				"west": {"uv": [1.5, 10.25, 1.75, 10.5], "rotation": 270, "texture": "#0"},
				"up": {"uv": [1.5, 10.25, 4.25, 10.5], "texture": "#0"},
				"down": {"uv": [1.5, 10.5, 4.25, 10.25], "texture": "#0"}
			}
		},
		{
			"name": "halo (35)_59",
			"from": [11.75, 0, 10.25],
			"to": [14.5, 0.25, 10.5],
			"faces": {
				"north": {"uv": [14.5, 10.25, 11.75, 10.5], "texture": "#0"},
				"east": {"uv": [14.25, 10.25, 14.5, 10.5], "rotation": 90, "texture": "#0"},
				"south": {"uv": [11.75, 10.25, 14.5, 10.5], "texture": "#0"},
				"west": {"uv": [11.75, 10.25, 12, 10.5], "rotation": 270, "texture": "#0"},
				"up": {"uv": [11.75, 10.25, 14.5, 10.5], "texture": "#0"},
				"down": {"uv": [11.75, 10.5, 14.5, 10.25], "texture": "#0"}
			}
		},
		{
			"name": "halo (35)_60",
			"from": [1.75, 0, 10.5],
			"to": [3.75, 0.25, 10.75],
			"faces": {
				"north": {"uv": [3.75, 10.5, 1.75, 10.75], "texture": "#0"},
				"east": {"uv": [3.5, 10.5, 3.75, 10.75], "rotation": 90, "texture": "#0"},
				"south": {"uv": [1.75, 10.5, 3.75, 10.75], "texture": "#0"},
				"west": {"uv": [1.75, 10.5, 2, 10.75], "rotation": 270, "texture": "#0"},
				"up": {"uv": [1.75, 10.5, 3.75, 10.75], "texture": "#0"},
				"down": {"uv": [1.75, 10.75, 3.75, 10.5], "texture": "#0"}
			}
		},
		{
			"name": "halo (35)_61",
			"from": [7, 0, 10.5],
			"to": [9, 0.25, 10.75],
			"faces": {
				"north": {"uv": [9, 10.5, 7, 10.75], "texture": "#0"},
				"east": {"uv": [8.75, 10.5, 9, 10.75], "rotation": 90, "texture": "#0"},
				"south": {"uv": [7, 10.5, 9, 10.75], "texture": "#0"},
				"west": {"uv": [7, 10.5, 7.25, 10.75], "rotation": 270, "texture": "#0"},
				"up": {"uv": [7, 10.5, 9, 10.75], "texture": "#0"},
				"down": {"uv": [7, 10.75, 9, 10.5], "texture": "#0"}
			}
		},
		{
			"name": "halo (35)_62",
			"from": [12.25, 0, 10.5],
			"to": [14.25, 0.25, 10.75],
			"faces": {
				"north": {"uv": [14.25, 10.5, 12.25, 10.75], "texture": "#0"},
				"east": {"uv": [14, 10.5, 14.25, 10.75], "rotation": 90, "texture": "#0"},
				"south": {"uv": [12.25, 10.5, 14.25, 10.75], "texture": "#0"},
				"west": {"uv": [12.25, 10.5, 12.5, 10.75], "rotation": 270, "texture": "#0"},
				"up": {"uv": [12.25, 10.5, 14.25, 10.75], "texture": "#0"},
				"down": {"uv": [12.25, 10.75, 14.25, 10.5], "texture": "#0"}
			}
		},
		{
			"name": "halo (35)_63",
			"from": [6.5, 0, 10.75],
			"to": [9.5, 0.25, 11],
			"faces": {
				"north": {"uv": [9.5, 10.75, 6.5, 11], "texture": "#0"},
				"east": {"uv": [9.25, 10.75, 9.5, 11], "rotation": 90, "texture": "#0"},
				"south": {"uv": [6.5, 10.75, 9.5, 11], "texture": "#0"},
				"west": {"uv": [6.5, 10.75, 6.75, 11], "rotation": 270, "texture": "#0"},
				"up": {"uv": [6.5, 10.75, 9.5, 11], "texture": "#0"},
				"down": {"uv": [6.5, 11, 9.5, 10.75], "texture": "#0"}
			}
		},
		{
			"name": "halo (35)_64",
			"from": [6.25, 0, 11],
			"to": [9.75, 0.25, 11.25],
			"faces": {
				"north": {"uv": [9.75, 11, 6.25, 11.25], "texture": "#0"},
				"east": {"uv": [9.5, 11, 9.75, 11.25], "rotation": 90, "texture": "#0"},
				"south": {"uv": [6.25, 11, 9.75, 11.25], "texture": "#0"},
				"west": {"uv": [6.25, 11, 6.5, 11.25], "rotation": 270, "texture": "#0"},
				"up": {"uv": [6.25, 11, 9.75, 11.25], "texture": "#0"},
				"down": {"uv": [6.25, 11.25, 9.75, 11], "texture": "#0"}
			}
		},
		{
			"name": "halo (35)_65",
			"from": [6, 0, 11.25],
			"to": [10, 0.25, 11.5],
			"faces": {
				"north": {"uv": [10, 11.25, 6, 11.5], "texture": "#0"},
				"east": {"uv": [9.75, 11.25, 10, 11.5], "rotation": 90, "texture": "#0"},
				"south": {"uv": [6, 11.25, 10, 11.5], "texture": "#0"},
				"west": {"uv": [6, 11.25, 6.25, 11.5], "rotation": 270, "texture": "#0"},
				"up": {"uv": [6, 11.25, 10, 11.5], "texture": "#0"},
				"down": {"uv": [6, 11.5, 10, 11.25], "texture": "#0"}
			}
		},
		{
			"name": "halo (35)_66",
			"from": [5.75, 0, 11.5],
			"to": [10.25, 0.25, 11.75],
			"faces": {
				"north": {"uv": [10.25, 11.5, 5.75, 11.75], "texture": "#0"},
				"east": {"uv": [10, 11.5, 10.25, 11.75], "rotation": 90, "texture": "#0"},
				"south": {"uv": [5.75, 11.5, 10.25, 11.75], "texture": "#0"},
				"west": {"uv": [5.75, 11.5, 6, 11.75], "rotation": 270, "texture": "#0"},
				"up": {"uv": [5.75, 11.5, 10.25, 11.75], "texture": "#0"},
				"down": {"uv": [5.75, 11.75, 10.25, 11.5], "texture": "#0"}
			}
		},
		{
			"name": "halo (35)_67",
			"from": [5.5, 0, 11.75],
			"to": [10.5, 0.25, 12],
			"faces": {
				"north": {"uv": [10.5, 11.75, 5.5, 12], "texture": "#0"},
				"east": {"uv": [10.25, 11.75, 10.5, 12], "rotation": 90, "texture": "#0"},
				"south": {"uv": [5.5, 11.75, 10.5, 12], "texture": "#0"},
				"west": {"uv": [5.5, 11.75, 5.75, 12], "rotation": 270, "texture": "#0"},
				"up": {"uv": [5.5, 11.75, 10.5, 12], "texture": "#0"},
				"down": {"uv": [5.5, 12, 10.5, 11.75], "texture": "#0"}
			}
		},
		{
			"name": "halo (35)_68",
			"from": [5.5, 0, 12],
			"to": [10.5, 0.25, 12.25],
			"faces": {
				"north": {"uv": [10.5, 12, 5.5, 12.25], "texture": "#0"},
				"east": {"uv": [10.25, 12, 10.5, 12.25], "rotation": 90, "texture": "#0"},
				"south": {"uv": [5.5, 12, 10.5, 12.25], "texture": "#0"},
				"west": {"uv": [5.5, 12, 5.75, 12.25], "rotation": 270, "texture": "#0"},
				"up": {"uv": [5.5, 12, 10.5, 12.25], "texture": "#0"},
				"down": {"uv": [5.5, 12.25, 10.5, 12], "texture": "#0"}
			}
		},
		{
			"name": "halo (35)_69",
			"from": [5.25, 0, 12.25],
			"to": [10.75, 0.25, 12.5],
			"faces": {
				"north": {"uv": [10.75, 12.25, 5.25, 12.5], "texture": "#0"},
				"east": {"uv": [10.5, 12.25, 10.75, 12.5], "rotation": 90, "texture": "#0"},
				"south": {"uv": [5.25, 12.25, 10.75, 12.5], "texture": "#0"},
				"west": {"uv": [5.25, 12.25, 5.5, 12.5], "rotation": 270, "texture": "#0"},
				"up": {"uv": [5.25, 12.25, 10.75, 12.5], "texture": "#0"},
				"down": {"uv": [5.25, 12.5, 10.75, 12.25], "texture": "#0"}
			}
		},
		{
			"name": "halo (35)_70",
			"from": [5.25, 0, 12.5],
			"to": [10.75, 0.25, 12.75],
			"faces": {
				"north": {"uv": [10.75, 12.5, 5.25, 12.75], "texture": "#0"},
				"east": {"uv": [10.5, 12.5, 10.75, 12.75], "rotation": 90, "texture": "#0"},
				"south": {"uv": [5.25, 12.5, 10.75, 12.75], "texture": "#0"},
				"west": {"uv": [5.25, 12.5, 5.5, 12.75], "rotation": 270, "texture": "#0"},
				"up": {"uv": [5.25, 12.5, 10.75, 12.75], "texture": "#0"},
				"down": {"uv": [5.25, 12.75, 10.75, 12.5], "texture": "#0"}
			}
		},
		{
			"name": "halo (35)_71",
			"from": [5.25, 0, 12.75],
			"to": [10.75, 0.25, 13],
			"faces": {
				"north": {"uv": [10.75, 12.75, 5.25, 13], "texture": "#0"},
				"east": {"uv": [10.5, 12.75, 10.75, 13], "rotation": 90, "texture": "#0"},
				"south": {"uv": [5.25, 12.75, 10.75, 13], "texture": "#0"},
				"west": {"uv": [5.25, 12.75, 5.5, 13], "rotation": 270, "texture": "#0"},
				"up": {"uv": [5.25, 12.75, 10.75, 13], "texture": "#0"},
				"down": {"uv": [5.25, 13, 10.75, 12.75], "texture": "#0"}
			}
		},
		{
			"name": "halo (35)_72",
			"from": [5.25, 0, 13],
			"to": [10.75, 0.25, 13.25],
			"faces": {
				"north": {"uv": [10.75, 13, 5.25, 13.25], "texture": "#0"},
				"east": {"uv": [10.5, 13, 10.75, 13.25], "rotation": 90, "texture": "#0"},
				"south": {"uv": [5.25, 13, 10.75, 13.25], "texture": "#0"},
				"west": {"uv": [5.25, 13, 5.5, 13.25], "rotation": 270, "texture": "#0"},
				"up": {"uv": [5.25, 13, 10.75, 13.25], "texture": "#0"},
				"down": {"uv": [5.25, 13.25, 10.75, 13], "texture": "#0"}
			}
		},
		{
			"name": "halo (35)_73",
			"from": [5.25, 0, 13.25],
			"to": [10.75, 0.25, 13.5],
			"faces": {
				"north": {"uv": [10.75, 13.25, 5.25, 13.5], "texture": "#0"},
				"east": {"uv": [10.5, 13.25, 10.75, 13.5], "rotation": 90, "texture": "#0"},
				"south": {"uv": [5.25, 13.25, 10.75, 13.5], "texture": "#0"},
				"west": {"uv": [5.25, 13.25, 5.5, 13.5], "rotation": 270, "texture": "#0"},
				"up": {"uv": [5.25, 13.25, 10.75, 13.5], "texture": "#0"},
				"down": {"uv": [5.25, 13.5, 10.75, 13.25], "texture": "#0"}
			}
		},
		{
			"name": "halo (35)_74",
			"from": [5.25, 0, 13.5],
			"to": [10.75, 0.25, 13.75],
			"faces": {
				"north": {"uv": [10.75, 13.5, 5.25, 13.75], "texture": "#0"},
				"east": {"uv": [10.5, 13.5, 10.75, 13.75], "rotation": 90, "texture": "#0"},
				"south": {"uv": [5.25, 13.5, 10.75, 13.75], "texture": "#0"},
				"west": {"uv": [5.25, 13.5, 5.5, 13.75], "rotation": 270, "texture": "#0"},
				"up": {"uv": [5.25, 13.5, 10.75, 13.75], "texture": "#0"},
				"down": {"uv": [5.25, 13.75, 10.75, 13.5], "texture": "#0"}
			}
		},
		{
			"name": "halo (35)_75",
			"from": [5.25, 0, 13.75],
			"to": [10.75, 0.25, 14],
			"faces": {
				"north": {"uv": [10.75, 13.75, 5.25, 14], "texture": "#0"},
				"east": {"uv": [10.5, 13.75, 10.75, 14], "rotation": 90, "texture": "#0"},
				"south": {"uv": [5.25, 13.75, 10.75, 14], "texture": "#0"},
				"west": {"uv": [5.25, 13.75, 5.5, 14], "rotation": 270, "texture": "#0"},
				"up": {"uv": [5.25, 13.75, 10.75, 14], "texture": "#0"},
				"down": {"uv": [5.25, 14, 10.75, 13.75], "texture": "#0"}
			}
		},
		{
			"name": "halo (35)_76",
			"from": [5.25, 0, 14],
			"to": [10.75, 0.25, 14.25],
			"faces": {
				"north": {"uv": [10.75, 14, 5.25, 14.25], "texture": "#0"},
				"east": {"uv": [10.5, 14, 10.75, 14.25], "rotation": 90, "texture": "#0"},
				"south": {"uv": [5.25, 14, 10.75, 14.25], "texture": "#0"},
				"west": {"uv": [5.25, 14, 5.5, 14.25], "rotation": 270, "texture": "#0"},
				"up": {"uv": [5.25, 14, 10.75, 14.25], "texture": "#0"},
				"down": {"uv": [5.25, 14.25, 10.75, 14], "texture": "#0"}
			}
		},
		{
			"name": "halo (35)_77",
			"from": [5.5, 0, 14.25],
			"to": [10.5, 0.25, 14.5],
			"faces": {
				"north": {"uv": [10.5, 14.25, 5.5, 14.5], "texture": "#0"},
				"east": {"uv": [10.25, 14.25, 10.5, 14.5], "rotation": 90, "texture": "#0"},
				"south": {"uv": [5.5, 14.25, 10.5, 14.5], "texture": "#0"},
				"west": {"uv": [5.5, 14.25, 5.75, 14.5], "rotation": 270, "texture": "#0"},
				"up": {"uv": [5.5, 14.25, 10.5, 14.5], "texture": "#0"},
				"down": {"uv": [5.5, 14.5, 10.5, 14.25], "texture": "#0"}
			}
		},
		{
			"name": "halo (35)_78",
			"from": [5.75, 0, 14.5],
			"to": [10, 0.25, 14.75],
			"faces": {
				"north": {"uv": [10, 14.5, 5.75, 14.75], "texture": "#0"},
				"east": {"uv": [9.75, 14.5, 10, 14.75], "rotation": 90, "texture": "#0"},
				"south": {"uv": [5.75, 14.5, 10, 14.75], "texture": "#0"},
				"west": {"uv": [5.75, 14.5, 6, 14.75], "rotation": 270, "texture": "#0"},
				"up": {"uv": [5.75, 14.5, 10, 14.75], "texture": "#0"},
				"down": {"uv": [5.75, 14.75, 10, 14.5], "texture": "#0"}
			}
		},
		{
			"name": "halo (35)_79",
			"from": [7, 0, 14.75],
			"to": [9, 0.25, 15],
			"faces": {
				"north": {"uv": [9, 14.75, 7, 15], "texture": "#0"},
				"east": {"uv": [8.75, 14.75, 9, 15], "rotation": 90, "texture": "#0"},
				"south": {"uv": [7, 14.75, 9, 15], "texture": "#0"},
				"west": {"uv": [7, 14.75, 7.25, 15], "rotation": 270, "texture": "#0"},
				"up": {"uv": [7, 14.75, 9, 15], "texture": "#0"},
				"down": {"uv": [7, 15, 9, 14.75], "texture": "#0"}
			}
		}
	],
	"display": {
		"gui": {
			"rotation": [90, 0, 0]
		},
		"head": {
			"rotation": [20, 0, 0],
			"translation": [0, 17, 10]
		}
	},
	"groups": [
		{
			"name": "halo (35)",
			"origin": [8, 8, 8],
			"color": 0,
			"children": [
				0,
				1,
				2,
				3,
				4,
				5,
				6,
				7,
				8,
				9,
				10,
				11,
				12,
				13,
				14,
				15,
				16,
				17,
				18,
				19,
				20,
				21,
				22,
				23,
				24,
				25,
				26,
				27,
				28,
				29,
				30,
				31,
				32,
				33,
				34,
				35,
				36,
				37,
				38,
				39,
				40,
				41,
				42,
				43,
				44,
				45,
				46,
				47,
				48,
				49,
				50,
				51,
				52,
				53,
				54,
				55,
				56,
				57,
				58,
				59,
				60,
				61,
				62,
				63,
				64,
				65,
				66,
				67,
				68,
				69,
				70,
				71,
				72,
				73,
				74,
				75,
				76,
				77,
				78,
				79
			]
		}
	]
}