{
	"credit": "Made with Blockbench",
	"textures": {
		"0": "items/3d/halo (27)",
		"particle": "items/3d/halo (27)"
	},
	"elements": [
		{
			"name": "halo (27)_0",
			"from": [7.25, 0, 7.25],
			"to": [15.25, 0.25, 7.5],
			"faces": {
				"north": {"uv": [15.25, 7.25, 7.25, 7.5], "texture": "#0"},
				"east": {"uv": [15, 7.25, 15.25, 7.5], "rotation": 90, "texture": "#0"},
				"south": {"uv": [7.25, 7.25, 15.25, 7.5], "texture": "#0"},
				"west": {"uv": [7.25, 7.25, 7.5, 7.5], "rotation": 270, "texture": "#0"},
				"up": {"uv": [7.25, 7.25, 15.25, 7.5], "texture": "#0"},
				"down": {"uv": [7.25, 7.5, 15.25, 7.25], "texture": "#0"}
			}
		},
		{
			"name": "halo (27)_1",
			"from": [7.25, 0, 7.5],
			"to": [15.25, 0.25, 7.75],
			"faces": {
				"north": {"uv": [15.25, 7.5, 7.25, 7.75], "texture": "#0"},
				"east": {"uv": [15, 7.5, 15.25, 7.75], "rotation": 90, "texture": "#0"},
				"south": {"uv": [7.25, 7.5, 15.25, 7.75], "texture": "#0"},
				"west": {"uv": [7.25, 7.5, 7.5, 7.75], "rotation": 270, "texture": "#0"},
				"up": {"uv": [7.25, 7.5, 15.25, 7.75], "texture": "#0"},
				"down": {"uv": [7.25, 7.75, 15.25, 7.5], "texture": "#0"}
			}
		},
		{
			"name": "halo (27)_2",
			"from": [7.25, 0, 7.75],
			"to": [15.25, 0.25, 8],
			"faces": {
				"north": {"uv": [15.25, 7.75, 7.25, 8], "texture": "#0"},
				"east": {"uv": [15, 7.75, 15.25, 8], "rotation": 90, "texture": "#0"},
				"south": {"uv": [7.25, 7.75, 15.25, 8], "texture": "#0"},
				"west": {"uv": [7.25, 7.75, 7.5, 8], "rotation": 270, "texture": "#0"},
				"up": {"uv": [7.25, 7.75, 15.25, 8], "texture": "#0"},
				"down": {"uv": [7.25, 8, 15.25, 7.75], "texture": "#0"}
			}
		},
		{
			"name": "halo (27)_3",
			"from": [7.25, 0, 8],
			"to": [15.25, 0.25, 8.25],
			"faces": {
				"north": {"uv": [15.25, 8, 7.25, 8.25], "texture": "#0"},
				"east": {"uv": [15, 8, 15.25, 8.25], "rotation": 90, "texture": "#0"},
				"south": {"uv": [7.25, 8, 15.25, 8.25], "texture": "#0"},
				"west": {"uv": [7.25, 8, 7.5, 8.25], "rotation": 270, "texture": "#0"},
				"up": {"uv": [7.25, 8, 15.25, 8.25], "texture": "#0"},
				"down": {"uv": [7.25, 8.25, 15.25, 8], "texture": "#0"}
			}
		},
		{
			"name": "halo (27)_4",
			"from": [7.25, 0, 8.25],
			"to": [8.25, 0.25, 8.5],
			"faces": {
				"north": {"uv": [8.25, 8.25, 7.25, 8.5], "texture": "#0"},
				"east": {"uv": [8, 8.25, 8.25, 8.5], "rotation": 90, "texture": "#0"},
				"south": {"uv": [7.25, 8.25, 8.25, 8.5], "texture": "#0"},
				"west": {"uv": [7.25, 8.25, 7.5, 8.5], "rotation": 270, "texture": "#0"},
				"up": {"uv": [7.25, 8.25, 8.25, 8.5], "texture": "#0"},
				"down": {"uv": [7.25, 8.5, 8.25, 8.25], "texture": "#0"}
			}
		},
		{
			"name": "halo (27)_5",
			"from": [14.25, 0, 8.25],
			"to": [15.25, 0.25, 8.5],
			"faces": {
				"north": {"uv": [15.25, 8.25, 14.25, 8.5], "texture": "#0"},
				"east": {"uv": [15, 8.25, 15.25, 8.5], "rotation": 90, "texture": "#0"},
				"south": {"uv": [14.25, 8.25, 15.25, 8.5], "texture": "#0"},
				"west": {"uv": [14.25, 8.25, 14.5, 8.5], "rotation": 270, "texture": "#0"},
				"up": {"uv": [14.25, 8.25, 15.25, 8.5], "texture": "#0"},
				"down": {"uv": [14.25, 8.5, 15.25, 8.25], "texture": "#0"}
			}
		},
		{
			"name": "halo (27)_6",
			"from": [7.25, 0, 8.5],
			"to": [8.25, 0.25, 8.75],
			"faces": {
				"north": {"uv": [8.25, 8.5, 7.25, 8.75], "texture": "#0"},
				"east": {"uv": [8, 8.5, 8.25, 8.75], "rotation": 90, "texture": "#0"},
				"south": {"uv": [7.25, 8.5, 8.25, 8.75], "texture": "#0"},
				"west": {"uv": [7.25, 8.5, 7.5, 8.75], "rotation": 270, "texture": "#0"},
				"up": {"uv": [7.25, 8.5, 8.25, 8.75], "texture": "#0"},
				"down": {"uv": [7.25, 8.75, 8.25, 8.5], "texture": "#0"}
			}
		},
		{
			"name": "halo (27)_7",
			"from": [14.25, 0, 8.5],
			"to": [15.25, 0.25, 8.75],
			"faces": {
				"north": {"uv": [15.25, 8.5, 14.25, 8.75], "texture": "#0"},
				"east": {"uv": [15, 8.5, 15.25, 8.75], "rotation": 90, "texture": "#0"},
				"south": {"uv": [14.25, 8.5, 15.25, 8.75], "texture": "#0"},
				"west": {"uv": [14.25, 8.5, 14.5, 8.75], "rotation": 270, "texture": "#0"},
				"up": {"uv": [14.25, 8.5, 15.25, 8.75], "texture": "#0"},
				"down": {"uv": [14.25, 8.75, 15.25, 8.5], "texture": "#0"}
			}
		},
		{
			"name": "halo (27)_8",
			"from": [7.25, 0, 8.75],
			"to": [8.25, 0.25, 9],
			"faces": {
				"north": {"uv": [8.25, 8.75, 7.25, 9], "texture": "#0"},
				"east": {"uv": [8, 8.75, 8.25, 9], "rotation": 90, "texture": "#0"},
				"south": {"uv": [7.25, 8.75, 8.25, 9], "texture": "#0"},
				"west": {"uv": [7.25, 8.75, 7.5, 9], "rotation": 270, "texture": "#0"},
				"up": {"uv": [7.25, 8.75, 8.25, 9], "texture": "#0"},
				"down": {"uv": [7.25, 9, 8.25, 8.75], "texture": "#0"}
			}
		},
		{
			"name": "halo (27)_9",
			"from": [14.25, 0, 8.75],
			"to": [15.25, 0.25, 9],
			"faces": {
				"north": {"uv": [15.25, 8.75, 14.25, 9], "texture": "#0"},
				"east": {"uv": [15, 8.75, 15.25, 9], "rotation": 90, "texture": "#0"},
				"south": {"uv": [14.25, 8.75, 15.25, 9], "texture": "#0"},
				"west": {"uv": [14.25, 8.75, 14.5, 9], "rotation": 270, "texture": "#0"},
				"up": {"uv": [14.25, 8.75, 15.25, 9], "texture": "#0"},
				"down": {"uv": [14.25, 9, 15.25, 8.75], "texture": "#0"}
			}
		},
		{
			"name": "halo (27)_10",
			"from": [7.25, 0, 9],
			"to": [8.25, 0.25, 9.25],
			"faces": {
				"north": {"uv": [8.25, 9, 7.25, 9.25], "texture": "#0"},
				"east": {"uv": [8, 9, 8.25, 9.25], "rotation": 90, "texture": "#0"},
				"south": {"uv": [7.25, 9, 8.25, 9.25], "texture": "#0"},
				"west": {"uv": [7.25, 9, 7.5, 9.25], "rotation": 270, "texture": "#0"},
				"up": {"uv": [7.25, 9, 8.25, 9.25], "texture": "#0"},
				"down": {"uv": [7.25, 9.25, 8.25, 9], "texture": "#0"}
			}
		},
		{
			"name": "halo (27)_11",
			"from": [14.25, 0, 9],
			"to": [15.25, 0.25, 9.25],
			"faces": {
				"north": {"uv": [15.25, 9, 14.25, 9.25], "texture": "#0"},
				"east": {"uv": [15, 9, 15.25, 9.25], "rotation": 90, "texture": "#0"},
				"south": {"uv": [14.25, 9, 15.25, 9.25], "texture": "#0"},
				"west": {"uv": [14.25, 9, 14.5, 9.25], "rotation": 270, "texture": "#0"},
				"up": {"uv": [14.25, 9, 15.25, 9.25], "texture": "#0"},
				"down": {"uv": [14.25, 9.25, 15.25, 9], "texture": "#0"}
			}
		},
		{
			"name": "halo (27)_12",
			"from": [7.25, 0, 9.25],
			"to": [8.25, 0.25, 9.5],
			"faces": {
				"north": {"uv": [8.25, 9.25, 7.25, 9.5], "texture": "#0"},
				"east": {"uv": [8, 9.25, 8.25, 9.5], "rotation": 90, "texture": "#0"},
				"south": {"uv": [7.25, 9.25, 8.25, 9.5], "texture": "#0"},
				"west": {"uv": [7.25, 9.25, 7.5, 9.5], "rotation": 270, "texture": "#0"},
				"up": {"uv": [7.25, 9.25, 8.25, 9.5], "texture": "#0"},
				"down": {"uv": [7.25, 9.5, 8.25, 9.25], "texture": "#0"}
			}
		},
		{
			"name": "halo (27)_13",
			"from": [14.25, 0, 9.25],
			"to": [15.25, 0.25, 9.5],
			"faces": {
				"north": {"uv": [15.25, 9.25, 14.25, 9.5], "texture": "#0"},
				"east": {"uv": [15, 9.25, 15.25, 9.5], "rotation": 90, "texture": "#0"},
				"south": {"uv": [14.25, 9.25, 15.25, 9.5], "texture": "#0"},
				"west": {"uv": [14.25, 9.25, 14.5, 9.5], "rotation": 270, "texture": "#0"},
				"up": {"uv": [14.25, 9.25, 15.25, 9.5], "texture": "#0"},
				"down": {"uv": [14.25, 9.5, 15.25, 9.25], "texture": "#0"}
			}
		},
		{
			"name": "halo (27)_14",
			"from": [7.25, 0, 9.5],
			"to": [8.25, 0.25, 9.75],
			"faces": {
				"north": {"uv": [8.25, 9.5, 7.25, 9.75], "texture": "#0"},
				"east": {"uv": [8, 9.5, 8.25, 9.75], "rotation": 90, "texture": "#0"},
				"south": {"uv": [7.25, 9.5, 8.25, 9.75], "texture": "#0"},
				"west": {"uv": [7.25, 9.5, 7.5, 9.75], "rotation": 270, "texture": "#0"},
				"up": {"uv": [7.25, 9.5, 8.25, 9.75], "texture": "#0"},
				"down": {"uv": [7.25, 9.75, 8.25, 9.5], "texture": "#0"}
			}
		},
		{
			"name": "halo (27)_15",
			"from": [14.25, 0, 9.5],
			"to": [15.25, 0.25, 9.75],
			"faces": {
				"north": {"uv": [15.25, 9.5, 14.25, 9.75], "texture": "#0"},
				"east": {"uv": [15, 9.5, 15.25, 9.75], "rotation": 90, "texture": "#0"},
				"south": {"uv": [14.25, 9.5, 15.25, 9.75], "texture": "#0"},
				"west": {"uv": [14.25, 9.5, 14.5, 9.75], "rotation": 270, "texture": "#0"},
				"up": {"uv": [14.25, 9.5, 15.25, 9.75], "texture": "#0"},
				"down": {"uv": [14.25, 9.75, 15.25, 9.5], "texture": "#0"}
			}
		},
		{
			"name": "halo (27)_16",
			"from": [7.25, 0, 9.75],
			"to": [8.25, 0.25, 10],
			"faces": {
				"north": {"uv": [8.25, 9.75, 7.25, 10], "texture": "#0"},
				"east": {"uv": [8, 9.75, 8.25, 10], "rotation": 90, "texture": "#0"},
				"south": {"uv": [7.25, 9.75, 8.25, 10], "texture": "#0"},
				"west": {"uv": [7.25, 9.75, 7.5, 10], "rotation": 270, "texture": "#0"},
				"up": {"uv": [7.25, 9.75, 8.25, 10], "texture": "#0"},
				"down": {"uv": [7.25, 10, 8.25, 9.75], "texture": "#0"}
			}
		},
		{
			"name": "halo (27)_17",
			"from": [14.25, 0, 9.75],
			"to": [15.25, 0.25, 10],
			"faces": {
				"north": {"uv": [15.25, 9.75, 14.25, 10], "texture": "#0"},
				"east": {"uv": [15, 9.75, 15.25, 10], "rotation": 90, "texture": "#0"},
				"south": {"uv": [14.25, 9.75, 15.25, 10], "texture": "#0"},
				"west": {"uv": [14.25, 9.75, 14.5, 10], "rotation": 270, "texture": "#0"},
				"up": {"uv": [14.25, 9.75, 15.25, 10], "texture": "#0"},
				"down": {"uv": [14.25, 10, 15.25, 9.75], "texture": "#0"}
			}
		},
		{
			"name": "halo (27)_18",
			"from": [7.25, 0, 10],
			"to": [8.25, 0.25, 10.25],
			"faces": {
				"north": {"uv": [8.25, 10, 7.25, 10.25], "texture": "#0"},
				"east": {"uv": [8, 10, 8.25, 10.25], "rotation": 90, "texture": "#0"},
				"south": {"uv": [7.25, 10, 8.25, 10.25], "texture": "#0"},
				"west": {"uv": [7.25, 10, 7.5, 10.25], "rotation": 270, "texture": "#0"},
				"up": {"uv": [7.25, 10, 8.25, 10.25], "texture": "#0"},
				"down": {"uv": [7.25, 10.25, 8.25, 10], "texture": "#0"}
			}
		},
		{
			"name": "halo (27)_19",
			"from": [14.25, 0, 10],
			"to": [15.25, 0.25, 10.25],
			"faces": {
				"north": {"uv": [15.25, 10, 14.25, 10.25], "texture": "#0"},
				"east": {"uv": [15, 10, 15.25, 10.25], "rotation": 90, "texture": "#0"},
				"south": {"uv": [14.25, 10, 15.25, 10.25], "texture": "#0"},
				"west": {"uv": [14.25, 10, 14.5, 10.25], "rotation": 270, "texture": "#0"},
				"up": {"uv": [14.25, 10, 15.25, 10.25], "texture": "#0"},
				"down": {"uv": [14.25, 10.25, 15.25, 10], "texture": "#0"}
			}
		},
		{
			"name": "halo (27)_20",
			"from": [7.25, 0, 10.25],
			"to": [8.25, 0.25, 10.5],
			"faces": {
				"north": {"uv": [8.25, 10.25, 7.25, 10.5], "texture": "#0"},
				"east": {"uv": [8, 10.25, 8.25, 10.5], "rotation": 90, "texture": "#0"},
				"south": {"uv": [7.25, 10.25, 8.25, 10.5], "texture": "#0"},
				"west": {"uv": [7.25, 10.25, 7.5, 10.5], "rotation": 270, "texture": "#0"},
				"up": {"uv": [7.25, 10.25, 8.25, 10.5], "texture": "#0"},
				"down": {"uv": [7.25, 10.5, 8.25, 10.25], "texture": "#0"}
			}
		},
		{
			"name": "halo (27)_21",
			"from": [14.25, 0, 10.25],
			"to": [15.25, 0.25, 10.5],
			"faces": {
				"north": {"uv": [15.25, 10.25, 14.25, 10.5], "texture": "#0"},
				"east": {"uv": [15, 10.25, 15.25, 10.5], "rotation": 90, "texture": "#0"},
				"south": {"uv": [14.25, 10.25, 15.25, 10.5], "texture": "#0"},
				"west": {"uv": [14.25, 10.25, 14.5, 10.5], "rotation": 270, "texture": "#0"},
				"up": {"uv": [14.25, 10.25, 15.25, 10.5], "texture": "#0"},
				"down": {"uv": [14.25, 10.5, 15.25, 10.25], "texture": "#0"}
			}
		},
		{
			"name": "halo (27)_22",
			"from": [7.25, 0, 10.5],
			"to": [8.25, 0.25, 10.75],
			"faces": {
				"north": {"uv": [8.25, 10.5, 7.25, 10.75], "texture": "#0"},
				"east": {"uv": [8, 10.5, 8.25, 10.75], "rotation": 90, "texture": "#0"},
				"south": {"uv": [7.25, 10.5, 8.25, 10.75], "texture": "#0"},
				"west": {"uv": [7.25, 10.5, 7.5, 10.75], "rotation": 270, "texture": "#0"},
				"up": {"uv": [7.25, 10.5, 8.25, 10.75], "texture": "#0"},
				"down": {"uv": [7.25, 10.75, 8.25, 10.5], "texture": "#0"}
			}
		},
		{
			"name": "halo (27)_23",
			"from": [14.25, 0, 10.5],
			"to": [15.25, 0.25, 10.75],
			"faces": {
				"north": {"uv": [15.25, 10.5, 14.25, 10.75], "texture": "#0"},
				"east": {"uv": [15, 10.5, 15.25, 10.75], "rotation": 90, "texture": "#0"},
				"south": {"uv": [14.25, 10.5, 15.25, 10.75], "texture": "#0"},
				"west": {"uv": [14.25, 10.5, 14.5, 10.75], "rotation": 270, "texture": "#0"},
				"up": {"uv": [14.25, 10.5, 15.25, 10.75], "texture": "#0"},
				"down": {"uv": [14.25, 10.75, 15.25, 10.5], "texture": "#0"}
			}
		},
		{
			"name": "halo (27)_24",
			"from": [7.25, 0, 10.75],
			"to": [8.25, 0.25, 11],
			"faces": {
				"north": {"uv": [8.25, 10.75, 7.25, 11], "texture": "#0"},
				"east": {"uv": [8, 10.75, 8.25, 11], "rotation": 90, "texture": "#0"},
				"south": {"uv": [7.25, 10.75, 8.25, 11], "texture": "#0"},
				"west": {"uv": [7.25, 10.75, 7.5, 11], "rotation": 270, "texture": "#0"},
				"up": {"uv": [7.25, 10.75, 8.25, 11], "texture": "#0"},
				"down": {"uv": [7.25, 11, 8.25, 10.75], "texture": "#0"}
			}
		},
		{
			"name": "halo (27)_25",
			"from": [14.25, 0, 10.75],
			"to": [15.25, 0.25, 11],
			"faces": {
				"north": {"uv": [15.25, 10.75, 14.25, 11], "texture": "#0"},
				"east": {"uv": [15, 10.75, 15.25, 11], "rotation": 90, "texture": "#0"},
				"south": {"uv": [14.25, 10.75, 15.25, 11], "texture": "#0"},
				"west": {"uv": [14.25, 10.75, 14.5, 11], "rotation": 270, "texture": "#0"},
				"up": {"uv": [14.25, 10.75, 15.25, 11], "texture": "#0"},
				"down": {"uv": [14.25, 11, 15.25, 10.75], "texture": "#0"}
			}
		},
		{
			"name": "halo (27)_26",
			"from": [7.25, 0, 11],
			"to": [8.25, 0.25, 11.25],
			"faces": {
				"north": {"uv": [8.25, 11, 7.25, 11.25], "texture": "#0"},
				"east": {"uv": [8, 11, 8.25, 11.25], "rotation": 90, "texture": "#0"},
				"south": {"uv": [7.25, 11, 8.25, 11.25], "texture": "#0"},
				"west": {"uv": [7.25, 11, 7.5, 11.25], "rotation": 270, "texture": "#0"},
				"up": {"uv": [7.25, 11, 8.25, 11.25], "texture": "#0"},
				"down": {"uv": [7.25, 11.25, 8.25, 11], "texture": "#0"}
			}
		},
		{
			"name": "halo (27)_27",
			"from": [14.25, 0, 11],
			"to": [15.25, 0.25, 11.25],
			"faces": {
				"north": {"uv": [15.25, 11, 14.25, 11.25], "texture": "#0"},
				"east": {"uv": [15, 11, 15.25, 11.25], "rotation": 90, "texture": "#0"},
				"south": {"uv": [14.25, 11, 15.25, 11.25], "texture": "#0"},
				"west": {"uv": [14.25, 11, 14.5, 11.25], "rotation": 270, "texture": "#0"},
				"up": {"uv": [14.25, 11, 15.25, 11.25], "texture": "#0"},
				"down": {"uv": [14.25, 11.25, 15.25, 11], "texture": "#0"}
			}
		},
		{
			"name": "halo (27)_28",
			"from": [7.25, 0, 11.25],
			"to": [8.25, 0.25, 11.5],
			"faces": {
				"north": {"uv": [8.25, 11.25, 7.25, 11.5], "texture": "#0"},
				"east": {"uv": [8, 11.25, 8.25, 11.5], "rotation": 90, "texture": "#0"},
				"south": {"uv": [7.25, 11.25, 8.25, 11.5], "texture": "#0"},
				"west": {"uv": [7.25, 11.25, 7.5, 11.5], "rotation": 270, "texture": "#0"},
				"up": {"uv": [7.25, 11.25, 8.25, 11.5], "texture": "#0"},
				"down": {"uv": [7.25, 11.5, 8.25, 11.25], "texture": "#0"}
			}
		},
		{
			"name": "halo (27)_29",
			"from": [14.25, 0, 11.25],
			"to": [15.25, 0.25, 11.5],
			"faces": {
				"north": {"uv": [15.25, 11.25, 14.25, 11.5], "texture": "#0"},
				"east": {"uv": [15, 11.25, 15.25, 11.5], "rotation": 90, "texture": "#0"},
				"south": {"uv": [14.25, 11.25, 15.25, 11.5], "texture": "#0"},
				"west": {"uv": [14.25, 11.25, 14.5, 11.5], "rotation": 270, "texture": "#0"},
				"up": {"uv": [14.25, 11.25, 15.25, 11.5], "texture": "#0"},
				"down": {"uv": [14.25, 11.5, 15.25, 11.25], "texture": "#0"}
			}
		},
		{
			"name": "halo (27)_30",
			"from": [7.25, 0, 11.5],
			"to": [8.25, 0.25, 11.75],
			"faces": {
				"north": {"uv": [8.25, 11.5, 7.25, 11.75], "texture": "#0"},
				"east": {"uv": [8, 11.5, 8.25, 11.75], "rotation": 90, "texture": "#0"},
				"south": {"uv": [7.25, 11.5, 8.25, 11.75], "texture": "#0"},
				"west": {"uv": [7.25, 11.5, 7.5, 11.75], "rotation": 270, "texture": "#0"},
				"up": {"uv": [7.25, 11.5, 8.25, 11.75], "texture": "#0"},
				"down": {"uv": [7.25, 11.75, 8.25, 11.5], "texture": "#0"}
			}
		},
		{
			"name": "halo (27)_31",
			"from": [14.25, 0, 11.5],
			"to": [15.25, 0.25, 11.75],
			"faces": {
				"north": {"uv": [15.25, 11.5, 14.25, 11.75], "texture": "#0"},
				"east": {"uv": [15, 11.5, 15.25, 11.75], "rotation": 90, "texture": "#0"},
				"south": {"uv": [14.25, 11.5, 15.25, 11.75], "texture": "#0"},
				"west": {"uv": [14.25, 11.5, 14.5, 11.75], "rotation": 270, "texture": "#0"},
				"up": {"uv": [14.25, 11.5, 15.25, 11.75], "texture": "#0"},
				"down": {"uv": [14.25, 11.75, 15.25, 11.5], "texture": "#0"}
			}
		},
		{
			"name": "halo (27)_32",
			"from": [7.25, 0, 11.75],
			"to": [8.25, 0.25, 12],
			"faces": {
				"north": {"uv": [8.25, 11.75, 7.25, 12], "texture": "#0"},
				"east": {"uv": [8, 11.75, 8.25, 12], "rotation": 90, "texture": "#0"},
				"south": {"uv": [7.25, 11.75, 8.25, 12], "texture": "#0"},
				"west": {"uv": [7.25, 11.75, 7.5, 12], "rotation": 270, "texture": "#0"},
				"up": {"uv": [7.25, 11.75, 8.25, 12], "texture": "#0"},
				"down": {"uv": [7.25, 12, 8.25, 11.75], "texture": "#0"}
			}
		},
		{
			"name": "halo (27)_33",
			"from": [14.25, 0, 11.75],
			"to": [15.25, 0.25, 12],
			"faces": {
				"north": {"uv": [15.25, 11.75, 14.25, 12], "texture": "#0"},
				"east": {"uv": [15, 11.75, 15.25, 12], "rotation": 90, "texture": "#0"},
				"south": {"uv": [14.25, 11.75, 15.25, 12], "texture": "#0"},
				"west": {"uv": [14.25, 11.75, 14.5, 12], "rotation": 270, "texture": "#0"},
				"up": {"uv": [14.25, 11.75, 15.25, 12], "texture": "#0"},
				"down": {"uv": [14.25, 12, 15.25, 11.75], "texture": "#0"}
			}
		},
		{
			"name": "halo (27)_34",
			"from": [7.25, 0, 12],
			"to": [8.25, 0.25, 12.25],
			"faces": {
				"north": {"uv": [8.25, 12, 7.25, 12.25], "texture": "#0"},
				"east": {"uv": [8, 12, 8.25, 12.25], "rotation": 90, "texture": "#0"},
				"south": {"uv": [7.25, 12, 8.25, 12.25], "texture": "#0"},
				"west": {"uv": [7.25, 12, 7.5, 12.25], "rotation": 270, "texture": "#0"},
				"up": {"uv": [7.25, 12, 8.25, 12.25], "texture": "#0"},
				"down": {"uv": [7.25, 12.25, 8.25, 12], "texture": "#0"}
			}
		},
		{
			"name": "halo (27)_35",
			"from": [14.25, 0, 12],
			"to": [15.25, 0.25, 12.25],
			"faces": {
				"north": {"uv": [15.25, 12, 14.25, 12.25], "texture": "#0"},
				"east": {"uv": [15, 12, 15.25, 12.25], "rotation": 90, "texture": "#0"},
				"south": {"uv": [14.25, 12, 15.25, 12.25], "texture": "#0"},
				"west": {"uv": [14.25, 12, 14.5, 12.25], "rotation": 270, "texture": "#0"},
				"up": {"uv": [14.25, 12, 15.25, 12.25], "texture": "#0"},
				"down": {"uv": [14.25, 12.25, 15.25, 12], "texture": "#0"}
			}
		},
		{
			"name": "halo (27)_36",
			"from": [7.25, 0, 12.25],
			"to": [8.25, 0.25, 12.5],
			"faces": {
				"north": {"uv": [8.25, 12.25, 7.25, 12.5], "texture": "#0"},
				"east": {"uv": [8, 12.25, 8.25, 12.5], "rotation": 90, "texture": "#0"},
				"south": {"uv": [7.25, 12.25, 8.25, 12.5], "texture": "#0"},
				"west": {"uv": [7.25, 12.25, 7.5, 12.5], "rotation": 270, "texture": "#0"},
				"up": {"uv": [7.25, 12.25, 8.25, 12.5], "texture": "#0"},
				"down": {"uv": [7.25, 12.5, 8.25, 12.25], "texture": "#0"}
			}
		},
		{
			"name": "halo (27)_37",
			"from": [14.25, 0, 12.25],
			"to": [15.25, 0.25, 12.5],
			"faces": {
				"north": {"uv": [15.25, 12.25, 14.25, 12.5], "texture": "#0"},
				"east": {"uv": [15, 12.25, 15.25, 12.5], "rotation": 90, "texture": "#0"},
				"south": {"uv": [14.25, 12.25, 15.25, 12.5], "texture": "#0"},
				"west": {"uv": [14.25, 12.25, 14.5, 12.5], "rotation": 270, "texture": "#0"},
				"up": {"uv": [14.25, 12.25, 15.25, 12.5], "texture": "#0"},
				"down": {"uv": [14.25, 12.5, 15.25, 12.25], "texture": "#0"}
			}
		},
		{
			"name": "halo (27)_38",
			"from": [7.25, 0, 12.5],
			"to": [8.25, 0.25, 12.75],
			"faces": {
				"north": {"uv": [8.25, 12.5, 7.25, 12.75], "texture": "#0"},
				"east": {"uv": [8, 12.5, 8.25, 12.75], "rotation": 90, "texture": "#0"},
				"south": {"uv": [7.25, 12.5, 8.25, 12.75], "texture": "#0"},
				"west": {"uv": [7.25, 12.5, 7.5, 12.75], "rotation": 270, "texture": "#0"},
				"up": {"uv": [7.25, 12.5, 8.25, 12.75], "texture": "#0"},
				"down": {"uv": [7.25, 12.75, 8.25, 12.5], "texture": "#0"}
			}
		},
		{
			"name": "halo (27)_39",
			"from": [14.25, 0, 12.5],
			"to": [15.25, 0.25, 12.75],
			"faces": {
				"north": {"uv": [15.25, 12.5, 14.25, 12.75], "texture": "#0"},
				"east": {"uv": [15, 12.5, 15.25, 12.75], "rotation": 90, "texture": "#0"},
				"south": {"uv": [14.25, 12.5, 15.25, 12.75], "texture": "#0"},
				"west": {"uv": [14.25, 12.5, 14.5, 12.75], "rotation": 270, "texture": "#0"},
				"up": {"uv": [14.25, 12.5, 15.25, 12.75], "texture": "#0"},
				"down": {"uv": [14.25, 12.75, 15.25, 12.5], "texture": "#0"}
			}
		},
		{
			"name": "halo (27)_40",
			"from": [7.25, 0, 12.75],
			"to": [8.25, 0.25, 13],
			"faces": {
				"north": {"uv": [8.25, 12.75, 7.25, 13], "texture": "#0"},
				"east": {"uv": [8, 12.75, 8.25, 13], "rotation": 90, "texture": "#0"},
				"south": {"uv": [7.25, 12.75, 8.25, 13], "texture": "#0"},
				"west": {"uv": [7.25, 12.75, 7.5, 13], "rotation": 270, "texture": "#0"},
				"up": {"uv": [7.25, 12.75, 8.25, 13], "texture": "#0"},
				"down": {"uv": [7.25, 13, 8.25, 12.75], "texture": "#0"}
			}
		},
		{
			"name": "halo (27)_41",
			"from": [14.25, 0, 12.75],
			"to": [15.25, 0.25, 13],
			"faces": {
				"north": {"uv": [15.25, 12.75, 14.25, 13], "texture": "#0"},
				"east": {"uv": [15, 12.75, 15.25, 13], "rotation": 90, "texture": "#0"},
				"south": {"uv": [14.25, 12.75, 15.25, 13], "texture": "#0"},
				"west": {"uv": [14.25, 12.75, 14.5, 13], "rotation": 270, "texture": "#0"},
				"up": {"uv": [14.25, 12.75, 15.25, 13], "texture": "#0"},
				"down": {"uv": [14.25, 13, 15.25, 12.75], "texture": "#0"}
			}
		},
		{
			"name": "halo (27)_42",
			"from": [7.25, 0, 13],
			"to": [8.25, 0.25, 13.25],
			"faces": {
				"north": {"uv": [8.25, 13, 7.25, 13.25], "texture": "#0"},
				"east": {"uv": [8, 13, 8.25, 13.25], "rotation": 90, "texture": "#0"},
				"south": {"uv": [7.25, 13, 8.25, 13.25], "texture": "#0"},
				"west": {"uv": [7.25, 13, 7.5, 13.25], "rotation": 270, "texture": "#0"},
				"up": {"uv": [7.25, 13, 8.25, 13.25], "texture": "#0"},
				"down": {"uv": [7.25, 13.25, 8.25, 13], "texture": "#0"}
			}
		},
		{
			"name": "halo (27)_43",
			"from": [14.25, 0, 13],
			"to": [15.25, 0.25, 13.25],
			"faces": {
				"north": {"uv": [15.25, 13, 14.25, 13.25], "texture": "#0"},
				"east": {"uv": [15, 13, 15.25, 13.25], "rotation": 90, "texture": "#0"},
				"south": {"uv": [14.25, 13, 15.25, 13.25], "texture": "#0"},
				"west": {"uv": [14.25, 13, 14.5, 13.25], "rotation": 270, "texture": "#0"},
				"up": {"uv": [14.25, 13, 15.25, 13.25], "texture": "#0"},
				"down": {"uv": [14.25, 13.25, 15.25, 13], "texture": "#0"}
			}
		},
		{
			"name": "halo (27)_44",
			"from": [7.25, 0, 13.25],
			"to": [8.25, 0.25, 13.5],
			"faces": {
				"north": {"uv": [8.25, 13.25, 7.25, 13.5], "texture": "#0"},
				"east": {"uv": [8, 13.25, 8.25, 13.5], "rotation": 90, "texture": "#0"},
				"south": {"uv": [7.25, 13.25, 8.25, 13.5], "texture": "#0"},
				"west": {"uv": [7.25, 13.25, 7.5, 13.5], "rotation": 270, "texture": "#0"},
				"up": {"uv": [7.25, 13.25, 8.25, 13.5], "texture": "#0"},
				"down": {"uv": [7.25, 13.5, 8.25, 13.25], "texture": "#0"}
			}
		},
		{
			"name": "halo (27)_45",
			"from": [14.25, 0, 13.25],
			"to": [15.25, 0.25, 13.5],
			"faces": {
				"north": {"uv": [15.25, 13.25, 14.25, 13.5], "texture": "#0"},
				"east": {"uv": [15, 13.25, 15.25, 13.5], "rotation": 90, "texture": "#0"},
				"south": {"uv": [14.25, 13.25, 15.25, 13.5], "texture": "#0"},
				"west": {"uv": [14.25, 13.25, 14.5, 13.5], "rotation": 270, "texture": "#0"},
				"up": {"uv": [14.25, 13.25, 15.25, 13.5], "texture": "#0"},
				"down": {"uv": [14.25, 13.5, 15.25, 13.25], "texture": "#0"}
			}
		},
		{
			"name": "halo (27)_46",
			"from": [7.25, 0, 13.5],
			"to": [8.25, 0.25, 13.75],
			"faces": {
				"north": {"uv": [8.25, 13.5, 7.25, 13.75], "texture": "#0"},
				"east": {"uv": [8, 13.5, 8.25, 13.75], "rotation": 90, "texture": "#0"},
				"south": {"uv": [7.25, 13.5, 8.25, 13.75], "texture": "#0"},
				"west": {"uv": [7.25, 13.5, 7.5, 13.75], "rotation": 270, "texture": "#0"},
				"up": {"uv": [7.25, 13.5, 8.25, 13.75], "texture": "#0"},
				"down": {"uv": [7.25, 13.75, 8.25, 13.5], "texture": "#0"}
			}
		},
		{
			"name": "halo (27)_47",
			"from": [14.25, 0, 13.5],
			"to": [15.25, 0.25, 13.75],
			"faces": {
				"north": {"uv": [15.25, 13.5, 14.25, 13.75], "texture": "#0"},
				"east": {"uv": [15, 13.5, 15.25, 13.75], "rotation": 90, "texture": "#0"},
				"south": {"uv": [14.25, 13.5, 15.25, 13.75], "texture": "#0"},
				"west": {"uv": [14.25, 13.5, 14.5, 13.75], "rotation": 270, "texture": "#0"},
				"up": {"uv": [14.25, 13.5, 15.25, 13.75], "texture": "#0"},
				"down": {"uv": [14.25, 13.75, 15.25, 13.5], "texture": "#0"}
			}
		},
		{
			"name": "halo (27)_48",
			"from": [7.25, 0, 13.75],
			"to": [8.25, 0.25, 14],
			"faces": {
				"north": {"uv": [8.25, 13.75, 7.25, 14], "texture": "#0"},
				"east": {"uv": [8, 13.75, 8.25, 14], "rotation": 90, "texture": "#0"},
				"south": {"uv": [7.25, 13.75, 8.25, 14], "texture": "#0"},
				"west": {"uv": [7.25, 13.75, 7.5, 14], "rotation": 270, "texture": "#0"},
				"up": {"uv": [7.25, 13.75, 8.25, 14], "texture": "#0"},
				"down": {"uv": [7.25, 14, 8.25, 13.75], "texture": "#0"}
			}
		},
		{
			"name": "halo (27)_49",
			"from": [14.25, 0, 13.75],
			"to": [15.25, 0.25, 14],
			"faces": {
				"north": {"uv": [15.25, 13.75, 14.25, 14], "texture": "#0"},
				"east": {"uv": [15, 13.75, 15.25, 14], "rotation": 90, "texture": "#0"},
				"south": {"uv": [14.25, 13.75, 15.25, 14], "texture": "#0"},
				"west": {"uv": [14.25, 13.75, 14.5, 14], "rotation": 270, "texture": "#0"},
				"up": {"uv": [14.25, 13.75, 15.25, 14], "texture": "#0"},
				"down": {"uv": [14.25, 14, 15.25, 13.75], "texture": "#0"}
			}
		},
		{
			"name": "halo (27)_50",
			"from": [7.25, 0, 14],
			"to": [8.25, 0.25, 14.25],
			"faces": {
				"north": {"uv": [8.25, 14, 7.25, 14.25], "texture": "#0"},
				"east": {"uv": [8, 14, 8.25, 14.25], "rotation": 90, "texture": "#0"},
				"south": {"uv": [7.25, 14, 8.25, 14.25], "texture": "#0"},
				"west": {"uv": [7.25, 14, 7.5, 14.25], "rotation": 270, "texture": "#0"},
				"up": {"uv": [7.25, 14, 8.25, 14.25], "texture": "#0"},
				"down": {"uv": [7.25, 14.25, 8.25, 14], "texture": "#0"}
			}
		},
		{
			"name": "halo (27)_51",
			"from": [14.25, 0, 14],
			"to": [15.25, 0.25, 14.25],
			"faces": {
				"north": {"uv": [15.25, 14, 14.25, 14.25], "texture": "#0"},
				"east": {"uv": [15, 14, 15.25, 14.25], "rotation": 90, "texture": "#0"},
				"south": {"uv": [14.25, 14, 15.25, 14.25], "texture": "#0"},
				"west": {"uv": [14.25, 14, 14.5, 14.25], "rotation": 270, "texture": "#0"},
				"up": {"uv": [14.25, 14, 15.25, 14.25], "texture": "#0"},
				"down": {"uv": [14.25, 14.25, 15.25, 14], "texture": "#0"}
			}
		},
		{
			"name": "halo (27)_52",
			"from": [7.25, 0, 14.25],
			"to": [15.25, 0.25, 14.5],
			"faces": {
				"north": {"uv": [15.25, 14.25, 7.25, 14.5], "texture": "#0"},
				"east": {"uv": [15, 14.25, 15.25, 14.5], "rotation": 90, "texture": "#0"},
				"south": {"uv": [7.25, 14.25, 15.25, 14.5], "texture": "#0"},
				"west": {"uv": [7.25, 14.25, 7.5, 14.5], "rotation": 270, "texture": "#0"},
				"up": {"uv": [7.25, 14.25, 15.25, 14.5], "texture": "#0"},
				"down": {"uv": [7.25, 14.5, 15.25, 14.25], "texture": "#0"}
			}
		},
		{
			"name": "halo (27)_53",
			"from": [7.25, 0, 14.5],
			"to": [15.25, 0.25, 14.75],
			"faces": {
				"north": {"uv": [15.25, 14.5, 7.25, 14.75], "texture": "#0"},
				"east": {"uv": [15, 14.5, 15.25, 14.75], "rotation": 90, "texture": "#0"},
				"south": {"uv": [7.25, 14.5, 15.25, 14.75], "texture": "#0"},
				"west": {"uv": [7.25, 14.5, 7.5, 14.75], "rotation": 270, "texture": "#0"},
				"up": {"uv": [7.25, 14.5, 15.25, 14.75], "texture": "#0"},
				"down": {"uv": [7.25, 14.75, 15.25, 14.5], "texture": "#0"}
			}
		},
		{
			"name": "halo (27)_54",
			"from": [7.25, 0, 14.75],
			"to": [15.25, 0.25, 15],
			"faces": {
				"north": {"uv": [15.25, 14.75, 7.25, 15], "texture": "#0"},
				"east": {"uv": [15, 14.75, 15.25, 15], "rotation": 90, "texture": "#0"},
				"south": {"uv": [7.25, 14.75, 15.25, 15], "texture": "#0"},
				"west": {"uv": [7.25, 14.75, 7.5, 15], "rotation": 270, "texture": "#0"},
				"up": {"uv": [7.25, 14.75, 15.25, 15], "texture": "#0"},
				"down": {"uv": [7.25, 15, 15.25, 14.75], "texture": "#0"}
			}
		},
		{
			"name": "halo (27)_55",
			"from": [7.25, 0, 15],
			"to": [15.25, 0.25, 15.25],
			"faces": {
				"north": {"uv": [15.25, 15, 7.25, 15.25], "texture": "#0"},
				"east": {"uv": [15, 15, 15.25, 15.25], "rotation": 90, "texture": "#0"},
				"south": {"uv": [7.25, 15, 15.25, 15.25], "texture": "#0"},
				"west": {"uv": [7.25, 15, 7.5, 15.25], "rotation": 270, "texture": "#0"},
				"up": {"uv": [7.25, 15, 15.25, 15.25], "texture": "#0"},
				"down": {"uv": [7.25, 15.25, 15.25, 15], "texture": "#0"}
			}
		}
	],
	"display": {
		"gui": {
			"rotation": [90, 0, 0]
		},
		"head": {
			"rotation": [20, 0, 0],
			"translation": [0, 17, 10]
		}
	},
	"groups": [
		{
			"name": "halo (27)",
			"origin": [8, 8, 8],
			"color": 0,
			"children": [
				0,
				1,
				2,
				3,
				4,
				5,
				6,
				7,
				8,
				9,
				10,
				11,
				12,
				13,
				14,
				15,
				16,
				17,
				18,
				19,
				20,
				21,
				22,
				23,
				24,
				25,
				26,
				27,
				28,
				29,
				30,
				31,
				32,
				33,
				34,
				35,
				36,
				37,
				38,
				39,
				40,
				41,
				42,
				43,
				44,
				45,
				46,
				47,
				48,
				49,
				50,
				51,
				52,
				53,
				54,
				55
			]
		}
	]
}