{
	"credit": "Made with Blockbench",
	"textures": {
		"0": "items/3d/halo (37)",
		"particle": "items/3d/halo (37)"
	},
	"elements": [
		{
			"name": "halo (37)_0",
			"from": [1.75, 0, 5.25],
			"to": [3.75, 0.25, 5.5],
			"faces": {
				"north": {"uv": [3.75, 5.25, 1.75, 5.5], "texture": "#0"},
				"east": {"uv": [3.5, 5.25, 3.75, 5.5], "rotation": 90, "texture": "#0"},
				"south": {"uv": [1.75, 5.25, 3.75, 5.5], "texture": "#0"},
				"west": {"uv": [1.75, 5.25, 2, 5.5], "rotation": 270, "texture": "#0"},
				"up": {"uv": [1.75, 5.25, 3.75, 5.5], "texture": "#0"},
				"down": {"uv": [1.75, 5.5, 3.75, 5.25], "texture": "#0"}
			}
		},
		{
			"name": "halo (37)_1",
			"from": [1.5, 0, 5.5],
			"to": [4.25, 0.25, 5.75],
			"faces": {
				"north": {"uv": [4.25, 5.5, 1.5, 5.75], "texture": "#0"},
				"east": {"uv": [4, 5.5, 4.25, 5.75], "rotation": 90, "texture": "#0"},
				"south": {"uv": [1.5, 5.5, 4.25, 5.75], "texture": "#0"},
				"west": {"uv": [1.5, 5.5, 1.75, 5.75], "rotation": 270, "texture": "#0"},
				"up": {"uv": [1.5, 5.5, 4.25, 5.75], "texture": "#0"},
				"down": {"uv": [1.5, 5.75, 4.25, 5.5], "texture": "#0"}
			}
		},
		{
			"name": "halo (37)_2",
			"from": [1.25, 0, 5.75],
			"to": [4.5, 0.25, 6],
			"faces": {
				"north": {"uv": [4.5, 5.75, 1.25, 6], "texture": "#0"},
				"east": {"uv": [4.25, 5.75, 4.5, 6], "rotation": 90, "texture": "#0"},
				"south": {"uv": [1.25, 5.75, 4.5, 6], "texture": "#0"},
				"west": {"uv": [1.25, 5.75, 1.5, 6], "rotation": 270, "texture": "#0"},
				"up": {"uv": [1.25, 5.75, 4.5, 6], "texture": "#0"},
				"down": {"uv": [1.25, 6, 4.5, 5.75], "texture": "#0"}
			}
		},
		{
			"name": "halo (37)_3",
			"from": [1.25, 0, 6],
			"to": [4.75, 0.25, 6.25],
			"faces": {
				"north": {"uv": [4.75, 6, 1.25, 6.25], "texture": "#0"},
				"east": {"uv": [4.5, 6, 4.75, 6.25], "rotation": 90, "texture": "#0"},
				"south": {"uv": [1.25, 6, 4.75, 6.25], "texture": "#0"},
				"west": {"uv": [1.25, 6, 1.5, 6.25], "rotation": 270, "texture": "#0"},
				"up": {"uv": [1.25, 6, 4.75, 6.25], "texture": "#0"},
				"down": {"uv": [1.25, 6.25, 4.75, 6], "texture": "#0"}
			}
		},
		{
			"name": "halo (37)_4",
			"from": [1.25, 0, 6.25],
			"to": [5, 0.25, 6.5],
			"faces": {
				"north": {"uv": [5, 6.25, 1.25, 6.5], "texture": "#0"},
				"east": {"uv": [4.75, 6.25, 5, 6.5], "rotation": 90, "texture": "#0"},
				"south": {"uv": [1.25, 6.25, 5, 6.5], "texture": "#0"},
				"west": {"uv": [1.25, 6.25, 1.5, 6.5], "rotation": 270, "texture": "#0"},
				"up": {"uv": [1.25, 6.25, 5, 6.5], "texture": "#0"},
				"down": {"uv": [1.25, 6.5, 5, 6.25], "texture": "#0"}
			}
		},
		{
			"name": "halo (37)_5",
			"from": [1.25, 0, 6.5],
			"to": [5.25, 0.25, 6.75],
			"faces": {
				"north": {"uv": [5.25, 6.5, 1.25, 6.75], "texture": "#0"},
				"east": {"uv": [5, 6.5, 5.25, 6.75], "rotation": 90, "texture": "#0"},
				"south": {"uv": [1.25, 6.5, 5.25, 6.75], "texture": "#0"},
				"west": {"uv": [1.25, 6.5, 1.5, 6.75], "rotation": 270, "texture": "#0"},
				"up": {"uv": [1.25, 6.5, 5.25, 6.75], "texture": "#0"},
				"down": {"uv": [1.25, 6.75, 5.25, 6.5], "texture": "#0"}
			}
		},
		{
			"name": "halo (37)_6",
			"from": [1.25, 0, 6.75],
			"to": [5.25, 0.25, 7],
			"faces": {
				"north": {"uv": [5.25, 6.75, 1.25, 7], "texture": "#0"},
				"east": {"uv": [5, 6.75, 5.25, 7], "rotation": 90, "texture": "#0"},
				"south": {"uv": [1.25, 6.75, 5.25, 7], "texture": "#0"},
				"west": {"uv": [1.25, 6.75, 1.5, 7], "rotation": 270, "texture": "#0"},
				"up": {"uv": [1.25, 6.75, 5.25, 7], "texture": "#0"},
				"down": {"uv": [1.25, 7, 5.25, 6.75], "texture": "#0"}
			}
		},
		{
			"name": "halo (37)_7",
			"from": [1, 0, 7],
			"to": [5.5, 0.25, 7.25],
			"faces": {
				"north": {"uv": [5.5, 7, 1, 7.25], "texture": "#0"},
				"east": {"uv": [5.25, 7, 5.5, 7.25], "rotation": 90, "texture": "#0"},
				"south": {"uv": [1, 7, 5.5, 7.25], "texture": "#0"},
				"west": {"uv": [1, 7, 1.25, 7.25], "rotation": 270, "texture": "#0"},
				"up": {"uv": [1, 7, 5.5, 7.25], "texture": "#0"},
				"down": {"uv": [1, 7.25, 5.5, 7], "texture": "#0"}
			}
		},
		{
			"name": "halo (37)_8",
			"from": [1, 0, 7.25],
			"to": [5.5, 0.25, 7.5],
			"faces": {
				"north": {"uv": [5.5, 7.25, 1, 7.5], "texture": "#0"},
				"east": {"uv": [5.25, 7.25, 5.5, 7.5], "rotation": 90, "texture": "#0"},
				"south": {"uv": [1, 7.25, 5.5, 7.5], "texture": "#0"},
				"west": {"uv": [1, 7.25, 1.25, 7.5], "rotation": 270, "texture": "#0"},
				"up": {"uv": [1, 7.25, 5.5, 7.5], "texture": "#0"},
				"down": {"uv": [1, 7.5, 5.5, 7.25], "texture": "#0"}
			}
		},
		{
			"name": "halo (37)_9",
			"from": [1, 0, 7.5],
			"to": [5.5, 0.25, 7.75],
			"faces": {
				"north": {"uv": [5.5, 7.5, 1, 7.75], "texture": "#0"},
				"east": {"uv": [5.25, 7.5, 5.5, 7.75], "rotation": 90, "texture": "#0"},
				"south": {"uv": [1, 7.5, 5.5, 7.75], "texture": "#0"},
				"west": {"uv": [1, 7.5, 1.25, 7.75], "rotation": 270, "texture": "#0"},
				"up": {"uv": [1, 7.5, 5.5, 7.75], "texture": "#0"},
				"down": {"uv": [1, 7.75, 5.5, 7.5], "texture": "#0"}
			}
		},
		{
			"name": "halo (37)_10",
			"from": [1, 0, 7.75],
			"to": [5.5, 0.25, 8],
			"faces": {
				"north": {"uv": [5.5, 7.75, 1, 8], "texture": "#0"},
				"east": {"uv": [5.25, 7.75, 5.5, 8], "rotation": 90, "texture": "#0"},
				"south": {"uv": [1, 7.75, 5.5, 8], "texture": "#0"},
				"west": {"uv": [1, 7.75, 1.25, 8], "rotation": 270, "texture": "#0"},
				"up": {"uv": [1, 7.75, 5.5, 8], "texture": "#0"},
				"down": {"uv": [1, 8, 5.5, 7.75], "texture": "#0"}
			}
		},
		{
			"name": "halo (37)_11",
			"from": [1, 0, 8],
			"to": [5.5, 0.25, 8.25],
			"faces": {
				"north": {"uv": [5.5, 8, 1, 8.25], "texture": "#0"},
				"east": {"uv": [5.25, 8, 5.5, 8.25], "rotation": 90, "texture": "#0"},
				"south": {"uv": [1, 8, 5.5, 8.25], "texture": "#0"},
				"west": {"uv": [1, 8, 1.25, 8.25], "rotation": 270, "texture": "#0"},
				"up": {"uv": [1, 8, 5.5, 8.25], "texture": "#0"},
				"down": {"uv": [1, 8.25, 5.5, 8], "texture": "#0"}
			}
		},
		{
			"name": "halo (37)_12",
			"from": [1, 0, 8.25],
			"to": [5.5, 0.25, 8.5],
			"faces": {
				"north": {"uv": [5.5, 8.25, 1, 8.5], "texture": "#0"},
				"east": {"uv": [5.25, 8.25, 5.5, 8.5], "rotation": 90, "texture": "#0"},
				"south": {"uv": [1, 8.25, 5.5, 8.5], "texture": "#0"},
				"west": {"uv": [1, 8.25, 1.25, 8.5], "rotation": 270, "texture": "#0"},
				"up": {"uv": [1, 8.25, 5.5, 8.5], "texture": "#0"},
				"down": {"uv": [1, 8.5, 5.5, 8.25], "texture": "#0"}
			}
		},
		{
			"name": "halo (37)_13",
			"from": [1, 0, 8.5],
			"to": [5.5, 0.25, 8.75],
			"faces": {
				"north": {"uv": [5.5, 8.5, 1, 8.75], "texture": "#0"},
				"east": {"uv": [5.25, 8.5, 5.5, 8.75], "rotation": 90, "texture": "#0"},
				"south": {"uv": [1, 8.5, 5.5, 8.75], "texture": "#0"},
				"west": {"uv": [1, 8.5, 1.25, 8.75], "rotation": 270, "texture": "#0"},
				"up": {"uv": [1, 8.5, 5.5, 8.75], "texture": "#0"},
				"down": {"uv": [1, 8.75, 5.5, 8.5], "texture": "#0"}
			}
		},
		{
			"name": "halo (37)_14",
			"from": [1, 0, 8.75],
			"to": [5.5, 0.25, 9],
			"faces": {
				"north": {"uv": [5.5, 8.75, 1, 9], "texture": "#0"},
				"east": {"uv": [5.25, 8.75, 5.5, 9], "rotation": 90, "texture": "#0"},
				"south": {"uv": [1, 8.75, 5.5, 9], "texture": "#0"},
				"west": {"uv": [1, 8.75, 1.25, 9], "rotation": 270, "texture": "#0"},
				"up": {"uv": [1, 8.75, 5.5, 9], "texture": "#0"},
				"down": {"uv": [1, 9, 5.5, 8.75], "texture": "#0"}
			}
		},
		{
			"name": "halo (37)_15",
			"from": [1.25, 0, 9],
			"to": [5.25, 0.25, 9.25],
			"faces": {
				"north": {"uv": [5.25, 9, 1.25, 9.25], "texture": "#0"},
				"east": {"uv": [5, 9, 5.25, 9.25], "rotation": 90, "texture": "#0"},
				"south": {"uv": [1.25, 9, 5.25, 9.25], "texture": "#0"},
				"west": {"uv": [1.25, 9, 1.5, 9.25], "rotation": 270, "texture": "#0"},
				"up": {"uv": [1.25, 9, 5.25, 9.25], "texture": "#0"},
				"down": {"uv": [1.25, 9.25, 5.25, 9], "texture": "#0"}
			}
		},
		{
			"name": "halo (37)_16",
			"from": [1.25, 0, 9.25],
			"to": [5.25, 0.25, 9.5],
			"faces": {
				"north": {"uv": [5.25, 9.25, 1.25, 9.5], "texture": "#0"},
				"east": {"uv": [5, 9.25, 5.25, 9.5], "rotation": 90, "texture": "#0"},
				"south": {"uv": [1.25, 9.25, 5.25, 9.5], "texture": "#0"},
				"west": {"uv": [1.25, 9.25, 1.5, 9.5], "rotation": 270, "texture": "#0"},
				"up": {"uv": [1.25, 9.25, 5.25, 9.5], "texture": "#0"},
				"down": {"uv": [1.25, 9.5, 5.25, 9.25], "texture": "#0"}
			}
		},
		{
			"name": "halo (37)_17",
			"from": [1.25, 0, 9.5],
			"to": [5, 0.25, 9.75],
			"faces": {
				"north": {"uv": [5, 9.5, 1.25, 9.75], "texture": "#0"},
				"east": {"uv": [4.75, 9.5, 5, 9.75], "rotation": 90, "texture": "#0"},
				"south": {"uv": [1.25, 9.5, 5, 9.75], "texture": "#0"},
				"west": {"uv": [1.25, 9.5, 1.5, 9.75], "rotation": 270, "texture": "#0"},
				"up": {"uv": [1.25, 9.5, 5, 9.75], "texture": "#0"},
				"down": {"uv": [1.25, 9.75, 5, 9.5], "texture": "#0"}
			}
		},
		{
			"name": "halo (37)_18",
			"from": [1.25, 0, 9.75],
			"to": [4.75, 0.25, 10],
			"faces": {
				"north": {"uv": [4.75, 9.75, 1.25, 10], "texture": "#0"},
				"east": {"uv": [4.5, 9.75, 4.75, 10], "rotation": 90, "texture": "#0"},
				"south": {"uv": [1.25, 9.75, 4.75, 10], "texture": "#0"},
				"west": {"uv": [1.25, 9.75, 1.5, 10], "rotation": 270, "texture": "#0"},
				"up": {"uv": [1.25, 9.75, 4.75, 10], "texture": "#0"},
				"down": {"uv": [1.25, 10, 4.75, 9.75], "texture": "#0"}
			}
		},
		{
			"name": "halo (37)_19",
			"from": [1.5, 0, 10],
			"to": [4.5, 0.25, 10.25],
			"faces": {
				"north": {"uv": [4.5, 10, 1.5, 10.25], "texture": "#0"},
				"east": {"uv": [4.25, 10, 4.5, 10.25], "rotation": 90, "texture": "#0"},
				"south": {"uv": [1.5, 10, 4.5, 10.25], "texture": "#0"},
				"west": {"uv": [1.5, 10, 1.75, 10.25], "rotation": 270, "texture": "#0"},
				"up": {"uv": [1.5, 10, 4.5, 10.25], "texture": "#0"},
				"down": {"uv": [1.5, 10.25, 4.5, 10], "texture": "#0"}
			}
		},
		{
			"name": "halo (37)_20",
			"from": [1.5, 0, 10.25],
			"to": [4.25, 0.25, 10.5],
			"faces": {
				"north": {"uv": [4.25, 10.25, 1.5, 10.5], "texture": "#0"},
				"east": {"uv": [4, 10.25, 4.25, 10.5], "rotation": 90, "texture": "#0"},
				"south": {"uv": [1.5, 10.25, 4.25, 10.5], "texture": "#0"},
				"west": {"uv": [1.5, 10.25, 1.75, 10.5], "rotation": 270, "texture": "#0"},
				"up": {"uv": [1.5, 10.25, 4.25, 10.5], "texture": "#0"},
				"down": {"uv": [1.5, 10.5, 4.25, 10.25], "texture": "#0"}
			}
		},
		{
			"name": "halo (37)_21",
			"from": [1.75, 0, 10.5],
			"to": [3.75, 0.25, 10.75],
			"faces": {
				"north": {"uv": [3.75, 10.5, 1.75, 10.75], "texture": "#0"},
				"east": {"uv": [3.5, 10.5, 3.75, 10.75], "rotation": 90, "texture": "#0"},
				"south": {"uv": [1.75, 10.5, 3.75, 10.75], "texture": "#0"},
				"west": {"uv": [1.75, 10.5, 2, 10.75], "rotation": 270, "texture": "#0"},
				"up": {"uv": [1.75, 10.5, 3.75, 10.75], "texture": "#0"},
				"down": {"uv": [1.75, 10.75, 3.75, 10.5], "texture": "#0"}
			}
		}
	],
	"display": {
		"gui": {
			"rotation": [90, 0, 0]
		},
		"head": {
			"rotation": [20, 0, 0],
			"translation": [0, 17, 10]
		}
	},
	"groups": [
		{
			"name": "halo (37)",
			"origin": [8, 8, 8],
			"color": 0,
			"children": [0, 1, 2, 3, 4, 5, 6, 7, 8, 9, 10, 11, 12, 13, 14, 15, 16, 17, 18, 19, 20, 21]
		}
	]
}