{
  "parent": "minecraft:item/handheld",
  "textures": {
    "layer0": "minecraft:item/paper"
  },
  "overrides": [
    {"predicate": {"custom_model_data": 1}, "model": "minecraft:item/paper/log_paper"},
    {"predicate": {"custom_model_data": 2}, "model": "minecraft:item/gui/trade_arrow1"},
    {"predicate": {"custom_model_data": 3}, "model": "minecraft:item/gui/trade_arrow2"},
    {"predicate": {"custom_model_data": 4}, "model": "minecraft:item/gui/info"},
    {"predicate": {"custom_model_data": 5}, "model": "minecraft:item/gui/ex_1"},
    {"predicate": {"custom_model_data": 6}, "model": "minecraft:item/gui/ex_2"},
    {"predicate": {"custom_model_data": 7}, "model": "minecraft:item/gui/ex_3"},
    {"predicate": {"custom_model_data": 8}, "model": "minecraft:item/gui/ex_4"},
    {"predicate": {"custom_model_data": 9}, "model": "minecraft:item/gui/ex_5"},
    {"predicate": {"custom_model_data": 10}, "model": "minecraft:item/gui/ex_6"}
  ]
}
