{
	"parent": "item/handheld",
	"textures": {
		"layer0": "items/0220"
	},
	"display": {
		"thirdperson_righthand": {
			"rotation": [-45, -90, 0],
			"translation": [0, 1, -4.25],
			"scale": [1.25, 1.25, 1]
		},
		"firstperson_righthand": {
			"rotation": [5.75, -100, 45],
			"translation": [0, 3, 3]
		},
		"head": {
			"rotation": [0, 0, 103.75],
			"translation": [2.25, -17, 4.25],
			"scale": [1.5, 1.5, 1]
		},
		"fixed": {
			"rotation": [0, -180, 0],
			"translation": [0, 0, -0.75]
		}
	}
}