{
	"credit": "Made with Blockbench",
	"parent": "item/handheld",
	"textures": {
		"layer0": "items/0400"
	},
	"display": {
		"thirdperson_righthand": {
			"rotation": [0, -90, 45],
			"translation": [0, 1.5, -1.75],
			"scale": [1.25, 1.25, 1.25]
		},
		"thirdperson_lefthand": {
			"scale": [1.25, 1.25, 1.25]
		},
		"firstperson_righthand": {
			"rotation": [150, -80, -180],
			"translation": [3.75, 3, 0]
		},
		"ground": {
			"rotation": [90, 0, 0],
			"scale": [2, 2, 1.5]
		},
		"gui": {
			"translation": [1.25, -0.25, 0],
			"scale": [1.25, 1.25, 1]
		},
		"head": {
			"rotation": [0, 0, 90],
			"translation": [0, -13.75, 8.75],
			"scale": [2, 2, 1.5]
		},
		"fixed": {
			"rotation": [0, -180, 0],
			"translation": [0, 0, -0.75]
		}
	}
}