{
	"credit": "Made with Blockbench",
	"parent": "minecraft:item/handheld",
	"textures": {
		"layer0": "item/gold_nugget"
	},
	"display": {
		"thirdperson_righthand": {
			"scale": [0.5, 0.5, 1]
		},
		"thirdperson_lefthand": {
			"scale": [0.5, 0.5, 1]
		},
		"firstperson_righthand": {
			"scale": [0.5, 0.5, 1]
		},
		"firstperson_lefthand": {
			"scale": [0.5, 0.5, 1]
		},
		"ground": {
			"rotation": [90, 0, 0],
			"translation": [0, -1.75, 0],
			"scale": [0.25, 0.5, 0.75]
		},
		"head": {
			"rotation": [90, 0, 0],
			"scale": [0.5, 0.5, 1]
		}
	}
}