{
	"credit": "Made with Blockbench",
	"parent": "item/handheld",
	"textures": {
		"layer0": "items/0028"
	},
	"display": {
		"thirdperson_righthand": {
			"rotation": [-90, 0, 0],
			"translation": [0, 0.75, 1]
		},
		"thirdperson_lefthand": {
			"rotation": [-90, 0, 0],
			"translation": [0, 0.75, 1]
		},
		"firstperson_righthand": {
			"rotation": [-90, 0, 0],
			"translation": [2, 2, 0]
		},
		"firstperson_lefthand": {
			"rotation": [-90, 0, 0],
			"translation": [2, 2, 0],
			"scale": [-1, 1, 1]
		},
		"ground": {
			"rotation": [90, 0, 0],
			"translation": [0, -0.2, 0]
		},
		"head": {
			"rotation": [-90, 0, 0],
			"translation": [0, -4, 0],
			"scale": [1.98, 1.97, 3.25]
		},
		"fixed": {
			"rotation": [0, -180, 0]
		}
	}
}