{
	"credit": "Made with Blockbench",
	"textures": {
		"0": "items/3d/halo (23)",
		"particle": "items/3d/halo (23)"
	},
	"elements": [
		{
			"name": "halo (23)_0",
			"from": [7.5, 0, 1.5],
			"to": [8.5, 0.25, 1.75],
			"faces": {
				"north": {"uv": [8.5, 1.5, 7.5, 1.75], "texture": "#0"},
				"east": {"uv": [8.25, 1.5, 8.5, 1.75], "rotation": 90, "texture": "#0"},
				"south": {"uv": [7.5, 1.5, 8.5, 1.75], "texture": "#0"},
				"west": {"uv": [7.5, 1.5, 7.75, 1.75], "rotation": 270, "texture": "#0"},
				"up": {"uv": [7.5, 1.5, 8.5, 1.75], "texture": "#0"},
				"down": {"uv": [7.5, 1.75, 8.5, 1.5], "texture": "#0"}
			}
		},
		{
			"name": "halo (23)_1",
			"from": [7.5, 0, 1.75],
			"to": [8.5, 0.25, 2],
			"faces": {
				"north": {"uv": [8.5, 1.75, 7.5, 2], "texture": "#0"},
				"east": {"uv": [8.25, 1.75, 8.5, 2], "rotation": 90, "texture": "#0"},
				"south": {"uv": [7.5, 1.75, 8.5, 2], "texture": "#0"},
				"west": {"uv": [7.5, 1.75, 7.75, 2], "rotation": 270, "texture": "#0"},
				"up": {"uv": [7.5, 1.75, 8.5, 2], "texture": "#0"},
				"down": {"uv": [7.5, 2, 8.5, 1.75], "texture": "#0"}
			}
		},
		{
			"name": "halo (23)_2",
			"from": [7.5, 0, 2],
			"to": [8.5, 0.25, 2.25],
			"faces": {
				"north": {"uv": [8.5, 2, 7.5, 2.25], "texture": "#0"},
				"east": {"uv": [8.25, 2, 8.5, 2.25], "rotation": 90, "texture": "#0"},
				"south": {"uv": [7.5, 2, 8.5, 2.25], "texture": "#0"},
				"west": {"uv": [7.5, 2, 7.75, 2.25], "rotation": 270, "texture": "#0"},
				"up": {"uv": [7.5, 2, 8.5, 2.25], "texture": "#0"},
				"down": {"uv": [7.5, 2.25, 8.5, 2], "texture": "#0"}
			}
		},
		{
			"name": "halo (23)_3",
			"from": [7.5, 0, 2.25],
			"to": [8.5, 0.25, 2.5],
			"faces": {
				"north": {"uv": [8.5, 2.25, 7.5, 2.5], "texture": "#0"},
				"east": {"uv": [8.25, 2.25, 8.5, 2.5], "rotation": 90, "texture": "#0"},
				"south": {"uv": [7.5, 2.25, 8.5, 2.5], "texture": "#0"},
				"west": {"uv": [7.5, 2.25, 7.75, 2.5], "rotation": 270, "texture": "#0"},
				"up": {"uv": [7.5, 2.25, 8.5, 2.5], "texture": "#0"},
				"down": {"uv": [7.5, 2.5, 8.5, 2.25], "texture": "#0"}
			}
		},
		{
			"name": "halo (23)_4",
			"from": [7.5, 0, 2.5],
			"to": [8.5, 0.25, 2.75],
			"faces": {
				"north": {"uv": [8.5, 2.5, 7.5, 2.75], "texture": "#0"},
				"east": {"uv": [8.25, 2.5, 8.5, 2.75], "rotation": 90, "texture": "#0"},
				"south": {"uv": [7.5, 2.5, 8.5, 2.75], "texture": "#0"},
				"west": {"uv": [7.5, 2.5, 7.75, 2.75], "rotation": 270, "texture": "#0"},
				"up": {"uv": [7.5, 2.5, 8.5, 2.75], "texture": "#0"},
				"down": {"uv": [7.5, 2.75, 8.5, 2.5], "texture": "#0"}
			}
		},
		{
			"name": "halo (23)_5",
			"from": [7.5, 0, 2.75],
			"to": [8.5, 0.25, 3],
			"faces": {
				"north": {"uv": [8.5, 2.75, 7.5, 3], "texture": "#0"},
				"east": {"uv": [8.25, 2.75, 8.5, 3], "rotation": 90, "texture": "#0"},
				"south": {"uv": [7.5, 2.75, 8.5, 3], "texture": "#0"},
				"west": {"uv": [7.5, 2.75, 7.75, 3], "rotation": 270, "texture": "#0"},
				"up": {"uv": [7.5, 2.75, 8.5, 3], "texture": "#0"},
				"down": {"uv": [7.5, 3, 8.5, 2.75], "texture": "#0"}
			}
		},
		{
			"name": "halo (23)_6",
			"from": [7.5, 0, 3],
			"to": [8.5, 0.25, 3.25],
			"faces": {
				"north": {"uv": [8.5, 3, 7.5, 3.25], "texture": "#0"},
				"east": {"uv": [8.25, 3, 8.5, 3.25], "rotation": 90, "texture": "#0"},
				"south": {"uv": [7.5, 3, 8.5, 3.25], "texture": "#0"},
				"west": {"uv": [7.5, 3, 7.75, 3.25], "rotation": 270, "texture": "#0"},
				"up": {"uv": [7.5, 3, 8.5, 3.25], "texture": "#0"},
				"down": {"uv": [7.5, 3.25, 8.5, 3], "texture": "#0"}
			}
		},
		{
			"name": "halo (23)_7",
			"from": [7.5, 0, 3.25],
			"to": [8.5, 0.25, 3.5],
			"faces": {
				"north": {"uv": [8.5, 3.25, 7.5, 3.5], "texture": "#0"},
				"east": {"uv": [8.25, 3.25, 8.5, 3.5], "rotation": 90, "texture": "#0"},
				"south": {"uv": [7.5, 3.25, 8.5, 3.5], "texture": "#0"},
				"west": {"uv": [7.5, 3.25, 7.75, 3.5], "rotation": 270, "texture": "#0"},
				"up": {"uv": [7.5, 3.25, 8.5, 3.5], "texture": "#0"},
				"down": {"uv": [7.5, 3.5, 8.5, 3.25], "texture": "#0"}
			}
		},
		{
			"name": "halo (23)_8",
			"from": [7.5, 0, 3.5],
			"to": [8.5, 0.25, 3.75],
			"faces": {
				"north": {"uv": [8.5, 3.5, 7.5, 3.75], "texture": "#0"},
				"east": {"uv": [8.25, 3.5, 8.5, 3.75], "rotation": 90, "texture": "#0"},
				"south": {"uv": [7.5, 3.5, 8.5, 3.75], "texture": "#0"},
				"west": {"uv": [7.5, 3.5, 7.75, 3.75], "rotation": 270, "texture": "#0"},
				"up": {"uv": [7.5, 3.5, 8.5, 3.75], "texture": "#0"},
				"down": {"uv": [7.5, 3.75, 8.5, 3.5], "texture": "#0"}
			}
		},
		{
			"name": "halo (23)_9",
			"from": [7.5, 0, 3.75],
			"to": [8.5, 0.25, 4],
			"faces": {
				"north": {"uv": [8.5, 3.75, 7.5, 4], "texture": "#0"},
				"east": {"uv": [8.25, 3.75, 8.5, 4], "rotation": 90, "texture": "#0"},
				"south": {"uv": [7.5, 3.75, 8.5, 4], "texture": "#0"},
				"west": {"uv": [7.5, 3.75, 7.75, 4], "rotation": 270, "texture": "#0"},
				"up": {"uv": [7.5, 3.75, 8.5, 4], "texture": "#0"},
				"down": {"uv": [7.5, 4, 8.5, 3.75], "texture": "#0"}
			}
		},
		{
			"name": "halo (23)_10",
			"from": [7.5, 0, 4],
			"to": [8.5, 0.25, 4.25],
			"faces": {
				"north": {"uv": [8.5, 4, 7.5, 4.25], "texture": "#0"},
				"east": {"uv": [8.25, 4, 8.5, 4.25], "rotation": 90, "texture": "#0"},
				"south": {"uv": [7.5, 4, 8.5, 4.25], "texture": "#0"},
				"west": {"uv": [7.5, 4, 7.75, 4.25], "rotation": 270, "texture": "#0"},
				"up": {"uv": [7.5, 4, 8.5, 4.25], "texture": "#0"},
				"down": {"uv": [7.5, 4.25, 8.5, 4], "texture": "#0"}
			}
		},
		{
			"name": "halo (23)_11",
			"from": [7.5, 0, 4.25],
			"to": [8.5, 0.25, 4.5],
			"faces": {
				"north": {"uv": [8.5, 4.25, 7.5, 4.5], "texture": "#0"},
				"east": {"uv": [8.25, 4.25, 8.5, 4.5], "rotation": 90, "texture": "#0"},
				"south": {"uv": [7.5, 4.25, 8.5, 4.5], "texture": "#0"},
				"west": {"uv": [7.5, 4.25, 7.75, 4.5], "rotation": 270, "texture": "#0"},
				"up": {"uv": [7.5, 4.25, 8.5, 4.5], "texture": "#0"},
				"down": {"uv": [7.5, 4.5, 8.5, 4.25], "texture": "#0"}
			}
		},
		{
			"name": "halo (23)_12",
			"from": [1.5, 0, 7.5],
			"to": [4.5, 0.25, 7.75],
			"faces": {
				"north": {"uv": [4.5, 7.5, 1.5, 7.75], "texture": "#0"},
				"east": {"uv": [4.25, 7.5, 4.5, 7.75], "rotation": 90, "texture": "#0"},
				"south": {"uv": [1.5, 7.5, 4.5, 7.75], "texture": "#0"},
				"west": {"uv": [1.5, 7.5, 1.75, 7.75], "rotation": 270, "texture": "#0"},
				"up": {"uv": [1.5, 7.5, 4.5, 7.75], "texture": "#0"},
				"down": {"uv": [1.5, 7.75, 4.5, 7.5], "texture": "#0"}
			}
		},
		{
			"name": "halo (23)_13",
			"from": [11.5, 0, 7.5],
			"to": [14.5, 0.25, 7.75],
			"faces": {
				"north": {"uv": [14.5, 7.5, 11.5, 7.75], "texture": "#0"},
				"east": {"uv": [14.25, 7.5, 14.5, 7.75], "rotation": 90, "texture": "#0"},
				"south": {"uv": [11.5, 7.5, 14.5, 7.75], "texture": "#0"},
				"west": {"uv": [11.5, 7.5, 11.75, 7.75], "rotation": 270, "texture": "#0"},
				"up": {"uv": [11.5, 7.5, 14.5, 7.75], "texture": "#0"},
				"down": {"uv": [11.5, 7.75, 14.5, 7.5], "texture": "#0"}
			}
		},
		{
			"name": "halo (23)_14",
			"from": [1.5, 0, 7.75],
			"to": [4.5, 0.25, 8],
			"faces": {
				"north": {"uv": [4.5, 7.75, 1.5, 8], "texture": "#0"},
				"east": {"uv": [4.25, 7.75, 4.5, 8], "rotation": 90, "texture": "#0"},
				"south": {"uv": [1.5, 7.75, 4.5, 8], "texture": "#0"},
				"west": {"uv": [1.5, 7.75, 1.75, 8], "rotation": 270, "texture": "#0"},
				"up": {"uv": [1.5, 7.75, 4.5, 8], "texture": "#0"},
				"down": {"uv": [1.5, 8, 4.5, 7.75], "texture": "#0"}
			}
		},
		{
			"name": "halo (23)_15",
			"from": [11.5, 0, 7.75],
			"to": [14.5, 0.25, 8],
			"faces": {
				"north": {"uv": [14.5, 7.75, 11.5, 8], "texture": "#0"},
				"east": {"uv": [14.25, 7.75, 14.5, 8], "rotation": 90, "texture": "#0"},
				"south": {"uv": [11.5, 7.75, 14.5, 8], "texture": "#0"},
				"west": {"uv": [11.5, 7.75, 11.75, 8], "rotation": 270, "texture": "#0"},
				"up": {"uv": [11.5, 7.75, 14.5, 8], "texture": "#0"},
				"down": {"uv": [11.5, 8, 14.5, 7.75], "texture": "#0"}
			}
		},
		{
			"name": "halo (23)_16",
			"from": [1.5, 0, 8],
			"to": [4.5, 0.25, 8.25],
			"faces": {
				"north": {"uv": [4.5, 8, 1.5, 8.25], "texture": "#0"},
				"east": {"uv": [4.25, 8, 4.5, 8.25], "rotation": 90, "texture": "#0"},
				"south": {"uv": [1.5, 8, 4.5, 8.25], "texture": "#0"},
				"west": {"uv": [1.5, 8, 1.75, 8.25], "rotation": 270, "texture": "#0"},
				"up": {"uv": [1.5, 8, 4.5, 8.25], "texture": "#0"},
				"down": {"uv": [1.5, 8.25, 4.5, 8], "texture": "#0"}
			}
		},
		{
			"name": "halo (23)_17",
			"from": [11.5, 0, 8],
			"to": [14.5, 0.25, 8.25],
			"faces": {
				"north": {"uv": [14.5, 8, 11.5, 8.25], "texture": "#0"},
				"east": {"uv": [14.25, 8, 14.5, 8.25], "rotation": 90, "texture": "#0"},
				"south": {"uv": [11.5, 8, 14.5, 8.25], "texture": "#0"},
				"west": {"uv": [11.5, 8, 11.75, 8.25], "rotation": 270, "texture": "#0"},
				"up": {"uv": [11.5, 8, 14.5, 8.25], "texture": "#0"},
				"down": {"uv": [11.5, 8.25, 14.5, 8], "texture": "#0"}
			}
		},
		{
			"name": "halo (23)_18",
			"from": [1.5, 0, 8.25],
			"to": [4.5, 0.25, 8.5],
			"faces": {
				"north": {"uv": [4.5, 8.25, 1.5, 8.5], "texture": "#0"},
				"east": {"uv": [4.25, 8.25, 4.5, 8.5], "rotation": 90, "texture": "#0"},
				"south": {"uv": [1.5, 8.25, 4.5, 8.5], "texture": "#0"},
				"west": {"uv": [1.5, 8.25, 1.75, 8.5], "rotation": 270, "texture": "#0"},
				"up": {"uv": [1.5, 8.25, 4.5, 8.5], "texture": "#0"},
				"down": {"uv": [1.5, 8.5, 4.5, 8.25], "texture": "#0"}
			}
		},
		{
			"name": "halo (23)_19",
			"from": [11.5, 0, 8.25],
			"to": [14.5, 0.25, 8.5],
			"faces": {
				"north": {"uv": [14.5, 8.25, 11.5, 8.5], "texture": "#0"},
				"east": {"uv": [14.25, 8.25, 14.5, 8.5], "rotation": 90, "texture": "#0"},
				"south": {"uv": [11.5, 8.25, 14.5, 8.5], "texture": "#0"},
				"west": {"uv": [11.5, 8.25, 11.75, 8.5], "rotation": 270, "texture": "#0"},
				"up": {"uv": [11.5, 8.25, 14.5, 8.5], "texture": "#0"},
				"down": {"uv": [11.5, 8.5, 14.5, 8.25], "texture": "#0"}
			}
		},
		{
			"name": "halo (23)_20",
			"from": [7.5, 0, 11.5],
			"to": [8.5, 0.25, 11.75],
			"faces": {
				"north": {"uv": [8.5, 11.5, 7.5, 11.75], "texture": "#0"},
				"east": {"uv": [8.25, 11.5, 8.5, 11.75], "rotation": 90, "texture": "#0"},
				"south": {"uv": [7.5, 11.5, 8.5, 11.75], "texture": "#0"},
				"west": {"uv": [7.5, 11.5, 7.75, 11.75], "rotation": 270, "texture": "#0"},
				"up": {"uv": [7.5, 11.5, 8.5, 11.75], "texture": "#0"},
				"down": {"uv": [7.5, 11.75, 8.5, 11.5], "texture": "#0"}
			}
		},
		{
			"name": "halo (23)_21",
			"from": [7.5, 0, 11.75],
			"to": [8.5, 0.25, 12],
			"faces": {
				"north": {"uv": [8.5, 11.75, 7.5, 12], "texture": "#0"},
				"east": {"uv": [8.25, 11.75, 8.5, 12], "rotation": 90, "texture": "#0"},
				"south": {"uv": [7.5, 11.75, 8.5, 12], "texture": "#0"},
				"west": {"uv": [7.5, 11.75, 7.75, 12], "rotation": 270, "texture": "#0"},
				"up": {"uv": [7.5, 11.75, 8.5, 12], "texture": "#0"},
				"down": {"uv": [7.5, 12, 8.5, 11.75], "texture": "#0"}
			}
		},
		{
			"name": "halo (23)_22",
			"from": [7.5, 0, 12],
			"to": [8.5, 0.25, 12.25],
			"faces": {
				"north": {"uv": [8.5, 12, 7.5, 12.25], "texture": "#0"},
				"east": {"uv": [8.25, 12, 8.5, 12.25], "rotation": 90, "texture": "#0"},
				"south": {"uv": [7.5, 12, 8.5, 12.25], "texture": "#0"},
				"west": {"uv": [7.5, 12, 7.75, 12.25], "rotation": 270, "texture": "#0"},
				"up": {"uv": [7.5, 12, 8.5, 12.25], "texture": "#0"},
				"down": {"uv": [7.5, 12.25, 8.5, 12], "texture": "#0"}
			}
		},
		{
			"name": "halo (23)_23",
			"from": [7.5, 0, 12.25],
			"to": [8.5, 0.25, 12.5],
			"faces": {
				"north": {"uv": [8.5, 12.25, 7.5, 12.5], "texture": "#0"},
				"east": {"uv": [8.25, 12.25, 8.5, 12.5], "rotation": 90, "texture": "#0"},
				"south": {"uv": [7.5, 12.25, 8.5, 12.5], "texture": "#0"},
				"west": {"uv": [7.5, 12.25, 7.75, 12.5], "rotation": 270, "texture": "#0"},
				"up": {"uv": [7.5, 12.25, 8.5, 12.5], "texture": "#0"},
				"down": {"uv": [7.5, 12.5, 8.5, 12.25], "texture": "#0"}
			}
		},
		{
			"name": "halo (23)_24",
			"from": [7.5, 0, 12.5],
			"to": [8.5, 0.25, 12.75],
			"faces": {
				"north": {"uv": [8.5, 12.5, 7.5, 12.75], "texture": "#0"},
				"east": {"uv": [8.25, 12.5, 8.5, 12.75], "rotation": 90, "texture": "#0"},
				"south": {"uv": [7.5, 12.5, 8.5, 12.75], "texture": "#0"},
				"west": {"uv": [7.5, 12.5, 7.75, 12.75], "rotation": 270, "texture": "#0"},
				"up": {"uv": [7.5, 12.5, 8.5, 12.75], "texture": "#0"},
				"down": {"uv": [7.5, 12.75, 8.5, 12.5], "texture": "#0"}
			}
		},
		{
			"name": "halo (23)_25",
			"from": [7.5, 0, 12.75],
			"to": [8.5, 0.25, 13],
			"faces": {
				"north": {"uv": [8.5, 12.75, 7.5, 13], "texture": "#0"},
				"east": {"uv": [8.25, 12.75, 8.5, 13], "rotation": 90, "texture": "#0"},
				"south": {"uv": [7.5, 12.75, 8.5, 13], "texture": "#0"},
				"west": {"uv": [7.5, 12.75, 7.75, 13], "rotation": 270, "texture": "#0"},
				"up": {"uv": [7.5, 12.75, 8.5, 13], "texture": "#0"},
				"down": {"uv": [7.5, 13, 8.5, 12.75], "texture": "#0"}
			}
		},
		{
			"name": "halo (23)_26",
			"from": [7.5, 0, 13],
			"to": [8.5, 0.25, 13.25],
			"faces": {
				"north": {"uv": [8.5, 13, 7.5, 13.25], "texture": "#0"},
				"east": {"uv": [8.25, 13, 8.5, 13.25], "rotation": 90, "texture": "#0"},
				"south": {"uv": [7.5, 13, 8.5, 13.25], "texture": "#0"},
				"west": {"uv": [7.5, 13, 7.75, 13.25], "rotation": 270, "texture": "#0"},
				"up": {"uv": [7.5, 13, 8.5, 13.25], "texture": "#0"},
				"down": {"uv": [7.5, 13.25, 8.5, 13], "texture": "#0"}
			}
		},
		{
			"name": "halo (23)_27",
			"from": [7.5, 0, 13.25],
			"to": [8.5, 0.25, 13.5],
			"faces": {
				"north": {"uv": [8.5, 13.25, 7.5, 13.5], "texture": "#0"},
				"east": {"uv": [8.25, 13.25, 8.5, 13.5], "rotation": 90, "texture": "#0"},
				"south": {"uv": [7.5, 13.25, 8.5, 13.5], "texture": "#0"},
				"west": {"uv": [7.5, 13.25, 7.75, 13.5], "rotation": 270, "texture": "#0"},
				"up": {"uv": [7.5, 13.25, 8.5, 13.5], "texture": "#0"},
				"down": {"uv": [7.5, 13.5, 8.5, 13.25], "texture": "#0"}
			}
		},
		{
			"name": "halo (23)_28",
			"from": [7.5, 0, 13.5],
			"to": [8.5, 0.25, 13.75],
			"faces": {
				"north": {"uv": [8.5, 13.5, 7.5, 13.75], "texture": "#0"},
				"east": {"uv": [8.25, 13.5, 8.5, 13.75], "rotation": 90, "texture": "#0"},
				"south": {"uv": [7.5, 13.5, 8.5, 13.75], "texture": "#0"},
				"west": {"uv": [7.5, 13.5, 7.75, 13.75], "rotation": 270, "texture": "#0"},
				"up": {"uv": [7.5, 13.5, 8.5, 13.75], "texture": "#0"},
				"down": {"uv": [7.5, 13.75, 8.5, 13.5], "texture": "#0"}
			}
		},
		{
			"name": "halo (23)_29",
			"from": [7.5, 0, 13.75],
			"to": [8.5, 0.25, 14],
			"faces": {
				"north": {"uv": [8.5, 13.75, 7.5, 14], "texture": "#0"},
				"east": {"uv": [8.25, 13.75, 8.5, 14], "rotation": 90, "texture": "#0"},
				"south": {"uv": [7.5, 13.75, 8.5, 14], "texture": "#0"},
				"west": {"uv": [7.5, 13.75, 7.75, 14], "rotation": 270, "texture": "#0"},
				"up": {"uv": [7.5, 13.75, 8.5, 14], "texture": "#0"},
				"down": {"uv": [7.5, 14, 8.5, 13.75], "texture": "#0"}
			}
		},
		{
			"name": "halo (23)_30",
			"from": [7.5, 0, 14],
			"to": [8.5, 0.25, 14.25],
			"faces": {
				"north": {"uv": [8.5, 14, 7.5, 14.25], "texture": "#0"},
				"east": {"uv": [8.25, 14, 8.5, 14.25], "rotation": 90, "texture": "#0"},
				"south": {"uv": [7.5, 14, 8.5, 14.25], "texture": "#0"},
				"west": {"uv": [7.5, 14, 7.75, 14.25], "rotation": 270, "texture": "#0"},
				"up": {"uv": [7.5, 14, 8.5, 14.25], "texture": "#0"},
				"down": {"uv": [7.5, 14.25, 8.5, 14], "texture": "#0"}
			}
		},
		{
			"name": "halo (23)_31",
			"from": [7.5, 0, 14.25],
			"to": [8.5, 0.25, 14.5],
			"faces": {
				"north": {"uv": [8.5, 14.25, 7.5, 14.5], "texture": "#0"},
				"east": {"uv": [8.25, 14.25, 8.5, 14.5], "rotation": 90, "texture": "#0"},
				"south": {"uv": [7.5, 14.25, 8.5, 14.5], "texture": "#0"},
				"west": {"uv": [7.5, 14.25, 7.75, 14.5], "rotation": 270, "texture": "#0"},
				"up": {"uv": [7.5, 14.25, 8.5, 14.5], "texture": "#0"},
				"down": {"uv": [7.5, 14.5, 8.5, 14.25], "texture": "#0"}
			}
		}
	],
	"display": {
		"gui": {
			"rotation": [90, 0, 0]
		},
		"head": {
			"rotation": [20, 0, 0],
			"translation": [0, 17, 10]
		}
	},
	"groups": [
		{
			"name": "halo (23)",
			"origin": [8, 8, 8],
			"color": 0,
			"children": [0, 1, 2, 3, 4, 5, 6, 7, 8, 9, 10, 11, 12, 13, 14, 15, 16, 17, 18, 19, 20, 21, 22, 23, 24, 25, 26, 27, 28, 29, 30, 31]
		}
	]
}