{
	"credit": "Made with Blockbench",
	"textures": {
		"0": "items/3d/halo (15)",
		"particle": "items/3d/halo (15)"
	},
	"elements": [
		{
			"name": "halo (15)_0",
			"from": [1.75, 0, 1.75],
			"to": [2.75, 0.25, 2],
			"faces": {
				"north": {"uv": [2.75, 1.75, 1.75, 2], "texture": "#0"},
				"east": {"uv": [2.5, 1.75, 2.75, 2], "rotation": 90, "texture": "#0"},
				"south": {"uv": [1.75, 1.75, 2.75, 2], "texture": "#0"},
				"west": {"uv": [1.75, 1.75, 2, 2], "rotation": 270, "texture": "#0"},
				"up": {"uv": [1.75, 1.75, 2.75, 2], "texture": "#0"},
				"down": {"uv": [1.75, 2, 2.75, 1.75], "texture": "#0"}
			}
		},
		{
			"name": "halo (15)_1",
			"from": [1.75, 0, 2],
			"to": [3, 0.25, 2.25],
			"faces": {
				"north": {"uv": [3, 2, 1.75, 2.25], "texture": "#0"},
				"east": {"uv": [2.75, 2, 3, 2.25], "rotation": 90, "texture": "#0"},
				"south": {"uv": [1.75, 2, 3, 2.25], "texture": "#0"},
				"west": {"uv": [1.75, 2, 2, 2.25], "rotation": 270, "texture": "#0"},
				"up": {"uv": [1.75, 2, 3, 2.25], "texture": "#0"},
				"down": {"uv": [1.75, 2.25, 3, 2], "texture": "#0"}
			}
		},
		{
			"name": "halo (15)_2",
			"from": [1.75, 0, 2.25],
			"to": [3.25, 0.25, 2.5],
			"faces": {
				"north": {"uv": [3.25, 2.25, 1.75, 2.5], "texture": "#0"},
				"east": {"uv": [3, 2.25, 3.25, 2.5], "rotation": 90, "texture": "#0"},
				"south": {"uv": [1.75, 2.25, 3.25, 2.5], "texture": "#0"},
				"west": {"uv": [1.75, 2.25, 2, 2.5], "rotation": 270, "texture": "#0"},
				"up": {"uv": [1.75, 2.25, 3.25, 2.5], "texture": "#0"},
				"down": {"uv": [1.75, 2.5, 3.25, 2.25], "texture": "#0"}
			}
		},
		{
			"name": "halo (15)_3",
			"from": [1.75, 0, 2.5],
			"to": [3.5, 0.25, 2.75],
			"faces": {
				"north": {"uv": [3.5, 2.5, 1.75, 2.75], "texture": "#0"},
				"east": {"uv": [3.25, 2.5, 3.5, 2.75], "rotation": 90, "texture": "#0"},
				"south": {"uv": [1.75, 2.5, 3.5, 2.75], "texture": "#0"},
				"west": {"uv": [1.75, 2.5, 2, 2.75], "rotation": 270, "texture": "#0"},
				"up": {"uv": [1.75, 2.5, 3.5, 2.75], "texture": "#0"},
				"down": {"uv": [1.75, 2.75, 3.5, 2.5], "texture": "#0"}
			}
		},
		{
			"name": "halo (15)_4",
			"from": [2, 0, 2.75],
			"to": [3.75, 0.25, 3],
			"faces": {
				"north": {"uv": [3.75, 2.75, 2, 3], "texture": "#0"},
				"east": {"uv": [3.5, 2.75, 3.75, 3], "rotation": 90, "texture": "#0"},
				"south": {"uv": [2, 2.75, 3.75, 3], "texture": "#0"},
				"west": {"uv": [2, 2.75, 2.25, 3], "rotation": 270, "texture": "#0"},
				"up": {"uv": [2, 2.75, 3.75, 3], "texture": "#0"},
				"down": {"uv": [2, 3, 3.75, 2.75], "texture": "#0"}
			}
		},
		{
			"name": "halo (15)_5",
			"from": [2.25, 0, 3],
			"to": [4, 0.25, 3.25],
			"faces": {
				"north": {"uv": [4, 3, 2.25, 3.25], "texture": "#0"},
				"east": {"uv": [3.75, 3, 4, 3.25], "rotation": 90, "texture": "#0"},
				"south": {"uv": [2.25, 3, 4, 3.25], "texture": "#0"},
				"west": {"uv": [2.25, 3, 2.5, 3.25], "rotation": 270, "texture": "#0"},
				"up": {"uv": [2.25, 3, 4, 3.25], "texture": "#0"},
				"down": {"uv": [2.25, 3.25, 4, 3], "texture": "#0"}
			}
		},
		{
			"name": "halo (15)_6",
			"from": [2.5, 0, 3.25],
			"to": [4.25, 0.25, 3.5],
			"faces": {
				"north": {"uv": [4.25, 3.25, 2.5, 3.5], "texture": "#0"},
				"east": {"uv": [4, 3.25, 4.25, 3.5], "rotation": 90, "texture": "#0"},
				"south": {"uv": [2.5, 3.25, 4.25, 3.5], "texture": "#0"},
				"west": {"uv": [2.5, 3.25, 2.75, 3.5], "rotation": 270, "texture": "#0"},
				"up": {"uv": [2.5, 3.25, 4.25, 3.5], "texture": "#0"},
				"down": {"uv": [2.5, 3.5, 4.25, 3.25], "texture": "#0"}
			}
		},
		{
			"name": "halo (15)_7",
			"from": [2.75, 0, 3.5],
			"to": [4.5, 0.25, 3.75],
			"faces": {
				"north": {"uv": [4.5, 3.5, 2.75, 3.75], "texture": "#0"},
				"east": {"uv": [4.25, 3.5, 4.5, 3.75], "rotation": 90, "texture": "#0"},
				"south": {"uv": [2.75, 3.5, 4.5, 3.75], "texture": "#0"},
				"west": {"uv": [2.75, 3.5, 3, 3.75], "rotation": 270, "texture": "#0"},
				"up": {"uv": [2.75, 3.5, 4.5, 3.75], "texture": "#0"},
				"down": {"uv": [2.75, 3.75, 4.5, 3.5], "texture": "#0"}
			}
		},
		{
			"name": "halo (15)_8",
			"from": [3, 0, 3.75],
			"to": [4.75, 0.25, 4],
			"faces": {
				"north": {"uv": [4.75, 3.75, 3, 4], "texture": "#0"},
				"east": {"uv": [4.5, 3.75, 4.75, 4], "rotation": 90, "texture": "#0"},
				"south": {"uv": [3, 3.75, 4.75, 4], "texture": "#0"},
				"west": {"uv": [3, 3.75, 3.25, 4], "rotation": 270, "texture": "#0"},
				"up": {"uv": [3, 3.75, 4.75, 4], "texture": "#0"},
				"down": {"uv": [3, 4, 4.75, 3.75], "texture": "#0"}
			}
		},
		{
			"name": "halo (15)_9",
			"from": [3.25, 0, 4],
			"to": [5, 0.25, 4.25],
			"faces": {
				"north": {"uv": [5, 4, 3.25, 4.25], "texture": "#0"},
				"east": {"uv": [4.75, 4, 5, 4.25], "rotation": 90, "texture": "#0"},
				"south": {"uv": [3.25, 4, 5, 4.25], "texture": "#0"},
				"west": {"uv": [3.25, 4, 3.5, 4.25], "rotation": 270, "texture": "#0"},
				"up": {"uv": [3.25, 4, 5, 4.25], "texture": "#0"},
				"down": {"uv": [3.25, 4.25, 5, 4], "texture": "#0"}
			}
		},
		{
			"name": "halo (15)_10",
			"from": [3.5, 0, 4.25],
			"to": [5.25, 0.25, 4.5],
			"faces": {
				"north": {"uv": [5.25, 4.25, 3.5, 4.5], "texture": "#0"},
				"east": {"uv": [5, 4.25, 5.25, 4.5], "rotation": 90, "texture": "#0"},
				"south": {"uv": [3.5, 4.25, 5.25, 4.5], "texture": "#0"},
				"west": {"uv": [3.5, 4.25, 3.75, 4.5], "rotation": 270, "texture": "#0"},
				"up": {"uv": [3.5, 4.25, 5.25, 4.5], "texture": "#0"},
				"down": {"uv": [3.5, 4.5, 5.25, 4.25], "texture": "#0"}
			}
		},
		{
			"name": "halo (15)_11",
			"from": [3.75, 0, 4.5],
			"to": [5.5, 0.25, 4.75],
			"faces": {
				"north": {"uv": [5.5, 4.5, 3.75, 4.75], "texture": "#0"},
				"east": {"uv": [5.25, 4.5, 5.5, 4.75], "rotation": 90, "texture": "#0"},
				"south": {"uv": [3.75, 4.5, 5.5, 4.75], "texture": "#0"},
				"west": {"uv": [3.75, 4.5, 4, 4.75], "rotation": 270, "texture": "#0"},
				"up": {"uv": [3.75, 4.5, 5.5, 4.75], "texture": "#0"},
				"down": {"uv": [3.75, 4.75, 5.5, 4.5], "texture": "#0"}
			}
		},
		{
			"name": "halo (15)_12",
			"from": [4, 0, 4.75],
			"to": [5.75, 0.25, 5],
			"faces": {
				"north": {"uv": [5.75, 4.75, 4, 5], "texture": "#0"},
				"east": {"uv": [5.5, 4.75, 5.75, 5], "rotation": 90, "texture": "#0"},
				"south": {"uv": [4, 4.75, 5.75, 5], "texture": "#0"},
				"west": {"uv": [4, 4.75, 4.25, 5], "rotation": 270, "texture": "#0"},
				"up": {"uv": [4, 4.75, 5.75, 5], "texture": "#0"},
				"down": {"uv": [4, 5, 5.75, 4.75], "texture": "#0"}
			}
		},
		{
			"name": "halo (15)_13",
			"from": [4.25, 0, 5],
			"to": [6, 0.25, 5.25],
			"faces": {
				"north": {"uv": [6, 5, 4.25, 5.25], "texture": "#0"},
				"east": {"uv": [5.75, 5, 6, 5.25], "rotation": 90, "texture": "#0"},
				"south": {"uv": [4.25, 5, 6, 5.25], "texture": "#0"},
				"west": {"uv": [4.25, 5, 4.5, 5.25], "rotation": 270, "texture": "#0"},
				"up": {"uv": [4.25, 5, 6, 5.25], "texture": "#0"},
				"down": {"uv": [4.25, 5.25, 6, 5], "texture": "#0"}
			}
		},
		{
			"name": "halo (15)_14",
			"from": [4.5, 0, 5.25],
			"to": [6.25, 0.25, 5.5],
			"faces": {
				"north": {"uv": [6.25, 5.25, 4.5, 5.5], "texture": "#0"},
				"east": {"uv": [6, 5.25, 6.25, 5.5], "rotation": 90, "texture": "#0"},
				"south": {"uv": [4.5, 5.25, 6.25, 5.5], "texture": "#0"},
				"west": {"uv": [4.5, 5.25, 4.75, 5.5], "rotation": 270, "texture": "#0"},
				"up": {"uv": [4.5, 5.25, 6.25, 5.5], "texture": "#0"},
				"down": {"uv": [4.5, 5.5, 6.25, 5.25], "texture": "#0"}
			}
		},
		{
			"name": "halo (15)_15",
			"from": [4.75, 0, 5.5],
			"to": [6.5, 0.25, 5.75],
			"faces": {
				"north": {"uv": [6.5, 5.5, 4.75, 5.75], "texture": "#0"},
				"east": {"uv": [6.25, 5.5, 6.5, 5.75], "rotation": 90, "texture": "#0"},
				"south": {"uv": [4.75, 5.5, 6.5, 5.75], "texture": "#0"},
				"west": {"uv": [4.75, 5.5, 5, 5.75], "rotation": 270, "texture": "#0"},
				"up": {"uv": [4.75, 5.5, 6.5, 5.75], "texture": "#0"},
				"down": {"uv": [4.75, 5.75, 6.5, 5.5], "texture": "#0"}
			}
		},
		{
			"name": "halo (15)_16",
			"from": [5, 0, 5.75],
			"to": [6.75, 0.25, 6],
			"faces": {
				"north": {"uv": [6.75, 5.75, 5, 6], "texture": "#0"},
				"east": {"uv": [6.5, 5.75, 6.75, 6], "rotation": 90, "texture": "#0"},
				"south": {"uv": [5, 5.75, 6.75, 6], "texture": "#0"},
				"west": {"uv": [5, 5.75, 5.25, 6], "rotation": 270, "texture": "#0"},
				"up": {"uv": [5, 5.75, 6.75, 6], "texture": "#0"},
				"down": {"uv": [5, 6, 6.75, 5.75], "texture": "#0"}
			}
		},
		{
			"name": "halo (15)_17",
			"from": [5.25, 0, 6],
			"to": [7, 0.25, 6.25],
			"faces": {
				"north": {"uv": [7, 6, 5.25, 6.25], "texture": "#0"},
				"east": {"uv": [6.75, 6, 7, 6.25], "rotation": 90, "texture": "#0"},
				"south": {"uv": [5.25, 6, 7, 6.25], "texture": "#0"},
				"west": {"uv": [5.25, 6, 5.5, 6.25], "rotation": 270, "texture": "#0"},
				"up": {"uv": [5.25, 6, 7, 6.25], "texture": "#0"},
				"down": {"uv": [5.25, 6.25, 7, 6], "texture": "#0"}
			}
		},
		{
			"name": "halo (15)_18",
			"from": [5.5, 0, 6.25],
			"to": [7, 0.25, 6.5],
			"faces": {
				"north": {"uv": [7, 6.25, 5.5, 6.5], "texture": "#0"},
				"east": {"uv": [6.75, 6.25, 7, 6.5], "rotation": 90, "texture": "#0"},
				"south": {"uv": [5.5, 6.25, 7, 6.5], "texture": "#0"},
				"west": {"uv": [5.5, 6.25, 5.75, 6.5], "rotation": 270, "texture": "#0"},
				"up": {"uv": [5.5, 6.25, 7, 6.5], "texture": "#0"},
				"down": {"uv": [5.5, 6.5, 7, 6.25], "texture": "#0"}
			}
		},
		{
			"name": "halo (15)_19",
			"from": [5.75, 0, 6.5],
			"to": [7, 0.25, 6.75],
			"faces": {
				"north": {"uv": [7, 6.5, 5.75, 6.75], "texture": "#0"},
				"east": {"uv": [6.75, 6.5, 7, 6.75], "rotation": 90, "texture": "#0"},
				"south": {"uv": [5.75, 6.5, 7, 6.75], "texture": "#0"},
				"west": {"uv": [5.75, 6.5, 6, 6.75], "rotation": 270, "texture": "#0"},
				"up": {"uv": [5.75, 6.5, 7, 6.75], "texture": "#0"},
				"down": {"uv": [5.75, 6.75, 7, 6.5], "texture": "#0"}
			}
		},
		{
			"name": "halo (15)_20",
			"from": [6, 0, 6.75],
			"to": [7, 0.25, 7],
			"faces": {
				"north": {"uv": [7, 6.75, 6, 7], "texture": "#0"},
				"east": {"uv": [6.75, 6.75, 7, 7], "rotation": 90, "texture": "#0"},
				"south": {"uv": [6, 6.75, 7, 7], "texture": "#0"},
				"west": {"uv": [6, 6.75, 6.25, 7], "rotation": 270, "texture": "#0"},
				"up": {"uv": [6, 6.75, 7, 7], "texture": "#0"},
				"down": {"uv": [6, 7, 7, 6.75], "texture": "#0"}
			}
		}
	],
	"display": {
		"gui": {
			"rotation": [90, 0, 0]
		},
		"head": {
			"rotation": [20, 0, 0],
			"translation": [0, 17, 10]
		}
	},
	"groups": [
		{
			"name": "halo (15)",
			"origin": [8, 8, 8],
			"color": 0,
			"children": [0, 1, 2, 3, 4, 5, 6, 7, 8, 9, 10, 11, 12, 13, 14, 15, 16, 17, 18, 19, 20]
		}
	]
}