{
	"credit": "Made with Blockbench",
	"textures": {
		"0": "items/3d/halo (38)",
		"particle": "items/3d/halo (38)"
	},
	"elements": [
		{
			"name": "halo (38)_0",
			"from": [7, 0, 10.5],
			"to": [9, 0.25, 10.75],
			"faces": {
				"north": {"uv": [9, 10.5, 7, 10.75], "texture": "#0"},
				"east": {"uv": [8.75, 10.5, 9, 10.75], "rotation": 90, "texture": "#0"},
				"south": {"uv": [7, 10.5, 9, 10.75], "texture": "#0"},
				"west": {"uv": [7, 10.5, 7.25, 10.75], "rotation": 270, "texture": "#0"},
				"up": {"uv": [7, 10.5, 9, 10.75], "texture": "#0"},
				"down": {"uv": [7, 10.75, 9, 10.5], "texture": "#0"}
			}
		},
		{
			"name": "halo (38)_1",
			"from": [6.5, 0, 10.75],
			"to": [9.5, 0.25, 11],
			"faces": {
				"north": {"uv": [9.5, 10.75, 6.5, 11], "texture": "#0"},
				"east": {"uv": [9.25, 10.75, 9.5, 11], "rotation": 90, "texture": "#0"},
				"south": {"uv": [6.5, 10.75, 9.5, 11], "texture": "#0"},
				"west": {"uv": [6.5, 10.75, 6.75, 11], "rotation": 270, "texture": "#0"},
				"up": {"uv": [6.5, 10.75, 9.5, 11], "texture": "#0"},
				"down": {"uv": [6.5, 11, 9.5, 10.75], "texture": "#0"}
			}
		},
		{
			"name": "halo (38)_2",
			"from": [6.25, 0, 11],
			"to": [9.75, 0.25, 11.25],
			"faces": {
				"north": {"uv": [9.75, 11, 6.25, 11.25], "texture": "#0"},
				"east": {"uv": [9.5, 11, 9.75, 11.25], "rotation": 90, "texture": "#0"},
				"south": {"uv": [6.25, 11, 9.75, 11.25], "texture": "#0"},
				"west": {"uv": [6.25, 11, 6.5, 11.25], "rotation": 270, "texture": "#0"},
				"up": {"uv": [6.25, 11, 9.75, 11.25], "texture": "#0"},
				"down": {"uv": [6.25, 11.25, 9.75, 11], "texture": "#0"}
			}
		},
		{
			"name": "halo (38)_3",
			"from": [6, 0, 11.25],
			"to": [10, 0.25, 11.5],
			"faces": {
				"north": {"uv": [10, 11.25, 6, 11.5], "texture": "#0"},
				"east": {"uv": [9.75, 11.25, 10, 11.5], "rotation": 90, "texture": "#0"},
				"south": {"uv": [6, 11.25, 10, 11.5], "texture": "#0"},
				"west": {"uv": [6, 11.25, 6.25, 11.5], "rotation": 270, "texture": "#0"},
				"up": {"uv": [6, 11.25, 10, 11.5], "texture": "#0"},
				"down": {"uv": [6, 11.5, 10, 11.25], "texture": "#0"}
			}
		},
		{
			"name": "halo (38)_4",
			"from": [5.75, 0, 11.5],
			"to": [10.25, 0.25, 11.75],
			"faces": {
				"north": {"uv": [10.25, 11.5, 5.75, 11.75], "texture": "#0"},
				"east": {"uv": [10, 11.5, 10.25, 11.75], "rotation": 90, "texture": "#0"},
				"south": {"uv": [5.75, 11.5, 10.25, 11.75], "texture": "#0"},
				"west": {"uv": [5.75, 11.5, 6, 11.75], "rotation": 270, "texture": "#0"},
				"up": {"uv": [5.75, 11.5, 10.25, 11.75], "texture": "#0"},
				"down": {"uv": [5.75, 11.75, 10.25, 11.5], "texture": "#0"}
			}
		},
		{
			"name": "halo (38)_5",
			"from": [5.5, 0, 11.75],
			"to": [10.5, 0.25, 12],
			"faces": {
				"north": {"uv": [10.5, 11.75, 5.5, 12], "texture": "#0"},
				"east": {"uv": [10.25, 11.75, 10.5, 12], "rotation": 90, "texture": "#0"},
				"south": {"uv": [5.5, 11.75, 10.5, 12], "texture": "#0"},
				"west": {"uv": [5.5, 11.75, 5.75, 12], "rotation": 270, "texture": "#0"},
				"up": {"uv": [5.5, 11.75, 10.5, 12], "texture": "#0"},
				"down": {"uv": [5.5, 12, 10.5, 11.75], "texture": "#0"}
			}
		},
		{
			"name": "halo (38)_6",
			"from": [5.5, 0, 12],
			"to": [10.5, 0.25, 12.25],
			"faces": {
				"north": {"uv": [10.5, 12, 5.5, 12.25], "texture": "#0"},
				"east": {"uv": [10.25, 12, 10.5, 12.25], "rotation": 90, "texture": "#0"},
				"south": {"uv": [5.5, 12, 10.5, 12.25], "texture": "#0"},
				"west": {"uv": [5.5, 12, 5.75, 12.25], "rotation": 270, "texture": "#0"},
				"up": {"uv": [5.5, 12, 10.5, 12.25], "texture": "#0"},
				"down": {"uv": [5.5, 12.25, 10.5, 12], "texture": "#0"}
			}
		},
		{
			"name": "halo (38)_7",
			"from": [5.25, 0, 12.25],
			"to": [10.75, 0.25, 12.5],
			"faces": {
				"north": {"uv": [10.75, 12.25, 5.25, 12.5], "texture": "#0"},
				"east": {"uv": [10.5, 12.25, 10.75, 12.5], "rotation": 90, "texture": "#0"},
				"south": {"uv": [5.25, 12.25, 10.75, 12.5], "texture": "#0"},
				"west": {"uv": [5.25, 12.25, 5.5, 12.5], "rotation": 270, "texture": "#0"},
				"up": {"uv": [5.25, 12.25, 10.75, 12.5], "texture": "#0"},
				"down": {"uv": [5.25, 12.5, 10.75, 12.25], "texture": "#0"}
			}
		},
		{
			"name": "halo (38)_8",
			"from": [5.25, 0, 12.5],
			"to": [10.75, 0.25, 12.75],
			"faces": {
				"north": {"uv": [10.75, 12.5, 5.25, 12.75], "texture": "#0"},
				"east": {"uv": [10.5, 12.5, 10.75, 12.75], "rotation": 90, "texture": "#0"},
				"south": {"uv": [5.25, 12.5, 10.75, 12.75], "texture": "#0"},
				"west": {"uv": [5.25, 12.5, 5.5, 12.75], "rotation": 270, "texture": "#0"},
				"up": {"uv": [5.25, 12.5, 10.75, 12.75], "texture": "#0"},
				"down": {"uv": [5.25, 12.75, 10.75, 12.5], "texture": "#0"}
			}
		},
		{
			"name": "halo (38)_9",
			"from": [5.25, 0, 12.75],
			"to": [10.75, 0.25, 13],
			"faces": {
				"north": {"uv": [10.75, 12.75, 5.25, 13], "texture": "#0"},
				"east": {"uv": [10.5, 12.75, 10.75, 13], "rotation": 90, "texture": "#0"},
				"south": {"uv": [5.25, 12.75, 10.75, 13], "texture": "#0"},
				"west": {"uv": [5.25, 12.75, 5.5, 13], "rotation": 270, "texture": "#0"},
				"up": {"uv": [5.25, 12.75, 10.75, 13], "texture": "#0"},
				"down": {"uv": [5.25, 13, 10.75, 12.75], "texture": "#0"}
			}
		},
		{
			"name": "halo (38)_10",
			"from": [5.25, 0, 13],
			"to": [10.75, 0.25, 13.25],
			"faces": {
				"north": {"uv": [10.75, 13, 5.25, 13.25], "texture": "#0"},
				"east": {"uv": [10.5, 13, 10.75, 13.25], "rotation": 90, "texture": "#0"},
				"south": {"uv": [5.25, 13, 10.75, 13.25], "texture": "#0"},
				"west": {"uv": [5.25, 13, 5.5, 13.25], "rotation": 270, "texture": "#0"},
				"up": {"uv": [5.25, 13, 10.75, 13.25], "texture": "#0"},
				"down": {"uv": [5.25, 13.25, 10.75, 13], "texture": "#0"}
			}
		},
		{
			"name": "halo (38)_11",
			"from": [5.25, 0, 13.25],
			"to": [10.75, 0.25, 13.5],
			"faces": {
				"north": {"uv": [10.75, 13.25, 5.25, 13.5], "texture": "#0"},
				"east": {"uv": [10.5, 13.25, 10.75, 13.5], "rotation": 90, "texture": "#0"},
				"south": {"uv": [5.25, 13.25, 10.75, 13.5], "texture": "#0"},
				"west": {"uv": [5.25, 13.25, 5.5, 13.5], "rotation": 270, "texture": "#0"},
				"up": {"uv": [5.25, 13.25, 10.75, 13.5], "texture": "#0"},
				"down": {"uv": [5.25, 13.5, 10.75, 13.25], "texture": "#0"}
			}
		},
		{
			"name": "halo (38)_12",
			"from": [5.25, 0, 13.5],
			"to": [10.75, 0.25, 13.75],
			"faces": {
				"north": {"uv": [10.75, 13.5, 5.25, 13.75], "texture": "#0"},
				"east": {"uv": [10.5, 13.5, 10.75, 13.75], "rotation": 90, "texture": "#0"},
				"south": {"uv": [5.25, 13.5, 10.75, 13.75], "texture": "#0"},
				"west": {"uv": [5.25, 13.5, 5.5, 13.75], "rotation": 270, "texture": "#0"},
				"up": {"uv": [5.25, 13.5, 10.75, 13.75], "texture": "#0"},
				"down": {"uv": [5.25, 13.75, 10.75, 13.5], "texture": "#0"}
			}
		},
		{
			"name": "halo (38)_13",
			"from": [5.25, 0, 13.75],
			"to": [10.75, 0.25, 14],
			"faces": {
				"north": {"uv": [10.75, 13.75, 5.25, 14], "texture": "#0"},
				"east": {"uv": [10.5, 13.75, 10.75, 14], "rotation": 90, "texture": "#0"},
				"south": {"uv": [5.25, 13.75, 10.75, 14], "texture": "#0"},
				"west": {"uv": [5.25, 13.75, 5.5, 14], "rotation": 270, "texture": "#0"},
				"up": {"uv": [5.25, 13.75, 10.75, 14], "texture": "#0"},
				"down": {"uv": [5.25, 14, 10.75, 13.75], "texture": "#0"}
			}
		},
		{
			"name": "halo (38)_14",
			"from": [5.25, 0, 14],
			"to": [10.75, 0.25, 14.25],
			"faces": {
				"north": {"uv": [10.75, 14, 5.25, 14.25], "texture": "#0"},
				"east": {"uv": [10.5, 14, 10.75, 14.25], "rotation": 90, "texture": "#0"},
				"south": {"uv": [5.25, 14, 10.75, 14.25], "texture": "#0"},
				"west": {"uv": [5.25, 14, 5.5, 14.25], "rotation": 270, "texture": "#0"},
				"up": {"uv": [5.25, 14, 10.75, 14.25], "texture": "#0"},
				"down": {"uv": [5.25, 14.25, 10.75, 14], "texture": "#0"}
			}
		},
		{
			"name": "halo (38)_15",
			"from": [5.5, 0, 14.25],
			"to": [10.5, 0.25, 14.5],
			"faces": {
				"north": {"uv": [10.5, 14.25, 5.5, 14.5], "texture": "#0"},
				"east": {"uv": [10.25, 14.25, 10.5, 14.5], "rotation": 90, "texture": "#0"},
				"south": {"uv": [5.5, 14.25, 10.5, 14.5], "texture": "#0"},
				"west": {"uv": [5.5, 14.25, 5.75, 14.5], "rotation": 270, "texture": "#0"},
				"up": {"uv": [5.5, 14.25, 10.5, 14.5], "texture": "#0"},
				"down": {"uv": [5.5, 14.5, 10.5, 14.25], "texture": "#0"}
			}
		},
		{
			"name": "halo (38)_16",
			"from": [5.75, 0, 14.5],
			"to": [10, 0.25, 14.75],
			"faces": {
				"north": {"uv": [10, 14.5, 5.75, 14.75], "texture": "#0"},
				"east": {"uv": [9.75, 14.5, 10, 14.75], "rotation": 90, "texture": "#0"},
				"south": {"uv": [5.75, 14.5, 10, 14.75], "texture": "#0"},
				"west": {"uv": [5.75, 14.5, 6, 14.75], "rotation": 270, "texture": "#0"},
				"up": {"uv": [5.75, 14.5, 10, 14.75], "texture": "#0"},
				"down": {"uv": [5.75, 14.75, 10, 14.5], "texture": "#0"}
			}
		},
		{
			"name": "halo (38)_17",
			"from": [7, 0, 14.75],
			"to": [9, 0.25, 15],
			"faces": {
				"north": {"uv": [9, 14.75, 7, 15], "texture": "#0"},
				"east": {"uv": [8.75, 14.75, 9, 15], "rotation": 90, "texture": "#0"},
				"south": {"uv": [7, 14.75, 9, 15], "texture": "#0"},
				"west": {"uv": [7, 14.75, 7.25, 15], "rotation": 270, "texture": "#0"},
				"up": {"uv": [7, 14.75, 9, 15], "texture": "#0"},
				"down": {"uv": [7, 15, 9, 14.75], "texture": "#0"}
			}
		}
	],
	"display": {
		"gui": {
			"rotation": [90, 0, 0]
		},
		"head": {
			"rotation": [20, 0, 0],
			"translation": [0, 17, 10]
		}
	},
	"groups": [
		{
			"name": "halo (38)",
			"origin": [8, 8, 8],
			"color": 0,
			"children": [0, 1, 2, 3, 4, 5, 6, 7, 8, 9, 10, 11, 12, 13, 14, 15, 16, 17]
		}
	]
}