{
	"credit": "Made with Blockbench",
	"textures": {
		"0": "items/3d/halo (16)",
		"particle": "items/3d/halo (16)"
	},
	"elements": [
		{
			"name": "halo (16)_0",
			"from": [6, 0, 9],
			"to": [7, 0.25, 9.25],
			"faces": {
				"north": {"uv": [7, 9, 6, 9.25], "texture": "#0"},
				"east": {"uv": [6.75, 9, 7, 9.25], "rotation": 90, "texture": "#0"},
				"south": {"uv": [6, 9, 7, 9.25], "texture": "#0"},
				"west": {"uv": [6, 9, 6.25, 9.25], "rotation": 270, "texture": "#0"},
				"up": {"uv": [6, 9, 7, 9.25], "texture": "#0"},
				"down": {"uv": [6, 9.25, 7, 9], "texture": "#0"}
			}
		},
		{
			"name": "halo (16)_1",
			"from": [5.75, 0, 9.25],
			"to": [7, 0.25, 9.5],
			"faces": {
				"north": {"uv": [7, 9.25, 5.75, 9.5], "texture": "#0"},
				"east": {"uv": [6.75, 9.25, 7, 9.5], "rotation": 90, "texture": "#0"},
				"south": {"uv": [5.75, 9.25, 7, 9.5], "texture": "#0"},
				"west": {"uv": [5.75, 9.25, 6, 9.5], "rotation": 270, "texture": "#0"},
				"up": {"uv": [5.75, 9.25, 7, 9.5], "texture": "#0"},
				"down": {"uv": [5.75, 9.5, 7, 9.25], "texture": "#0"}
			}
		},
		{
			"name": "halo (16)_2",
			"from": [5.5, 0, 9.5],
			"to": [7, 0.25, 9.75],
			"faces": {
				"north": {"uv": [7, 9.5, 5.5, 9.75], "texture": "#0"},
				"east": {"uv": [6.75, 9.5, 7, 9.75], "rotation": 90, "texture": "#0"},
				"south": {"uv": [5.5, 9.5, 7, 9.75], "texture": "#0"},
				"west": {"uv": [5.5, 9.5, 5.75, 9.75], "rotation": 270, "texture": "#0"},
				"up": {"uv": [5.5, 9.5, 7, 9.75], "texture": "#0"},
				"down": {"uv": [5.5, 9.75, 7, 9.5], "texture": "#0"}
			}
		},
		{
			"name": "halo (16)_3",
			"from": [5.25, 0, 9.75],
			"to": [7, 0.25, 10],
			"faces": {
				"north": {"uv": [7, 9.75, 5.25, 10], "texture": "#0"},
				"east": {"uv": [6.75, 9.75, 7, 10], "rotation": 90, "texture": "#0"},
				"south": {"uv": [5.25, 9.75, 7, 10], "texture": "#0"},
				"west": {"uv": [5.25, 9.75, 5.5, 10], "rotation": 270, "texture": "#0"},
				"up": {"uv": [5.25, 9.75, 7, 10], "texture": "#0"},
				"down": {"uv": [5.25, 10, 7, 9.75], "texture": "#0"}
			}
		},
		{
			"name": "halo (16)_4",
			"from": [5, 0, 10],
			"to": [6.75, 0.25, 10.25],
			"faces": {
				"north": {"uv": [6.75, 10, 5, 10.25], "texture": "#0"},
				"east": {"uv": [6.5, 10, 6.75, 10.25], "rotation": 90, "texture": "#0"},
				"south": {"uv": [5, 10, 6.75, 10.25], "texture": "#0"},
				"west": {"uv": [5, 10, 5.25, 10.25], "rotation": 270, "texture": "#0"},
				"up": {"uv": [5, 10, 6.75, 10.25], "texture": "#0"},
				"down": {"uv": [5, 10.25, 6.75, 10], "texture": "#0"}
			}
		},
		{
			"name": "halo (16)_5",
			"from": [4.75, 0, 10.25],
			"to": [6.5, 0.25, 10.5],
			"faces": {
				"north": {"uv": [6.5, 10.25, 4.75, 10.5], "texture": "#0"},
				"east": {"uv": [6.25, 10.25, 6.5, 10.5], "rotation": 90, "texture": "#0"},
				"south": {"uv": [4.75, 10.25, 6.5, 10.5], "texture": "#0"},
				"west": {"uv": [4.75, 10.25, 5, 10.5], "rotation": 270, "texture": "#0"},
				"up": {"uv": [4.75, 10.25, 6.5, 10.5], "texture": "#0"},
				"down": {"uv": [4.75, 10.5, 6.5, 10.25], "texture": "#0"}
			}
		},
		{
			"name": "halo (16)_6",
			"from": [4.5, 0, 10.5],
			"to": [6.25, 0.25, 10.75],
			"faces": {
				"north": {"uv": [6.25, 10.5, 4.5, 10.75], "texture": "#0"},
				"east": {"uv": [6, 10.5, 6.25, 10.75], "rotation": 90, "texture": "#0"},
				"south": {"uv": [4.5, 10.5, 6.25, 10.75], "texture": "#0"},
				"west": {"uv": [4.5, 10.5, 4.75, 10.75], "rotation": 270, "texture": "#0"},
				"up": {"uv": [4.5, 10.5, 6.25, 10.75], "texture": "#0"},
				"down": {"uv": [4.5, 10.75, 6.25, 10.5], "texture": "#0"}
			}
		},
		{
			"name": "halo (16)_7",
			"from": [4.25, 0, 10.75],
			"to": [6, 0.25, 11],
			"faces": {
				"north": {"uv": [6, 10.75, 4.25, 11], "texture": "#0"},
				"east": {"uv": [5.75, 10.75, 6, 11], "rotation": 90, "texture": "#0"},
				"south": {"uv": [4.25, 10.75, 6, 11], "texture": "#0"},
				"west": {"uv": [4.25, 10.75, 4.5, 11], "rotation": 270, "texture": "#0"},
				"up": {"uv": [4.25, 10.75, 6, 11], "texture": "#0"},
				"down": {"uv": [4.25, 11, 6, 10.75], "texture": "#0"}
			}
		},
		{
			"name": "halo (16)_8",
			"from": [4, 0, 11],
			"to": [5.75, 0.25, 11.25],
			"faces": {
				"north": {"uv": [5.75, 11, 4, 11.25], "texture": "#0"},
				"east": {"uv": [5.5, 11, 5.75, 11.25], "rotation": 90, "texture": "#0"},
				"south": {"uv": [4, 11, 5.75, 11.25], "texture": "#0"},
				"west": {"uv": [4, 11, 4.25, 11.25], "rotation": 270, "texture": "#0"},
				"up": {"uv": [4, 11, 5.75, 11.25], "texture": "#0"},
				"down": {"uv": [4, 11.25, 5.75, 11], "texture": "#0"}
			}
		},
		{
			"name": "halo (16)_9",
			"from": [3.75, 0, 11.25],
			"to": [5.5, 0.25, 11.5],
			"faces": {
				"north": {"uv": [5.5, 11.25, 3.75, 11.5], "texture": "#0"},
				"east": {"uv": [5.25, 11.25, 5.5, 11.5], "rotation": 90, "texture": "#0"},
				"south": {"uv": [3.75, 11.25, 5.5, 11.5], "texture": "#0"},
				"west": {"uv": [3.75, 11.25, 4, 11.5], "rotation": 270, "texture": "#0"},
				"up": {"uv": [3.75, 11.25, 5.5, 11.5], "texture": "#0"},
				"down": {"uv": [3.75, 11.5, 5.5, 11.25], "texture": "#0"}
			}
		},
		{
			"name": "halo (16)_10",
			"from": [3.5, 0, 11.5],
			"to": [5.25, 0.25, 11.75],
			"faces": {
				"north": {"uv": [5.25, 11.5, 3.5, 11.75], "texture": "#0"},
				"east": {"uv": [5, 11.5, 5.25, 11.75], "rotation": 90, "texture": "#0"},
				"south": {"uv": [3.5, 11.5, 5.25, 11.75], "texture": "#0"},
				"west": {"uv": [3.5, 11.5, 3.75, 11.75], "rotation": 270, "texture": "#0"},
				"up": {"uv": [3.5, 11.5, 5.25, 11.75], "texture": "#0"},
				"down": {"uv": [3.5, 11.75, 5.25, 11.5], "texture": "#0"}
			}
		},
		{
			"name": "halo (16)_11",
			"from": [3.25, 0, 11.75],
			"to": [5, 0.25, 12],
			"faces": {
				"north": {"uv": [5, 11.75, 3.25, 12], "texture": "#0"},
				"east": {"uv": [4.75, 11.75, 5, 12], "rotation": 90, "texture": "#0"},
				"south": {"uv": [3.25, 11.75, 5, 12], "texture": "#0"},
				"west": {"uv": [3.25, 11.75, 3.5, 12], "rotation": 270, "texture": "#0"},
				"up": {"uv": [3.25, 11.75, 5, 12], "texture": "#0"},
				"down": {"uv": [3.25, 12, 5, 11.75], "texture": "#0"}
			}
		},
		{
			"name": "halo (16)_12",
			"from": [3, 0, 12],
			"to": [4.75, 0.25, 12.25],
			"faces": {
				"north": {"uv": [4.75, 12, 3, 12.25], "texture": "#0"},
				"east": {"uv": [4.5, 12, 4.75, 12.25], "rotation": 90, "texture": "#0"},
				"south": {"uv": [3, 12, 4.75, 12.25], "texture": "#0"},
				"west": {"uv": [3, 12, 3.25, 12.25], "rotation": 270, "texture": "#0"},
				"up": {"uv": [3, 12, 4.75, 12.25], "texture": "#0"},
				"down": {"uv": [3, 12.25, 4.75, 12], "texture": "#0"}
			}
		},
		{
			"name": "halo (16)_13",
			"from": [2.75, 0, 12.25],
			"to": [4.5, 0.25, 12.5],
			"faces": {
				"north": {"uv": [4.5, 12.25, 2.75, 12.5], "texture": "#0"},
				"east": {"uv": [4.25, 12.25, 4.5, 12.5], "rotation": 90, "texture": "#0"},
				"south": {"uv": [2.75, 12.25, 4.5, 12.5], "texture": "#0"},
				"west": {"uv": [2.75, 12.25, 3, 12.5], "rotation": 270, "texture": "#0"},
				"up": {"uv": [2.75, 12.25, 4.5, 12.5], "texture": "#0"},
				"down": {"uv": [2.75, 12.5, 4.5, 12.25], "texture": "#0"}
			}
		},
		{
			"name": "halo (16)_14",
			"from": [2.5, 0, 12.5],
			"to": [4.25, 0.25, 12.75],
			"faces": {
				"north": {"uv": [4.25, 12.5, 2.5, 12.75], "texture": "#0"},
				"east": {"uv": [4, 12.5, 4.25, 12.75], "rotation": 90, "texture": "#0"},
				"south": {"uv": [2.5, 12.5, 4.25, 12.75], "texture": "#0"},
				"west": {"uv": [2.5, 12.5, 2.75, 12.75], "rotation": 270, "texture": "#0"},
				"up": {"uv": [2.5, 12.5, 4.25, 12.75], "texture": "#0"},
				"down": {"uv": [2.5, 12.75, 4.25, 12.5], "texture": "#0"}
			}
		},
		{
			"name": "halo (16)_15",
			"from": [2.25, 0, 12.75],
			"to": [4, 0.25, 13],
			"faces": {
				"north": {"uv": [4, 12.75, 2.25, 13], "texture": "#0"},
				"east": {"uv": [3.75, 12.75, 4, 13], "rotation": 90, "texture": "#0"},
				"south": {"uv": [2.25, 12.75, 4, 13], "texture": "#0"},
				"west": {"uv": [2.25, 12.75, 2.5, 13], "rotation": 270, "texture": "#0"},
				"up": {"uv": [2.25, 12.75, 4, 13], "texture": "#0"},
				"down": {"uv": [2.25, 13, 4, 12.75], "texture": "#0"}
			}
		},
		{
			"name": "halo (16)_16",
			"from": [2, 0, 13],
			"to": [3.75, 0.25, 13.25],
			"faces": {
				"north": {"uv": [3.75, 13, 2, 13.25], "texture": "#0"},
				"east": {"uv": [3.5, 13, 3.75, 13.25], "rotation": 90, "texture": "#0"},
				"south": {"uv": [2, 13, 3.75, 13.25], "texture": "#0"},
				"west": {"uv": [2, 13, 2.25, 13.25], "rotation": 270, "texture": "#0"},
				"up": {"uv": [2, 13, 3.75, 13.25], "texture": "#0"},
				"down": {"uv": [2, 13.25, 3.75, 13], "texture": "#0"}
			}
		},
		{
			"name": "halo (16)_17",
			"from": [1.75, 0, 13.25],
			"to": [3.5, 0.25, 13.5],
			"faces": {
				"north": {"uv": [3.5, 13.25, 1.75, 13.5], "texture": "#0"},
				"east": {"uv": [3.25, 13.25, 3.5, 13.5], "rotation": 90, "texture": "#0"},
				"south": {"uv": [1.75, 13.25, 3.5, 13.5], "texture": "#0"},
				"west": {"uv": [1.75, 13.25, 2, 13.5], "rotation": 270, "texture": "#0"},
				"up": {"uv": [1.75, 13.25, 3.5, 13.5], "texture": "#0"},
				"down": {"uv": [1.75, 13.5, 3.5, 13.25], "texture": "#0"}
			}
		},
		{
			"name": "halo (16)_18",
			"from": [1.75, 0, 13.5],
			"to": [3.25, 0.25, 13.75],
			"faces": {
				"north": {"uv": [3.25, 13.5, 1.75, 13.75], "texture": "#0"},
				"east": {"uv": [3, 13.5, 3.25, 13.75], "rotation": 90, "texture": "#0"},
				"south": {"uv": [1.75, 13.5, 3.25, 13.75], "texture": "#0"},
				"west": {"uv": [1.75, 13.5, 2, 13.75], "rotation": 270, "texture": "#0"},
				"up": {"uv": [1.75, 13.5, 3.25, 13.75], "texture": "#0"},
				"down": {"uv": [1.75, 13.75, 3.25, 13.5], "texture": "#0"}
			}
		},
		{
			"name": "halo (16)_19",
			"from": [1.75, 0, 13.75],
			"to": [3, 0.25, 14],
			"faces": {
				"north": {"uv": [3, 13.75, 1.75, 14], "texture": "#0"},
				"east": {"uv": [2.75, 13.75, 3, 14], "rotation": 90, "texture": "#0"},
				"south": {"uv": [1.75, 13.75, 3, 14], "texture": "#0"},
				"west": {"uv": [1.75, 13.75, 2, 14], "rotation": 270, "texture": "#0"},
				"up": {"uv": [1.75, 13.75, 3, 14], "texture": "#0"},
				"down": {"uv": [1.75, 14, 3, 13.75], "texture": "#0"}
			}
		},
		{
			"name": "halo (16)_20",
			"from": [1.75, 0, 14],
			"to": [2.75, 0.25, 14.25],
			"faces": {
				"north": {"uv": [2.75, 14, 1.75, 14.25], "texture": "#0"},
				"east": {"uv": [2.5, 14, 2.75, 14.25], "rotation": 90, "texture": "#0"},
				"south": {"uv": [1.75, 14, 2.75, 14.25], "texture": "#0"},
				"west": {"uv": [1.75, 14, 2, 14.25], "rotation": 270, "texture": "#0"},
				"up": {"uv": [1.75, 14, 2.75, 14.25], "texture": "#0"},
				"down": {"uv": [1.75, 14.25, 2.75, 14], "texture": "#0"}
			}
		}
	],
	"display": {
		"gui": {
			"rotation": [90, 0, 0]
		},
		"head": {
			"rotation": [20, 0, 0],
			"translation": [0, 17, 10]
		}
	},
	"groups": [
		{
			"name": "halo (16)",
			"origin": [8, 8, 8],
			"color": 0,
			"children": [0, 1, 2, 3, 4, 5, 6, 7, 8, 9, 10, 11, 12, 13, 14, 15, 16, 17, 18, 19, 20]
		}
	]
}