{
	"credit": "Made with Blockbench",
	"textures": {
		"0": "items/3d/halo (40)",
		"particle": "items/3d/halo (40)"
	},
	"elements": [
		{
			"name": "halo (40)_0",
			"from": [4.75, 0, 3],
			"to": [5.75, 0.25, 3.25],
			"faces": {
				"north": {"uv": [5.75, 3, 4.75, 3.25], "texture": "#0"},
				"east": {"uv": [5.5, 3, 5.75, 3.25], "rotation": 90, "texture": "#0"},
				"south": {"uv": [4.75, 3, 5.75, 3.25], "texture": "#0"},
				"west": {"uv": [4.75, 3, 5, 3.25], "rotation": 270, "texture": "#0"},
				"up": {"uv": [4.75, 3, 5.75, 3.25], "texture": "#0"},
				"down": {"uv": [4.75, 3.25, 5.75, 3], "texture": "#0"}
			}
		},
		{
			"name": "halo (40)_1",
			"from": [10.25, 0, 3],
			"to": [11.25, 0.25, 3.25],
			"faces": {
				"north": {"uv": [11.25, 3, 10.25, 3.25], "texture": "#0"},
				"east": {"uv": [11, 3, 11.25, 3.25], "rotation": 90, "texture": "#0"},
				"south": {"uv": [10.25, 3, 11.25, 3.25], "texture": "#0"},
				"west": {"uv": [10.25, 3, 10.5, 3.25], "rotation": 270, "texture": "#0"},
				"up": {"uv": [10.25, 3, 11.25, 3.25], "texture": "#0"},
				"down": {"uv": [10.25, 3.25, 11.25, 3], "texture": "#0"}
			}
		},
		{
			"name": "halo (40)_2",
			"from": [4, 0, 3.25],
			"to": [6.5, 0.25, 3.5],
			"faces": {
				"north": {"uv": [6.5, 3.25, 4, 3.5], "texture": "#0"},
				"east": {"uv": [6.25, 3.25, 6.5, 3.5], "rotation": 90, "texture": "#0"},
				"south": {"uv": [4, 3.25, 6.5, 3.5], "texture": "#0"},
				"west": {"uv": [4, 3.25, 4.25, 3.5], "rotation": 270, "texture": "#0"},
				"up": {"uv": [4, 3.25, 6.5, 3.5], "texture": "#0"},
				"down": {"uv": [4, 3.5, 6.5, 3.25], "texture": "#0"}
			}
		},
		{
			"name": "halo (40)_3",
			"from": [9.5, 0, 3.25],
			"to": [12, 0.25, 3.5],
			"faces": {
				"north": {"uv": [12, 3.25, 9.5, 3.5], "texture": "#0"},
				"east": {"uv": [11.75, 3.25, 12, 3.5], "rotation": 90, "texture": "#0"},
				"south": {"uv": [9.5, 3.25, 12, 3.5], "texture": "#0"},
				"west": {"uv": [9.5, 3.25, 9.75, 3.5], "rotation": 270, "texture": "#0"},
				"up": {"uv": [9.5, 3.25, 12, 3.5], "texture": "#0"},
				"down": {"uv": [9.5, 3.5, 12, 3.25], "texture": "#0"}
			}
		},
		{
			"name": "halo (40)_4",
			"from": [3.5, 0, 3.5],
			"to": [6.75, 0.25, 3.75],
			"faces": {
				"north": {"uv": [6.75, 3.5, 3.5, 3.75], "texture": "#0"},
				"east": {"uv": [6.5, 3.5, 6.75, 3.75], "rotation": 90, "texture": "#0"},
				"south": {"uv": [3.5, 3.5, 6.75, 3.75], "texture": "#0"},
				"west": {"uv": [3.5, 3.5, 3.75, 3.75], "rotation": 270, "texture": "#0"},
				"up": {"uv": [3.5, 3.5, 6.75, 3.75], "texture": "#0"},
				"down": {"uv": [3.5, 3.75, 6.75, 3.5], "texture": "#0"}
			}
		},
		{
			"name": "halo (40)_5",
			"from": [9.25, 0, 3.5],
			"to": [12.5, 0.25, 3.75],
			"faces": {
				"north": {"uv": [12.5, 3.5, 9.25, 3.75], "texture": "#0"},
				"east": {"uv": [12.25, 3.5, 12.5, 3.75], "rotation": 90, "texture": "#0"},
				"south": {"uv": [9.25, 3.5, 12.5, 3.75], "texture": "#0"},
				"west": {"uv": [9.25, 3.5, 9.5, 3.75], "rotation": 270, "texture": "#0"},
				"up": {"uv": [9.25, 3.5, 12.5, 3.75], "texture": "#0"},
				"down": {"uv": [9.25, 3.75, 12.5, 3.5], "texture": "#0"}
			}
		},
		{
			"name": "halo (40)_6",
			"from": [3.25, 0, 3.75],
			"to": [7.25, 0.25, 4],
			"faces": {
				"north": {"uv": [7.25, 3.75, 3.25, 4], "texture": "#0"},
				"east": {"uv": [7, 3.75, 7.25, 4], "rotation": 90, "texture": "#0"},
				"south": {"uv": [3.25, 3.75, 7.25, 4], "texture": "#0"},
				"west": {"uv": [3.25, 3.75, 3.5, 4], "rotation": 270, "texture": "#0"},
				"up": {"uv": [3.25, 3.75, 7.25, 4], "texture": "#0"},
				"down": {"uv": [3.25, 4, 7.25, 3.75], "texture": "#0"}
			}
		},
		{
			"name": "halo (40)_7",
			"from": [8.75, 0, 3.75],
			"to": [12.75, 0.25, 4],
			"faces": {
				"north": {"uv": [12.75, 3.75, 8.75, 4], "texture": "#0"},
				"east": {"uv": [12.5, 3.75, 12.75, 4], "rotation": 90, "texture": "#0"},
				"south": {"uv": [8.75, 3.75, 12.75, 4], "texture": "#0"},
				"west": {"uv": [8.75, 3.75, 9, 4], "rotation": 270, "texture": "#0"},
				"up": {"uv": [8.75, 3.75, 12.75, 4], "texture": "#0"},
				"down": {"uv": [8.75, 4, 12.75, 3.75], "texture": "#0"}
			}
		},
		{
			"name": "halo (40)_8",
			"from": [3, 0, 4],
			"to": [7.5, 0.25, 4.25],
			"faces": {
				"north": {"uv": [7.5, 4, 3, 4.25], "texture": "#0"},
				"east": {"uv": [7.25, 4, 7.5, 4.25], "rotation": 90, "texture": "#0"},
				"south": {"uv": [3, 4, 7.5, 4.25], "texture": "#0"},
				"west": {"uv": [3, 4, 3.25, 4.25], "rotation": 270, "texture": "#0"},
				"up": {"uv": [3, 4, 7.5, 4.25], "texture": "#0"},
				"down": {"uv": [3, 4.25, 7.5, 4], "texture": "#0"}
			}
		},
		{
			"name": "halo (40)_9",
			"from": [8.5, 0, 4],
			"to": [13, 0.25, 4.25],
			"faces": {
				"north": {"uv": [13, 4, 8.5, 4.25], "texture": "#0"},
				"east": {"uv": [12.75, 4, 13, 4.25], "rotation": 90, "texture": "#0"},
				"south": {"uv": [8.5, 4, 13, 4.25], "texture": "#0"},
				"west": {"uv": [8.5, 4, 8.75, 4.25], "rotation": 270, "texture": "#0"},
				"up": {"uv": [8.5, 4, 13, 4.25], "texture": "#0"},
				"down": {"uv": [8.5, 4.25, 13, 4], "texture": "#0"}
			}
		},
		{
			"name": "halo (40)_10",
			"from": [2.75, 0, 4.25],
			"to": [7.75, 0.25, 4.5],
			"faces": {
				"north": {"uv": [7.75, 4.25, 2.75, 4.5], "texture": "#0"},
				"east": {"uv": [7.5, 4.25, 7.75, 4.5], "rotation": 90, "texture": "#0"},
				"south": {"uv": [2.75, 4.25, 7.75, 4.5], "texture": "#0"},
				"west": {"uv": [2.75, 4.25, 3, 4.5], "rotation": 270, "texture": "#0"},
				"up": {"uv": [2.75, 4.25, 7.75, 4.5], "texture": "#0"},
				"down": {"uv": [2.75, 4.5, 7.75, 4.25], "texture": "#0"}
			}
		},
		{
			"name": "halo (40)_11",
			"from": [8.25, 0, 4.25],
			"to": [13.25, 0.25, 4.5],
			"faces": {
				"north": {"uv": [13.25, 4.25, 8.25, 4.5], "texture": "#0"},
				"east": {"uv": [13, 4.25, 13.25, 4.5], "rotation": 90, "texture": "#0"},
				"south": {"uv": [8.25, 4.25, 13.25, 4.5], "texture": "#0"},
				"west": {"uv": [8.25, 4.25, 8.5, 4.5], "rotation": 270, "texture": "#0"},
				"up": {"uv": [8.25, 4.25, 13.25, 4.5], "texture": "#0"},
				"down": {"uv": [8.25, 4.5, 13.25, 4.25], "texture": "#0"}
			}
		},
		{
			"name": "halo (40)_12",
			"from": [2.75, 0, 4.5],
			"to": [13.25, 0.25, 4.75],
			"faces": {
				"north": {"uv": [13.25, 4.5, 2.75, 4.75], "texture": "#0"},
				"east": {"uv": [13, 4.5, 13.25, 4.75], "rotation": 90, "texture": "#0"},
				"south": {"uv": [2.75, 4.5, 13.25, 4.75], "texture": "#0"},
				"west": {"uv": [2.75, 4.5, 3, 4.75], "rotation": 270, "texture": "#0"},
				"up": {"uv": [2.75, 4.5, 13.25, 4.75], "texture": "#0"},
				"down": {"uv": [2.75, 4.75, 13.25, 4.5], "texture": "#0"}
			}
		},
		{
			"name": "halo (40)_13",
			"from": [2.5, 0, 4.75],
			"to": [13.5, 0.25, 5],
			"faces": {
				"north": {"uv": [13.5, 4.75, 2.5, 5], "texture": "#0"},
				"east": {"uv": [13.25, 4.75, 13.5, 5], "rotation": 90, "texture": "#0"},
				"south": {"uv": [2.5, 4.75, 13.5, 5], "texture": "#0"},
				"west": {"uv": [2.5, 4.75, 2.75, 5], "rotation": 270, "texture": "#0"},
				"up": {"uv": [2.5, 4.75, 13.5, 5], "texture": "#0"},
				"down": {"uv": [2.5, 5, 13.5, 4.75], "texture": "#0"}
			}
		},
		{
			"name": "halo (40)_14",
			"from": [2.5, 0, 5],
			"to": [13.5, 0.25, 5.25],
			"faces": {
				"north": {"uv": [13.5, 5, 2.5, 5.25], "texture": "#0"},
				"east": {"uv": [13.25, 5, 13.5, 5.25], "rotation": 90, "texture": "#0"},
				"south": {"uv": [2.5, 5, 13.5, 5.25], "texture": "#0"},
				"west": {"uv": [2.5, 5, 2.75, 5.25], "rotation": 270, "texture": "#0"},
				"up": {"uv": [2.5, 5, 13.5, 5.25], "texture": "#0"},
				"down": {"uv": [2.5, 5.25, 13.5, 5], "texture": "#0"}
			}
		},
		{
			"name": "halo (40)_15",
			"from": [2.5, 0, 5.25],
			"to": [13.5, 0.25, 5.5],
			"faces": {
				"north": {"uv": [13.5, 5.25, 2.5, 5.5], "texture": "#0"},
				"east": {"uv": [13.25, 5.25, 13.5, 5.5], "rotation": 90, "texture": "#0"},
				"south": {"uv": [2.5, 5.25, 13.5, 5.5], "texture": "#0"},
				"west": {"uv": [2.5, 5.25, 2.75, 5.5], "rotation": 270, "texture": "#0"},
				"up": {"uv": [2.5, 5.25, 13.5, 5.5], "texture": "#0"},
				"down": {"uv": [2.5, 5.5, 13.5, 5.25], "texture": "#0"}
			}
		},
		{
			"name": "halo (40)_16",
			"from": [2.5, 0, 5.5],
			"to": [13.5, 0.25, 5.75],
			"faces": {
				"north": {"uv": [13.5, 5.5, 2.5, 5.75], "texture": "#0"},
				"east": {"uv": [13.25, 5.5, 13.5, 5.75], "rotation": 90, "texture": "#0"},
				"south": {"uv": [2.5, 5.5, 13.5, 5.75], "texture": "#0"},
				"west": {"uv": [2.5, 5.5, 2.75, 5.75], "rotation": 270, "texture": "#0"},
				"up": {"uv": [2.5, 5.5, 13.5, 5.75], "texture": "#0"},
				"down": {"uv": [2.5, 5.75, 13.5, 5.5], "texture": "#0"}
			}
		},
		{
			"name": "halo (40)_17",
			"from": [2.5, 0, 5.75],
			"to": [13.5, 0.25, 6],
			"faces": {
				"north": {"uv": [13.5, 5.75, 2.5, 6], "texture": "#0"},
				"east": {"uv": [13.25, 5.75, 13.5, 6], "rotation": 90, "texture": "#0"},
				"south": {"uv": [2.5, 5.75, 13.5, 6], "texture": "#0"},
				"west": {"uv": [2.5, 5.75, 2.75, 6], "rotation": 270, "texture": "#0"},
				"up": {"uv": [2.5, 5.75, 13.5, 6], "texture": "#0"},
				"down": {"uv": [2.5, 6, 13.5, 5.75], "texture": "#0"}
			}
		},
		{
			"name": "halo (40)_18",
			"from": [2.5, 0, 6],
			"to": [13.5, 0.25, 6.25],
			"faces": {
				"north": {"uv": [13.5, 6, 2.5, 6.25], "texture": "#0"},
				"east": {"uv": [13.25, 6, 13.5, 6.25], "rotation": 90, "texture": "#0"},
				"south": {"uv": [2.5, 6, 13.5, 6.25], "texture": "#0"},
				"west": {"uv": [2.5, 6, 2.75, 6.25], "rotation": 270, "texture": "#0"},
				"up": {"uv": [2.5, 6, 13.5, 6.25], "texture": "#0"},
				"down": {"uv": [2.5, 6.25, 13.5, 6], "texture": "#0"}
			}
		},
		{
			"name": "halo (40)_19",
			"from": [2.5, 0, 6.25],
			"to": [13.5, 0.25, 6.5],
			"faces": {
				"north": {"uv": [13.5, 6.25, 2.5, 6.5], "texture": "#0"},
				"east": {"uv": [13.25, 6.25, 13.5, 6.5], "rotation": 90, "texture": "#0"},
				"south": {"uv": [2.5, 6.25, 13.5, 6.5], "texture": "#0"},
				"west": {"uv": [2.5, 6.25, 2.75, 6.5], "rotation": 270, "texture": "#0"},
				"up": {"uv": [2.5, 6.25, 13.5, 6.5], "texture": "#0"},
				"down": {"uv": [2.5, 6.5, 13.5, 6.25], "texture": "#0"}
			}
		},
		{
			"name": "halo (40)_20",
			"from": [2.5, 0, 6.5],
			"to": [13.5, 0.25, 6.75],
			"faces": {
				"north": {"uv": [13.5, 6.5, 2.5, 6.75], "texture": "#0"},
				"east": {"uv": [13.25, 6.5, 13.5, 6.75], "rotation": 90, "texture": "#0"},
				"south": {"uv": [2.5, 6.5, 13.5, 6.75], "texture": "#0"},
				"west": {"uv": [2.5, 6.5, 2.75, 6.75], "rotation": 270, "texture": "#0"},
				"up": {"uv": [2.5, 6.5, 13.5, 6.75], "texture": "#0"},
				"down": {"uv": [2.5, 6.75, 13.5, 6.5], "texture": "#0"}
			}
		},
		{
			"name": "halo (40)_21",
			"from": [2.5, 0, 6.75],
			"to": [13.5, 0.25, 7],
			"faces": {
				"north": {"uv": [13.5, 6.75, 2.5, 7], "texture": "#0"},
				"east": {"uv": [13.25, 6.75, 13.5, 7], "rotation": 90, "texture": "#0"},
				"south": {"uv": [2.5, 6.75, 13.5, 7], "texture": "#0"},
				"west": {"uv": [2.5, 6.75, 2.75, 7], "rotation": 270, "texture": "#0"},
				"up": {"uv": [2.5, 6.75, 13.5, 7], "texture": "#0"},
				"down": {"uv": [2.5, 7, 13.5, 6.75], "texture": "#0"}
			}
		},
		{
			"name": "halo (40)_22",
			"from": [2.5, 0, 7],
			"to": [13.5, 0.25, 7.25],
			"faces": {
				"north": {"uv": [13.5, 7, 2.5, 7.25], "texture": "#0"},
				"east": {"uv": [13.25, 7, 13.5, 7.25], "rotation": 90, "texture": "#0"},
				"south": {"uv": [2.5, 7, 13.5, 7.25], "texture": "#0"},
				"west": {"uv": [2.5, 7, 2.75, 7.25], "rotation": 270, "texture": "#0"},
				"up": {"uv": [2.5, 7, 13.5, 7.25], "texture": "#0"},
				"down": {"uv": [2.5, 7.25, 13.5, 7], "texture": "#0"}
			}
		},
		{
			"name": "halo (40)_23",
			"from": [2.5, 0, 7.25],
			"to": [13.5, 0.25, 7.5],
			"faces": {
				"north": {"uv": [13.5, 7.25, 2.5, 7.5], "texture": "#0"},
				"east": {"uv": [13.25, 7.25, 13.5, 7.5], "rotation": 90, "texture": "#0"},
				"south": {"uv": [2.5, 7.25, 13.5, 7.5], "texture": "#0"},
				"west": {"uv": [2.5, 7.25, 2.75, 7.5], "rotation": 270, "texture": "#0"},
				"up": {"uv": [2.5, 7.25, 13.5, 7.5], "texture": "#0"},
				"down": {"uv": [2.5, 7.5, 13.5, 7.25], "texture": "#0"}
			}
		},
		{
			"name": "halo (40)_24",
			"from": [2.75, 0, 7.5],
			"to": [13.25, 0.25, 7.75],
			"faces": {
				"north": {"uv": [13.25, 7.5, 2.75, 7.75], "texture": "#0"},
				"east": {"uv": [13, 7.5, 13.25, 7.75], "rotation": 90, "texture": "#0"},
				"south": {"uv": [2.75, 7.5, 13.25, 7.75], "texture": "#0"},
				"west": {"uv": [2.75, 7.5, 3, 7.75], "rotation": 270, "texture": "#0"},
				"up": {"uv": [2.75, 7.5, 13.25, 7.75], "texture": "#0"},
				"down": {"uv": [2.75, 7.75, 13.25, 7.5], "texture": "#0"}
			}
		},
		{
			"name": "halo (40)_25",
			"from": [2.75, 0, 7.75],
			"to": [13.25, 0.25, 8],
			"faces": {
				"north": {"uv": [13.25, 7.75, 2.75, 8], "texture": "#0"},
				"east": {"uv": [13, 7.75, 13.25, 8], "rotation": 90, "texture": "#0"},
				"south": {"uv": [2.75, 7.75, 13.25, 8], "texture": "#0"},
				"west": {"uv": [2.75, 7.75, 3, 8], "rotation": 270, "texture": "#0"},
				"up": {"uv": [2.75, 7.75, 13.25, 8], "texture": "#0"},
				"down": {"uv": [2.75, 8, 13.25, 7.75], "texture": "#0"}
			}
		},
		{
			"name": "halo (40)_26",
			"from": [2.75, 0, 8],
			"to": [13.25, 0.25, 8.25],
			"faces": {
				"north": {"uv": [13.25, 8, 2.75, 8.25], "texture": "#0"},
				"east": {"uv": [13, 8, 13.25, 8.25], "rotation": 90, "texture": "#0"},
				"south": {"uv": [2.75, 8, 13.25, 8.25], "texture": "#0"},
				"west": {"uv": [2.75, 8, 3, 8.25], "rotation": 270, "texture": "#0"},
				"up": {"uv": [2.75, 8, 13.25, 8.25], "texture": "#0"},
				"down": {"uv": [2.75, 8.25, 13.25, 8], "texture": "#0"}
			}
		},
		{
			"name": "halo (40)_27",
			"from": [3, 0, 8.25],
			"to": [13, 0.25, 8.5],
			"faces": {
				"north": {"uv": [13, 8.25, 3, 8.5], "texture": "#0"},
				"east": {"uv": [12.75, 8.25, 13, 8.5], "rotation": 90, "texture": "#0"},
				"south": {"uv": [3, 8.25, 13, 8.5], "texture": "#0"},
				"west": {"uv": [3, 8.25, 3.25, 8.5], "rotation": 270, "texture": "#0"},
				"up": {"uv": [3, 8.25, 13, 8.5], "texture": "#0"},
				"down": {"uv": [3, 8.5, 13, 8.25], "texture": "#0"}
			}
		},
		{
			"name": "halo (40)_28",
			"from": [3.25, 0, 8.5],
			"to": [12.75, 0.25, 8.75],
			"faces": {
				"north": {"uv": [12.75, 8.5, 3.25, 8.75], "texture": "#0"},
				"east": {"uv": [12.5, 8.5, 12.75, 8.75], "rotation": 90, "texture": "#0"},
				"south": {"uv": [3.25, 8.5, 12.75, 8.75], "texture": "#0"},
				"west": {"uv": [3.25, 8.5, 3.5, 8.75], "rotation": 270, "texture": "#0"},
				"up": {"uv": [3.25, 8.5, 12.75, 8.75], "texture": "#0"},
				"down": {"uv": [3.25, 8.75, 12.75, 8.5], "texture": "#0"}
			}
		},
		{
			"name": "halo (40)_29",
			"from": [3.25, 0, 8.75],
			"to": [12.75, 0.25, 9],
			"faces": {
				"north": {"uv": [12.75, 8.75, 3.25, 9], "texture": "#0"},
				"east": {"uv": [12.5, 8.75, 12.75, 9], "rotation": 90, "texture": "#0"},
				"south": {"uv": [3.25, 8.75, 12.75, 9], "texture": "#0"},
				"west": {"uv": [3.25, 8.75, 3.5, 9], "rotation": 270, "texture": "#0"},
				"up": {"uv": [3.25, 8.75, 12.75, 9], "texture": "#0"},
				"down": {"uv": [3.25, 9, 12.75, 8.75], "texture": "#0"}
			}
		},
		{
			"name": "halo (40)_30",
			"from": [3.5, 0, 9],
			"to": [12.5, 0.25, 9.25],
			"faces": {
				"north": {"uv": [12.5, 9, 3.5, 9.25], "texture": "#0"},
				"east": {"uv": [12.25, 9, 12.5, 9.25], "rotation": 90, "texture": "#0"},
				"south": {"uv": [3.5, 9, 12.5, 9.25], "texture": "#0"},
				"west": {"uv": [3.5, 9, 3.75, 9.25], "rotation": 270, "texture": "#0"},
				"up": {"uv": [3.5, 9, 12.5, 9.25], "texture": "#0"},
				"down": {"uv": [3.5, 9.25, 12.5, 9], "texture": "#0"}
			}
		},
		{
			"name": "halo (40)_31",
			"from": [3.5, 0, 9.25],
			"to": [12.5, 0.25, 9.5],
			"faces": {
				"north": {"uv": [12.5, 9.25, 3.5, 9.5], "texture": "#0"},
				"east": {"uv": [12.25, 9.25, 12.5, 9.5], "rotation": 90, "texture": "#0"},
				"south": {"uv": [3.5, 9.25, 12.5, 9.5], "texture": "#0"},
				"west": {"uv": [3.5, 9.25, 3.75, 9.5], "rotation": 270, "texture": "#0"},
				"up": {"uv": [3.5, 9.25, 12.5, 9.5], "texture": "#0"},
				"down": {"uv": [3.5, 9.5, 12.5, 9.25], "texture": "#0"}
			}
		},
		{
			"name": "halo (40)_32",
			"from": [3.75, 0, 9.5],
			"to": [12.25, 0.25, 9.75],
			"faces": {
				"north": {"uv": [12.25, 9.5, 3.75, 9.75], "texture": "#0"},
				"east": {"uv": [12, 9.5, 12.25, 9.75], "rotation": 90, "texture": "#0"},
				"south": {"uv": [3.75, 9.5, 12.25, 9.75], "texture": "#0"},
				"west": {"uv": [3.75, 9.5, 4, 9.75], "rotation": 270, "texture": "#0"},
				"up": {"uv": [3.75, 9.5, 12.25, 9.75], "texture": "#0"},
				"down": {"uv": [3.75, 9.75, 12.25, 9.5], "texture": "#0"}
			}
		},
		{
			"name": "halo (40)_33",
			"from": [4, 0, 9.75],
			"to": [12, 0.25, 10],
			"faces": {
				"north": {"uv": [12, 9.75, 4, 10], "texture": "#0"},
				"east": {"uv": [11.75, 9.75, 12, 10], "rotation": 90, "texture": "#0"},
				"south": {"uv": [4, 9.75, 12, 10], "texture": "#0"},
				"west": {"uv": [4, 9.75, 4.25, 10], "rotation": 270, "texture": "#0"},
				"up": {"uv": [4, 9.75, 12, 10], "texture": "#0"},
				"down": {"uv": [4, 10, 12, 9.75], "texture": "#0"}
			}
		},
		{
			"name": "halo (40)_34",
			"from": [4, 0, 10],
			"to": [12, 0.25, 10.25],
			"faces": {
				"north": {"uv": [12, 10, 4, 10.25], "texture": "#0"},
				"east": {"uv": [11.75, 10, 12, 10.25], "rotation": 90, "texture": "#0"},
				"south": {"uv": [4, 10, 12, 10.25], "texture": "#0"},
				"west": {"uv": [4, 10, 4.25, 10.25], "rotation": 270, "texture": "#0"},
				"up": {"uv": [4, 10, 12, 10.25], "texture": "#0"},
				"down": {"uv": [4, 10.25, 12, 10], "texture": "#0"}
			}
		},
		{
			"name": "halo (40)_35",
			"from": [4.25, 0, 10.25],
			"to": [11.75, 0.25, 10.5],
			"faces": {
				"north": {"uv": [11.75, 10.25, 4.25, 10.5], "texture": "#0"},
				"east": {"uv": [11.5, 10.25, 11.75, 10.5], "rotation": 90, "texture": "#0"},
				"south": {"uv": [4.25, 10.25, 11.75, 10.5], "texture": "#0"},
				"west": {"uv": [4.25, 10.25, 4.5, 10.5], "rotation": 270, "texture": "#0"},
				"up": {"uv": [4.25, 10.25, 11.75, 10.5], "texture": "#0"},
				"down": {"uv": [4.25, 10.5, 11.75, 10.25], "texture": "#0"}
			}
		},
		{
			"name": "halo (40)_36",
			"from": [4.5, 0, 10.5],
			"to": [11.5, 0.25, 10.75],
			"faces": {
				"north": {"uv": [11.5, 10.5, 4.5, 10.75], "texture": "#0"},
				"east": {"uv": [11.25, 10.5, 11.5, 10.75], "rotation": 90, "texture": "#0"},
				"south": {"uv": [4.5, 10.5, 11.5, 10.75], "texture": "#0"},
				"west": {"uv": [4.5, 10.5, 4.75, 10.75], "rotation": 270, "texture": "#0"},
				"up": {"uv": [4.5, 10.5, 11.5, 10.75], "texture": "#0"},
				"down": {"uv": [4.5, 10.75, 11.5, 10.5], "texture": "#0"}
			}
		},
		{
			"name": "halo (40)_37",
			"from": [4.75, 0, 10.75],
			"to": [11.25, 0.25, 11],
			"faces": {
				"north": {"uv": [11.25, 10.75, 4.75, 11], "texture": "#0"},
				"east": {"uv": [11, 10.75, 11.25, 11], "rotation": 90, "texture": "#0"},
				"south": {"uv": [4.75, 10.75, 11.25, 11], "texture": "#0"},
				"west": {"uv": [4.75, 10.75, 5, 11], "rotation": 270, "texture": "#0"},
				"up": {"uv": [4.75, 10.75, 11.25, 11], "texture": "#0"},
				"down": {"uv": [4.75, 11, 11.25, 10.75], "texture": "#0"}
			}
		},
		{
			"name": "halo (40)_38",
			"from": [5, 0, 11],
			"to": [11, 0.25, 11.25],
			"faces": {
				"north": {"uv": [11, 11, 5, 11.25], "texture": "#0"},
				"east": {"uv": [10.75, 11, 11, 11.25], "rotation": 90, "texture": "#0"},
				"south": {"uv": [5, 11, 11, 11.25], "texture": "#0"},
				"west": {"uv": [5, 11, 5.25, 11.25], "rotation": 270, "texture": "#0"},
				"up": {"uv": [5, 11, 11, 11.25], "texture": "#0"},
				"down": {"uv": [5, 11.25, 11, 11], "texture": "#0"}
			}
		},
		{
			"name": "halo (40)_39",
			"from": [5.25, 0, 11.25],
			"to": [10.75, 0.25, 11.5],
			"faces": {
				"north": {"uv": [10.75, 11.25, 5.25, 11.5], "texture": "#0"},
				"east": {"uv": [10.5, 11.25, 10.75, 11.5], "rotation": 90, "texture": "#0"},
				"south": {"uv": [5.25, 11.25, 10.75, 11.5], "texture": "#0"},
				"west": {"uv": [5.25, 11.25, 5.5, 11.5], "rotation": 270, "texture": "#0"},
				"up": {"uv": [5.25, 11.25, 10.75, 11.5], "texture": "#0"},
				"down": {"uv": [5.25, 11.5, 10.75, 11.25], "texture": "#0"}
			}
		},
		{
			"name": "halo (40)_40",
			"from": [5.75, 0, 11.5],
			"to": [10.25, 0.25, 11.75],
			"faces": {
				"north": {"uv": [10.25, 11.5, 5.75, 11.75], "texture": "#0"},
				"east": {"uv": [10, 11.5, 10.25, 11.75], "rotation": 90, "texture": "#0"},
				"south": {"uv": [5.75, 11.5, 10.25, 11.75], "texture": "#0"},
				"west": {"uv": [5.75, 11.5, 6, 11.75], "rotation": 270, "texture": "#0"},
				"up": {"uv": [5.75, 11.5, 10.25, 11.75], "texture": "#0"},
				"down": {"uv": [5.75, 11.75, 10.25, 11.5], "texture": "#0"}
			}
		},
		{
			"name": "halo (40)_41",
			"from": [6, 0, 11.75],
			"to": [10, 0.25, 12],
			"faces": {
				"north": {"uv": [10, 11.75, 6, 12], "texture": "#0"},
				"east": {"uv": [9.75, 11.75, 10, 12], "rotation": 90, "texture": "#0"},
				"south": {"uv": [6, 11.75, 10, 12], "texture": "#0"},
				"west": {"uv": [6, 11.75, 6.25, 12], "rotation": 270, "texture": "#0"},
				"up": {"uv": [6, 11.75, 10, 12], "texture": "#0"},
				"down": {"uv": [6, 12, 10, 11.75], "texture": "#0"}
			}
		},
		{
			"name": "halo (40)_42",
			"from": [6.5, 0, 12],
			"to": [9.5, 0.25, 12.25],
			"faces": {
				"north": {"uv": [9.5, 12, 6.5, 12.25], "texture": "#0"},
				"east": {"uv": [9.25, 12, 9.5, 12.25], "rotation": 90, "texture": "#0"},
				"south": {"uv": [6.5, 12, 9.5, 12.25], "texture": "#0"},
				"west": {"uv": [6.5, 12, 6.75, 12.25], "rotation": 270, "texture": "#0"},
				"up": {"uv": [6.5, 12, 9.5, 12.25], "texture": "#0"},
				"down": {"uv": [6.5, 12.25, 9.5, 12], "texture": "#0"}
			}
		},
		{
			"name": "halo (40)_43",
			"from": [7, 0, 12.25],
			"to": [9, 0.25, 12.5],
			"faces": {
				"north": {"uv": [9, 12.25, 7, 12.5], "texture": "#0"},
				"east": {"uv": [8.75, 12.25, 9, 12.5], "rotation": 90, "texture": "#0"},
				"south": {"uv": [7, 12.25, 9, 12.5], "texture": "#0"},
				"west": {"uv": [7, 12.25, 7.25, 12.5], "rotation": 270, "texture": "#0"},
				"up": {"uv": [7, 12.25, 9, 12.5], "texture": "#0"},
				"down": {"uv": [7, 12.5, 9, 12.25], "texture": "#0"}
			}
		},
		{
			"name": "halo (40)_44",
			"from": [7.5, 0, 12.5],
			"to": [8.5, 0.25, 12.75],
			"faces": {
				"north": {"uv": [8.5, 12.5, 7.5, 12.75], "texture": "#0"},
				"east": {"uv": [8.25, 12.5, 8.5, 12.75], "rotation": 90, "texture": "#0"},
				"south": {"uv": [7.5, 12.5, 8.5, 12.75], "texture": "#0"},
				"west": {"uv": [7.5, 12.5, 7.75, 12.75], "rotation": 270, "texture": "#0"},
				"up": {"uv": [7.5, 12.5, 8.5, 12.75], "texture": "#0"},
				"down": {"uv": [7.5, 12.75, 8.5, 12.5], "texture": "#0"}
			}
		}
	],
	"display": {
		"gui": {
			"rotation": [90, 0, 0]
		},
		"head": {
			"rotation": [20, 0, 0],
			"translation": [0, 17, 10]
		}
	},
	"groups": [
		{
			"name": "halo (40)",
			"origin": [8, 8, 8],
			"color": 0,
			"children": [0, 1, 2, 3, 4, 5, 6, 7, 8, 9, 10, 11, 12, 13, 14, 15, 16, 17, 18, 19, 20, 21, 22, 23, 24, 25, 26, 27, 28, 29, 30, 31, 32, 33, 34, 35, 36, 37, 38, 39, 40, 41, 42, 43, 44]
		}
	]
}