{
	"credit": "Made with Blockbench",
	"parent": "item/handheld",
	"textures": {
		"layer0": "items/0156"
	},
	"display": {
		"thirdperson_righthand": {
			"rotation": [90, 90, -45],
			"translation": [0, 3.75, 1.75],
			"scale": [0.8, 0.8, 0.7]
		},
		"thirdperson_lefthand": {
			"rotation": [90, -90, 45],
			"translation": [0, 3.75, 1.75],
			"scale": [0.8, 0.8, 0.7]
		},
		"firstperson_righthand": {
			"rotation": [0, 90, 55],
			"translation": [3, 2.75, 0],
			"scale": [0.75, 0.75, 0.4]
		},
		"firstperson_lefthand": {
			"rotation": [55, -90, 0],
			"translation": [3, 2.75, 0],
			"scale": [0.75, 0.75, 0.4]
		},
		"ground": {
			"rotation": [90, 0, 0],
			"translation": [0, -3, 0]
		}
	}
}