{
	"credit": "Made with Blockbench",
	"textures": {
		"1": "items/0067",
		"particle": "items/0067"
	},
	"elements": [
		{
			"name": "0067_0",
			"from": [-2.8125, 3.1875, 11.92893],
			"to": [-2.0625, 3.4375, 12.42893],
			"rotation": {"angle": -45, "axis": "y", "origin": [8, 8.4375, 7.17893]},
			"faces": {
				"north": {"uv": [3, 1.75, 2.75, 2.5], "rotation": 90, "texture": "#1"},
				"east": {"uv": [2.75, 2.25, 3, 2.5], "rotation": 270, "texture": "#1"},
				"south": {"uv": [2.75, 1.75, 3, 2.5], "rotation": 270, "texture": "#1"},
				"west": {"uv": [2.75, 1.75, 3, 2], "rotation": 270, "texture": "#1"},
				"up": {"uv": [2.75, 1.75, 3, 2.5], "rotation": 270, "texture": "#1"},
				"down": {"uv": [2.75, 1.75, 3, 2.5], "rotation": 270, "texture": "#1"}
			}
		},
		{
			"name": "0067_1",
			"from": [-2.5625, 2.9375, 11.92893],
			"to": [-2.3125, 3.1875, 12.42893],
			"rotation": {"angle": -45, "axis": "y", "origin": [8, 8.4375, 7.17893]},
			"faces": {
				"north": {"uv": [2.75, 2, 2.5, 2.25], "rotation": 90, "texture": "#1"},
				"east": {"uv": [2.5, 2, 2.75, 2.25], "rotation": 270, "texture": "#1"},
				"south": {"uv": [2.5, 2, 2.75, 2.25], "rotation": 270, "texture": "#1"},
				"west": {"uv": [2.5, 2, 2.75, 2.25], "rotation": 270, "texture": "#1"},
				"up": {"uv": [2.5, 2, 2.75, 2.25], "rotation": 270, "texture": "#1"},
				"down": {"uv": [2.5, 2, 2.75, 2.25], "rotation": 270, "texture": "#1"}
			}
		},
		{
			"name": "0067_2",
			"from": [-2.5625, 3.4375, 11.92893],
			"to": [-1.8125, 3.6875, 12.42893],
			"rotation": {"angle": -45, "axis": "y", "origin": [8, 8.4375, 7.17893]},
			"faces": {
				"north": {"uv": [3.25, 2, 3, 2.75], "rotation": 90, "texture": "#1"},
				"east": {"uv": [3, 2.5, 3.25, 2.75], "rotation": 270, "texture": "#1"},
				"south": {"uv": [3, 2, 3.25, 2.75], "rotation": 270, "texture": "#1"},
				"west": {"uv": [3, 2, 3.25, 2.25], "rotation": 270, "texture": "#1"},
				"up": {"uv": [3, 2, 3.25, 2.75], "rotation": 270, "texture": "#1"},
				"down": {"uv": [3, 2, 3.25, 2.75], "rotation": 270, "texture": "#1"}
			}
		},
		{
			"name": "0067_3",
			"from": [-2.3125, 3.6875, 11.92893],
			"to": [-1.5625, 3.9375, 12.42893],
			"rotation": {"angle": -45, "axis": "y", "origin": [8, 8.4375, 7.17893]},
			"faces": {
				"north": {"uv": [3.5, 2.25, 3.25, 3], "rotation": 90, "texture": "#1"},
				"east": {"uv": [3.25, 2.75, 3.5, 3], "rotation": 270, "texture": "#1"},
				"south": {"uv": [3.25, 2.25, 3.5, 3], "rotation": 270, "texture": "#1"},
				"west": {"uv": [3.25, 2.25, 3.5, 2.5], "rotation": 270, "texture": "#1"},
				"up": {"uv": [3.25, 2.25, 3.5, 3], "rotation": 270, "texture": "#1"},
				"down": {"uv": [3.25, 2.25, 3.5, 3], "rotation": 270, "texture": "#1"}
			}
		},
		{
			"name": "0067_4",
			"from": [-2.0625, 3.9375, 11.92893],
			"to": [-1.3125, 4.1875, 12.42893],
			"rotation": {"angle": -45, "axis": "y", "origin": [8, 8.4375, 7.17893]},
			"faces": {
				"north": {"uv": [3.75, 2.5, 3.5, 3.25], "rotation": 90, "texture": "#1"},
				"east": {"uv": [3.5, 3, 3.75, 3.25], "rotation": 270, "texture": "#1"},
				"south": {"uv": [3.5, 2.5, 3.75, 3.25], "rotation": 270, "texture": "#1"},
				"west": {"uv": [3.5, 2.5, 3.75, 2.75], "rotation": 270, "texture": "#1"},
				"up": {"uv": [3.5, 2.5, 3.75, 3.25], "rotation": 270, "texture": "#1"},
				"down": {"uv": [3.5, 2.5, 3.75, 3.25], "rotation": 270, "texture": "#1"}
			}
		},
		{
			"name": "0067_5",
			"from": [-1.8125, 4.1875, 11.92893],
			"to": [-1.0625, 4.4375, 12.42893],
			"rotation": {"angle": -45, "axis": "y", "origin": [8, 8.4375, 7.17893]},
			"faces": {
				"north": {"uv": [4, 2.75, 3.75, 3.5], "rotation": 90, "texture": "#1"},
				"east": {"uv": [3.75, 3.25, 4, 3.5], "rotation": 270, "texture": "#1"},
				"south": {"uv": [3.75, 2.75, 4, 3.5], "rotation": 270, "texture": "#1"},
				"west": {"uv": [3.75, 2.75, 4, 3], "rotation": 270, "texture": "#1"},
				"up": {"uv": [3.75, 2.75, 4, 3.5], "rotation": 270, "texture": "#1"},
				"down": {"uv": [3.75, 2.75, 4, 3.5], "rotation": 270, "texture": "#1"}
			}
		},
		{
			"name": "0067_6",
			"from": [-1.5625, 4.4375, 11.92893],
			"to": [-0.8125, 4.6875, 12.42893],
			"rotation": {"angle": -45, "axis": "y", "origin": [8, 8.4375, 7.17893]},
			"faces": {
				"north": {"uv": [4.25, 3, 4, 3.75], "rotation": 90, "texture": "#1"},
				"east": {"uv": [4, 3.5, 4.25, 3.75], "rotation": 270, "texture": "#1"},
				"south": {"uv": [4, 3, 4.25, 3.75], "rotation": 270, "texture": "#1"},
				"west": {"uv": [4, 3, 4.25, 3.25], "rotation": 270, "texture": "#1"},
				"up": {"uv": [4, 3, 4.25, 3.75], "rotation": 270, "texture": "#1"},
				"down": {"uv": [4, 3, 4.25, 3.75], "rotation": 270, "texture": "#1"}
			}
		},
		{
			"name": "0067_7",
			"from": [-1.3125, 4.6875, 11.92893],
			"to": [-0.5625, 4.9375, 12.42893],
			"rotation": {"angle": -45, "axis": "y", "origin": [8, 8.4375, 7.17893]},
			"faces": {
				"north": {"uv": [4.5, 3.25, 4.25, 4], "rotation": 90, "texture": "#1"},
				"east": {"uv": [4.25, 3.75, 4.5, 4], "rotation": 270, "texture": "#1"},
				"south": {"uv": [4.25, 3.25, 4.5, 4], "rotation": 270, "texture": "#1"},
				"west": {"uv": [4.25, 3.25, 4.5, 3.5], "rotation": 270, "texture": "#1"},
				"up": {"uv": [4.25, 3.25, 4.5, 4], "rotation": 270, "texture": "#1"},
				"down": {"uv": [4.25, 3.25, 4.5, 4], "rotation": 270, "texture": "#1"}
			}
		},
		{
			"name": "0067_8",
			"from": [-1.0625, 4.9375, 11.92893],
			"to": [-0.3125, 5.1875, 12.42893],
			"rotation": {"angle": -45, "axis": "y", "origin": [8, 8.4375, 7.17893]},
			"faces": {
				"north": {"uv": [4.75, 3.5, 4.5, 4.25], "rotation": 90, "texture": "#1"},
				"east": {"uv": [4.5, 4, 4.75, 4.25], "rotation": 270, "texture": "#1"},
				"south": {"uv": [4.5, 3.5, 4.75, 4.25], "rotation": 270, "texture": "#1"},
				"west": {"uv": [4.5, 3.5, 4.75, 3.75], "rotation": 270, "texture": "#1"},
				"up": {"uv": [4.5, 3.5, 4.75, 4.25], "rotation": 270, "texture": "#1"},
				"down": {"uv": [4.5, 3.5, 4.75, 4.25], "rotation": 270, "texture": "#1"}
			}
		},
		{
			"name": "0067_9",
			"from": [-0.8125, 5.1875, 11.92893],
			"to": [-0.0625, 5.4375, 12.42893],
			"rotation": {"angle": -45, "axis": "y", "origin": [8, 8.4375, 7.17893]},
			"faces": {
				"north": {"uv": [5, 3.75, 4.75, 4.5], "rotation": 90, "texture": "#1"},
				"east": {"uv": [4.75, 4.25, 5, 4.5], "rotation": 270, "texture": "#1"},
				"south": {"uv": [4.75, 3.75, 5, 4.5], "rotation": 270, "texture": "#1"},
				"west": {"uv": [4.75, 3.75, 5, 4], "rotation": 270, "texture": "#1"},
				"up": {"uv": [4.75, 3.75, 5, 4.5], "rotation": 270, "texture": "#1"},
				"down": {"uv": [4.75, 3.75, 5, 4.5], "rotation": 270, "texture": "#1"}
			}
		},
		{
			"name": "0067_10",
			"from": [-0.5625, 5.4375, 11.92893],
			"to": [0.1875, 5.6875, 12.42893],
			"rotation": {"angle": -45, "axis": "y", "origin": [8, 8.4375, 7.17893]},
			"faces": {
				"north": {"uv": [5.25, 4, 5, 4.75], "rotation": 90, "texture": "#1"},
				"east": {"uv": [5, 4.5, 5.25, 4.75], "rotation": 270, "texture": "#1"},
				"south": {"uv": [5, 4, 5.25, 4.75], "rotation": 270, "texture": "#1"},
				"west": {"uv": [5, 4, 5.25, 4.25], "rotation": 270, "texture": "#1"},
				"up": {"uv": [5, 4, 5.25, 4.75], "rotation": 270, "texture": "#1"},
				"down": {"uv": [5, 4, 5.25, 4.75], "rotation": 270, "texture": "#1"}
			}
		},
		{
			"name": "0067_11",
			"from": [-0.3125, 5.6875, 11.92893],
			"to": [0.4375, 5.9375, 12.42893],
			"rotation": {"angle": -45, "axis": "y", "origin": [8, 8.4375, 7.17893]},
			"faces": {
				"north": {"uv": [5.5, 4.25, 5.25, 5], "rotation": 90, "texture": "#1"},
				"east": {"uv": [5.25, 4.75, 5.5, 5], "rotation": 270, "texture": "#1"},
				"south": {"uv": [5.25, 4.25, 5.5, 5], "rotation": 270, "texture": "#1"},
				"west": {"uv": [5.25, 4.25, 5.5, 4.5], "rotation": 270, "texture": "#1"},
				"up": {"uv": [5.25, 4.25, 5.5, 5], "rotation": 270, "texture": "#1"},
				"down": {"uv": [5.25, 4.25, 5.5, 5], "rotation": 270, "texture": "#1"}
			}
		},
		{
			"name": "0067_12",
			"from": [-0.0625, 5.9375, 11.92893],
			"to": [0.6875, 6.1875, 12.42893],
			"rotation": {"angle": -45, "axis": "y", "origin": [8, 8.4375, 7.17893]},
			"faces": {
				"north": {"uv": [5.75, 4.5, 5.5, 5.25], "rotation": 90, "texture": "#1"},
				"east": {"uv": [5.5, 5, 5.75, 5.25], "rotation": 270, "texture": "#1"},
				"south": {"uv": [5.5, 4.5, 5.75, 5.25], "rotation": 270, "texture": "#1"},
				"west": {"uv": [5.5, 4.5, 5.75, 4.75], "rotation": 270, "texture": "#1"},
				"up": {"uv": [5.5, 4.5, 5.75, 5.25], "rotation": 270, "texture": "#1"},
				"down": {"uv": [5.5, 4.5, 5.75, 5.25], "rotation": 270, "texture": "#1"}
			}
		},
		{
			"name": "0067_13",
			"from": [0.1875, 6.1875, 11.92893],
			"to": [0.9375, 6.4375, 12.42893],
			"rotation": {"angle": -45, "axis": "y", "origin": [8, 8.4375, 7.17893]},
			"faces": {
				"north": {"uv": [6, 4.75, 5.75, 5.5], "rotation": 90, "texture": "#1"},
				"east": {"uv": [5.75, 5.25, 6, 5.5], "rotation": 270, "texture": "#1"},
				"south": {"uv": [5.75, 4.75, 6, 5.5], "rotation": 270, "texture": "#1"},
				"west": {"uv": [5.75, 4.75, 6, 5], "rotation": 270, "texture": "#1"},
				"up": {"uv": [5.75, 4.75, 6, 5.5], "rotation": 270, "texture": "#1"},
				"down": {"uv": [5.75, 4.75, 6, 5.5], "rotation": 270, "texture": "#1"}
			}
		},
		{
			"name": "0067_14",
			"from": [0.4375, 6.4375, 11.92893],
			"to": [1.1875, 6.6875, 12.42893],
			"rotation": {"angle": -45, "axis": "y", "origin": [8, 8.4375, 7.17893]},
			"faces": {
				"north": {"uv": [6.25, 5, 6, 5.75], "rotation": 90, "texture": "#1"},
				"east": {"uv": [6, 5.5, 6.25, 5.75], "rotation": 270, "texture": "#1"},
				"south": {"uv": [6, 5, 6.25, 5.75], "rotation": 270, "texture": "#1"},
				"west": {"uv": [6, 5, 6.25, 5.25], "rotation": 270, "texture": "#1"},
				"up": {"uv": [6, 5, 6.25, 5.75], "rotation": 270, "texture": "#1"},
				"down": {"uv": [6, 5, 6.25, 5.75], "rotation": 270, "texture": "#1"}
			}
		},
		{
			"name": "0067_15",
			"from": [0.6875, 6.6875, 11.92893],
			"to": [1.4375, 6.9375, 12.42893],
			"rotation": {"angle": -45, "axis": "y", "origin": [8, 8.4375, 7.17893]},
			"faces": {
				"north": {"uv": [6.5, 5.25, 6.25, 6], "rotation": 90, "texture": "#1"},
				"east": {"uv": [6.25, 5.75, 6.5, 6], "rotation": 270, "texture": "#1"},
				"south": {"uv": [6.25, 5.25, 6.5, 6], "rotation": 270, "texture": "#1"},
				"west": {"uv": [6.25, 5.25, 6.5, 5.5], "rotation": 270, "texture": "#1"},
				"up": {"uv": [6.25, 5.25, 6.5, 6], "rotation": 270, "texture": "#1"},
				"down": {"uv": [6.25, 5.25, 6.5, 6], "rotation": 270, "texture": "#1"}
			}
		},
		{
			"name": "0067_16",
			"from": [0.9375, 6.9375, 11.92893],
			"to": [2.4375, 7.1875, 12.42893],
			"rotation": {"angle": -45, "axis": "y", "origin": [8, 8.4375, 7.17893]},
			"faces": {
				"north": {"uv": [6.75, 5.5, 6.5, 7], "rotation": 90, "texture": "#1"},
				"east": {"uv": [6.5, 6.75, 6.75, 7], "rotation": 270, "texture": "#1"},
				"south": {"uv": [6.5, 5.5, 6.75, 7], "rotation": 270, "texture": "#1"},
				"west": {"uv": [6.5, 5.5, 6.75, 5.75], "rotation": 270, "texture": "#1"},
				"up": {"uv": [6.5, 5.5, 6.75, 7], "rotation": 270, "texture": "#1"},
				"down": {"uv": [6.5, 5.5, 6.75, 7], "rotation": 270, "texture": "#1"}
			}
		},
		{
			"name": "0067_17",
			"from": [1.1875, 7.1875, 11.92893],
			"to": [2.6875, 7.4375, 12.42893],
			"rotation": {"angle": -45, "axis": "y", "origin": [8, 8.4375, 7.17893]},
			"faces": {
				"north": {"uv": [7, 5.75, 6.75, 7.25], "rotation": 90, "texture": "#1"},
				"east": {"uv": [6.75, 7, 7, 7.25], "rotation": 270, "texture": "#1"},
				"south": {"uv": [6.75, 5.75, 7, 7.25], "rotation": 270, "texture": "#1"},
				"west": {"uv": [6.75, 5.75, 7, 6], "rotation": 270, "texture": "#1"},
				"up": {"uv": [6.75, 5.75, 7, 7.25], "rotation": 270, "texture": "#1"},
				"down": {"uv": [6.75, 5.75, 7, 7.25], "rotation": 270, "texture": "#1"}
			}
		},
		{
			"name": "0067_18",
			"from": [1.4375, 7.4375, 11.92893],
			"to": [2.9375, 7.6875, 12.42893],
			"rotation": {"angle": -45, "axis": "y", "origin": [8, 8.4375, 7.17893]},
			"faces": {
				"north": {"uv": [7.25, 6, 7, 7.5], "rotation": 90, "texture": "#1"},
				"east": {"uv": [7, 7.25, 7.25, 7.5], "rotation": 270, "texture": "#1"},
				"south": {"uv": [7, 6, 7.25, 7.5], "rotation": 270, "texture": "#1"},
				"west": {"uv": [7, 6, 7.25, 6.25], "rotation": 270, "texture": "#1"},
				"up": {"uv": [7, 6, 7.25, 7.5], "rotation": 270, "texture": "#1"},
				"down": {"uv": [7, 6, 7.25, 7.5], "rotation": 270, "texture": "#1"}
			}
		},
		{
			"name": "0067_19",
			"from": [1.6875, 6.6875, 11.92893],
			"to": [2.1875, 6.9375, 12.42893],
			"rotation": {"angle": -45, "axis": "y", "origin": [8, 8.4375, 7.17893]},
			"faces": {
				"north": {"uv": [6.5, 6.25, 6.25, 6.75], "rotation": 90, "texture": "#1"},
				"east": {"uv": [6.25, 6.5, 6.5, 6.75], "rotation": 270, "texture": "#1"},
				"south": {"uv": [6.25, 6.25, 6.5, 6.75], "rotation": 270, "texture": "#1"},
				"west": {"uv": [6.25, 6.25, 6.5, 6.5], "rotation": 270, "texture": "#1"},
				"up": {"uv": [6.25, 6.25, 6.5, 6.75], "rotation": 270, "texture": "#1"},
				"down": {"uv": [6.25, 6.25, 6.5, 6.75], "rotation": 270, "texture": "#1"}
			}
		},
		{
			"name": "0067_20",
			"from": [1.6875, 7.6875, 11.92893],
			"to": [3.1875, 7.9375, 12.42893],
			"rotation": {"angle": -45, "axis": "y", "origin": [8, 8.4375, 7.17893]},
			"faces": {
				"north": {"uv": [7.5, 6.25, 7.25, 7.75], "rotation": 90, "texture": "#1"},
				"east": {"uv": [7.25, 7.5, 7.5, 7.75], "rotation": 270, "texture": "#1"},
				"south": {"uv": [7.25, 6.25, 7.5, 7.75], "rotation": 270, "texture": "#1"},
				"west": {"uv": [7.25, 6.25, 7.5, 6.5], "rotation": 270, "texture": "#1"},
				"up": {"uv": [7.25, 6.25, 7.5, 7.75], "rotation": 270, "texture": "#1"},
				"down": {"uv": [7.25, 6.25, 7.5, 7.75], "rotation": 270, "texture": "#1"}
			}
		},
		{
			"name": "0067_21",
			"from": [1.6875, 9.4375, 11.92893],
			"to": [2.6875, 9.6875, 12.42893],
			"rotation": {"angle": -45, "axis": "y", "origin": [8, 8.4375, 7.17893]},
			"faces": {
				"north": {"uv": [9.25, 6.25, 9, 7.25], "rotation": 90, "texture": "#1"},
				"east": {"uv": [9, 7, 9.25, 7.25], "rotation": 270, "texture": "#1"},
				"south": {"uv": [9, 6.25, 9.25, 7.25], "rotation": 270, "texture": "#1"},
				"west": {"uv": [9, 6.25, 9.25, 6.5], "rotation": 270, "texture": "#1"},
				"up": {"uv": [9, 6.25, 9.25, 7.25], "rotation": 270, "texture": "#1"},
				"down": {"uv": [9, 6.25, 9.25, 7.25], "rotation": 270, "texture": "#1"}
			}
		},
		{
			"name": "0067_22",
			"from": [1.9375, 7.9375, 11.92893],
			"to": [3.4375, 8.1875, 12.42893],
			"rotation": {"angle": -45, "axis": "y", "origin": [8, 8.4375, 7.17893]},
			"faces": {
				"north": {"uv": [7.75, 6.5, 7.5, 8], "rotation": 90, "texture": "#1"},
				"east": {"uv": [7.5, 7.75, 7.75, 8], "rotation": 270, "texture": "#1"},
				"south": {"uv": [7.5, 6.5, 7.75, 8], "rotation": 270, "texture": "#1"},
				"west": {"uv": [7.5, 6.5, 7.75, 6.75], "rotation": 270, "texture": "#1"},
				"up": {"uv": [7.5, 6.5, 7.75, 8], "rotation": 270, "texture": "#1"},
				"down": {"uv": [7.5, 6.5, 7.75, 8], "rotation": 270, "texture": "#1"}
			}
		},
		{
			"name": "0067_23",
			"from": [1.9375, 9.6875, 11.92893],
			"to": [2.9375, 9.9375, 12.42893],
			"rotation": {"angle": -45, "axis": "y", "origin": [8, 8.4375, 7.17893]},
			"faces": {
				"north": {"uv": [9.5, 6.5, 9.25, 7.5], "rotation": 90, "texture": "#1"},
				"east": {"uv": [9.25, 7.25, 9.5, 7.5], "rotation": 270, "texture": "#1"},
				"south": {"uv": [9.25, 6.5, 9.5, 7.5], "rotation": 270, "texture": "#1"},
				"west": {"uv": [9.25, 6.5, 9.5, 6.75], "rotation": 270, "texture": "#1"},
				"up": {"uv": [9.25, 6.5, 9.5, 7.5], "rotation": 270, "texture": "#1"},
				"down": {"uv": [9.25, 6.5, 9.5, 7.5], "rotation": 270, "texture": "#1"}
			}
		},
		{
			"name": "0067_24",
			"from": [2.1875, 8.1875, 11.92893],
			"to": [3.6875, 8.4375, 12.42893],
			"rotation": {"angle": -45, "axis": "y", "origin": [8, 8.4375, 7.17893]},
			"faces": {
				"north": {"uv": [8, 6.75, 7.75, 8.25], "rotation": 90, "texture": "#1"},
				"east": {"uv": [7.75, 8, 8, 8.25], "rotation": 270, "texture": "#1"},
				"south": {"uv": [7.75, 6.75, 8, 8.25], "rotation": 270, "texture": "#1"},
				"west": {"uv": [7.75, 6.75, 8, 7], "rotation": 270, "texture": "#1"},
				"up": {"uv": [7.75, 6.75, 8, 8.25], "rotation": 270, "texture": "#1"},
				"down": {"uv": [7.75, 6.75, 8, 8.25], "rotation": 270, "texture": "#1"}
			}
		},
		{
			"name": "0067_25",
			"from": [2.1875, 9.1875, 11.92893],
			"to": [2.4375, 9.4375, 12.42893],
			"rotation": {"angle": -45, "axis": "y", "origin": [8, 8.4375, 7.17893]},
			"faces": {
				"north": {"uv": [9, 6.75, 8.75, 7], "rotation": 90, "texture": "#1"},
				"east": {"uv": [8.75, 6.75, 9, 7], "rotation": 270, "texture": "#1"},
				"south": {"uv": [8.75, 6.75, 9, 7], "rotation": 270, "texture": "#1"},
				"west": {"uv": [8.75, 6.75, 9, 7], "rotation": 270, "texture": "#1"},
				"up": {"uv": [8.75, 6.75, 9, 7], "rotation": 270, "texture": "#1"},
				"down": {"uv": [8.75, 6.75, 9, 7], "rotation": 270, "texture": "#1"}
			}
		},
		{
			"name": "0067_26",
			"from": [2.4375, 8.4375, 11.92893],
			"to": [3.9375, 8.6875, 12.42893],
			"rotation": {"angle": -45, "axis": "y", "origin": [8, 8.4375, 7.17893]},
			"faces": {
				"north": {"uv": [8.25, 7, 8, 8.5], "rotation": 90, "texture": "#1"},
				"east": {"uv": [8, 8.25, 8.25, 8.5], "rotation": 270, "texture": "#1"},
				"south": {"uv": [8, 7, 8.25, 8.5], "rotation": 270, "texture": "#1"},
				"west": {"uv": [8, 7, 8.25, 7.25], "rotation": 270, "texture": "#1"},
				"up": {"uv": [8, 7, 8.25, 8.5], "rotation": 270, "texture": "#1"},
				"down": {"uv": [8, 7, 8.25, 8.5], "rotation": 270, "texture": "#1"}
			}
		},
		{
			"name": "0067_27",
			"from": [2.4375, 9.9375, 11.92893],
			"to": [5.4375, 10.1875, 12.42893],
			"rotation": {"angle": -45, "axis": "y", "origin": [8, 8.4375, 7.17893]},
			"faces": {
				"north": {"uv": [9.75, 7, 9.5, 10], "rotation": 90, "texture": "#1"},
				"east": {"uv": [9.5, 9.75, 9.75, 10], "rotation": 270, "texture": "#1"},
				"south": {"uv": [9.5, 7, 9.75, 10], "rotation": 270, "texture": "#1"},
				"west": {"uv": [9.5, 7, 9.75, 7.25], "rotation": 270, "texture": "#1"},
				"up": {"uv": [9.5, 7, 9.75, 10], "rotation": 270, "texture": "#1"},
				"down": {"uv": [9.5, 7, 9.75, 10], "rotation": 270, "texture": "#1"}
			}
		},
		{
			"name": "0067_28",
			"from": [2.6875, 8.6875, 11.92893],
			"to": [4.1875, 8.9375, 12.42893],
			"rotation": {"angle": -45, "axis": "y", "origin": [8, 8.4375, 7.17893]},
			"faces": {
				"north": {"uv": [8.5, 7.25, 8.25, 8.75], "rotation": 90, "texture": "#1"},
				"east": {"uv": [8.25, 8.5, 8.5, 8.75], "rotation": 270, "texture": "#1"},
				"south": {"uv": [8.25, 7.25, 8.5, 8.75], "rotation": 270, "texture": "#1"},
				"west": {"uv": [8.25, 7.25, 8.5, 7.5], "rotation": 270, "texture": "#1"},
				"up": {"uv": [8.25, 7.25, 8.5, 8.75], "rotation": 270, "texture": "#1"},
				"down": {"uv": [8.25, 7.25, 8.5, 8.75], "rotation": 270, "texture": "#1"}
			}
		},
		{
			"name": "0067_29",
			"from": [2.6875, 10.1875, 11.92893],
			"to": [3.4375, 10.4375, 12.42893],
			"rotation": {"angle": -45, "axis": "y", "origin": [8, 8.4375, 7.17893]},
			"faces": {
				"north": {"uv": [10, 7.25, 9.75, 8], "rotation": 90, "texture": "#1"},
				"east": {"uv": [9.75, 7.75, 10, 8], "rotation": 270, "texture": "#1"},
				"south": {"uv": [9.75, 7.25, 10, 8], "rotation": 270, "texture": "#1"},
				"west": {"uv": [9.75, 7.25, 10, 7.5], "rotation": 270, "texture": "#1"},
				"up": {"uv": [9.75, 7.25, 10, 8], "rotation": 270, "texture": "#1"},
				"down": {"uv": [9.75, 7.25, 10, 8], "rotation": 270, "texture": "#1"}
			}
		},
		{
			"name": "0067_30",
			"from": [2.9375, 8.9375, 11.92893],
			"to": [4.4375, 9.1875, 12.42893],
			"rotation": {"angle": -45, "axis": "y", "origin": [8, 8.4375, 7.17893]},
			"faces": {
				"north": {"uv": [8.75, 7.5, 8.5, 9], "rotation": 90, "texture": "#1"},
				"east": {"uv": [8.5, 8.75, 8.75, 9], "rotation": 270, "texture": "#1"},
				"south": {"uv": [8.5, 7.5, 8.75, 9], "rotation": 270, "texture": "#1"},
				"west": {"uv": [8.5, 7.5, 8.75, 7.75], "rotation": 270, "texture": "#1"},
				"up": {"uv": [8.5, 7.5, 8.75, 9], "rotation": 270, "texture": "#1"},
				"down": {"uv": [8.5, 7.5, 8.75, 9], "rotation": 270, "texture": "#1"}
			}
		},
		{
			"name": "0067_31",
			"from": [2.9375, 9.4375, 11.92893],
			"to": [5.1875, 9.6875, 12.42893],
			"rotation": {"angle": -45, "axis": "y", "origin": [8, 8.4375, 7.17893]},
			"faces": {
				"north": {"uv": [9.25, 7.5, 9, 9.75], "rotation": 90, "texture": "#1"},
				"east": {"uv": [9, 9.5, 9.25, 9.75], "rotation": 270, "texture": "#1"},
				"south": {"uv": [9, 7.5, 9.25, 9.75], "rotation": 270, "texture": "#1"},
				"west": {"uv": [9, 7.5, 9.25, 7.75], "rotation": 270, "texture": "#1"},
				"up": {"uv": [9, 7.5, 9.25, 9.75], "rotation": 270, "texture": "#1"},
				"down": {"uv": [9, 7.5, 9.25, 9.75], "rotation": 270, "texture": "#1"}
			}
		},
		{
			"name": "0067_32",
			"from": [2.9375, 10.4375, 11.92893],
			"to": [3.6875, 10.6875, 12.42893],
			"rotation": {"angle": -45, "axis": "y", "origin": [8, 8.4375, 7.17893]},
			"faces": {
				"north": {"uv": [10.25, 7.5, 10, 8.25], "rotation": 90, "texture": "#1"},
				"east": {"uv": [10, 8, 10.25, 8.25], "rotation": 270, "texture": "#1"},
				"south": {"uv": [10, 7.5, 10.25, 8.25], "rotation": 270, "texture": "#1"},
				"west": {"uv": [10, 7.5, 10.25, 7.75], "rotation": 270, "texture": "#1"},
				"up": {"uv": [10, 7.5, 10.25, 8.25], "rotation": 270, "texture": "#1"},
				"down": {"uv": [10, 7.5, 10.25, 8.25], "rotation": 270, "texture": "#1"}
			}
		},
		{
			"name": "0067_33",
			"from": [2.9375, 10.9375, 11.92893],
			"to": [3.4375, 11.4375, 12.42893],
			"rotation": {"angle": -45, "axis": "y", "origin": [8, 8.4375, 7.17893]},
			"faces": {
				"north": {"uv": [11, 7.5, 10.5, 8], "rotation": 90, "texture": "#1"},
				"east": {"uv": [10.5, 7.75, 11, 8], "rotation": 270, "texture": "#1"},
				"south": {"uv": [10.5, 7.5, 11, 8], "rotation": 270, "texture": "#1"},
				"west": {"uv": [10.5, 7.5, 11, 7.75], "rotation": 270, "texture": "#1"},
				"up": {"uv": [10.75, 7.5, 11, 8], "rotation": 270, "texture": "#1"},
				"down": {"uv": [10.5, 7.5, 10.75, 8], "rotation": 270, "texture": "#1"}
			}
		},
		{
			"name": "0067_34",
			"from": [3.1875, 9.1875, 11.92893],
			"to": [4.6875, 9.4375, 12.42893],
			"rotation": {"angle": -45, "axis": "y", "origin": [8, 8.4375, 7.17893]},
			"faces": {
				"north": {"uv": [9, 7.75, 8.75, 9.25], "rotation": 90, "texture": "#1"},
				"east": {"uv": [8.75, 9, 9, 9.25], "rotation": 270, "texture": "#1"},
				"south": {"uv": [8.75, 7.75, 9, 9.25], "rotation": 270, "texture": "#1"},
				"west": {"uv": [8.75, 7.75, 9, 8], "rotation": 270, "texture": "#1"},
				"up": {"uv": [8.75, 7.75, 9, 9.25], "rotation": 270, "texture": "#1"},
				"down": {"uv": [8.75, 7.75, 9, 9.25], "rotation": 270, "texture": "#1"}
			}
		},
		{
			"name": "0067_35",
			"from": [3.1875, 9.6875, 11.92893],
			"to": [5.1875, 9.9375, 12.42893],
			"rotation": {"angle": -45, "axis": "y", "origin": [8, 8.4375, 7.17893]},
			"faces": {
				"north": {"uv": [9.5, 7.75, 9.25, 9.75], "rotation": 90, "texture": "#1"},
				"east": {"uv": [9.25, 9.5, 9.5, 9.75], "rotation": 270, "texture": "#1"},
				"south": {"uv": [9.25, 7.75, 9.5, 9.75], "rotation": 270, "texture": "#1"},
				"west": {"uv": [9.25, 7.75, 9.5, 8], "rotation": 270, "texture": "#1"},
				"up": {"uv": [9.25, 7.75, 9.5, 9.75], "rotation": 270, "texture": "#1"},
				"down": {"uv": [9.25, 7.75, 9.5, 9.75], "rotation": 270, "texture": "#1"}
			}
		},
		{
			"name": "0067_36",
			"from": [3.1875, 10.6875, 11.92893],
			"to": [3.9375, 10.9375, 12.42893],
			"rotation": {"angle": -45, "axis": "y", "origin": [8, 8.4375, 7.17893]},
			"faces": {
				"north": {"uv": [10.5, 7.75, 10.25, 8.5], "rotation": 90, "texture": "#1"},
				"east": {"uv": [10.25, 8.25, 10.5, 8.5], "rotation": 270, "texture": "#1"},
				"south": {"uv": [10.25, 7.75, 10.5, 8.5], "rotation": 270, "texture": "#1"},
				"west": {"uv": [10.25, 7.75, 10.5, 8], "rotation": 270, "texture": "#1"},
				"up": {"uv": [10.25, 7.75, 10.5, 8.5], "rotation": 270, "texture": "#1"},
				"down": {"uv": [10.25, 7.75, 10.5, 8.5], "rotation": 270, "texture": "#1"}
			}
		},
		{
			"name": "0067_37",
			"from": [3.4375, 10.9375, 11.92893],
			"to": [4.1875, 11.1875, 12.42893],
			"rotation": {"angle": -45, "axis": "y", "origin": [8, 8.4375, 7.17893]},
			"faces": {
				"north": {"uv": [10.75, 8, 10.5, 8.75], "rotation": 90, "texture": "#1"},
				"east": {"uv": [10.5, 8.5, 10.75, 8.75], "rotation": 270, "texture": "#1"},
				"south": {"uv": [10.5, 8, 10.75, 8.75], "rotation": 270, "texture": "#1"},
				"west": {"uv": [10.5, 8, 10.75, 8.25], "rotation": 270, "texture": "#1"},
				"up": {"uv": [10.5, 8, 10.75, 8.75], "rotation": 270, "texture": "#1"},
				"down": {"uv": [10.5, 8, 10.75, 8.75], "rotation": 270, "texture": "#1"}
			}
		},
		{
			"name": "0067_38",
			"from": [3.6875, 10.1875, 11.92893],
			"to": [3.9375, 10.4375, 12.42893],
			"rotation": {"angle": -45, "axis": "y", "origin": [8, 8.4375, 7.17893]},
			"faces": {
				"north": {"uv": [10, 8.25, 9.75, 8.5], "rotation": 90, "texture": "#1"},
				"east": {"uv": [9.75, 8.25, 10, 8.5], "rotation": 270, "texture": "#1"},
				"south": {"uv": [9.75, 8.25, 10, 8.5], "rotation": 270, "texture": "#1"},
				"west": {"uv": [9.75, 8.25, 10, 8.5], "rotation": 270, "texture": "#1"},
				"up": {"uv": [9.75, 8.25, 10, 8.5], "rotation": 270, "texture": "#1"},
				"down": {"uv": [9.75, 8.25, 10, 8.5], "rotation": 270, "texture": "#1"}
			}
		},
		{
			"name": "0067_39",
			"from": [3.6875, 11.1875, 11.92893],
			"to": [5.6875, 11.4375, 12.42893],
			"rotation": {"angle": -45, "axis": "y", "origin": [8, 8.4375, 7.17893]},
			"faces": {
				"north": {"uv": [11, 8.25, 10.75, 10.25], "rotation": 90, "texture": "#1"},
				"east": {"uv": [10.75, 10, 11, 10.25], "rotation": 270, "texture": "#1"},
				"south": {"uv": [10.75, 8.25, 11, 10.25], "rotation": 270, "texture": "#1"},
				"west": {"uv": [10.75, 8.25, 11, 8.5], "rotation": 270, "texture": "#1"},
				"up": {"uv": [10.75, 8.25, 11, 10.25], "rotation": 270, "texture": "#1"},
				"down": {"uv": [10.75, 8.25, 11, 10.25], "rotation": 270, "texture": "#1"}
			}
		},
		{
			"name": "0067_40",
			"from": [3.9375, 10.4375, 11.92893],
			"to": [4.1875, 10.6875, 12.42893],
			"rotation": {"angle": -45, "axis": "y", "origin": [8, 8.4375, 7.17893]},
			"faces": {
				"north": {"uv": [10.25, 8.5, 10, 8.75], "rotation": 90, "texture": "#1"},
				"east": {"uv": [10, 8.5, 10.25, 8.75], "rotation": 270, "texture": "#1"},
				"south": {"uv": [10, 8.5, 10.25, 8.75], "rotation": 270, "texture": "#1"},
				"west": {"uv": [10, 8.5, 10.25, 8.75], "rotation": 270, "texture": "#1"},
				"up": {"uv": [10, 8.5, 10.25, 8.75], "rotation": 270, "texture": "#1"},
				"down": {"uv": [10, 8.5, 10.25, 8.75], "rotation": 270, "texture": "#1"}
			}
		},
		{
			"name": "0067_41",
			"from": [3.9375, 11.4375, 11.92893],
			"to": [5.1875, 11.6875, 12.42893],
			"rotation": {"angle": -45, "axis": "y", "origin": [8, 8.4375, 7.17893]},
			"faces": {
				"north": {"uv": [11.25, 8.5, 11, 9.75], "rotation": 90, "texture": "#1"},
				"east": {"uv": [11, 9.5, 11.25, 9.75], "rotation": 270, "texture": "#1"},
				"south": {"uv": [11, 8.5, 11.25, 9.75], "rotation": 270, "texture": "#1"},
				"west": {"uv": [11, 8.5, 11.25, 8.75], "rotation": 270, "texture": "#1"},
				"up": {"uv": [11, 8.5, 11.25, 9.75], "rotation": 270, "texture": "#1"},
				"down": {"uv": [11, 8.5, 11.25, 9.75], "rotation": 270, "texture": "#1"}
			}
		},
		{
			"name": "0067_42",
			"from": [4.1875, 10.1875, 11.92893],
			"to": [5.9375, 10.4375, 12.42893],
			"rotation": {"angle": -45, "axis": "y", "origin": [8, 8.4375, 7.17893]},
			"faces": {
				"north": {"uv": [10, 8.75, 9.75, 10.5], "rotation": 90, "texture": "#1"},
				"east": {"uv": [9.75, 10.25, 10, 10.5], "rotation": 270, "texture": "#1"},
				"south": {"uv": [9.75, 8.75, 10, 10.5], "rotation": 270, "texture": "#1"},
				"west": {"uv": [9.75, 8.75, 10, 9], "rotation": 270, "texture": "#1"},
				"up": {"uv": [9.75, 8.75, 10, 10.5], "rotation": 270, "texture": "#1"},
				"down": {"uv": [9.75, 8.75, 10, 10.5], "rotation": 270, "texture": "#1"}
			}
		},
		{
			"name": "0067_43",
			"from": [4.1875, 10.6875, 11.92893],
			"to": [7.1875, 10.9375, 12.42893],
			"rotation": {"angle": -45, "axis": "y", "origin": [8, 8.4375, 7.17893]},
			"faces": {
				"north": {"uv": [10.5, 8.75, 10.25, 11.75], "rotation": 90, "texture": "#1"},
				"east": {"uv": [10.25, 11.5, 10.5, 11.75], "rotation": 270, "texture": "#1"},
				"south": {"uv": [10.25, 8.75, 10.5, 11.75], "rotation": 270, "texture": "#1"},
				"west": {"uv": [10.25, 8.75, 10.5, 9], "rotation": 270, "texture": "#1"},
				"up": {"uv": [10.25, 8.75, 10.5, 11.75], "rotation": 270, "texture": "#1"},
				"down": {"uv": [10.25, 8.75, 10.5, 11.75], "rotation": 270, "texture": "#1"}
			}
		},
		{
			"name": "0067_44",
			"from": [4.1875, 11.6875, 11.92893],
			"to": [4.9375, 11.9375, 12.42893],
			"rotation": {"angle": -45, "axis": "y", "origin": [8, 8.4375, 7.17893]},
			"faces": {
				"north": {"uv": [11.5, 8.75, 11.25, 9.5], "rotation": 90, "texture": "#1"},
				"east": {"uv": [11.25, 9.25, 11.5, 9.5], "rotation": 270, "texture": "#1"},
				"south": {"uv": [11.25, 8.75, 11.5, 9.5], "rotation": 270, "texture": "#1"},
				"west": {"uv": [11.25, 8.75, 11.5, 9], "rotation": 270, "texture": "#1"},
				"up": {"uv": [11.25, 8.75, 11.5, 9.5], "rotation": 270, "texture": "#1"},
				"down": {"uv": [11.25, 8.75, 11.5, 9.5], "rotation": 270, "texture": "#1"}
			}
		},
		{
			"name": "0067_45",
			"from": [4.4375, 10.4375, 11.92893],
			"to": [7.1875, 10.6875, 12.42893],
			"rotation": {"angle": -45, "axis": "y", "origin": [8, 8.4375, 7.17893]},
			"faces": {
				"north": {"uv": [10.25, 9, 10, 11.75], "rotation": 90, "texture": "#1"},
				"east": {"uv": [10, 11.5, 10.25, 11.75], "rotation": 270, "texture": "#1"},
				"south": {"uv": [10, 9, 10.25, 11.75], "rotation": 270, "texture": "#1"},
				"west": {"uv": [10, 9, 10.25, 9.25], "rotation": 270, "texture": "#1"},
				"up": {"uv": [10, 9, 10.25, 11.75], "rotation": 270, "texture": "#1"},
				"down": {"uv": [10, 9, 10.25, 11.75], "rotation": 270, "texture": "#1"}
			}
		},
		{
			"name": "0067_46",
			"from": [4.4375, 10.9375, 11.92893],
			"to": [6.9375, 11.1875, 12.42893],
			"rotation": {"angle": -45, "axis": "y", "origin": [8, 8.4375, 7.17893]},
			"faces": {
				"north": {"uv": [10.75, 9, 10.5, 11.5], "rotation": 90, "texture": "#1"},
				"east": {"uv": [10.5, 11.25, 10.75, 11.5], "rotation": 270, "texture": "#1"},
				"south": {"uv": [10.5, 9, 10.75, 11.5], "rotation": 270, "texture": "#1"},
				"west": {"uv": [10.5, 9, 10.75, 9.25], "rotation": 270, "texture": "#1"},
				"up": {"uv": [10.5, 9, 10.75, 11.5], "rotation": 270, "texture": "#1"},
				"down": {"uv": [10.5, 9, 10.75, 11.5], "rotation": 270, "texture": "#1"}
			}
		},
		{
			"name": "0067_47",
			"from": [4.4375, 11.9375, 11.92893],
			"to": [4.9375, 12.4375, 12.42893],
			"rotation": {"angle": -45, "axis": "y", "origin": [8, 8.4375, 7.17893]},
			"faces": {
				"north": {"uv": [12, 9, 11.5, 9.5], "rotation": 90, "texture": "#1"},
				"east": {"uv": [11.5, 9.25, 12, 9.5], "rotation": 270, "texture": "#1"},
				"south": {"uv": [11.5, 9, 12, 9.5], "rotation": 270, "texture": "#1"},
				"west": {"uv": [11.5, 9, 12, 9.25], "rotation": 270, "texture": "#1"},
				"up": {"uv": [11.75, 9, 12, 9.5], "rotation": 270, "texture": "#1"},
				"down": {"uv": [11.5, 9, 11.75, 9.5], "rotation": 270, "texture": "#1"}
			}
		},
		{
			"name": "0067_48",
			"from": [4.6875, 12.4375, 11.92893],
			"to": [4.9375, 12.6875, 12.42893],
			"rotation": {"angle": -45, "axis": "y", "origin": [8, 8.4375, 7.17893]},
			"faces": {
				"north": {"uv": [12.25, 9.25, 12, 9.5], "rotation": 90, "texture": "#1"},
				"east": {"uv": [12, 9.25, 12.25, 9.5], "rotation": 270, "texture": "#1"},
				"south": {"uv": [12, 9.25, 12.25, 9.5], "rotation": 270, "texture": "#1"},
				"west": {"uv": [12, 9.25, 12.25, 9.5], "rotation": 270, "texture": "#1"},
				"up": {"uv": [12, 9.25, 12.25, 9.5], "rotation": 270, "texture": "#1"},
				"down": {"uv": [12, 9.25, 12.25, 9.5], "rotation": 270, "texture": "#1"}
			}
		},
		{
			"name": "0067_49",
			"from": [4.9375, 11.9375, 11.92893],
			"to": [5.1875, 12.1875, 12.42893],
			"rotation": {"angle": -45, "axis": "y", "origin": [8, 8.4375, 7.17893]},
			"faces": {
				"north": {"uv": [11.75, 9.5, 11.5, 9.75], "rotation": 90, "texture": "#1"},
				"east": {"uv": [11.5, 9.5, 11.75, 9.75], "rotation": 270, "texture": "#1"},
				"south": {"uv": [11.5, 9.5, 11.75, 9.75], "rotation": 270, "texture": "#1"},
				"west": {"uv": [11.5, 9.5, 11.75, 9.75], "rotation": 270, "texture": "#1"},
				"up": {"uv": [11.5, 9.5, 11.75, 9.75], "rotation": 270, "texture": "#1"},
				"down": {"uv": [11.5, 9.5, 11.75, 9.75], "rotation": 270, "texture": "#1"}
			}
		},
		{
			"name": "0067_50",
			"from": [5.1875, 9.1875, 11.92893],
			"to": [5.6875, 9.4375, 12.42893],
			"rotation": {"angle": -45, "axis": "y", "origin": [8, 8.4375, 7.17893]},
			"faces": {
				"north": {"uv": [9, 9.75, 8.75, 10.25], "rotation": 90, "texture": "#1"},
				"east": {"uv": [8.75, 10, 9, 10.25], "rotation": 270, "texture": "#1"},
				"south": {"uv": [8.75, 9.75, 9, 10.25], "rotation": 270, "texture": "#1"},
				"west": {"uv": [8.75, 9.75, 9, 10], "rotation": 270, "texture": "#1"},
				"up": {"uv": [8.75, 9.75, 9, 10.25], "rotation": 270, "texture": "#1"},
				"down": {"uv": [8.75, 9.75, 9, 10.25], "rotation": 270, "texture": "#1"}
			}
		},
		{
			"name": "0067_51",
			"from": [5.4375, 9.6875, 11.92893],
			"to": [5.6875, 9.9375, 12.42893],
			"rotation": {"angle": -45, "axis": "y", "origin": [8, 8.4375, 7.17893]},
			"faces": {
				"north": {"uv": [9.5, 10, 9.25, 10.25], "rotation": 90, "texture": "#1"},
				"east": {"uv": [9.25, 10, 9.5, 10.25], "rotation": 270, "texture": "#1"},
				"south": {"uv": [9.25, 10, 9.5, 10.25], "rotation": 270, "texture": "#1"},
				"west": {"uv": [9.25, 10, 9.5, 10.25], "rotation": 270, "texture": "#1"},
				"up": {"uv": [9.25, 10, 9.5, 10.25], "rotation": 270, "texture": "#1"},
				"down": {"uv": [9.25, 10, 9.5, 10.25], "rotation": 270, "texture": "#1"}
			}
		},
		{
			"name": "0067_52",
			"from": [5.6875, 9.4375, 11.92893],
			"to": [5.9375, 9.6875, 12.42893],
			"rotation": {"angle": -45, "axis": "y", "origin": [8, 8.4375, 7.17893]},
			"faces": {
				"north": {"uv": [9.25, 10.25, 9, 10.5], "rotation": 90, "texture": "#1"},
				"east": {"uv": [9, 10.25, 9.25, 10.5], "rotation": 270, "texture": "#1"},
				"south": {"uv": [9, 10.25, 9.25, 10.5], "rotation": 270, "texture": "#1"},
				"west": {"uv": [9, 10.25, 9.25, 10.5], "rotation": 270, "texture": "#1"},
				"up": {"uv": [9, 10.25, 9.25, 10.5], "rotation": 270, "texture": "#1"},
				"down": {"uv": [9, 10.25, 9.25, 10.5], "rotation": 270, "texture": "#1"}
			}
		},
		{
			"name": "0067_53",
			"from": [5.9375, 9.6875, 11.92893],
			"to": [6.1875, 10.1875, 12.42893],
			"rotation": {"angle": -45, "axis": "y", "origin": [8, 8.4375, 7.17893]},
			"faces": {
				"north": {"uv": [9.75, 10.5, 9.25, 10.75], "rotation": 90, "texture": "#1"},
				"east": {"uv": [9.25, 10.5, 9.75, 10.75], "rotation": 270, "texture": "#1"},
				"south": {"uv": [9.25, 10.5, 9.75, 10.75], "rotation": 270, "texture": "#1"},
				"west": {"uv": [9.25, 10.5, 9.75, 10.75], "rotation": 270, "texture": "#1"},
				"up": {"uv": [9.5, 10.5, 9.75, 10.75], "rotation": 270, "texture": "#1"},
				"down": {"uv": [9.25, 10.5, 9.5, 10.75], "rotation": 270, "texture": "#1"}
			}
		},
		{
			"name": "0067_54",
			"from": [5.9375, 11.1875, 11.92893],
			"to": [7.1875, 11.6875, 12.42893],
			"rotation": {"angle": -45, "axis": "y", "origin": [8, 8.4375, 7.17893]},
			"faces": {
				"north": {"uv": [11.25, 10.5, 10.75, 11.75], "rotation": 90, "texture": "#1"},
				"east": {"uv": [10.75, 11.5, 11.25, 11.75], "rotation": 270, "texture": "#1"},
				"south": {"uv": [10.75, 10.5, 11.25, 11.75], "rotation": 270, "texture": "#1"},
				"west": {"uv": [10.75, 10.5, 11.25, 10.75], "rotation": 270, "texture": "#1"},
				"up": {"uv": [11, 10.5, 11.25, 11.75], "rotation": 270, "texture": "#1"},
				"down": {"uv": [10.75, 10.5, 11, 11.75], "rotation": 270, "texture": "#1"}
			}
		},
		{
			"name": "0067_55",
			"from": [6.1875, 11.6875, 11.92893],
			"to": [8.1875, 11.9375, 12.42893],
			"rotation": {"angle": -45, "axis": "y", "origin": [8, 8.4375, 7.17893]},
			"faces": {
				"north": {"uv": [11.5, 10.75, 11.25, 12.75], "rotation": 90, "texture": "#1"},
				"east": {"uv": [11.25, 12.5, 11.5, 12.75], "rotation": 270, "texture": "#1"},
				"south": {"uv": [11.25, 10.75, 11.5, 12.75], "rotation": 270, "texture": "#1"},
				"west": {"uv": [11.25, 10.75, 11.5, 11], "rotation": 270, "texture": "#1"},
				"up": {"uv": [11.25, 10.75, 11.5, 12.75], "rotation": 270, "texture": "#1"},
				"down": {"uv": [11.25, 10.75, 11.5, 12.75], "rotation": 270, "texture": "#1"}
			}
		},
		{
			"name": "0067_56",
			"from": [6.4375, 11.9375, 11.92893],
			"to": [8.4375, 12.1875, 12.42893],
			"rotation": {"angle": -45, "axis": "y", "origin": [8, 8.4375, 7.17893]},
			"faces": {
				"north": {"uv": [11.75, 11, 11.5, 13], "rotation": 90, "texture": "#1"},
				"east": {"uv": [11.5, 12.75, 11.75, 13], "rotation": 270, "texture": "#1"},
				"south": {"uv": [11.5, 11, 11.75, 13], "rotation": 270, "texture": "#1"},
				"west": {"uv": [11.5, 11, 11.75, 11.25], "rotation": 270, "texture": "#1"},
				"up": {"uv": [11.5, 11, 11.75, 13], "rotation": 270, "texture": "#1"},
				"down": {"uv": [11.5, 11, 11.75, 13], "rotation": 270, "texture": "#1"}
			}
		},
		{
			"name": "0067_57",
			"from": [6.6875, 12.1875, 11.92893],
			"to": [8.9375, 12.4375, 12.42893],
			"rotation": {"angle": -45, "axis": "y", "origin": [8, 8.4375, 7.17893]},
			"faces": {
				"north": {"uv": [12, 11.25, 11.75, 13.5], "rotation": 90, "texture": "#1"},
				"east": {"uv": [11.75, 13.25, 12, 13.5], "rotation": 270, "texture": "#1"},
				"south": {"uv": [11.75, 11.25, 12, 13.5], "rotation": 270, "texture": "#1"},
				"west": {"uv": [11.75, 11.25, 12, 11.5], "rotation": 270, "texture": "#1"},
				"up": {"uv": [11.75, 11.25, 12, 13.5], "rotation": 270, "texture": "#1"},
				"down": {"uv": [11.75, 11.25, 12, 13.5], "rotation": 270, "texture": "#1"}
			}
		},
		{
			"name": "0067_58",
			"from": [6.9375, 12.4375, 11.92893],
			"to": [9.4375, 12.6875, 12.42893],
			"rotation": {"angle": -45, "axis": "y", "origin": [8, 8.4375, 7.17893]},
			"faces": {
				"north": {"uv": [12.25, 11.5, 12, 14], "rotation": 90, "texture": "#1"},
				"east": {"uv": [12, 13.75, 12.25, 14], "rotation": 270, "texture": "#1"},
				"south": {"uv": [12, 11.5, 12.25, 14], "rotation": 270, "texture": "#1"},
				"west": {"uv": [12, 11.5, 12.25, 11.75], "rotation": 270, "texture": "#1"},
				"up": {"uv": [12, 11.5, 12.25, 14], "rotation": 270, "texture": "#1"},
				"down": {"uv": [12, 11.5, 12.25, 14], "rotation": 270, "texture": "#1"}
			}
		},
		{
			"name": "0067_59",
			"from": [7.1875, 11.4375, 11.92893],
			"to": [7.6875, 11.6875, 12.42893],
			"rotation": {"angle": -45, "axis": "y", "origin": [8, 8.4375, 7.17893]},
			"faces": {
				"north": {"uv": [11.25, 11.75, 11, 12.25], "rotation": 90, "texture": "#1"},
				"east": {"uv": [11, 12, 11.25, 12.25], "rotation": 270, "texture": "#1"},
				"south": {"uv": [11, 11.75, 11.25, 12.25], "rotation": 270, "texture": "#1"},
				"west": {"uv": [11, 11.75, 11.25, 12], "rotation": 270, "texture": "#1"},
				"up": {"uv": [11, 11.75, 11.25, 12.25], "rotation": 270, "texture": "#1"},
				"down": {"uv": [11, 11.75, 11.25, 12.25], "rotation": 270, "texture": "#1"}
			}
		},
		{
			"name": "0067_60",
			"from": [7.1875, 12.6875, 11.92893],
			"to": [9.6875, 12.9375, 12.42893],
			"rotation": {"angle": -45, "axis": "y", "origin": [8, 8.4375, 7.17893]},
			"faces": {
				"north": {"uv": [12.5, 11.75, 12.25, 14.25], "rotation": 90, "texture": "#1"},
				"east": {"uv": [12.25, 14, 12.5, 14.25], "rotation": 270, "texture": "#1"},
				"south": {"uv": [12.25, 11.75, 12.5, 14.25], "rotation": 270, "texture": "#1"},
				"west": {"uv": [12.25, 11.75, 12.5, 12], "rotation": 270, "texture": "#1"},
				"up": {"uv": [12.25, 11.75, 12.5, 14.25], "rotation": 270, "texture": "#1"},
				"down": {"uv": [12.25, 11.75, 12.5, 14.25], "rotation": 270, "texture": "#1"}
			}
		},
		{
			"name": "0067_61",
			"from": [7.4375, 12.9375, 11.92893],
			"to": [9.4375, 13.1875, 12.42893],
			"rotation": {"angle": -45, "axis": "y", "origin": [8, 8.4375, 7.17893]},
			"faces": {
				"north": {"uv": [12.75, 12, 12.5, 14], "rotation": 90, "texture": "#1"},
				"east": {"uv": [12.5, 13.75, 12.75, 14], "rotation": 270, "texture": "#1"},
				"south": {"uv": [12.5, 12, 12.75, 14], "rotation": 270, "texture": "#1"},
				"west": {"uv": [12.5, 12, 12.75, 12.25], "rotation": 270, "texture": "#1"},
				"up": {"uv": [12.5, 12, 12.75, 14], "rotation": 270, "texture": "#1"},
				"down": {"uv": [12.5, 12, 12.75, 14], "rotation": 270, "texture": "#1"}
			}
		},
		{
			"name": "0067_62",
			"from": [7.6875, 13.1875, 11.92893],
			"to": [9.1875, 13.4375, 12.42893],
			"rotation": {"angle": -45, "axis": "y", "origin": [8, 8.4375, 7.17893]},
			"faces": {
				"north": {"uv": [13, 12.25, 12.75, 13.75], "rotation": 90, "texture": "#1"},
				"east": {"uv": [12.75, 13.5, 13, 13.75], "rotation": 270, "texture": "#1"},
				"south": {"uv": [12.75, 12.25, 13, 13.75], "rotation": 270, "texture": "#1"},
				"west": {"uv": [12.75, 12.25, 13, 12.5], "rotation": 270, "texture": "#1"},
				"up": {"uv": [12.75, 12.25, 13, 13.75], "rotation": 270, "texture": "#1"},
				"down": {"uv": [12.75, 12.25, 13, 13.75], "rotation": 270, "texture": "#1"}
			}
		},
		{
			"name": "0067_63",
			"from": [7.9375, 13.4375, 11.92893],
			"to": [8.9375, 13.6875, 12.42893],
			"rotation": {"angle": -45, "axis": "y", "origin": [8, 8.4375, 7.17893]},
			"faces": {
				"north": {"uv": [13.25, 12.5, 13, 13.5], "rotation": 90, "texture": "#1"},
				"east": {"uv": [13, 13.25, 13.25, 13.5], "rotation": 270, "texture": "#1"},
				"south": {"uv": [13, 12.5, 13.25, 13.5], "rotation": 270, "texture": "#1"},
				"west": {"uv": [13, 12.5, 13.25, 12.75], "rotation": 270, "texture": "#1"},
				"up": {"uv": [13, 12.5, 13.25, 13.5], "rotation": 270, "texture": "#1"},
				"down": {"uv": [13, 12.5, 13.25, 13.5], "rotation": 270, "texture": "#1"}
			}
		},
		{
			"name": "0067_64",
			"from": [8.1875, 13.6875, 11.92893],
			"to": [8.6875, 13.9375, 12.42893],
			"rotation": {"angle": -45, "axis": "y", "origin": [8, 8.4375, 7.17893]},
			"faces": {
				"north": {"uv": [13.5, 12.75, 13.25, 13.25], "rotation": 90, "texture": "#1"},
				"east": {"uv": [13.25, 13, 13.5, 13.25], "rotation": 270, "texture": "#1"},
				"south": {"uv": [13.25, 12.75, 13.5, 13.25], "rotation": 270, "texture": "#1"},
				"west": {"uv": [13.25, 12.75, 13.5, 13], "rotation": 270, "texture": "#1"},
				"up": {"uv": [13.25, 12.75, 13.5, 13.25], "rotation": 270, "texture": "#1"},
				"down": {"uv": [13.25, 12.75, 13.5, 13.25], "rotation": 270, "texture": "#1"}
			}
		},
		{
			"name": "0067_0",
			"from": [18.0625, 3.1875, 11.92893],
			"to": [18.8125, 3.4375, 12.42893],
			"rotation": {"angle": 45, "axis": "y", "origin": [8, 8.4375, 7.17893]},
			"faces": {
				"north": {"uv": [3, 2.5, 2.75, 1.75], "rotation": 90, "texture": "#1"},
				"east": {"uv": [2.75, 2, 3, 1.75], "rotation": 270, "texture": "#1"},
				"south": {"uv": [2.75, 2.5, 3, 1.75], "rotation": 270, "texture": "#1"},
				"west": {"uv": [2.75, 2.5, 3, 2.25], "rotation": 270, "texture": "#1"},
				"up": {"uv": [2.75, 2.5, 3, 1.75], "rotation": 270, "texture": "#1"},
				"down": {"uv": [2.75, 2.5, 3, 1.75], "rotation": 270, "texture": "#1"}
			}
		},
		{
			"name": "0067_1",
			"from": [18.3125, 2.9375, 11.92893],
			"to": [18.5625, 3.1875, 12.42893],
			"rotation": {"angle": 45, "axis": "y", "origin": [8, 8.4375, 7.17893]},
			"faces": {
				"north": {"uv": [2.75, 2.25, 2.5, 2], "rotation": 90, "texture": "#1"},
				"east": {"uv": [2.5, 2.25, 2.75, 2], "rotation": 270, "texture": "#1"},
				"south": {"uv": [2.5, 2.25, 2.75, 2], "rotation": 270, "texture": "#1"},
				"west": {"uv": [2.5, 2.25, 2.75, 2], "rotation": 270, "texture": "#1"},
				"up": {"uv": [2.5, 2.25, 2.75, 2], "rotation": 270, "texture": "#1"},
				"down": {"uv": [2.5, 2.25, 2.75, 2], "rotation": 270, "texture": "#1"}
			}
		},
		{
			"name": "0067_2",
			"from": [17.8125, 3.4375, 11.92893],
			"to": [18.5625, 3.6875, 12.42893],
			"rotation": {"angle": 45, "axis": "y", "origin": [8, 8.4375, 7.17893]},
			"faces": {
				"north": {"uv": [3.25, 2.75, 3, 2], "rotation": 90, "texture": "#1"},
				"east": {"uv": [3, 2.25, 3.25, 2], "rotation": 270, "texture": "#1"},
				"south": {"uv": [3, 2.75, 3.25, 2], "rotation": 270, "texture": "#1"},
				"west": {"uv": [3, 2.75, 3.25, 2.5], "rotation": 270, "texture": "#1"},
				"up": {"uv": [3, 2.75, 3.25, 2], "rotation": 270, "texture": "#1"},
				"down": {"uv": [3, 2.75, 3.25, 2], "rotation": 270, "texture": "#1"}
			}
		},
		{
			"name": "0067_3",
			"from": [17.5625, 3.6875, 11.92893],
			"to": [18.3125, 3.9375, 12.42893],
			"rotation": {"angle": 45, "axis": "y", "origin": [8, 8.4375, 7.17893]},
			"faces": {
				"north": {"uv": [3.5, 3, 3.25, 2.25], "rotation": 90, "texture": "#1"},
				"east": {"uv": [3.25, 2.5, 3.5, 2.25], "rotation": 270, "texture": "#1"},
				"south": {"uv": [3.25, 3, 3.5, 2.25], "rotation": 270, "texture": "#1"},
				"west": {"uv": [3.25, 3, 3.5, 2.75], "rotation": 270, "texture": "#1"},
				"up": {"uv": [3.25, 3, 3.5, 2.25], "rotation": 270, "texture": "#1"},
				"down": {"uv": [3.25, 3, 3.5, 2.25], "rotation": 270, "texture": "#1"}
			}
		},
		{
			"name": "0067_4",
			"from": [17.3125, 3.9375, 11.92893],
			"to": [18.0625, 4.1875, 12.42893],
			"rotation": {"angle": 45, "axis": "y", "origin": [8, 8.4375, 7.17893]},
			"faces": {
				"north": {"uv": [3.75, 3.25, 3.5, 2.5], "rotation": 90, "texture": "#1"},
				"east": {"uv": [3.5, 2.75, 3.75, 2.5], "rotation": 270, "texture": "#1"},
				"south": {"uv": [3.5, 3.25, 3.75, 2.5], "rotation": 270, "texture": "#1"},
				"west": {"uv": [3.5, 3.25, 3.75, 3], "rotation": 270, "texture": "#1"},
				"up": {"uv": [3.5, 3.25, 3.75, 2.5], "rotation": 270, "texture": "#1"},
				"down": {"uv": [3.5, 3.25, 3.75, 2.5], "rotation": 270, "texture": "#1"}
			}
		},
		{
			"name": "0067_5",
			"from": [17.0625, 4.1875, 11.92893],
			"to": [17.8125, 4.4375, 12.42893],
			"rotation": {"angle": 45, "axis": "y", "origin": [8, 8.4375, 7.17893]},
			"faces": {
				"north": {"uv": [4, 3.5, 3.75, 2.75], "rotation": 90, "texture": "#1"},
				"east": {"uv": [3.75, 3, 4, 2.75], "rotation": 270, "texture": "#1"},
				"south": {"uv": [3.75, 3.5, 4, 2.75], "rotation": 270, "texture": "#1"},
				"west": {"uv": [3.75, 3.5, 4, 3.25], "rotation": 270, "texture": "#1"},
				"up": {"uv": [3.75, 3.5, 4, 2.75], "rotation": 270, "texture": "#1"},
				"down": {"uv": [3.75, 3.5, 4, 2.75], "rotation": 270, "texture": "#1"}
			}
		},
		{
			"name": "0067_6",
			"from": [16.8125, 4.4375, 11.92893],
			"to": [17.5625, 4.6875, 12.42893],
			"rotation": {"angle": 45, "axis": "y", "origin": [8, 8.4375, 7.17893]},
			"faces": {
				"north": {"uv": [4.25, 3.75, 4, 3], "rotation": 90, "texture": "#1"},
				"east": {"uv": [4, 3.25, 4.25, 3], "rotation": 270, "texture": "#1"},
				"south": {"uv": [4, 3.75, 4.25, 3], "rotation": 270, "texture": "#1"},
				"west": {"uv": [4, 3.75, 4.25, 3.5], "rotation": 270, "texture": "#1"},
				"up": {"uv": [4, 3.75, 4.25, 3], "rotation": 270, "texture": "#1"},
				"down": {"uv": [4, 3.75, 4.25, 3], "rotation": 270, "texture": "#1"}
			}
		},
		{
			"name": "0067_7",
			"from": [16.5625, 4.6875, 11.92893],
			"to": [17.3125, 4.9375, 12.42893],
			"rotation": {"angle": 45, "axis": "y", "origin": [8, 8.4375, 7.17893]},
			"faces": {
				"north": {"uv": [4.5, 4, 4.25, 3.25], "rotation": 90, "texture": "#1"},
				"east": {"uv": [4.25, 3.5, 4.5, 3.25], "rotation": 270, "texture": "#1"},
				"south": {"uv": [4.25, 4, 4.5, 3.25], "rotation": 270, "texture": "#1"},
				"west": {"uv": [4.25, 4, 4.5, 3.75], "rotation": 270, "texture": "#1"},
				"up": {"uv": [4.25, 4, 4.5, 3.25], "rotation": 270, "texture": "#1"},
				"down": {"uv": [4.25, 4, 4.5, 3.25], "rotation": 270, "texture": "#1"}
			}
		},
		{
			"name": "0067_8",
			"from": [16.3125, 4.9375, 11.92893],
			"to": [17.0625, 5.1875, 12.42893],
			"rotation": {"angle": 45, "axis": "y", "origin": [8, 8.4375, 7.17893]},
			"faces": {
				"north": {"uv": [4.75, 4.25, 4.5, 3.5], "rotation": 90, "texture": "#1"},
				"east": {"uv": [4.5, 3.75, 4.75, 3.5], "rotation": 270, "texture": "#1"},
				"south": {"uv": [4.5, 4.25, 4.75, 3.5], "rotation": 270, "texture": "#1"},
				"west": {"uv": [4.5, 4.25, 4.75, 4], "rotation": 270, "texture": "#1"},
				"up": {"uv": [4.5, 4.25, 4.75, 3.5], "rotation": 270, "texture": "#1"},
				"down": {"uv": [4.5, 4.25, 4.75, 3.5], "rotation": 270, "texture": "#1"}
			}
		},
		{
			"name": "0067_9",
			"from": [16.0625, 5.1875, 11.92893],
			"to": [16.8125, 5.4375, 12.42893],
			"rotation": {"angle": 45, "axis": "y", "origin": [8, 8.4375, 7.17893]},
			"faces": {
				"north": {"uv": [5, 4.5, 4.75, 3.75], "rotation": 90, "texture": "#1"},
				"east": {"uv": [4.75, 4, 5, 3.75], "rotation": 270, "texture": "#1"},
				"south": {"uv": [4.75, 4.5, 5, 3.75], "rotation": 270, "texture": "#1"},
				"west": {"uv": [4.75, 4.5, 5, 4.25], "rotation": 270, "texture": "#1"},
				"up": {"uv": [4.75, 4.5, 5, 3.75], "rotation": 270, "texture": "#1"},
				"down": {"uv": [4.75, 4.5, 5, 3.75], "rotation": 270, "texture": "#1"}
			}
		},
		{
			"name": "0067_10",
			"from": [15.8125, 5.4375, 11.92893],
			"to": [16.5625, 5.6875, 12.42893],
			"rotation": {"angle": 45, "axis": "y", "origin": [8, 8.4375, 7.17893]},
			"faces": {
				"north": {"uv": [5.25, 4.75, 5, 4], "rotation": 90, "texture": "#1"},
				"east": {"uv": [5, 4.25, 5.25, 4], "rotation": 270, "texture": "#1"},
				"south": {"uv": [5, 4.75, 5.25, 4], "rotation": 270, "texture": "#1"},
				"west": {"uv": [5, 4.75, 5.25, 4.5], "rotation": 270, "texture": "#1"},
				"up": {"uv": [5, 4.75, 5.25, 4], "rotation": 270, "texture": "#1"},
				"down": {"uv": [5, 4.75, 5.25, 4], "rotation": 270, "texture": "#1"}
			}
		},
		{
			"name": "0067_11",
			"from": [15.5625, 5.6875, 11.92893],
			"to": [16.3125, 5.9375, 12.42893],
			"rotation": {"angle": 45, "axis": "y", "origin": [8, 8.4375, 7.17893]},
			"faces": {
				"north": {"uv": [5.5, 5, 5.25, 4.25], "rotation": 90, "texture": "#1"},
				"east": {"uv": [5.25, 4.5, 5.5, 4.25], "rotation": 270, "texture": "#1"},
				"south": {"uv": [5.25, 5, 5.5, 4.25], "rotation": 270, "texture": "#1"},
				"west": {"uv": [5.25, 5, 5.5, 4.75], "rotation": 270, "texture": "#1"},
				"up": {"uv": [5.25, 5, 5.5, 4.25], "rotation": 270, "texture": "#1"},
				"down": {"uv": [5.25, 5, 5.5, 4.25], "rotation": 270, "texture": "#1"}
			}
		},
		{
			"name": "0067_12",
			"from": [15.3125, 5.9375, 11.92893],
			"to": [16.0625, 6.1875, 12.42893],
			"rotation": {"angle": 45, "axis": "y", "origin": [8, 8.4375, 7.17893]},
			"faces": {
				"north": {"uv": [5.75, 5.25, 5.5, 4.5], "rotation": 90, "texture": "#1"},
				"east": {"uv": [5.5, 4.75, 5.75, 4.5], "rotation": 270, "texture": "#1"},
				"south": {"uv": [5.5, 5.25, 5.75, 4.5], "rotation": 270, "texture": "#1"},
				"west": {"uv": [5.5, 5.25, 5.75, 5], "rotation": 270, "texture": "#1"},
				"up": {"uv": [5.5, 5.25, 5.75, 4.5], "rotation": 270, "texture": "#1"},
				"down": {"uv": [5.5, 5.25, 5.75, 4.5], "rotation": 270, "texture": "#1"}
			}
		},
		{
			"name": "0067_13",
			"from": [15.0625, 6.1875, 11.92893],
			"to": [15.8125, 6.4375, 12.42893],
			"rotation": {"angle": 45, "axis": "y", "origin": [8, 8.4375, 7.17893]},
			"faces": {
				"north": {"uv": [6, 5.5, 5.75, 4.75], "rotation": 90, "texture": "#1"},
				"east": {"uv": [5.75, 5, 6, 4.75], "rotation": 270, "texture": "#1"},
				"south": {"uv": [5.75, 5.5, 6, 4.75], "rotation": 270, "texture": "#1"},
				"west": {"uv": [5.75, 5.5, 6, 5.25], "rotation": 270, "texture": "#1"},
				"up": {"uv": [5.75, 5.5, 6, 4.75], "rotation": 270, "texture": "#1"},
				"down": {"uv": [5.75, 5.5, 6, 4.75], "rotation": 270, "texture": "#1"}
			}
		},
		{
			"name": "0067_14",
			"from": [14.8125, 6.4375, 11.92893],
			"to": [15.5625, 6.6875, 12.42893],
			"rotation": {"angle": 45, "axis": "y", "origin": [8, 8.4375, 7.17893]},
			"faces": {
				"north": {"uv": [6.25, 5.75, 6, 5], "rotation": 90, "texture": "#1"},
				"east": {"uv": [6, 5.25, 6.25, 5], "rotation": 270, "texture": "#1"},
				"south": {"uv": [6, 5.75, 6.25, 5], "rotation": 270, "texture": "#1"},
				"west": {"uv": [6, 5.75, 6.25, 5.5], "rotation": 270, "texture": "#1"},
				"up": {"uv": [6, 5.75, 6.25, 5], "rotation": 270, "texture": "#1"},
				"down": {"uv": [6, 5.75, 6.25, 5], "rotation": 270, "texture": "#1"}
			}
		},
		{
			"name": "0067_15",
			"from": [14.5625, 6.6875, 11.92893],
			"to": [15.3125, 6.9375, 12.42893],
			"rotation": {"angle": 45, "axis": "y", "origin": [8, 8.4375, 7.17893]},
			"faces": {
				"north": {"uv": [6.5, 6, 6.25, 5.25], "rotation": 90, "texture": "#1"},
				"east": {"uv": [6.25, 5.5, 6.5, 5.25], "rotation": 270, "texture": "#1"},
				"south": {"uv": [6.25, 6, 6.5, 5.25], "rotation": 270, "texture": "#1"},
				"west": {"uv": [6.25, 6, 6.5, 5.75], "rotation": 270, "texture": "#1"},
				"up": {"uv": [6.25, 6, 6.5, 5.25], "rotation": 270, "texture": "#1"},
				"down": {"uv": [6.25, 6, 6.5, 5.25], "rotation": 270, "texture": "#1"}
			}
		},
		{
			"name": "0067_16",
			"from": [13.5625, 6.9375, 11.92893],
			"to": [15.0625, 7.1875, 12.42893],
			"rotation": {"angle": 45, "axis": "y", "origin": [8, 8.4375, 7.17893]},
			"faces": {
				"north": {"uv": [6.75, 7, 6.5, 5.5], "rotation": 90, "texture": "#1"},
				"east": {"uv": [6.5, 5.75, 6.75, 5.5], "rotation": 270, "texture": "#1"},
				"south": {"uv": [6.5, 7, 6.75, 5.5], "rotation": 270, "texture": "#1"},
				"west": {"uv": [6.5, 7, 6.75, 6.75], "rotation": 270, "texture": "#1"},
				"up": {"uv": [6.5, 7, 6.75, 5.5], "rotation": 270, "texture": "#1"},
				"down": {"uv": [6.5, 7, 6.75, 5.5], "rotation": 270, "texture": "#1"}
			}
		},
		{
			"name": "0067_17",
			"from": [13.3125, 7.1875, 11.92893],
			"to": [14.8125, 7.4375, 12.42893],
			"rotation": {"angle": 45, "axis": "y", "origin": [8, 8.4375, 7.17893]},
			"faces": {
				"north": {"uv": [7, 7.25, 6.75, 5.75], "rotation": 90, "texture": "#1"},
				"east": {"uv": [6.75, 6, 7, 5.75], "rotation": 270, "texture": "#1"},
				"south": {"uv": [6.75, 7.25, 7, 5.75], "rotation": 270, "texture": "#1"},
				"west": {"uv": [6.75, 7.25, 7, 7], "rotation": 270, "texture": "#1"},
				"up": {"uv": [6.75, 7.25, 7, 5.75], "rotation": 270, "texture": "#1"},
				"down": {"uv": [6.75, 7.25, 7, 5.75], "rotation": 270, "texture": "#1"}
			}
		},
		{
			"name": "0067_18",
			"from": [13.0625, 7.4375, 11.92893],
			"to": [14.5625, 7.6875, 12.42893],
			"rotation": {"angle": 45, "axis": "y", "origin": [8, 8.4375, 7.17893]},
			"faces": {
				"north": {"uv": [7.25, 7.5, 7, 6], "rotation": 90, "texture": "#1"},
				"east": {"uv": [7, 6.25, 7.25, 6], "rotation": 270, "texture": "#1"},
				"south": {"uv": [7, 7.5, 7.25, 6], "rotation": 270, "texture": "#1"},
				"west": {"uv": [7, 7.5, 7.25, 7.25], "rotation": 270, "texture": "#1"},
				"up": {"uv": [7, 7.5, 7.25, 6], "rotation": 270, "texture": "#1"},
				"down": {"uv": [7, 7.5, 7.25, 6], "rotation": 270, "texture": "#1"}
			}
		},
		{
			"name": "0067_19",
			"from": [13.8125, 6.6875, 11.92893],
			"to": [14.3125, 6.9375, 12.42893],
			"rotation": {"angle": 45, "axis": "y", "origin": [8, 8.4375, 7.17893]},
			"faces": {
				"north": {"uv": [6.5, 6.75, 6.25, 6.25], "rotation": 90, "texture": "#1"},
				"east": {"uv": [6.25, 6.5, 6.5, 6.25], "rotation": 270, "texture": "#1"},
				"south": {"uv": [6.25, 6.75, 6.5, 6.25], "rotation": 270, "texture": "#1"},
				"west": {"uv": [6.25, 6.75, 6.5, 6.5], "rotation": 270, "texture": "#1"},
				"up": {"uv": [6.25, 6.75, 6.5, 6.25], "rotation": 270, "texture": "#1"},
				"down": {"uv": [6.25, 6.75, 6.5, 6.25], "rotation": 270, "texture": "#1"}
			}
		},
		{
			"name": "0067_20",
			"from": [12.8125, 7.6875, 11.92893],
			"to": [14.3125, 7.9375, 12.42893],
			"rotation": {"angle": 45, "axis": "y", "origin": [8, 8.4375, 7.17893]},
			"faces": {
				"north": {"uv": [7.5, 7.75, 7.25, 6.25], "rotation": 90, "texture": "#1"},
				"east": {"uv": [7.25, 6.5, 7.5, 6.25], "rotation": 270, "texture": "#1"},
				"south": {"uv": [7.25, 7.75, 7.5, 6.25], "rotation": 270, "texture": "#1"},
				"west": {"uv": [7.25, 7.75, 7.5, 7.5], "rotation": 270, "texture": "#1"},
				"up": {"uv": [7.25, 7.75, 7.5, 6.25], "rotation": 270, "texture": "#1"},
				"down": {"uv": [7.25, 7.75, 7.5, 6.25], "rotation": 270, "texture": "#1"}
			}
		},
		{
			"name": "0067_21",
			"from": [13.3125, 9.4375, 11.92893],
			"to": [14.3125, 9.6875, 12.42893],
			"rotation": {"angle": 45, "axis": "y", "origin": [8, 8.4375, 7.17893]},
			"faces": {
				"north": {"uv": [9.25, 7.25, 9, 6.25], "rotation": 90, "texture": "#1"},
				"east": {"uv": [9, 6.5, 9.25, 6.25], "rotation": 270, "texture": "#1"},
				"south": {"uv": [9, 7.25, 9.25, 6.25], "rotation": 270, "texture": "#1"},
				"west": {"uv": [9, 7.25, 9.25, 7], "rotation": 270, "texture": "#1"},
				"up": {"uv": [9, 7.25, 9.25, 6.25], "rotation": 270, "texture": "#1"},
				"down": {"uv": [9, 7.25, 9.25, 6.25], "rotation": 270, "texture": "#1"}
			}
		},
		{
			"name": "0067_22",
			"from": [12.5625, 7.9375, 11.92893],
			"to": [14.0625, 8.1875, 12.42893],
			"rotation": {"angle": 45, "axis": "y", "origin": [8, 8.4375, 7.17893]},
			"faces": {
				"north": {"uv": [7.75, 8, 7.5, 6.5], "rotation": 90, "texture": "#1"},
				"east": {"uv": [7.5, 6.75, 7.75, 6.5], "rotation": 270, "texture": "#1"},
				"south": {"uv": [7.5, 8, 7.75, 6.5], "rotation": 270, "texture": "#1"},
				"west": {"uv": [7.5, 8, 7.75, 7.75], "rotation": 270, "texture": "#1"},
				"up": {"uv": [7.5, 8, 7.75, 6.5], "rotation": 270, "texture": "#1"},
				"down": {"uv": [7.5, 8, 7.75, 6.5], "rotation": 270, "texture": "#1"}
			}
		},
		{
			"name": "0067_23",
			"from": [13.0625, 9.6875, 11.92893],
			"to": [14.0625, 9.9375, 12.42893],
			"rotation": {"angle": 45, "axis": "y", "origin": [8, 8.4375, 7.17893]},
			"faces": {
				"north": {"uv": [9.5, 7.5, 9.25, 6.5], "rotation": 90, "texture": "#1"},
				"east": {"uv": [9.25, 6.75, 9.5, 6.5], "rotation": 270, "texture": "#1"},
				"south": {"uv": [9.25, 7.5, 9.5, 6.5], "rotation": 270, "texture": "#1"},
				"west": {"uv": [9.25, 7.5, 9.5, 7.25], "rotation": 270, "texture": "#1"},
				"up": {"uv": [9.25, 7.5, 9.5, 6.5], "rotation": 270, "texture": "#1"},
				"down": {"uv": [9.25, 7.5, 9.5, 6.5], "rotation": 270, "texture": "#1"}
			}
		},
		{
			"name": "0067_24",
			"from": [12.3125, 8.1875, 11.92893],
			"to": [13.8125, 8.4375, 12.42893],
			"rotation": {"angle": 45, "axis": "y", "origin": [8, 8.4375, 7.17893]},
			"faces": {
				"north": {"uv": [8, 8.25, 7.75, 6.75], "rotation": 90, "texture": "#1"},
				"east": {"uv": [7.75, 7, 8, 6.75], "rotation": 270, "texture": "#1"},
				"south": {"uv": [7.75, 8.25, 8, 6.75], "rotation": 270, "texture": "#1"},
				"west": {"uv": [7.75, 8.25, 8, 8], "rotation": 270, "texture": "#1"},
				"up": {"uv": [7.75, 8.25, 8, 6.75], "rotation": 270, "texture": "#1"},
				"down": {"uv": [7.75, 8.25, 8, 6.75], "rotation": 270, "texture": "#1"}
			}
		},
		{
			"name": "0067_25",
			"from": [13.5625, 9.1875, 11.92893],
			"to": [13.8125, 9.4375, 12.42893],
			"rotation": {"angle": 45, "axis": "y", "origin": [8, 8.4375, 7.17893]},
			"faces": {
				"north": {"uv": [9, 7, 8.75, 6.75], "rotation": 90, "texture": "#1"},
				"east": {"uv": [8.75, 7, 9, 6.75], "rotation": 270, "texture": "#1"},
				"south": {"uv": [8.75, 7, 9, 6.75], "rotation": 270, "texture": "#1"},
				"west": {"uv": [8.75, 7, 9, 6.75], "rotation": 270, "texture": "#1"},
				"up": {"uv": [8.75, 7, 9, 6.75], "rotation": 270, "texture": "#1"},
				"down": {"uv": [8.75, 7, 9, 6.75], "rotation": 270, "texture": "#1"}
			}
		},
		{
			"name": "0067_26",
			"from": [12.0625, 8.4375, 11.92893],
			"to": [13.5625, 8.6875, 12.42893],
			"rotation": {"angle": 45, "axis": "y", "origin": [8, 8.4375, 7.17893]},
			"faces": {
				"north": {"uv": [8.25, 8.5, 8, 7], "rotation": 90, "texture": "#1"},
				"east": {"uv": [8, 7.25, 8.25, 7], "rotation": 270, "texture": "#1"},
				"south": {"uv": [8, 8.5, 8.25, 7], "rotation": 270, "texture": "#1"},
				"west": {"uv": [8, 8.5, 8.25, 8.25], "rotation": 270, "texture": "#1"},
				"up": {"uv": [8, 8.5, 8.25, 7], "rotation": 270, "texture": "#1"},
				"down": {"uv": [8, 8.5, 8.25, 7], "rotation": 270, "texture": "#1"}
			}
		},
		{
			"name": "0067_27",
			"from": [10.5625, 9.9375, 11.92893],
			"to": [13.5625, 10.1875, 12.42893],
			"rotation": {"angle": 45, "axis": "y", "origin": [8, 8.4375, 7.17893]},
			"faces": {
				"north": {"uv": [9.75, 10, 9.5, 7], "rotation": 90, "texture": "#1"},
				"east": {"uv": [9.5, 7.25, 9.75, 7], "rotation": 270, "texture": "#1"},
				"south": {"uv": [9.5, 10, 9.75, 7], "rotation": 270, "texture": "#1"},
				"west": {"uv": [9.5, 10, 9.75, 9.75], "rotation": 270, "texture": "#1"},
				"up": {"uv": [9.5, 10, 9.75, 7], "rotation": 270, "texture": "#1"},
				"down": {"uv": [9.5, 10, 9.75, 7], "rotation": 270, "texture": "#1"}
			}
		},
		{
			"name": "0067_28",
			"from": [11.8125, 8.6875, 11.92893],
			"to": [13.3125, 8.9375, 12.42893],
			"rotation": {"angle": 45, "axis": "y", "origin": [8, 8.4375, 7.17893]},
			"faces": {
				"north": {"uv": [8.5, 8.75, 8.25, 7.25], "rotation": 90, "texture": "#1"},
				"east": {"uv": [8.25, 7.5, 8.5, 7.25], "rotation": 270, "texture": "#1"},
				"south": {"uv": [8.25, 8.75, 8.5, 7.25], "rotation": 270, "texture": "#1"},
				"west": {"uv": [8.25, 8.75, 8.5, 8.5], "rotation": 270, "texture": "#1"},
				"up": {"uv": [8.25, 8.75, 8.5, 7.25], "rotation": 270, "texture": "#1"},
				"down": {"uv": [8.25, 8.75, 8.5, 7.25], "rotation": 270, "texture": "#1"}
			}
		},
		{
			"name": "0067_29",
			"from": [12.5625, 10.1875, 11.92893],
			"to": [13.3125, 10.4375, 12.42893],
			"rotation": {"angle": 45, "axis": "y", "origin": [8, 8.4375, 7.17893]},
			"faces": {
				"north": {"uv": [10, 8, 9.75, 7.25], "rotation": 90, "texture": "#1"},
				"east": {"uv": [9.75, 7.5, 10, 7.25], "rotation": 270, "texture": "#1"},
				"south": {"uv": [9.75, 8, 10, 7.25], "rotation": 270, "texture": "#1"},
				"west": {"uv": [9.75, 8, 10, 7.75], "rotation": 270, "texture": "#1"},
				"up": {"uv": [9.75, 8, 10, 7.25], "rotation": 270, "texture": "#1"},
				"down": {"uv": [9.75, 8, 10, 7.25], "rotation": 270, "texture": "#1"}
			}
		},
		{
			"name": "0067_30",
			"from": [11.5625, 8.9375, 11.92893],
			"to": [13.0625, 9.1875, 12.42893],
			"rotation": {"angle": 45, "axis": "y", "origin": [8, 8.4375, 7.17893]},
			"faces": {
				"north": {"uv": [8.75, 9, 8.5, 7.5], "rotation": 90, "texture": "#1"},
				"east": {"uv": [8.5, 7.75, 8.75, 7.5], "rotation": 270, "texture": "#1"},
				"south": {"uv": [8.5, 9, 8.75, 7.5], "rotation": 270, "texture": "#1"},
				"west": {"uv": [8.5, 9, 8.75, 8.75], "rotation": 270, "texture": "#1"},
				"up": {"uv": [8.5, 9, 8.75, 7.5], "rotation": 270, "texture": "#1"},
				"down": {"uv": [8.5, 9, 8.75, 7.5], "rotation": 270, "texture": "#1"}
			}
		},
		{
			"name": "0067_31",
			"from": [10.8125, 9.4375, 11.92893],
			"to": [13.0625, 9.6875, 12.42893],
			"rotation": {"angle": 45, "axis": "y", "origin": [8, 8.4375, 7.17893]},
			"faces": {
				"north": {"uv": [9.25, 9.75, 9, 7.5], "rotation": 90, "texture": "#1"},
				"east": {"uv": [9, 7.75, 9.25, 7.5], "rotation": 270, "texture": "#1"},
				"south": {"uv": [9, 9.75, 9.25, 7.5], "rotation": 270, "texture": "#1"},
				"west": {"uv": [9, 9.75, 9.25, 9.5], "rotation": 270, "texture": "#1"},
				"up": {"uv": [9, 9.75, 9.25, 7.5], "rotation": 270, "texture": "#1"},
				"down": {"uv": [9, 9.75, 9.25, 7.5], "rotation": 270, "texture": "#1"}
			}
		},
		{
			"name": "0067_32",
			"from": [12.3125, 10.4375, 11.92893],
			"to": [13.0625, 10.6875, 12.42893],
			"rotation": {"angle": 45, "axis": "y", "origin": [8, 8.4375, 7.17893]},
			"faces": {
				"north": {"uv": [10.25, 8.25, 10, 7.5], "rotation": 90, "texture": "#1"},
				"east": {"uv": [10, 7.75, 10.25, 7.5], "rotation": 270, "texture": "#1"},
				"south": {"uv": [10, 8.25, 10.25, 7.5], "rotation": 270, "texture": "#1"},
				"west": {"uv": [10, 8.25, 10.25, 8], "rotation": 270, "texture": "#1"},
				"up": {"uv": [10, 8.25, 10.25, 7.5], "rotation": 270, "texture": "#1"},
				"down": {"uv": [10, 8.25, 10.25, 7.5], "rotation": 270, "texture": "#1"}
			}
		},
		{
			"name": "0067_33",
			"from": [12.5625, 10.9375, 11.92893],
			"to": [13.0625, 11.4375, 12.42893],
			"rotation": {"angle": 45, "axis": "y", "origin": [8, 8.4375, 7.17893]},
			"faces": {
				"north": {"uv": [11, 8, 10.5, 7.5], "rotation": 90, "texture": "#1"},
				"east": {"uv": [10.5, 7.75, 11, 7.5], "rotation": 270, "texture": "#1"},
				"south": {"uv": [10.5, 8, 11, 7.5], "rotation": 270, "texture": "#1"},
				"west": {"uv": [10.5, 8, 11, 7.75], "rotation": 270, "texture": "#1"},
				"up": {"uv": [10.75, 8, 11, 7.5], "rotation": 270, "texture": "#1"},
				"down": {"uv": [10.5, 8, 10.75, 7.5], "rotation": 270, "texture": "#1"}
			}
		},
		{
			"name": "0067_34",
			"from": [11.3125, 9.1875, 11.92893],
			"to": [12.8125, 9.4375, 12.42893],
			"rotation": {"angle": 45, "axis": "y", "origin": [8, 8.4375, 7.17893]},
			"faces": {
				"north": {"uv": [9, 9.25, 8.75, 7.75], "rotation": 90, "texture": "#1"},
				"east": {"uv": [8.75, 8, 9, 7.75], "rotation": 270, "texture": "#1"},
				"south": {"uv": [8.75, 9.25, 9, 7.75], "rotation": 270, "texture": "#1"},
				"west": {"uv": [8.75, 9.25, 9, 9], "rotation": 270, "texture": "#1"},
				"up": {"uv": [8.75, 9.25, 9, 7.75], "rotation": 270, "texture": "#1"},
				"down": {"uv": [8.75, 9.25, 9, 7.75], "rotation": 270, "texture": "#1"}
			}
		},
		{
			"name": "0067_35",
			"from": [10.8125, 9.6875, 11.92893],
			"to": [12.8125, 9.9375, 12.42893],
			"rotation": {"angle": 45, "axis": "y", "origin": [8, 8.4375, 7.17893]},
			"faces": {
				"north": {"uv": [9.5, 9.75, 9.25, 7.75], "rotation": 90, "texture": "#1"},
				"east": {"uv": [9.25, 8, 9.5, 7.75], "rotation": 270, "texture": "#1"},
				"south": {"uv": [9.25, 9.75, 9.5, 7.75], "rotation": 270, "texture": "#1"},
				"west": {"uv": [9.25, 9.75, 9.5, 9.5], "rotation": 270, "texture": "#1"},
				"up": {"uv": [9.25, 9.75, 9.5, 7.75], "rotation": 270, "texture": "#1"},
				"down": {"uv": [9.25, 9.75, 9.5, 7.75], "rotation": 270, "texture": "#1"}
			}
		},
		{
			"name": "0067_36",
			"from": [12.0625, 10.6875, 11.92893],
			"to": [12.8125, 10.9375, 12.42893],
			"rotation": {"angle": 45, "axis": "y", "origin": [8, 8.4375, 7.17893]},
			"faces": {
				"north": {"uv": [10.5, 8.5, 10.25, 7.75], "rotation": 90, "texture": "#1"},
				"east": {"uv": [10.25, 8, 10.5, 7.75], "rotation": 270, "texture": "#1"},
				"south": {"uv": [10.25, 8.5, 10.5, 7.75], "rotation": 270, "texture": "#1"},
				"west": {"uv": [10.25, 8.5, 10.5, 8.25], "rotation": 270, "texture": "#1"},
				"up": {"uv": [10.25, 8.5, 10.5, 7.75], "rotation": 270, "texture": "#1"},
				"down": {"uv": [10.25, 8.5, 10.5, 7.75], "rotation": 270, "texture": "#1"}
			}
		},
		{
			"name": "0067_37",
			"from": [11.8125, 10.9375, 11.92893],
			"to": [12.5625, 11.1875, 12.42893],
			"rotation": {"angle": 45, "axis": "y", "origin": [8, 8.4375, 7.17893]},
			"faces": {
				"north": {"uv": [10.75, 8.75, 10.5, 8], "rotation": 90, "texture": "#1"},
				"east": {"uv": [10.5, 8.25, 10.75, 8], "rotation": 270, "texture": "#1"},
				"south": {"uv": [10.5, 8.75, 10.75, 8], "rotation": 270, "texture": "#1"},
				"west": {"uv": [10.5, 8.75, 10.75, 8.5], "rotation": 270, "texture": "#1"},
				"up": {"uv": [10.5, 8.75, 10.75, 8], "rotation": 270, "texture": "#1"},
				"down": {"uv": [10.5, 8.75, 10.75, 8], "rotation": 270, "texture": "#1"}
			}
		},
		{
			"name": "0067_38",
			"from": [12.0625, 10.1875, 11.92893],
			"to": [12.3125, 10.4375, 12.42893],
			"rotation": {"angle": 45, "axis": "y", "origin": [8, 8.4375, 7.17893]},
			"faces": {
				"north": {"uv": [10, 8.5, 9.75, 8.25], "rotation": 90, "texture": "#1"},
				"east": {"uv": [9.75, 8.5, 10, 8.25], "rotation": 270, "texture": "#1"},
				"south": {"uv": [9.75, 8.5, 10, 8.25], "rotation": 270, "texture": "#1"},
				"west": {"uv": [9.75, 8.5, 10, 8.25], "rotation": 270, "texture": "#1"},
				"up": {"uv": [9.75, 8.5, 10, 8.25], "rotation": 270, "texture": "#1"},
				"down": {"uv": [9.75, 8.5, 10, 8.25], "rotation": 270, "texture": "#1"}
			}
		},
		{
			"name": "0067_39",
			"from": [10.3125, 11.1875, 11.92893],
			"to": [12.3125, 11.4375, 12.42893],
			"rotation": {"angle": 45, "axis": "y", "origin": [8, 8.4375, 7.17893]},
			"faces": {
				"north": {"uv": [11, 10.25, 10.75, 8.25], "rotation": 90, "texture": "#1"},
				"east": {"uv": [10.75, 8.5, 11, 8.25], "rotation": 270, "texture": "#1"},
				"south": {"uv": [10.75, 10.25, 11, 8.25], "rotation": 270, "texture": "#1"},
				"west": {"uv": [10.75, 10.25, 11, 10], "rotation": 270, "texture": "#1"},
				"up": {"uv": [10.75, 10.25, 11, 8.25], "rotation": 270, "texture": "#1"},
				"down": {"uv": [10.75, 10.25, 11, 8.25], "rotation": 270, "texture": "#1"}
			}
		},
		{
			"name": "0067_40",
			"from": [11.8125, 10.4375, 11.92893],
			"to": [12.0625, 10.6875, 12.42893],
			"rotation": {"angle": 45, "axis": "y", "origin": [8, 8.4375, 7.17893]},
			"faces": {
				"north": {"uv": [10.25, 8.75, 10, 8.5], "rotation": 90, "texture": "#1"},
				"east": {"uv": [10, 8.75, 10.25, 8.5], "rotation": 270, "texture": "#1"},
				"south": {"uv": [10, 8.75, 10.25, 8.5], "rotation": 270, "texture": "#1"},
				"west": {"uv": [10, 8.75, 10.25, 8.5], "rotation": 270, "texture": "#1"},
				"up": {"uv": [10, 8.75, 10.25, 8.5], "rotation": 270, "texture": "#1"},
				"down": {"uv": [10, 8.75, 10.25, 8.5], "rotation": 270, "texture": "#1"}
			}
		},
		{
			"name": "0067_41",
			"from": [10.8125, 11.4375, 11.92893],
			"to": [12.0625, 11.6875, 12.42893],
			"rotation": {"angle": 45, "axis": "y", "origin": [8, 8.4375, 7.17893]},
			"faces": {
				"north": {"uv": [11.25, 9.75, 11, 8.5], "rotation": 90, "texture": "#1"},
				"east": {"uv": [11, 8.75, 11.25, 8.5], "rotation": 270, "texture": "#1"},
				"south": {"uv": [11, 9.75, 11.25, 8.5], "rotation": 270, "texture": "#1"},
				"west": {"uv": [11, 9.75, 11.25, 9.5], "rotation": 270, "texture": "#1"},
				"up": {"uv": [11, 9.75, 11.25, 8.5], "rotation": 270, "texture": "#1"},
				"down": {"uv": [11, 9.75, 11.25, 8.5], "rotation": 270, "texture": "#1"}
			}
		},
		{
			"name": "0067_42",
			"from": [10.0625, 10.1875, 11.92893],
			"to": [11.8125, 10.4375, 12.42893],
			"rotation": {"angle": 45, "axis": "y", "origin": [8, 8.4375, 7.17893]},
			"faces": {
				"north": {"uv": [10, 10.5, 9.75, 8.75], "rotation": 90, "texture": "#1"},
				"east": {"uv": [9.75, 9, 10, 8.75], "rotation": 270, "texture": "#1"},
				"south": {"uv": [9.75, 10.5, 10, 8.75], "rotation": 270, "texture": "#1"},
				"west": {"uv": [9.75, 10.5, 10, 10.25], "rotation": 270, "texture": "#1"},
				"up": {"uv": [9.75, 10.5, 10, 8.75], "rotation": 270, "texture": "#1"},
				"down": {"uv": [9.75, 10.5, 10, 8.75], "rotation": 270, "texture": "#1"}
			}
		},
		{
			"name": "0067_43",
			"from": [8.8125, 10.6875, 11.92893],
			"to": [11.8125, 10.9375, 12.42893],
			"rotation": {"angle": 45, "axis": "y", "origin": [8, 8.4375, 7.17893]},
			"faces": {
				"north": {"uv": [10.5, 11.75, 10.25, 8.75], "rotation": 90, "texture": "#1"},
				"east": {"uv": [10.25, 9, 10.5, 8.75], "rotation": 270, "texture": "#1"},
				"south": {"uv": [10.25, 11.75, 10.5, 8.75], "rotation": 270, "texture": "#1"},
				"west": {"uv": [10.25, 11.75, 10.5, 11.5], "rotation": 270, "texture": "#1"},
				"up": {"uv": [10.25, 11.75, 10.5, 8.75], "rotation": 270, "texture": "#1"},
				"down": {"uv": [10.25, 11.75, 10.5, 8.75], "rotation": 270, "texture": "#1"}
			}
		},
		{
			"name": "0067_44",
			"from": [11.0625, 11.6875, 11.92893],
			"to": [11.8125, 11.9375, 12.42893],
			"rotation": {"angle": 45, "axis": "y", "origin": [8, 8.4375, 7.17893]},
			"faces": {
				"north": {"uv": [11.5, 9.5, 11.25, 8.75], "rotation": 90, "texture": "#1"},
				"east": {"uv": [11.25, 9, 11.5, 8.75], "rotation": 270, "texture": "#1"},
				"south": {"uv": [11.25, 9.5, 11.5, 8.75], "rotation": 270, "texture": "#1"},
				"west": {"uv": [11.25, 9.5, 11.5, 9.25], "rotation": 270, "texture": "#1"},
				"up": {"uv": [11.25, 9.5, 11.5, 8.75], "rotation": 270, "texture": "#1"},
				"down": {"uv": [11.25, 9.5, 11.5, 8.75], "rotation": 270, "texture": "#1"}
			}
		},
		{
			"name": "0067_45",
			"from": [8.8125, 10.4375, 11.92893],
			"to": [11.5625, 10.6875, 12.42893],
			"rotation": {"angle": 45, "axis": "y", "origin": [8, 8.4375, 7.17893]},
			"faces": {
				"north": {"uv": [10.25, 11.75, 10, 9], "rotation": 90, "texture": "#1"},
				"east": {"uv": [10, 9.25, 10.25, 9], "rotation": 270, "texture": "#1"},
				"south": {"uv": [10, 11.75, 10.25, 9], "rotation": 270, "texture": "#1"},
				"west": {"uv": [10, 11.75, 10.25, 11.5], "rotation": 270, "texture": "#1"},
				"up": {"uv": [10, 11.75, 10.25, 9], "rotation": 270, "texture": "#1"},
				"down": {"uv": [10, 11.75, 10.25, 9], "rotation": 270, "texture": "#1"}
			}
		},
		{
			"name": "0067_46",
			"from": [9.0625, 10.9375, 11.92893],
			"to": [11.5625, 11.1875, 12.42893],
			"rotation": {"angle": 45, "axis": "y", "origin": [8, 8.4375, 7.17893]},
			"faces": {
				"north": {"uv": [10.75, 11.5, 10.5, 9], "rotation": 90, "texture": "#1"},
				"east": {"uv": [10.5, 9.25, 10.75, 9], "rotation": 270, "texture": "#1"},
				"south": {"uv": [10.5, 11.5, 10.75, 9], "rotation": 270, "texture": "#1"},
				"west": {"uv": [10.5, 11.5, 10.75, 11.25], "rotation": 270, "texture": "#1"},
				"up": {"uv": [10.5, 11.5, 10.75, 9], "rotation": 270, "texture": "#1"},
				"down": {"uv": [10.5, 11.5, 10.75, 9], "rotation": 270, "texture": "#1"}
			}
		},
		{
			"name": "0067_47",
			"from": [11.0625, 11.9375, 11.92893],
			"to": [11.5625, 12.4375, 12.42893],
			"rotation": {"angle": 45, "axis": "y", "origin": [8, 8.4375, 7.17893]},
			"faces": {
				"north": {"uv": [12, 9.5, 11.5, 9], "rotation": 90, "texture": "#1"},
				"east": {"uv": [11.5, 9.25, 12, 9], "rotation": 270, "texture": "#1"},
				"south": {"uv": [11.5, 9.5, 12, 9], "rotation": 270, "texture": "#1"},
				"west": {"uv": [11.5, 9.5, 12, 9.25], "rotation": 270, "texture": "#1"},
				"up": {"uv": [11.75, 9.5, 12, 9], "rotation": 270, "texture": "#1"},
				"down": {"uv": [11.5, 9.5, 11.75, 9], "rotation": 270, "texture": "#1"}
			}
		},
		{
			"name": "0067_48",
			"from": [11.0625, 12.4375, 11.92893],
			"to": [11.3125, 12.6875, 12.42893],
			"rotation": {"angle": 45, "axis": "y", "origin": [8, 8.4375, 7.17893]},
			"faces": {
				"north": {"uv": [12.25, 9.5, 12, 9.25], "rotation": 90, "texture": "#1"},
				"east": {"uv": [12, 9.5, 12.25, 9.25], "rotation": 270, "texture": "#1"},
				"south": {"uv": [12, 9.5, 12.25, 9.25], "rotation": 270, "texture": "#1"},
				"west": {"uv": [12, 9.5, 12.25, 9.25], "rotation": 270, "texture": "#1"},
				"up": {"uv": [12, 9.5, 12.25, 9.25], "rotation": 270, "texture": "#1"},
				"down": {"uv": [12, 9.5, 12.25, 9.25], "rotation": 270, "texture": "#1"}
			}
		},
		{
			"name": "0067_49",
			"from": [10.8125, 11.9375, 11.92893],
			"to": [11.0625, 12.1875, 12.42893],
			"rotation": {"angle": 45, "axis": "y", "origin": [8, 8.4375, 7.17893]},
			"faces": {
				"north": {"uv": [11.75, 9.75, 11.5, 9.5], "rotation": 90, "texture": "#1"},
				"east": {"uv": [11.5, 9.75, 11.75, 9.5], "rotation": 270, "texture": "#1"},
				"south": {"uv": [11.5, 9.75, 11.75, 9.5], "rotation": 270, "texture": "#1"},
				"west": {"uv": [11.5, 9.75, 11.75, 9.5], "rotation": 270, "texture": "#1"},
				"up": {"uv": [11.5, 9.75, 11.75, 9.5], "rotation": 270, "texture": "#1"},
				"down": {"uv": [11.5, 9.75, 11.75, 9.5], "rotation": 270, "texture": "#1"}
			}
		},
		{
			"name": "0067_50",
			"from": [10.3125, 9.1875, 11.92893],
			"to": [10.8125, 9.4375, 12.42893],
			"rotation": {"angle": 45, "axis": "y", "origin": [8, 8.4375, 7.17893]},
			"faces": {
				"north": {"uv": [9, 10.25, 8.75, 9.75], "rotation": 90, "texture": "#1"},
				"east": {"uv": [8.75, 10, 9, 9.75], "rotation": 270, "texture": "#1"},
				"south": {"uv": [8.75, 10.25, 9, 9.75], "rotation": 270, "texture": "#1"},
				"west": {"uv": [8.75, 10.25, 9, 10], "rotation": 270, "texture": "#1"},
				"up": {"uv": [8.75, 10.25, 9, 9.75], "rotation": 270, "texture": "#1"},
				"down": {"uv": [8.75, 10.25, 9, 9.75], "rotation": 270, "texture": "#1"}
			}
		},
		{
			"name": "0067_51",
			"from": [10.3125, 9.6875, 11.92893],
			"to": [10.5625, 9.9375, 12.42893],
			"rotation": {"angle": 45, "axis": "y", "origin": [8, 8.4375, 7.17893]},
			"faces": {
				"north": {"uv": [9.5, 10.25, 9.25, 10], "rotation": 90, "texture": "#1"},
				"east": {"uv": [9.25, 10.25, 9.5, 10], "rotation": 270, "texture": "#1"},
				"south": {"uv": [9.25, 10.25, 9.5, 10], "rotation": 270, "texture": "#1"},
				"west": {"uv": [9.25, 10.25, 9.5, 10], "rotation": 270, "texture": "#1"},
				"up": {"uv": [9.25, 10.25, 9.5, 10], "rotation": 270, "texture": "#1"},
				"down": {"uv": [9.25, 10.25, 9.5, 10], "rotation": 270, "texture": "#1"}
			}
		},
		{
			"name": "0067_52",
			"from": [10.0625, 9.4375, 11.92893],
			"to": [10.3125, 9.6875, 12.42893],
			"rotation": {"angle": 45, "axis": "y", "origin": [8, 8.4375, 7.17893]},
			"faces": {
				"north": {"uv": [9.25, 10.5, 9, 10.25], "rotation": 90, "texture": "#1"},
				"east": {"uv": [9, 10.5, 9.25, 10.25], "rotation": 270, "texture": "#1"},
				"south": {"uv": [9, 10.5, 9.25, 10.25], "rotation": 270, "texture": "#1"},
				"west": {"uv": [9, 10.5, 9.25, 10.25], "rotation": 270, "texture": "#1"},
				"up": {"uv": [9, 10.5, 9.25, 10.25], "rotation": 270, "texture": "#1"},
				"down": {"uv": [9, 10.5, 9.25, 10.25], "rotation": 270, "texture": "#1"}
			}
		},
		{
			"name": "0067_53",
			"from": [9.8125, 9.6875, 11.92893],
			"to": [10.0625, 10.1875, 12.42893],
			"rotation": {"angle": 45, "axis": "y", "origin": [8, 8.4375, 7.17893]},
			"faces": {
				"north": {"uv": [9.75, 10.75, 9.25, 10.5], "rotation": 90, "texture": "#1"},
				"east": {"uv": [9.25, 10.75, 9.75, 10.5], "rotation": 270, "texture": "#1"},
				"south": {"uv": [9.25, 10.75, 9.75, 10.5], "rotation": 270, "texture": "#1"},
				"west": {"uv": [9.25, 10.75, 9.75, 10.5], "rotation": 270, "texture": "#1"},
				"up": {"uv": [9.5, 10.75, 9.75, 10.5], "rotation": 270, "texture": "#1"},
				"down": {"uv": [9.25, 10.75, 9.5, 10.5], "rotation": 270, "texture": "#1"}
			}
		},
		{
			"name": "0067_54",
			"from": [8.8125, 11.1875, 11.92893],
			"to": [10.0625, 11.6875, 12.42893],
			"rotation": {"angle": 45, "axis": "y", "origin": [8, 8.4375, 7.17893]},
			"faces": {
				"north": {"uv": [11.25, 11.75, 10.75, 10.5], "rotation": 90, "texture": "#1"},
				"east": {"uv": [10.75, 10.75, 11.25, 10.5], "rotation": 270, "texture": "#1"},
				"south": {"uv": [10.75, 11.75, 11.25, 10.5], "rotation": 270, "texture": "#1"},
				"west": {"uv": [10.75, 11.75, 11.25, 11.5], "rotation": 270, "texture": "#1"},
				"up": {"uv": [11, 11.75, 11.25, 10.5], "rotation": 270, "texture": "#1"},
				"down": {"uv": [10.75, 11.75, 11, 10.5], "rotation": 270, "texture": "#1"}
			}
		},
		{
			"name": "0067_55",
			"from": [7.8125, 11.6875, 11.92893],
			"to": [9.8125, 11.9375, 12.42893],
			"rotation": {"angle": 45, "axis": "y", "origin": [8, 8.4375, 7.17893]},
			"faces": {
				"north": {"uv": [11.5, 12.75, 11.25, 10.75], "rotation": 90, "texture": "#1"},
				"east": {"uv": [11.25, 11, 11.5, 10.75], "rotation": 270, "texture": "#1"},
				"south": {"uv": [11.25, 12.75, 11.5, 10.75], "rotation": 270, "texture": "#1"},
				"west": {"uv": [11.25, 12.75, 11.5, 12.5], "rotation": 270, "texture": "#1"},
				"up": {"uv": [11.25, 12.75, 11.5, 10.75], "rotation": 270, "texture": "#1"},
				"down": {"uv": [11.25, 12.75, 11.5, 10.75], "rotation": 270, "texture": "#1"}
			}
		},
		{
			"name": "0067_56",
			"from": [7.5625, 11.9375, 11.92893],
			"to": [9.5625, 12.1875, 12.42893],
			"rotation": {"angle": 45, "axis": "y", "origin": [8, 8.4375, 7.17893]},
			"faces": {
				"north": {"uv": [11.75, 13, 11.5, 11], "rotation": 90, "texture": "#1"},
				"east": {"uv": [11.5, 11.25, 11.75, 11], "rotation": 270, "texture": "#1"},
				"south": {"uv": [11.5, 13, 11.75, 11], "rotation": 270, "texture": "#1"},
				"west": {"uv": [11.5, 13, 11.75, 12.75], "rotation": 270, "texture": "#1"},
				"up": {"uv": [11.5, 13, 11.75, 11], "rotation": 270, "texture": "#1"},
				"down": {"uv": [11.5, 13, 11.75, 11], "rotation": 270, "texture": "#1"}
			}
		},
		{
			"name": "0067_57",
			"from": [7.0625, 12.1875, 11.92893],
			"to": [9.3125, 12.4375, 12.42893],
			"rotation": {"angle": 45, "axis": "y", "origin": [8, 8.4375, 7.17893]},
			"faces": {
				"north": {"uv": [12, 13.5, 11.75, 11.25], "rotation": 90, "texture": "#1"},
				"east": {"uv": [11.75, 11.5, 12, 11.25], "rotation": 270, "texture": "#1"},
				"south": {"uv": [11.75, 13.5, 12, 11.25], "rotation": 270, "texture": "#1"},
				"west": {"uv": [11.75, 13.5, 12, 13.25], "rotation": 270, "texture": "#1"},
				"up": {"uv": [11.75, 13.5, 12, 11.25], "rotation": 270, "texture": "#1"},
				"down": {"uv": [11.75, 13.5, 12, 11.25], "rotation": 270, "texture": "#1"}
			}
		},
		{
			"name": "0067_58",
			"from": [6.5625, 12.4375, 11.92893],
			"to": [9.0625, 12.6875, 12.42893],
			"rotation": {"angle": 45, "axis": "y", "origin": [8, 8.4375, 7.17893]},
			"faces": {
				"north": {"uv": [12.25, 14, 12, 11.5], "rotation": 90, "texture": "#1"},
				"east": {"uv": [12, 11.75, 12.25, 11.5], "rotation": 270, "texture": "#1"},
				"south": {"uv": [12, 14, 12.25, 11.5], "rotation": 270, "texture": "#1"},
				"west": {"uv": [12, 14, 12.25, 13.75], "rotation": 270, "texture": "#1"},
				"up": {"uv": [12, 14, 12.25, 11.5], "rotation": 270, "texture": "#1"},
				"down": {"uv": [12, 14, 12.25, 11.5], "rotation": 270, "texture": "#1"}
			}
		},
		{
			"name": "0067_59",
			"from": [8.3125, 11.4375, 11.92893],
			"to": [8.8125, 11.6875, 12.42893],
			"rotation": {"angle": 45, "axis": "y", "origin": [8, 8.4375, 7.17893]},
			"faces": {
				"north": {"uv": [11.25, 12.25, 11, 11.75], "rotation": 90, "texture": "#1"},
				"east": {"uv": [11, 12, 11.25, 11.75], "rotation": 270, "texture": "#1"},
				"south": {"uv": [11, 12.25, 11.25, 11.75], "rotation": 270, "texture": "#1"},
				"west": {"uv": [11, 12.25, 11.25, 12], "rotation": 270, "texture": "#1"},
				"up": {"uv": [11, 12.25, 11.25, 11.75], "rotation": 270, "texture": "#1"},
				"down": {"uv": [11, 12.25, 11.25, 11.75], "rotation": 270, "texture": "#1"}
			}
		},
		{
			"name": "0067_60",
			"from": [6.3125, 12.6875, 11.92893],
			"to": [8.8125, 12.9375, 12.42893],
			"rotation": {"angle": 45, "axis": "y", "origin": [8, 8.4375, 7.17893]},
			"faces": {
				"north": {"uv": [12.5, 14.25, 12.25, 11.75], "rotation": 90, "texture": "#1"},
				"east": {"uv": [12.25, 12, 12.5, 11.75], "rotation": 270, "texture": "#1"},
				"south": {"uv": [12.25, 14.25, 12.5, 11.75], "rotation": 270, "texture": "#1"},
				"west": {"uv": [12.25, 14.25, 12.5, 14], "rotation": 270, "texture": "#1"},
				"up": {"uv": [12.25, 14.25, 12.5, 11.75], "rotation": 270, "texture": "#1"},
				"down": {"uv": [12.25, 14.25, 12.5, 11.75], "rotation": 270, "texture": "#1"}
			}
		},
		{
			"name": "0067_61",
			"from": [6.5625, 12.9375, 11.92893],
			"to": [8.5625, 13.1875, 12.42893],
			"rotation": {"angle": 45, "axis": "y", "origin": [8, 8.4375, 7.17893]},
			"faces": {
				"north": {"uv": [12.75, 14, 12.5, 12], "rotation": 90, "texture": "#1"},
				"east": {"uv": [12.5, 12.25, 12.75, 12], "rotation": 270, "texture": "#1"},
				"south": {"uv": [12.5, 14, 12.75, 12], "rotation": 270, "texture": "#1"},
				"west": {"uv": [12.5, 14, 12.75, 13.75], "rotation": 270, "texture": "#1"},
				"up": {"uv": [12.5, 14, 12.75, 12], "rotation": 270, "texture": "#1"},
				"down": {"uv": [12.5, 14, 12.75, 12], "rotation": 270, "texture": "#1"}
			}
		},
		{
			"name": "0067_62",
			"from": [6.8125, 13.1875, 11.92893],
			"to": [8.3125, 13.4375, 12.42893],
			"rotation": {"angle": 45, "axis": "y", "origin": [8, 8.4375, 7.17893]},
			"faces": {
				"north": {"uv": [13, 13.75, 12.75, 12.25], "rotation": 90, "texture": "#1"},
				"east": {"uv": [12.75, 12.5, 13, 12.25], "rotation": 270, "texture": "#1"},
				"south": {"uv": [12.75, 13.75, 13, 12.25], "rotation": 270, "texture": "#1"},
				"west": {"uv": [12.75, 13.75, 13, 13.5], "rotation": 270, "texture": "#1"},
				"up": {"uv": [12.75, 13.75, 13, 12.25], "rotation": 270, "texture": "#1"},
				"down": {"uv": [12.75, 13.75, 13, 12.25], "rotation": 270, "texture": "#1"}
			}
		},
		{
			"name": "0067_63",
			"from": [7.0625, 13.4375, 11.92893],
			"to": [8.0625, 13.6875, 12.42893],
			"rotation": {"angle": 45, "axis": "y", "origin": [8, 8.4375, 7.17893]},
			"faces": {
				"north": {"uv": [13.25, 13.5, 13, 12.5], "rotation": 90, "texture": "#1"},
				"east": {"uv": [13, 12.75, 13.25, 12.5], "rotation": 270, "texture": "#1"},
				"south": {"uv": [13, 13.5, 13.25, 12.5], "rotation": 270, "texture": "#1"},
				"west": {"uv": [13, 13.5, 13.25, 13.25], "rotation": 270, "texture": "#1"},
				"up": {"uv": [13, 13.5, 13.25, 12.5], "rotation": 270, "texture": "#1"},
				"down": {"uv": [13, 13.5, 13.25, 12.5], "rotation": 270, "texture": "#1"}
			}
		},
		{
			"name": "0067_64",
			"from": [7.3125, 13.6875, 11.92893],
			"to": [7.8125, 13.9375, 12.42893],
			"rotation": {"angle": 45, "axis": "y", "origin": [8, 8.4375, 7.17893]},
			"faces": {
				"north": {"uv": [13.5, 13.25, 13.25, 12.75], "rotation": 90, "texture": "#1"},
				"east": {"uv": [13.25, 13, 13.5, 12.75], "rotation": 270, "texture": "#1"},
				"south": {"uv": [13.25, 13.25, 13.5, 12.75], "rotation": 270, "texture": "#1"},
				"west": {"uv": [13.25, 13.25, 13.5, 13], "rotation": 270, "texture": "#1"},
				"up": {"uv": [13.25, 13.25, 13.5, 12.75], "rotation": 270, "texture": "#1"},
				"down": {"uv": [13.25, 13.25, 13.5, 12.75], "rotation": 270, "texture": "#1"}
			}
		}
	],
	"display": {
		"head": {
			"translation": [0, -20.75, 8.25],
			"scale": [3, 3, 3]
		}
	},
	"groups": [
		{
			"name": "0067",
			"origin": [8, 8, 8],
			"color": 0,
			"children": [
				0,
				1,
				2,
				3,
				4,
				5,
				6,
				7,
				8,
				9,
				10,
				11,
				12,
				13,
				14,
				15,
				16,
				17,
				18,
				19,
				20,
				21,
				22,
				23,
				24,
				25,
				26,
				27,
				28,
				29,
				30,
				31,
				32,
				33,
				34,
				35,
				36,
				37,
				38,
				39,
				40,
				41,
				42,
				43,
				44,
				45,
				46,
				47,
				48,
				49,
				50,
				51,
				52,
				53,
				54,
				55,
				56,
				57,
				58,
				59,
				60,
				61,
				62,
				63,
				64,
				65,
				66,
				67,
				68,
				69,
				70,
				71,
				72,
				73,
				74,
				75,
				76,
				77,
				78,
				79,
				80,
				81,
				82,
				83,
				84,
				85,
				86,
				87,
				88,
				89,
				90,
				91,
				92,
				93,
				94,
				95,
				96,
				97,
				98,
				99,
				100,
				101,
				102,
				103,
				104,
				105,
				106,
				107,
				108,
				109,
				110,
				111,
				112,
				113,
				114,
				115,
				116,
				117,
				118,
				119,
				120,
				121,
				122,
				123,
				124,
				125,
				126,
				127,
				128,
				129
			]
		}
	]
}