{
	"credit": "Made with Blockbench",
	"parent": "item/handheld",
	"textures": {
		"layer0": "items/1029"
	},
	"display": {
		"thirdperson_righthand": {
			"rotation": [37, -90, 0],
			"translation": [-0.5, 0.5, 0],
			"scale": [0.5, 0.5, 0.5]
		},
		"thirdperson_lefthand": {
			"rotation": [37, 90, 0],
			"translation": [-0.5, 0.5, 0],
			"scale": [0.5, 0.5, 0.5]
		},
		"firstperson_righthand": {
			"translation": [0, 2, 0],
			"scale": [0.5, 0.5, 1]
		},
		"firstperson_lefthand": {
			"translation": [0, 2, 0],
			"scale": [0.5, 0.5, 1]
		},
		"ground": {
			"rotation": [0, 0, 45],
			"translation": [0, -0.2, 0],
			"scale": [0.5, 0.5, 1]
		},
		"gui": {
			"scale": [0.75, 0.75, 1]
		},
		"head": {
			"rotation": [-90, 0, 0],
			"translation": [0, -4, 0],
			"scale": [0.5, 0.5, 1.5]
		},
		"fixed": {
			"rotation": [0, -180, 0]
		}
	}
}