{
	"credit": "Made with Blockbench",
	"parent": "item/handheld",
	"textures": {
		"layer0": "items/0194"
	},
	"display": {
		"thirdperson_righthand": {
			"rotation": [0, -90, 45],
			"translation": [0, 7, 2],
			"scale": [2, 2, 1]
		},
		"thirdperson_lefthand": {
			"rotation": [0, 90, -45],
			"translation": [0, 7, 2],
			"scale": [2, 2, 1]
		},
		"firstperson_righthand": {
			"rotation": [-70, 0, 45],
			"translation": [-4, 6, 2],
			"scale": [1, 1, 0.3]
		},
		"firstperson_lefthand": {
			"rotation": [-70, 0, -45],
			"translation": [-4, 6, 2],
			"scale": [1, 1, 0.3]
		},
		"ground": {
			"rotation": [90, 0, 0],
			"translation": [0, -3, 0],
			"scale": [3, 3, 1]
		},
		"gui": {
			"scale": [1.5, 1.5, 1]
		},
		"head": {
			"rotation": [0, 0, -180],
			"translation": [0, -12.5, 7.5],
			"scale": [3, 3, 1.5]
		}
	}
}