{
	"credit": "Made with Blockbench",
	"textures": {
		"0": "items/3d/halo (34)",
		"particle": "items/3d/halo (34)"
	},
	"elements": [
		{
			"name": "halo (34)_0",
			"from": [6.5, 0, 6.5],
			"to": [9.5, 0.25, 6.75],
			"faces": {
				"north": {"uv": [9.5, 6.5, 6.5, 6.75], "texture": "#0"},
				"east": {"uv": [9.25, 6.5, 9.5, 6.75], "rotation": 90, "texture": "#0"},
				"south": {"uv": [6.5, 6.5, 9.5, 6.75], "texture": "#0"},
				"west": {"uv": [6.5, 6.5, 6.75, 6.75], "rotation": 270, "texture": "#0"},
				"up": {"uv": [6.5, 6.5, 9.5, 6.75], "texture": "#0"},
				"down": {"uv": [6.5, 6.75, 9.5, 6.5], "texture": "#0"}
			}
		},
		{
			"name": "halo (34)_1",
			"from": [6.5, 0, 6.75],
			"to": [9.5, 0.25, 7],
			"faces": {
				"north": {"uv": [9.5, 6.75, 6.5, 7], "texture": "#0"},
				"east": {"uv": [9.25, 6.75, 9.5, 7], "rotation": 90, "texture": "#0"},
				"south": {"uv": [6.5, 6.75, 9.5, 7], "texture": "#0"},
				"west": {"uv": [6.5, 6.75, 6.75, 7], "rotation": 270, "texture": "#0"},
				"up": {"uv": [6.5, 6.75, 9.5, 7], "texture": "#0"},
				"down": {"uv": [6.5, 7, 9.5, 6.75], "texture": "#0"}
			}
		},
		{
			"name": "halo (34)_2",
			"from": [6.5, 0, 7],
			"to": [9.5, 0.25, 7.25],
			"faces": {
				"north": {"uv": [9.5, 7, 6.5, 7.25], "texture": "#0"},
				"east": {"uv": [9.25, 7, 9.5, 7.25], "rotation": 90, "texture": "#0"},
				"south": {"uv": [6.5, 7, 9.5, 7.25], "texture": "#0"},
				"west": {"uv": [6.5, 7, 6.75, 7.25], "rotation": 270, "texture": "#0"},
				"up": {"uv": [6.5, 7, 9.5, 7.25], "texture": "#0"},
				"down": {"uv": [6.5, 7.25, 9.5, 7], "texture": "#0"}
			}
		},
		{
			"name": "halo (34)_3",
			"from": [6.5, 0, 7.25],
			"to": [9.5, 0.25, 7.5],
			"faces": {
				"north": {"uv": [9.5, 7.25, 6.5, 7.5], "texture": "#0"},
				"east": {"uv": [9.25, 7.25, 9.5, 7.5], "rotation": 90, "texture": "#0"},
				"south": {"uv": [6.5, 7.25, 9.5, 7.5], "texture": "#0"},
				"west": {"uv": [6.5, 7.25, 6.75, 7.5], "rotation": 270, "texture": "#0"},
				"up": {"uv": [6.5, 7.25, 9.5, 7.5], "texture": "#0"},
				"down": {"uv": [6.5, 7.5, 9.5, 7.25], "texture": "#0"}
			}
		},
		{
			"name": "halo (34)_4",
			"from": [6.5, 0, 7.5],
			"to": [9.5, 0.25, 7.75],
			"faces": {
				"north": {"uv": [9.5, 7.5, 6.5, 7.75], "texture": "#0"},
				"east": {"uv": [9.25, 7.5, 9.5, 7.75], "rotation": 90, "texture": "#0"},
				"south": {"uv": [6.5, 7.5, 9.5, 7.75], "texture": "#0"},
				"west": {"uv": [6.5, 7.5, 6.75, 7.75], "rotation": 270, "texture": "#0"},
				"up": {"uv": [6.5, 7.5, 9.5, 7.75], "texture": "#0"},
				"down": {"uv": [6.5, 7.75, 9.5, 7.5], "texture": "#0"}
			}
		},
		{
			"name": "halo (34)_5",
			"from": [6.5, 0, 7.75],
			"to": [9.5, 0.25, 8],
			"faces": {
				"north": {"uv": [9.5, 7.75, 6.5, 8], "texture": "#0"},
				"east": {"uv": [9.25, 7.75, 9.5, 8], "rotation": 90, "texture": "#0"},
				"south": {"uv": [6.5, 7.75, 9.5, 8], "texture": "#0"},
				"west": {"uv": [6.5, 7.75, 6.75, 8], "rotation": 270, "texture": "#0"},
				"up": {"uv": [6.5, 7.75, 9.5, 8], "texture": "#0"},
				"down": {"uv": [6.5, 8, 9.5, 7.75], "texture": "#0"}
			}
		},
		{
			"name": "halo (34)_6",
			"from": [6.5, 0, 8],
			"to": [9.5, 0.25, 8.25],
			"faces": {
				"north": {"uv": [9.5, 8, 6.5, 8.25], "texture": "#0"},
				"east": {"uv": [9.25, 8, 9.5, 8.25], "rotation": 90, "texture": "#0"},
				"south": {"uv": [6.5, 8, 9.5, 8.25], "texture": "#0"},
				"west": {"uv": [6.5, 8, 6.75, 8.25], "rotation": 270, "texture": "#0"},
				"up": {"uv": [6.5, 8, 9.5, 8.25], "texture": "#0"},
				"down": {"uv": [6.5, 8.25, 9.5, 8], "texture": "#0"}
			}
		},
		{
			"name": "halo (34)_7",
			"from": [6.5, 0, 8.25],
			"to": [9.5, 0.25, 8.5],
			"faces": {
				"north": {"uv": [9.5, 8.25, 6.5, 8.5], "texture": "#0"},
				"east": {"uv": [9.25, 8.25, 9.5, 8.5], "rotation": 90, "texture": "#0"},
				"south": {"uv": [6.5, 8.25, 9.5, 8.5], "texture": "#0"},
				"west": {"uv": [6.5, 8.25, 6.75, 8.5], "rotation": 270, "texture": "#0"},
				"up": {"uv": [6.5, 8.25, 9.5, 8.5], "texture": "#0"},
				"down": {"uv": [6.5, 8.5, 9.5, 8.25], "texture": "#0"}
			}
		},
		{
			"name": "halo (34)_8",
			"from": [6.5, 0, 8.5],
			"to": [9.5, 0.25, 8.75],
			"faces": {
				"north": {"uv": [9.5, 8.5, 6.5, 8.75], "texture": "#0"},
				"east": {"uv": [9.25, 8.5, 9.5, 8.75], "rotation": 90, "texture": "#0"},
				"south": {"uv": [6.5, 8.5, 9.5, 8.75], "texture": "#0"},
				"west": {"uv": [6.5, 8.5, 6.75, 8.75], "rotation": 270, "texture": "#0"},
				"up": {"uv": [6.5, 8.5, 9.5, 8.75], "texture": "#0"},
				"down": {"uv": [6.5, 8.75, 9.5, 8.5], "texture": "#0"}
			}
		},
		{
			"name": "halo (34)_9",
			"from": [6.5, 0, 8.75],
			"to": [9.5, 0.25, 9],
			"faces": {
				"north": {"uv": [9.5, 8.75, 6.5, 9], "texture": "#0"},
				"east": {"uv": [9.25, 8.75, 9.5, 9], "rotation": 90, "texture": "#0"},
				"south": {"uv": [6.5, 8.75, 9.5, 9], "texture": "#0"},
				"west": {"uv": [6.5, 8.75, 6.75, 9], "rotation": 270, "texture": "#0"},
				"up": {"uv": [6.5, 8.75, 9.5, 9], "texture": "#0"},
				"down": {"uv": [6.5, 9, 9.5, 8.75], "texture": "#0"}
			}
		},
		{
			"name": "halo (34)_10",
			"from": [6.5, 0, 9],
			"to": [9.5, 0.25, 9.25],
			"faces": {
				"north": {"uv": [9.5, 9, 6.5, 9.25], "texture": "#0"},
				"east": {"uv": [9.25, 9, 9.5, 9.25], "rotation": 90, "texture": "#0"},
				"south": {"uv": [6.5, 9, 9.5, 9.25], "texture": "#0"},
				"west": {"uv": [6.5, 9, 6.75, 9.25], "rotation": 270, "texture": "#0"},
				"up": {"uv": [6.5, 9, 9.5, 9.25], "texture": "#0"},
				"down": {"uv": [6.5, 9.25, 9.5, 9], "texture": "#0"}
			}
		},
		{
			"name": "halo (34)_11",
			"from": [6.5, 0, 9.25],
			"to": [9.5, 0.25, 9.5],
			"faces": {
				"north": {"uv": [9.5, 9.25, 6.5, 9.5], "texture": "#0"},
				"east": {"uv": [9.25, 9.25, 9.5, 9.5], "rotation": 90, "texture": "#0"},
				"south": {"uv": [6.5, 9.25, 9.5, 9.5], "texture": "#0"},
				"west": {"uv": [6.5, 9.25, 6.75, 9.5], "rotation": 270, "texture": "#0"},
				"up": {"uv": [6.5, 9.25, 9.5, 9.5], "texture": "#0"},
				"down": {"uv": [6.5, 9.5, 9.5, 9.25], "texture": "#0"}
			}
		}
	],
	"display": {
		"gui": {
			"rotation": [90, 0, 0]
		},
		"head": {
			"rotation": [20, 0, 0],
			"translation": [0, 17, 10]
		}
	},
	"groups": [
		{
			"name": "halo (34)",
			"origin": [8, 8, 8],
			"color": 0,
			"children": [0, 1, 2, 3, 4, 5, 6, 7, 8, 9, 10, 11]
		}
	]
}