{
	"credit": "Made with Blockbench",
	"parent": "minecraft:item/handheld",
	"textures": {
		"layer0": "item/flash"
	},
	"display": {
		"thirdperson_righthand": {
			"translation": [-2, 0, -10],
			"scale": [1, 1, 0]
		},
		"thirdperson_lefthand": {
			"translation": [-2, 0, -10],
			"scale": [1, 1, 0]
		},
		"firstperson_righthand": {
			"translation": [-8, 8, -8],
			"scale": [1, 1, 0]
		},
		"firstperson_lefthand": {
			"translation": [-8, 8, -8],
			"scale": [1, 1, 0]
		},
		"gui": {
			"scale": [4, 4, 1]
		}
	}
}