{
	"credit": "Made with Blockbench",
	"textures": {
		"0": "blocks/planks_acacia",
		"1": "blocks/anvil_base",
		"2": "blocks/door_iron_upper",
		"3": "blocks/furnace_side",
		"particle": "blocks/planks_acacia"
	},
	"elements": [
		{
			"from": [-12.5, 7, 0],
			"to": [28.5, 7.5, 7],
			"faces": {
				"north": {"uv": [0, 0, 16, 0.5], "texture": "#0"},
				"east": {"uv": [0, 0, 7, 0.5], "texture": "#0"},
				"south": {"uv": [0, 0, 16, 0.5], "texture": "#0"},
				"west": {"uv": [0, 0, 7, 0.5], "texture": "#0"},
				"up": {"uv": [0, 0, 16, 8], "texture": "#0"},
				"down": {"uv": [0, 0, 16, 7], "texture": "#0"}
			}
		},
		{
			"from": [0.5, 5, 19],
			"to": [15.5, 5.5, 24],
			"faces": {
				"north": {"uv": [0, 0, 15, 0.5], "texture": "#0"},
				"east": {"uv": [0, 0, 5, 0.5], "texture": "#0"},
				"south": {"uv": [0, 0, 15, 0.5], "texture": "#0"},
				"west": {"uv": [0, 0, 5, 0.5], "texture": "#0"},
				"up": {"uv": [0, 0, 15, 5], "texture": "#0"},
				"down": {"uv": [0, 0, 15, 5], "texture": "#0"}
			}
		},
		{
			"from": [7.75, 4, 21.5],
			"to": [8.25, 8.5, 24.5],
			"rotation": {"angle": 0, "axis": "y", "origin": [8, 6.25, 14.5]},
			"faces": {
				"north": {"uv": [0, 0, 0.5, 4.5], "texture": "#0"},
				"east": {"uv": [0, 0, 3, 4.5], "texture": "#0"},
				"south": {"uv": [0, 0, 0.5, 4.5], "texture": "#0"},
				"west": {"uv": [0, 0, 3, 4.5], "texture": "#0"},
				"up": {"uv": [0, 0, 0.5, 3], "texture": "#0"},
				"down": {"uv": [0, 0, 0.5, 3], "texture": "#0"}
			}
		},
		{
			"from": [7.75, 3, 21],
			"to": [8.25, 7.5, 24],
			"rotation": {"angle": 22.5, "axis": "x", "origin": [8, 6.75, 23.5]},
			"faces": {
				"north": {"uv": [0, 0, 0.5, 4.5], "texture": "#0"},
				"east": {"uv": [0, 0, 3, 4.5], "texture": "#0"},
				"south": {"uv": [0, 0, 0.5, 4.5], "texture": "#0"},
				"west": {"uv": [0, 0, 3, 4.5], "texture": "#0"},
				"up": {"uv": [0, 0, 0.5, 3], "texture": "#0"},
				"down": {"uv": [0, 0, 0.5, 3], "texture": "#0"}
			}
		},
		{
			"from": [7.75, 1, 23],
			"to": [8.25, 4.5, 24],
			"rotation": {"angle": 0, "axis": "y", "origin": [8, 6.25, 14.5]},
			"faces": {
				"north": {"uv": [0, 0, 0.5, 3.5], "texture": "#1"},
				"east": {"uv": [0, 0, 1, 3.5], "texture": "#1"},
				"south": {"uv": [0, 0, 0.5, 3.5], "texture": "#1"},
				"west": {"uv": [0, 0, 1, 3.5], "texture": "#1"},
				"up": {"uv": [0, 0, 0.5, 1], "texture": "#1"},
				"down": {"uv": [0, 0, 0.5, 1], "texture": "#1"}
			}
		},
		{
			"from": [5.75, 5, 0],
			"to": [10.25, 7.5, 0.25],
			"rotation": {"angle": 45, "axis": "x", "origin": [8, 5.75, 0.125]},
			"faces": {
				"north": {"uv": [1, 1, 15, 16], "texture": "#2"},
				"east": {"uv": [0, 0, 0.25, 1.5], "texture": "#2"},
				"south": {"uv": [1, 1, 15, 16], "texture": "#2"},
				"west": {"uv": [0, 0, 0.25, 1.5], "texture": "#2"},
				"up": {"uv": [0, 0, 2.5, 0.25], "texture": "#2"},
				"down": {"uv": [0, 0, 2.5, 0.25], "texture": "#2"}
			}
		},
		{
			"from": [-8.5, 1, 0],
			"to": [24.5, 1.5, 6],
			"faces": {
				"north": {"uv": [0, 0, 16, 0.5], "texture": "#0"},
				"east": {"uv": [0, 0, 6, 0.5], "texture": "#0"},
				"south": {"uv": [0, 0, 16, 0.5], "texture": "#0"},
				"west": {"uv": [0, 0, 6, 0.5], "texture": "#0"},
				"up": {"uv": [0, 0, 16, 6], "texture": "#0"},
				"down": {"uv": [0, 0, 16, 6], "texture": "#0"}
			}
		},
		{
			"from": [5.75, 1, 4],
			"to": [6.25, 5.5, 12],
			"rotation": {"angle": 0, "axis": "y", "origin": [7.5, 4.25, 12]},
			"faces": {
				"north": {"uv": [0, 0, 0.5, 4.5], "texture": "#0"},
				"east": {"uv": [0, 0, 8, 4.5], "texture": "#0"},
				"south": {"uv": [0, 0, 0.5, 4.5], "texture": "#0"},
				"west": {"uv": [0, 0, 8, 4.5], "texture": "#0"},
				"up": {"uv": [0, 0, 0.5, 8], "texture": "#0"},
				"down": {"uv": [0, 0, 0.5, 8], "texture": "#0"}
			}
		},
		{
			"from": [7.75, 3, -2.5],
			"to": [8.25, 3.5, 0],
			"rotation": {"angle": 0, "axis": "y", "origin": [7.5, 4.25, 12]},
			"faces": {
				"north": {"uv": [0, 0, 0.5, 0.5], "texture": "#1"},
				"east": {"uv": [0, 0, 2.5, 0.5], "texture": "#1"},
				"south": {"uv": [0, 0, 0.5, 0.5], "texture": "#1"},
				"west": {"uv": [0, 0, 2.5, 0.5], "texture": "#1"},
				"up": {"uv": [0, 0, 0.5, 2.5], "texture": "#1"},
				"down": {"uv": [0, 0, 0.5, 2.5], "texture": "#1"}
			}
		},
		{
			"from": [4.75, 2.5, -2],
			"to": [11.25, 4, -1.75],
			"rotation": {"angle": -45, "axis": "z", "origin": [8, 3.25, -1]},
			"faces": {
				"north": {"uv": [0, 0, 6.5, 1.5], "texture": "#1"},
				"east": {"uv": [0, 0, 0.25, 1.5], "texture": "#1"},
				"south": {"uv": [0, 0, 6.5, 1.5], "texture": "#1"},
				"west": {"uv": [0, 0, 0.25, 1.5], "texture": "#1"},
				"up": {"uv": [0, 0, 6.5, 0.25], "texture": "#1"},
				"down": {"uv": [0, 0, 6.5, 0.25], "texture": "#1"}
			}
		},
		{
			"from": [4.75, 2.5, -2],
			"to": [11.25, 4, -1.75],
			"rotation": {"angle": 45, "axis": "z", "origin": [8, 3.25, -1]},
			"faces": {
				"north": {"uv": [0, 0, 6.5, 1.5], "texture": "#1"},
				"east": {"uv": [0, 0, 0.25, 1.5], "texture": "#1"},
				"south": {"uv": [0, 0, 6.5, 1.5], "texture": "#1"},
				"west": {"uv": [0, 0, 0.25, 1.5], "texture": "#1"},
				"up": {"uv": [0, 0, 6.5, 0.25], "texture": "#1"},
				"down": {"uv": [0, 0, 6.5, 0.25], "texture": "#1"}
			}
		},
		{
			"from": [6.75, 2, 12],
			"to": [9.25, 5.5, 19],
			"rotation": {"angle": 0, "axis": "y", "origin": [7.5, 4.25, 12]},
			"faces": {
				"north": {"uv": [0, 0, 2.5, 3.5], "texture": "#0"},
				"east": {"uv": [0, 0, 7, 3.5], "texture": "#0"},
				"south": {"uv": [0, 0, 2.5, 3.5], "texture": "#0"},
				"west": {"uv": [0, 0, 7, 3.5], "texture": "#0"},
				"up": {"uv": [0, 0, 2.5, 7], "texture": "#0"},
				"down": {"uv": [0, 0, 2.5, 7], "texture": "#0"}
			}
		},
		{
			"from": [7.25, 5, 10],
			"to": [8.75, 6.5, 23],
			"rotation": {"angle": 0, "axis": "y", "origin": [7.5, 4.25, 12]},
			"faces": {
				"north": {"uv": [0, 0, 1.5, 1.5], "texture": "#1"},
				"east": {"uv": [0, 0, 13, 1.5], "texture": "#1"},
				"south": {"uv": [0, 0, 1.5, 1.5], "texture": "#1"},
				"west": {"uv": [0, 0, 13, 1.5], "texture": "#1"},
				"up": {"uv": [0, 0, 1.5, 13], "texture": "#1"},
				"down": {"uv": [0, 0, 1.5, 13], "texture": "#1"}
			}
		},
		{
			"from": [5.75, 1, -1],
			"to": [10.25, 5.5, 4],
			"rotation": {"angle": 0, "axis": "y", "origin": [7.5, 4.25, 12]},
			"faces": {
				"north": {"uv": [0, 0, 16, 16], "texture": "#3"},
				"east": {"uv": [0, 0, 16, 16], "texture": "#3"},
				"south": {"uv": [0, 0, 16, 16], "texture": "#3"},
				"west": {"uv": [0, 0, 16, 16], "texture": "#3"},
				"up": {"uv": [0, 0, 16, 16], "texture": "#3"},
				"down": {"uv": [0, 0, 16, 16], "texture": "#3"}
			}
		},
		{
			"from": [5.75, 1, 6],
			"to": [10.25, 1.5, 12],
			"rotation": {"angle": 0, "axis": "y", "origin": [7.5, 4.25, 12]},
			"faces": {
				"north": {"uv": [0, 0, 4.5, 0.5], "texture": "#0"},
				"east": {"uv": [0, 0, 6, 0.5], "texture": "#0"},
				"south": {"uv": [0, 0, 4.5, 0.5], "texture": "#0"},
				"west": {"uv": [0, 0, 6, 0.5], "texture": "#0"},
				"up": {"uv": [0, 0, 4.5, 6], "texture": "#0"},
				"down": {"uv": [0, 0, 4.5, 6], "texture": "#0"}
			}
		},
		{
			"from": [5.75, 1, 9],
			"to": [10.25, 5.5, 12],
			"rotation": {"angle": 0, "axis": "y", "origin": [7.5, 4.25, 12]},
			"faces": {
				"north": {"uv": [0, 0, 4.5, 4.5], "texture": "#0"},
				"east": {"uv": [0, 0, 3, 4.5], "texture": "#0"},
				"south": {"uv": [0, 0, 4.5, 4.5], "texture": "#0"},
				"west": {"uv": [0, 0, 3, 4.5], "texture": "#0"},
				"up": {"uv": [0, 0, 4.5, 3], "texture": "#0"},
				"down": {"uv": [0, 0, 4.5, 3], "texture": "#0"}
			}
		},
		{
			"from": [6.75, 3, 17],
			"to": [9.25, 5.5, 24],
			"rotation": {"angle": 0, "axis": "y", "origin": [7.5, 4.25, 12]},
			"faces": {
				"north": {"uv": [0, 0, 2.5, 2.5], "texture": "#0"},
				"east": {"uv": [0, 0, 7, 2.5], "texture": "#0"},
				"south": {"uv": [0, 0, 2.5, 2.5], "texture": "#0"},
				"west": {"uv": [0, 0, 7, 2.5], "texture": "#0"},
				"up": {"uv": [0, 0, 2.5, 7], "texture": "#0"},
				"down": {"uv": [0, 0, 2.5, 7], "texture": "#0"}
			}
		},
		{
			"from": [6, 4, 0],
			"to": [6.5, 7, 0.5],
			"rotation": {"angle": 45, "axis": "z", "origin": [5.25, 5, 0.25]},
			"faces": {
				"north": {"uv": [0, 0, 0.5, 3], "texture": "#1"},
				"east": {"uv": [0, 0, 0.5, 3], "texture": "#1"},
				"south": {"uv": [0, 0, 0.5, 3], "texture": "#1"},
				"west": {"uv": [0, 0, 0.5, 3], "texture": "#1"},
				"up": {"uv": [0, 0, 0.5, 0.5], "texture": "#1"},
				"down": {"uv": [0, 0, 0.5, 0.5], "texture": "#1"}
			}
		},
		{
			"from": [6, 4, 3],
			"to": [6.5, 7, 3.5],
			"rotation": {"angle": 45, "axis": "z", "origin": [5.25, 5, 0.25]},
			"faces": {
				"north": {"uv": [0, 0, 0.5, 3], "texture": "#1"},
				"east": {"uv": [0, 0, 0.5, 3], "texture": "#1"},
				"south": {"uv": [0, 0, 0.5, 3], "texture": "#1"},
				"west": {"uv": [0, 0, 0.5, 3], "texture": "#1"},
				"up": {"uv": [0, 0, 0.5, 0.5], "texture": "#1"},
				"down": {"uv": [0, 0, 0.5, 0.5], "texture": "#1"}
			}
		},
		{
			"from": [0.75736, 0.5, 2],
			"to": [1.25736, 7.5, 3.5],
			"rotation": {"angle": 22.5, "axis": "z", "origin": [1.00736, 5, 2.75]},
			"faces": {
				"north": {"uv": [0, 0, 0.5, 7], "texture": "#1"},
				"east": {"uv": [0, 0, 1.5, 7], "texture": "#1"},
				"south": {"uv": [0, 0, 0.5, 7], "texture": "#1"},
				"west": {"uv": [0, 0, 1.5, 7], "texture": "#1"},
				"up": {"uv": [0, 0, 0.5, 1.5], "texture": "#1"},
				"down": {"uv": [0, 0, 0.5, 1.5], "texture": "#1"}
			}
		},
		{
			"from": [4.93934, -1.18198, 2],
			"to": [5.43934, 1.81802, 3.5],
			"rotation": {"angle": 22.5, "axis": "x", "origin": [4.18934, 1.81802, 2.75]},
			"faces": {
				"north": {"uv": [0, 0, 0.5, 3], "texture": "#0"},
				"east": {"uv": [0, 0, 1.5, 3], "texture": "#0"},
				"south": {"uv": [0, 0, 0.5, 3], "texture": "#0"},
				"west": {"uv": [0, 0, 1.5, 3], "texture": "#0"},
				"up": {"uv": [0, 0, 0.5, 1.5], "texture": "#0"},
				"down": {"uv": [0, 0, 0.5, 1.5], "texture": "#0"}
			}
		},
		{
			"from": [4.93934, -2.89653, 0.06494],
			"to": [5.43934, -0.39653, 2.56494],
			"rotation": {"angle": -22.5, "axis": "x", "origin": [5.18934, -1.64653, 1.31494]},
			"faces": {
				"north": {"uv": [0, 0, 0.5, 2.5], "texture": "#1"},
				"east": {"uv": [0, 0, 2.5, 2.5], "texture": "#1"},
				"south": {"uv": [0, 0, 0.5, 2.5], "texture": "#1"},
				"west": {"uv": [0, 0, 2.5, 2.5], "texture": "#1"},
				"up": {"uv": [0, 0, 0.5, 2.5], "texture": "#1"},
				"down": {"uv": [0, 0, 0.5, 2.5], "texture": "#1"}
			}
		},
		{
			"from": [10.56066, -2.89653, 0.06494],
			"to": [11.06066, -0.39653, 2.56494],
			"rotation": {"angle": -22.5, "axis": "x", "origin": [10.81066, -1.64653, 1.31494]},
			"faces": {
				"north": {"uv": [0.5, 0, 0, 2.5], "texture": "#1"},
				"east": {"uv": [2.5, 0, 0, 2.5], "texture": "#1"},
				"south": {"uv": [0.5, 0, 0, 2.5], "texture": "#1"},
				"west": {"uv": [2.5, 0, 0, 2.5], "texture": "#1"},
				"up": {"uv": [0.5, 0, 0, 2.5], "texture": "#1"},
				"down": {"uv": [0.5, 0, 0, 2.5], "texture": "#1"}
			}
		},
		{
			"from": [9.5, 4, 0],
			"to": [10, 7, 0.5],
			"rotation": {"angle": -45, "axis": "z", "origin": [10.75, 5, 0.25]},
			"faces": {
				"north": {"uv": [0.5, 0, 0, 3], "texture": "#1"},
				"east": {"uv": [0.5, 0, 0, 3], "texture": "#1"},
				"south": {"uv": [0.5, 0, 0, 3], "texture": "#1"},
				"west": {"uv": [0.5, 0, 0, 3], "texture": "#1"},
				"up": {"uv": [0.5, 0, 0, 0.5], "texture": "#1"},
				"down": {"uv": [0.5, 0, 0, 0.5], "texture": "#1"}
			}
		},
		{
			"from": [9.5, 4, 3],
			"to": [10, 7, 3.5],
			"rotation": {"angle": -45, "axis": "z", "origin": [10.75, 5, 0.25]},
			"faces": {
				"north": {"uv": [0.5, 0, 0, 3], "texture": "#1"},
				"east": {"uv": [0.5, 0, 0, 3], "texture": "#1"},
				"south": {"uv": [0.5, 0, 0, 3], "texture": "#1"},
				"west": {"uv": [0.5, 0, 0, 3], "texture": "#1"},
				"up": {"uv": [0.5, 0, 0, 0.5], "texture": "#1"},
				"down": {"uv": [0.5, 0, 0, 0.5], "texture": "#1"}
			}
		},
		{
			"from": [14.74264, 0.5, 2],
			"to": [15.24264, 7.5, 3.5],
			"rotation": {"angle": -22.5, "axis": "z", "origin": [14.99264, 5, 2.75]},
			"faces": {
				"north": {"uv": [0.5, 0, 0, 7], "texture": "#1"},
				"east": {"uv": [1.5, 0, 0, 7], "texture": "#1"},
				"south": {"uv": [0.5, 0, 0, 7], "texture": "#1"},
				"west": {"uv": [1.5, 0, 0, 7], "texture": "#1"},
				"up": {"uv": [0.5, 0, 0, 1.5], "texture": "#1"},
				"down": {"uv": [0.5, 0, 0, 1.5], "texture": "#1"}
			}
		},
		{
			"from": [10.56066, -1.18198, 2],
			"to": [11.06066, 1.81802, 3.5],
			"rotation": {"angle": 22.5, "axis": "x", "origin": [11.81066, 1.81802, 2.75]},
			"faces": {
				"north": {"uv": [0.5, 0, 0, 3], "texture": "#0"},
				"east": {"uv": [1.5, 0, 0, 3], "texture": "#0"},
				"south": {"uv": [0.5, 0, 0, 3], "texture": "#0"},
				"west": {"uv": [1.5, 0, 0, 3], "texture": "#0"},
				"up": {"uv": [0.5, 0, 0, 1.5], "texture": "#0"},
				"down": {"uv": [0.5, 0, 0, 1.5], "texture": "#0"}
			}
		},
		{
			"from": [9.75, 1, 4],
			"to": [10.25, 5.5, 12],
			"rotation": {"angle": 0, "axis": "y", "origin": [8.5, 4.25, 12]},
			"faces": {
				"north": {"uv": [0.5, 0, 1, 4.5], "texture": "#0"},
				"east": {"uv": [3, 0, 11, 4.5], "texture": "#0"},
				"south": {"uv": [0.5, 0, 1, 4.5], "texture": "#0"},
				"west": {"uv": [3, 0, 11, 4.5], "texture": "#0"},
				"up": {"uv": [0.5, 0, 1, 8], "texture": "#0"},
				"down": {"uv": [0.5, 0, 1, 8], "texture": "#0"}
			}
		}
	],
	"display": {
		"head": {
			"rotation": [6, 0, 0],
			"translation": [0, 3.5, 5],
			"scale": [4, 4, 4]
		}
	}
}