{
	"credit": "Made with Blockbench",
	"textures": {
		"0": "items/3d/halo (45)",
		"particle": "items/3d/halo (45)"
	},
	"elements": [
		{
			"name": "halo (45)_0",
			"from": [2.25, 0, 7.5],
			"to": [13.75, 0.25, 7.75],
			"faces": {
				"north": {"uv": [13.75, 7.5, 2.25, 7.75], "texture": "#0"},
				"east": {"uv": [13.5, 7.5, 13.75, 7.75], "rotation": 90, "texture": "#0"},
				"south": {"uv": [2.25, 7.5, 13.75, 7.75], "texture": "#0"},
				"west": {"uv": [2.25, 7.5, 2.5, 7.75], "rotation": 270, "texture": "#0"},
				"up": {"uv": [2.25, 7.5, 13.75, 7.75], "texture": "#0"},
				"down": {"uv": [2.25, 7.75, 13.75, 7.5], "texture": "#0"}
			}
		},
		{
			"name": "halo (45)_1",
			"from": [2.25, 0, 7.75],
			"to": [13.75, 0.25, 8],
			"faces": {
				"north": {"uv": [13.75, 7.75, 2.25, 8], "texture": "#0"},
				"east": {"uv": [13.5, 7.75, 13.75, 8], "rotation": 90, "texture": "#0"},
				"south": {"uv": [2.25, 7.75, 13.75, 8], "texture": "#0"},
				"west": {"uv": [2.25, 7.75, 2.5, 8], "rotation": 270, "texture": "#0"},
				"up": {"uv": [2.25, 7.75, 13.75, 8], "texture": "#0"},
				"down": {"uv": [2.25, 8, 13.75, 7.75], "texture": "#0"}
			}
		},
		{
			"name": "halo (45)_2",
			"from": [2.25, 0, 8],
			"to": [13.75, 0.25, 8.25],
			"faces": {
				"north": {"uv": [13.75, 8, 2.25, 8.25], "texture": "#0"},
				"east": {"uv": [13.5, 8, 13.75, 8.25], "rotation": 90, "texture": "#0"},
				"south": {"uv": [2.25, 8, 13.75, 8.25], "texture": "#0"},
				"west": {"uv": [2.25, 8, 2.5, 8.25], "rotation": 270, "texture": "#0"},
				"up": {"uv": [2.25, 8, 13.75, 8.25], "texture": "#0"},
				"down": {"uv": [2.25, 8.25, 13.75, 8], "texture": "#0"}
			}
		},
		{
			"name": "halo (45)_3",
			"from": [2.25, 0, 8.25],
			"to": [13.75, 0.25, 8.5],
			"faces": {
				"north": {"uv": [13.75, 8.25, 2.25, 8.5], "texture": "#0"},
				"east": {"uv": [13.5, 8.25, 13.75, 8.5], "rotation": 90, "texture": "#0"},
				"south": {"uv": [2.25, 8.25, 13.75, 8.5], "texture": "#0"},
				"west": {"uv": [2.25, 8.25, 2.5, 8.5], "rotation": 270, "texture": "#0"},
				"up": {"uv": [2.25, 8.25, 13.75, 8.5], "texture": "#0"},
				"down": {"uv": [2.25, 8.5, 13.75, 8.25], "texture": "#0"}
			}
		}
	],
	"display": {
		"gui": {
			"rotation": [90, 0, 0]
		},
		"head": {
			"rotation": [20, 0, 0],
			"translation": [0, 17, 10]
		}
	},
	"groups": [
		{
			"name": "halo (45)",
			"origin": [8, 8, 8],
			"color": 0,
			"children": [0, 1, 2, 3]
		}
	]
}