{
	"credit": "Made with Blockbench",
	"textures": {
		"0": "items/3d/halo (25)",
		"particle": "items/3d/halo (25)"
	},
	"elements": [
		{
			"name": "halo (25)_0",
			"from": [7.75, 0, 4.25],
			"to": [8.25, 0.25, 4.5],
			"faces": {
				"north": {"uv": [8.25, 4.25, 7.75, 4.5], "texture": "#0"},
				"east": {"uv": [8, 4.25, 8.25, 4.5], "rotation": 90, "texture": "#0"},
				"south": {"uv": [7.75, 4.25, 8.25, 4.5], "texture": "#0"},
				"west": {"uv": [7.75, 4.25, 8, 4.5], "rotation": 270, "texture": "#0"},
				"up": {"uv": [7.75, 4.25, 8.25, 4.5], "texture": "#0"},
				"down": {"uv": [7.75, 4.5, 8.25, 4.25], "texture": "#0"}
			}
		},
		{
			"name": "halo (25)_1",
			"from": [7.5, 0, 4.5],
			"to": [8.5, 0.25, 4.75],
			"faces": {
				"north": {"uv": [8.5, 4.5, 7.5, 4.75], "texture": "#0"},
				"east": {"uv": [8.25, 4.5, 8.5, 4.75], "rotation": 90, "texture": "#0"},
				"south": {"uv": [7.5, 4.5, 8.5, 4.75], "texture": "#0"},
				"west": {"uv": [7.5, 4.5, 7.75, 4.75], "rotation": 270, "texture": "#0"},
				"up": {"uv": [7.5, 4.5, 8.5, 4.75], "texture": "#0"},
				"down": {"uv": [7.5, 4.75, 8.5, 4.5], "texture": "#0"}
			}
		},
		{
			"name": "halo (25)_2",
			"from": [7.25, 0, 4.75],
			"to": [8.75, 0.25, 5],
			"faces": {
				"north": {"uv": [8.75, 4.75, 7.25, 5], "texture": "#0"},
				"east": {"uv": [8.5, 4.75, 8.75, 5], "rotation": 90, "texture": "#0"},
				"south": {"uv": [7.25, 4.75, 8.75, 5], "texture": "#0"},
				"west": {"uv": [7.25, 4.75, 7.5, 5], "rotation": 270, "texture": "#0"},
				"up": {"uv": [7.25, 4.75, 8.75, 5], "texture": "#0"},
				"down": {"uv": [7.25, 5, 8.75, 4.75], "texture": "#0"}
			}
		},
		{
			"name": "halo (25)_3",
			"from": [7, 0, 5],
			"to": [9, 0.25, 5.25],
			"faces": {
				"north": {"uv": [9, 5, 7, 5.25], "texture": "#0"},
				"east": {"uv": [8.75, 5, 9, 5.25], "rotation": 90, "texture": "#0"},
				"south": {"uv": [7, 5, 9, 5.25], "texture": "#0"},
				"west": {"uv": [7, 5, 7.25, 5.25], "rotation": 270, "texture": "#0"},
				"up": {"uv": [7, 5, 9, 5.25], "texture": "#0"},
				"down": {"uv": [7, 5.25, 9, 5], "texture": "#0"}
			}
		},
		{
			"name": "halo (25)_4",
			"from": [6.75, 0, 5.25],
			"to": [9.25, 0.25, 5.5],
			"faces": {
				"north": {"uv": [9.25, 5.25, 6.75, 5.5], "texture": "#0"},
				"east": {"uv": [9, 5.25, 9.25, 5.5], "rotation": 90, "texture": "#0"},
				"south": {"uv": [6.75, 5.25, 9.25, 5.5], "texture": "#0"},
				"west": {"uv": [6.75, 5.25, 7, 5.5], "rotation": 270, "texture": "#0"},
				"up": {"uv": [6.75, 5.25, 9.25, 5.5], "texture": "#0"},
				"down": {"uv": [6.75, 5.5, 9.25, 5.25], "texture": "#0"}
			}
		},
		{
			"name": "halo (25)_5",
			"from": [6.5, 0, 5.5],
			"to": [9.5, 0.25, 5.75],
			"faces": {
				"north": {"uv": [9.5, 5.5, 6.5, 5.75], "texture": "#0"},
				"east": {"uv": [9.25, 5.5, 9.5, 5.75], "rotation": 90, "texture": "#0"},
				"south": {"uv": [6.5, 5.5, 9.5, 5.75], "texture": "#0"},
				"west": {"uv": [6.5, 5.5, 6.75, 5.75], "rotation": 270, "texture": "#0"},
				"up": {"uv": [6.5, 5.5, 9.5, 5.75], "texture": "#0"},
				"down": {"uv": [6.5, 5.75, 9.5, 5.5], "texture": "#0"}
			}
		},
		{
			"name": "halo (25)_6",
			"from": [6.25, 0, 5.75],
			"to": [9.75, 0.25, 6],
			"faces": {
				"north": {"uv": [9.75, 5.75, 6.25, 6], "texture": "#0"},
				"east": {"uv": [9.5, 5.75, 9.75, 6], "rotation": 90, "texture": "#0"},
				"south": {"uv": [6.25, 5.75, 9.75, 6], "texture": "#0"},
				"west": {"uv": [6.25, 5.75, 6.5, 6], "rotation": 270, "texture": "#0"},
				"up": {"uv": [6.25, 5.75, 9.75, 6], "texture": "#0"},
				"down": {"uv": [6.25, 6, 9.75, 5.75], "texture": "#0"}
			}
		},
		{
			"name": "halo (25)_7",
			"from": [6, 0, 6],
			"to": [10, 0.25, 6.25],
			"faces": {
				"north": {"uv": [10, 6, 6, 6.25], "texture": "#0"},
				"east": {"uv": [9.75, 6, 10, 6.25], "rotation": 90, "texture": "#0"},
				"south": {"uv": [6, 6, 10, 6.25], "texture": "#0"},
				"west": {"uv": [6, 6, 6.25, 6.25], "rotation": 270, "texture": "#0"},
				"up": {"uv": [6, 6, 10, 6.25], "texture": "#0"},
				"down": {"uv": [6, 6.25, 10, 6], "texture": "#0"}
			}
		},
		{
			"name": "halo (25)_8",
			"from": [5.75, 0, 6.25],
			"to": [10.25, 0.25, 6.5],
			"faces": {
				"north": {"uv": [10.25, 6.25, 5.75, 6.5], "texture": "#0"},
				"east": {"uv": [10, 6.25, 10.25, 6.5], "rotation": 90, "texture": "#0"},
				"south": {"uv": [5.75, 6.25, 10.25, 6.5], "texture": "#0"},
				"west": {"uv": [5.75, 6.25, 6, 6.5], "rotation": 270, "texture": "#0"},
				"up": {"uv": [5.75, 6.25, 10.25, 6.5], "texture": "#0"},
				"down": {"uv": [5.75, 6.5, 10.25, 6.25], "texture": "#0"}
			}
		},
		{
			"name": "halo (25)_9",
			"from": [5.5, 0, 6.5],
			"to": [10.5, 0.25, 6.75],
			"faces": {
				"north": {"uv": [10.5, 6.5, 5.5, 6.75], "texture": "#0"},
				"east": {"uv": [10.25, 6.5, 10.5, 6.75], "rotation": 90, "texture": "#0"},
				"south": {"uv": [5.5, 6.5, 10.5, 6.75], "texture": "#0"},
				"west": {"uv": [5.5, 6.5, 5.75, 6.75], "rotation": 270, "texture": "#0"},
				"up": {"uv": [5.5, 6.5, 10.5, 6.75], "texture": "#0"},
				"down": {"uv": [5.5, 6.75, 10.5, 6.5], "texture": "#0"}
			}
		},
		{
			"name": "halo (25)_10",
			"from": [5.25, 0, 6.75],
			"to": [10.75, 0.25, 7],
			"faces": {
				"north": {"uv": [10.75, 6.75, 5.25, 7], "texture": "#0"},
				"east": {"uv": [10.5, 6.75, 10.75, 7], "rotation": 90, "texture": "#0"},
				"south": {"uv": [5.25, 6.75, 10.75, 7], "texture": "#0"},
				"west": {"uv": [5.25, 6.75, 5.5, 7], "rotation": 270, "texture": "#0"},
				"up": {"uv": [5.25, 6.75, 10.75, 7], "texture": "#0"},
				"down": {"uv": [5.25, 7, 10.75, 6.75], "texture": "#0"}
			}
		},
		{
			"name": "halo (25)_11",
			"from": [5, 0, 7],
			"to": [11, 0.25, 7.25],
			"faces": {
				"north": {"uv": [11, 7, 5, 7.25], "texture": "#0"},
				"east": {"uv": [10.75, 7, 11, 7.25], "rotation": 90, "texture": "#0"},
				"south": {"uv": [5, 7, 11, 7.25], "texture": "#0"},
				"west": {"uv": [5, 7, 5.25, 7.25], "rotation": 270, "texture": "#0"},
				"up": {"uv": [5, 7, 11, 7.25], "texture": "#0"},
				"down": {"uv": [5, 7.25, 11, 7], "texture": "#0"}
			}
		},
		{
			"name": "halo (25)_12",
			"from": [4.75, 0, 7.25],
			"to": [11.25, 0.25, 7.5],
			"faces": {
				"north": {"uv": [11.25, 7.25, 4.75, 7.5], "texture": "#0"},
				"east": {"uv": [11, 7.25, 11.25, 7.5], "rotation": 90, "texture": "#0"},
				"south": {"uv": [4.75, 7.25, 11.25, 7.5], "texture": "#0"},
				"west": {"uv": [4.75, 7.25, 5, 7.5], "rotation": 270, "texture": "#0"},
				"up": {"uv": [4.75, 7.25, 11.25, 7.5], "texture": "#0"},
				"down": {"uv": [4.75, 7.5, 11.25, 7.25], "texture": "#0"}
			}
		},
		{
			"name": "halo (25)_13",
			"from": [4.5, 0, 7.5],
			"to": [11.5, 0.25, 7.75],
			"faces": {
				"north": {"uv": [11.5, 7.5, 4.5, 7.75], "texture": "#0"},
				"east": {"uv": [11.25, 7.5, 11.5, 7.75], "rotation": 90, "texture": "#0"},
				"south": {"uv": [4.5, 7.5, 11.5, 7.75], "texture": "#0"},
				"west": {"uv": [4.5, 7.5, 4.75, 7.75], "rotation": 270, "texture": "#0"},
				"up": {"uv": [4.5, 7.5, 11.5, 7.75], "texture": "#0"},
				"down": {"uv": [4.5, 7.75, 11.5, 7.5], "texture": "#0"}
			}
		},
		{
			"name": "halo (25)_14",
			"from": [4.25, 0, 7.75],
			"to": [11.75, 0.25, 8],
			"faces": {
				"north": {"uv": [11.75, 7.75, 4.25, 8], "texture": "#0"},
				"east": {"uv": [11.5, 7.75, 11.75, 8], "rotation": 90, "texture": "#0"},
				"south": {"uv": [4.25, 7.75, 11.75, 8], "texture": "#0"},
				"west": {"uv": [4.25, 7.75, 4.5, 8], "rotation": 270, "texture": "#0"},
				"up": {"uv": [4.25, 7.75, 11.75, 8], "texture": "#0"},
				"down": {"uv": [4.25, 8, 11.75, 7.75], "texture": "#0"}
			}
		},
		{
			"name": "halo (25)_15",
			"from": [4.25, 0, 8],
			"to": [11.75, 0.25, 8.25],
			"faces": {
				"north": {"uv": [11.75, 8, 4.25, 8.25], "texture": "#0"},
				"east": {"uv": [11.5, 8, 11.75, 8.25], "rotation": 90, "texture": "#0"},
				"south": {"uv": [4.25, 8, 11.75, 8.25], "texture": "#0"},
				"west": {"uv": [4.25, 8, 4.5, 8.25], "rotation": 270, "texture": "#0"},
				"up": {"uv": [4.25, 8, 11.75, 8.25], "texture": "#0"},
				"down": {"uv": [4.25, 8.25, 11.75, 8], "texture": "#0"}
			}
		},
		{
			"name": "halo (25)_16",
			"from": [4.5, 0, 8.25],
			"to": [11.5, 0.25, 8.5],
			"faces": {
				"north": {"uv": [11.5, 8.25, 4.5, 8.5], "texture": "#0"},
				"east": {"uv": [11.25, 8.25, 11.5, 8.5], "rotation": 90, "texture": "#0"},
				"south": {"uv": [4.5, 8.25, 11.5, 8.5], "texture": "#0"},
				"west": {"uv": [4.5, 8.25, 4.75, 8.5], "rotation": 270, "texture": "#0"},
				"up": {"uv": [4.5, 8.25, 11.5, 8.5], "texture": "#0"},
				"down": {"uv": [4.5, 8.5, 11.5, 8.25], "texture": "#0"}
			}
		},
		{
			"name": "halo (25)_17",
			"from": [4.75, 0, 8.5],
			"to": [11.25, 0.25, 8.75],
			"faces": {
				"north": {"uv": [11.25, 8.5, 4.75, 8.75], "texture": "#0"},
				"east": {"uv": [11, 8.5, 11.25, 8.75], "rotation": 90, "texture": "#0"},
				"south": {"uv": [4.75, 8.5, 11.25, 8.75], "texture": "#0"},
				"west": {"uv": [4.75, 8.5, 5, 8.75], "rotation": 270, "texture": "#0"},
				"up": {"uv": [4.75, 8.5, 11.25, 8.75], "texture": "#0"},
				"down": {"uv": [4.75, 8.75, 11.25, 8.5], "texture": "#0"}
			}
		},
		{
			"name": "halo (25)_18",
			"from": [5, 0, 8.75],
			"to": [11, 0.25, 9],
			"faces": {
				"north": {"uv": [11, 8.75, 5, 9], "texture": "#0"},
				"east": {"uv": [10.75, 8.75, 11, 9], "rotation": 90, "texture": "#0"},
				"south": {"uv": [5, 8.75, 11, 9], "texture": "#0"},
				"west": {"uv": [5, 8.75, 5.25, 9], "rotation": 270, "texture": "#0"},
				"up": {"uv": [5, 8.75, 11, 9], "texture": "#0"},
				"down": {"uv": [5, 9, 11, 8.75], "texture": "#0"}
			}
		},
		{
			"name": "halo (25)_19",
			"from": [5.25, 0, 9],
			"to": [10.75, 0.25, 9.25],
			"faces": {
				"north": {"uv": [10.75, 9, 5.25, 9.25], "texture": "#0"},
				"east": {"uv": [10.5, 9, 10.75, 9.25], "rotation": 90, "texture": "#0"},
				"south": {"uv": [5.25, 9, 10.75, 9.25], "texture": "#0"},
				"west": {"uv": [5.25, 9, 5.5, 9.25], "rotation": 270, "texture": "#0"},
				"up": {"uv": [5.25, 9, 10.75, 9.25], "texture": "#0"},
				"down": {"uv": [5.25, 9.25, 10.75, 9], "texture": "#0"}
			}
		},
		{
			"name": "halo (25)_20",
			"from": [5.5, 0, 9.25],
			"to": [10.5, 0.25, 9.5],
			"faces": {
				"north": {"uv": [10.5, 9.25, 5.5, 9.5], "texture": "#0"},
				"east": {"uv": [10.25, 9.25, 10.5, 9.5], "rotation": 90, "texture": "#0"},
				"south": {"uv": [5.5, 9.25, 10.5, 9.5], "texture": "#0"},
				"west": {"uv": [5.5, 9.25, 5.75, 9.5], "rotation": 270, "texture": "#0"},
				"up": {"uv": [5.5, 9.25, 10.5, 9.5], "texture": "#0"},
				"down": {"uv": [5.5, 9.5, 10.5, 9.25], "texture": "#0"}
			}
		},
		{
			"name": "halo (25)_21",
			"from": [5.75, 0, 9.5],
			"to": [10.25, 0.25, 9.75],
			"faces": {
				"north": {"uv": [10.25, 9.5, 5.75, 9.75], "texture": "#0"},
				"east": {"uv": [10, 9.5, 10.25, 9.75], "rotation": 90, "texture": "#0"},
				"south": {"uv": [5.75, 9.5, 10.25, 9.75], "texture": "#0"},
				"west": {"uv": [5.75, 9.5, 6, 9.75], "rotation": 270, "texture": "#0"},
				"up": {"uv": [5.75, 9.5, 10.25, 9.75], "texture": "#0"},
				"down": {"uv": [5.75, 9.75, 10.25, 9.5], "texture": "#0"}
			}
		},
		{
			"name": "halo (25)_22",
			"from": [6, 0, 9.75],
			"to": [10, 0.25, 10],
			"faces": {
				"north": {"uv": [10, 9.75, 6, 10], "texture": "#0"},
				"east": {"uv": [9.75, 9.75, 10, 10], "rotation": 90, "texture": "#0"},
				"south": {"uv": [6, 9.75, 10, 10], "texture": "#0"},
				"west": {"uv": [6, 9.75, 6.25, 10], "rotation": 270, "texture": "#0"},
				"up": {"uv": [6, 9.75, 10, 10], "texture": "#0"},
				"down": {"uv": [6, 10, 10, 9.75], "texture": "#0"}
			}
		},
		{
			"name": "halo (25)_23",
			"from": [6.25, 0, 10],
			"to": [9.75, 0.25, 10.25],
			"faces": {
				"north": {"uv": [9.75, 10, 6.25, 10.25], "texture": "#0"},
				"east": {"uv": [9.5, 10, 9.75, 10.25], "rotation": 90, "texture": "#0"},
				"south": {"uv": [6.25, 10, 9.75, 10.25], "texture": "#0"},
				"west": {"uv": [6.25, 10, 6.5, 10.25], "rotation": 270, "texture": "#0"},
				"up": {"uv": [6.25, 10, 9.75, 10.25], "texture": "#0"},
				"down": {"uv": [6.25, 10.25, 9.75, 10], "texture": "#0"}
			}
		},
		{
			"name": "halo (25)_24",
			"from": [6.5, 0, 10.25],
			"to": [9.5, 0.25, 10.5],
			"faces": {
				"north": {"uv": [9.5, 10.25, 6.5, 10.5], "texture": "#0"},
				"east": {"uv": [9.25, 10.25, 9.5, 10.5], "rotation": 90, "texture": "#0"},
				"south": {"uv": [6.5, 10.25, 9.5, 10.5], "texture": "#0"},
				"west": {"uv": [6.5, 10.25, 6.75, 10.5], "rotation": 270, "texture": "#0"},
				"up": {"uv": [6.5, 10.25, 9.5, 10.5], "texture": "#0"},
				"down": {"uv": [6.5, 10.5, 9.5, 10.25], "texture": "#0"}
			}
		},
		{
			"name": "halo (25)_25",
			"from": [6.75, 0, 10.5],
			"to": [9.25, 0.25, 10.75],
			"faces": {
				"north": {"uv": [9.25, 10.5, 6.75, 10.75], "texture": "#0"},
				"east": {"uv": [9, 10.5, 9.25, 10.75], "rotation": 90, "texture": "#0"},
				"south": {"uv": [6.75, 10.5, 9.25, 10.75], "texture": "#0"},
				"west": {"uv": [6.75, 10.5, 7, 10.75], "rotation": 270, "texture": "#0"},
				"up": {"uv": [6.75, 10.5, 9.25, 10.75], "texture": "#0"},
				"down": {"uv": [6.75, 10.75, 9.25, 10.5], "texture": "#0"}
			}
		},
		{
			"name": "halo (25)_26",
			"from": [7, 0, 10.75],
			"to": [9, 0.25, 11],
			"faces": {
				"north": {"uv": [9, 10.75, 7, 11], "texture": "#0"},
				"east": {"uv": [8.75, 10.75, 9, 11], "rotation": 90, "texture": "#0"},
				"south": {"uv": [7, 10.75, 9, 11], "texture": "#0"},
				"west": {"uv": [7, 10.75, 7.25, 11], "rotation": 270, "texture": "#0"},
				"up": {"uv": [7, 10.75, 9, 11], "texture": "#0"},
				"down": {"uv": [7, 11, 9, 10.75], "texture": "#0"}
			}
		},
		{
			"name": "halo (25)_27",
			"from": [7.25, 0, 11],
			"to": [8.75, 0.25, 11.25],
			"faces": {
				"north": {"uv": [8.75, 11, 7.25, 11.25], "texture": "#0"},
				"east": {"uv": [8.5, 11, 8.75, 11.25], "rotation": 90, "texture": "#0"},
				"south": {"uv": [7.25, 11, 8.75, 11.25], "texture": "#0"},
				"west": {"uv": [7.25, 11, 7.5, 11.25], "rotation": 270, "texture": "#0"},
				"up": {"uv": [7.25, 11, 8.75, 11.25], "texture": "#0"},
				"down": {"uv": [7.25, 11.25, 8.75, 11], "texture": "#0"}
			}
		},
		{
			"name": "halo (25)_28",
			"from": [7.5, 0, 11.25],
			"to": [8.5, 0.25, 11.5],
			"faces": {
				"north": {"uv": [8.5, 11.25, 7.5, 11.5], "texture": "#0"},
				"east": {"uv": [8.25, 11.25, 8.5, 11.5], "rotation": 90, "texture": "#0"},
				"south": {"uv": [7.5, 11.25, 8.5, 11.5], "texture": "#0"},
				"west": {"uv": [7.5, 11.25, 7.75, 11.5], "rotation": 270, "texture": "#0"},
				"up": {"uv": [7.5, 11.25, 8.5, 11.5], "texture": "#0"},
				"down": {"uv": [7.5, 11.5, 8.5, 11.25], "texture": "#0"}
			}
		},
		{
			"name": "halo (25)_29",
			"from": [7.75, 0, 11.5],
			"to": [8.25, 0.25, 11.75],
			"faces": {
				"north": {"uv": [8.25, 11.5, 7.75, 11.75], "texture": "#0"},
				"east": {"uv": [8, 11.5, 8.25, 11.75], "rotation": 90, "texture": "#0"},
				"south": {"uv": [7.75, 11.5, 8.25, 11.75], "texture": "#0"},
				"west": {"uv": [7.75, 11.5, 8, 11.75], "rotation": 270, "texture": "#0"},
				"up": {"uv": [7.75, 11.5, 8.25, 11.75], "texture": "#0"},
				"down": {"uv": [7.75, 11.75, 8.25, 11.5], "texture": "#0"}
			}
		}
	],
	"display": {
		"gui": {
			"rotation": [90, 0, 0]
		},
		"head": {
			"rotation": [20, 0, 0],
			"translation": [0, 17, 10]
		}
	},
	"groups": [
		{
			"name": "halo (25)",
			"origin": [8, 8, 8],
			"color": 0,
			"children": [0, 1, 2, 3, 4, 5, 6, 7, 8, 9, 10, 11, 12, 13, 14, 15, 16, 17, 18, 19, 20, 21, 22, 23, 24, 25, 26, 27, 28, 29]
		}
	]
}