{
	"credit": "Made with Blockbench",
	"textures": {
		"0": "items/3d/halo (30)",
		"particle": "items/3d/halo (30)"
	},
	"elements": [
		{
			"name": "halo (30)_0",
			"from": [0.75, 0, 7.25],
			"to": [8.75, 0.25, 7.5],
			"faces": {
				"north": {"uv": [8.75, 7.25, 0.75, 7.5], "texture": "#0"},
				"east": {"uv": [8.5, 7.25, 8.75, 7.5], "rotation": 90, "texture": "#0"},
				"south": {"uv": [0.75, 7.25, 8.75, 7.5], "texture": "#0"},
				"west": {"uv": [0.75, 7.25, 1, 7.5], "rotation": 270, "texture": "#0"},
				"up": {"uv": [0.75, 7.25, 8.75, 7.5], "texture": "#0"},
				"down": {"uv": [0.75, 7.5, 8.75, 7.25], "texture": "#0"}
			}
		},
		{
			"name": "halo (30)_1",
			"from": [0.75, 0, 7.5],
			"to": [8.75, 0.25, 7.75],
			"faces": {
				"north": {"uv": [8.75, 7.5, 0.75, 7.75], "texture": "#0"},
				"east": {"uv": [8.5, 7.5, 8.75, 7.75], "rotation": 90, "texture": "#0"},
				"south": {"uv": [0.75, 7.5, 8.75, 7.75], "texture": "#0"},
				"west": {"uv": [0.75, 7.5, 1, 7.75], "rotation": 270, "texture": "#0"},
				"up": {"uv": [0.75, 7.5, 8.75, 7.75], "texture": "#0"},
				"down": {"uv": [0.75, 7.75, 8.75, 7.5], "texture": "#0"}
			}
		},
		{
			"name": "halo (30)_2",
			"from": [0.75, 0, 7.75],
			"to": [8.75, 0.25, 8],
			"faces": {
				"north": {"uv": [8.75, 7.75, 0.75, 8], "texture": "#0"},
				"east": {"uv": [8.5, 7.75, 8.75, 8], "rotation": 90, "texture": "#0"},
				"south": {"uv": [0.75, 7.75, 8.75, 8], "texture": "#0"},
				"west": {"uv": [0.75, 7.75, 1, 8], "rotation": 270, "texture": "#0"},
				"up": {"uv": [0.75, 7.75, 8.75, 8], "texture": "#0"},
				"down": {"uv": [0.75, 8, 8.75, 7.75], "texture": "#0"}
			}
		},
		{
			"name": "halo (30)_3",
			"from": [0.75, 0, 8],
			"to": [8.75, 0.25, 8.25],
			"faces": {
				"north": {"uv": [8.75, 8, 0.75, 8.25], "texture": "#0"},
				"east": {"uv": [8.5, 8, 8.75, 8.25], "rotation": 90, "texture": "#0"},
				"south": {"uv": [0.75, 8, 8.75, 8.25], "texture": "#0"},
				"west": {"uv": [0.75, 8, 1, 8.25], "rotation": 270, "texture": "#0"},
				"up": {"uv": [0.75, 8, 8.75, 8.25], "texture": "#0"},
				"down": {"uv": [0.75, 8.25, 8.75, 8], "texture": "#0"}
			}
		},
		{
			"name": "halo (30)_4",
			"from": [0.75, 0, 8.25],
			"to": [1.75, 0.25, 8.5],
			"faces": {
				"north": {"uv": [1.75, 8.25, 0.75, 8.5], "texture": "#0"},
				"east": {"uv": [1.5, 8.25, 1.75, 8.5], "rotation": 90, "texture": "#0"},
				"south": {"uv": [0.75, 8.25, 1.75, 8.5], "texture": "#0"},
				"west": {"uv": [0.75, 8.25, 1, 8.5], "rotation": 270, "texture": "#0"},
				"up": {"uv": [0.75, 8.25, 1.75, 8.5], "texture": "#0"},
				"down": {"uv": [0.75, 8.5, 1.75, 8.25], "texture": "#0"}
			}
		},
		{
			"name": "halo (30)_5",
			"from": [7.75, 0, 8.25],
			"to": [8.75, 0.25, 8.5],
			"faces": {
				"north": {"uv": [8.75, 8.25, 7.75, 8.5], "texture": "#0"},
				"east": {"uv": [8.5, 8.25, 8.75, 8.5], "rotation": 90, "texture": "#0"},
				"south": {"uv": [7.75, 8.25, 8.75, 8.5], "texture": "#0"},
				"west": {"uv": [7.75, 8.25, 8, 8.5], "rotation": 270, "texture": "#0"},
				"up": {"uv": [7.75, 8.25, 8.75, 8.5], "texture": "#0"},
				"down": {"uv": [7.75, 8.5, 8.75, 8.25], "texture": "#0"}
			}
		},
		{
			"name": "halo (30)_6",
			"from": [0.75, 0, 8.5],
			"to": [1.75, 0.25, 8.75],
			"faces": {
				"north": {"uv": [1.75, 8.5, 0.75, 8.75], "texture": "#0"},
				"east": {"uv": [1.5, 8.5, 1.75, 8.75], "rotation": 90, "texture": "#0"},
				"south": {"uv": [0.75, 8.5, 1.75, 8.75], "texture": "#0"},
				"west": {"uv": [0.75, 8.5, 1, 8.75], "rotation": 270, "texture": "#0"},
				"up": {"uv": [0.75, 8.5, 1.75, 8.75], "texture": "#0"},
				"down": {"uv": [0.75, 8.75, 1.75, 8.5], "texture": "#0"}
			}
		},
		{
			"name": "halo (30)_7",
			"from": [7.75, 0, 8.5],
			"to": [8.75, 0.25, 8.75],
			"faces": {
				"north": {"uv": [8.75, 8.5, 7.75, 8.75], "texture": "#0"},
				"east": {"uv": [8.5, 8.5, 8.75, 8.75], "rotation": 90, "texture": "#0"},
				"south": {"uv": [7.75, 8.5, 8.75, 8.75], "texture": "#0"},
				"west": {"uv": [7.75, 8.5, 8, 8.75], "rotation": 270, "texture": "#0"},
				"up": {"uv": [7.75, 8.5, 8.75, 8.75], "texture": "#0"},
				"down": {"uv": [7.75, 8.75, 8.75, 8.5], "texture": "#0"}
			}
		},
		{
			"name": "halo (30)_8",
			"from": [0.75, 0, 8.75],
			"to": [1.75, 0.25, 9],
			"faces": {
				"north": {"uv": [1.75, 8.75, 0.75, 9], "texture": "#0"},
				"east": {"uv": [1.5, 8.75, 1.75, 9], "rotation": 90, "texture": "#0"},
				"south": {"uv": [0.75, 8.75, 1.75, 9], "texture": "#0"},
				"west": {"uv": [0.75, 8.75, 1, 9], "rotation": 270, "texture": "#0"},
				"up": {"uv": [0.75, 8.75, 1.75, 9], "texture": "#0"},
				"down": {"uv": [0.75, 9, 1.75, 8.75], "texture": "#0"}
			}
		},
		{
			"name": "halo (30)_9",
			"from": [7.75, 0, 8.75],
			"to": [8.75, 0.25, 9],
			"faces": {
				"north": {"uv": [8.75, 8.75, 7.75, 9], "texture": "#0"},
				"east": {"uv": [8.5, 8.75, 8.75, 9], "rotation": 90, "texture": "#0"},
				"south": {"uv": [7.75, 8.75, 8.75, 9], "texture": "#0"},
				"west": {"uv": [7.75, 8.75, 8, 9], "rotation": 270, "texture": "#0"},
				"up": {"uv": [7.75, 8.75, 8.75, 9], "texture": "#0"},
				"down": {"uv": [7.75, 9, 8.75, 8.75], "texture": "#0"}
			}
		},
		{
			"name": "halo (30)_10",
			"from": [0.75, 0, 9],
			"to": [1.75, 0.25, 9.25],
			"faces": {
				"north": {"uv": [1.75, 9, 0.75, 9.25], "texture": "#0"},
				"east": {"uv": [1.5, 9, 1.75, 9.25], "rotation": 90, "texture": "#0"},
				"south": {"uv": [0.75, 9, 1.75, 9.25], "texture": "#0"},
				"west": {"uv": [0.75, 9, 1, 9.25], "rotation": 270, "texture": "#0"},
				"up": {"uv": [0.75, 9, 1.75, 9.25], "texture": "#0"},
				"down": {"uv": [0.75, 9.25, 1.75, 9], "texture": "#0"}
			}
		},
		{
			"name": "halo (30)_11",
			"from": [7.75, 0, 9],
			"to": [8.75, 0.25, 9.25],
			"faces": {
				"north": {"uv": [8.75, 9, 7.75, 9.25], "texture": "#0"},
				"east": {"uv": [8.5, 9, 8.75, 9.25], "rotation": 90, "texture": "#0"},
				"south": {"uv": [7.75, 9, 8.75, 9.25], "texture": "#0"},
				"west": {"uv": [7.75, 9, 8, 9.25], "rotation": 270, "texture": "#0"},
				"up": {"uv": [7.75, 9, 8.75, 9.25], "texture": "#0"},
				"down": {"uv": [7.75, 9.25, 8.75, 9], "texture": "#0"}
			}
		},
		{
			"name": "halo (30)_12",
			"from": [0.75, 0, 9.25],
			"to": [1.75, 0.25, 9.5],
			"faces": {
				"north": {"uv": [1.75, 9.25, 0.75, 9.5], "texture": "#0"},
				"east": {"uv": [1.5, 9.25, 1.75, 9.5], "rotation": 90, "texture": "#0"},
				"south": {"uv": [0.75, 9.25, 1.75, 9.5], "texture": "#0"},
				"west": {"uv": [0.75, 9.25, 1, 9.5], "rotation": 270, "texture": "#0"},
				"up": {"uv": [0.75, 9.25, 1.75, 9.5], "texture": "#0"},
				"down": {"uv": [0.75, 9.5, 1.75, 9.25], "texture": "#0"}
			}
		},
		{
			"name": "halo (30)_13",
			"from": [7.75, 0, 9.25],
			"to": [8.75, 0.25, 9.5],
			"faces": {
				"north": {"uv": [8.75, 9.25, 7.75, 9.5], "texture": "#0"},
				"east": {"uv": [8.5, 9.25, 8.75, 9.5], "rotation": 90, "texture": "#0"},
				"south": {"uv": [7.75, 9.25, 8.75, 9.5], "texture": "#0"},
				"west": {"uv": [7.75, 9.25, 8, 9.5], "rotation": 270, "texture": "#0"},
				"up": {"uv": [7.75, 9.25, 8.75, 9.5], "texture": "#0"},
				"down": {"uv": [7.75, 9.5, 8.75, 9.25], "texture": "#0"}
			}
		},
		{
			"name": "halo (30)_14",
			"from": [0.75, 0, 9.5],
			"to": [1.75, 0.25, 9.75],
			"faces": {
				"north": {"uv": [1.75, 9.5, 0.75, 9.75], "texture": "#0"},
				"east": {"uv": [1.5, 9.5, 1.75, 9.75], "rotation": 90, "texture": "#0"},
				"south": {"uv": [0.75, 9.5, 1.75, 9.75], "texture": "#0"},
				"west": {"uv": [0.75, 9.5, 1, 9.75], "rotation": 270, "texture": "#0"},
				"up": {"uv": [0.75, 9.5, 1.75, 9.75], "texture": "#0"},
				"down": {"uv": [0.75, 9.75, 1.75, 9.5], "texture": "#0"}
			}
		},
		{
			"name": "halo (30)_15",
			"from": [7.75, 0, 9.5],
			"to": [8.75, 0.25, 9.75],
			"faces": {
				"north": {"uv": [8.75, 9.5, 7.75, 9.75], "texture": "#0"},
				"east": {"uv": [8.5, 9.5, 8.75, 9.75], "rotation": 90, "texture": "#0"},
				"south": {"uv": [7.75, 9.5, 8.75, 9.75], "texture": "#0"},
				"west": {"uv": [7.75, 9.5, 8, 9.75], "rotation": 270, "texture": "#0"},
				"up": {"uv": [7.75, 9.5, 8.75, 9.75], "texture": "#0"},
				"down": {"uv": [7.75, 9.75, 8.75, 9.5], "texture": "#0"}
			}
		},
		{
			"name": "halo (30)_16",
			"from": [0.75, 0, 9.75],
			"to": [1.75, 0.25, 10],
			"faces": {
				"north": {"uv": [1.75, 9.75, 0.75, 10], "texture": "#0"},
				"east": {"uv": [1.5, 9.75, 1.75, 10], "rotation": 90, "texture": "#0"},
				"south": {"uv": [0.75, 9.75, 1.75, 10], "texture": "#0"},
				"west": {"uv": [0.75, 9.75, 1, 10], "rotation": 270, "texture": "#0"},
				"up": {"uv": [0.75, 9.75, 1.75, 10], "texture": "#0"},
				"down": {"uv": [0.75, 10, 1.75, 9.75], "texture": "#0"}
			}
		},
		{
			"name": "halo (30)_17",
			"from": [7.75, 0, 9.75],
			"to": [8.75, 0.25, 10],
			"faces": {
				"north": {"uv": [8.75, 9.75, 7.75, 10], "texture": "#0"},
				"east": {"uv": [8.5, 9.75, 8.75, 10], "rotation": 90, "texture": "#0"},
				"south": {"uv": [7.75, 9.75, 8.75, 10], "texture": "#0"},
				"west": {"uv": [7.75, 9.75, 8, 10], "rotation": 270, "texture": "#0"},
				"up": {"uv": [7.75, 9.75, 8.75, 10], "texture": "#0"},
				"down": {"uv": [7.75, 10, 8.75, 9.75], "texture": "#0"}
			}
		},
		{
			"name": "halo (30)_18",
			"from": [0.75, 0, 10],
			"to": [1.75, 0.25, 10.25],
			"faces": {
				"north": {"uv": [1.75, 10, 0.75, 10.25], "texture": "#0"},
				"east": {"uv": [1.5, 10, 1.75, 10.25], "rotation": 90, "texture": "#0"},
				"south": {"uv": [0.75, 10, 1.75, 10.25], "texture": "#0"},
				"west": {"uv": [0.75, 10, 1, 10.25], "rotation": 270, "texture": "#0"},
				"up": {"uv": [0.75, 10, 1.75, 10.25], "texture": "#0"},
				"down": {"uv": [0.75, 10.25, 1.75, 10], "texture": "#0"}
			}
		},
		{
			"name": "halo (30)_19",
			"from": [7.75, 0, 10],
			"to": [8.75, 0.25, 10.25],
			"faces": {
				"north": {"uv": [8.75, 10, 7.75, 10.25], "texture": "#0"},
				"east": {"uv": [8.5, 10, 8.75, 10.25], "rotation": 90, "texture": "#0"},
				"south": {"uv": [7.75, 10, 8.75, 10.25], "texture": "#0"},
				"west": {"uv": [7.75, 10, 8, 10.25], "rotation": 270, "texture": "#0"},
				"up": {"uv": [7.75, 10, 8.75, 10.25], "texture": "#0"},
				"down": {"uv": [7.75, 10.25, 8.75, 10], "texture": "#0"}
			}
		},
		{
			"name": "halo (30)_20",
			"from": [0.75, 0, 10.25],
			"to": [1.75, 0.25, 10.5],
			"faces": {
				"north": {"uv": [1.75, 10.25, 0.75, 10.5], "texture": "#0"},
				"east": {"uv": [1.5, 10.25, 1.75, 10.5], "rotation": 90, "texture": "#0"},
				"south": {"uv": [0.75, 10.25, 1.75, 10.5], "texture": "#0"},
				"west": {"uv": [0.75, 10.25, 1, 10.5], "rotation": 270, "texture": "#0"},
				"up": {"uv": [0.75, 10.25, 1.75, 10.5], "texture": "#0"},
				"down": {"uv": [0.75, 10.5, 1.75, 10.25], "texture": "#0"}
			}
		},
		{
			"name": "halo (30)_21",
			"from": [7.75, 0, 10.25],
			"to": [8.75, 0.25, 10.5],
			"faces": {
				"north": {"uv": [8.75, 10.25, 7.75, 10.5], "texture": "#0"},
				"east": {"uv": [8.5, 10.25, 8.75, 10.5], "rotation": 90, "texture": "#0"},
				"south": {"uv": [7.75, 10.25, 8.75, 10.5], "texture": "#0"},
				"west": {"uv": [7.75, 10.25, 8, 10.5], "rotation": 270, "texture": "#0"},
				"up": {"uv": [7.75, 10.25, 8.75, 10.5], "texture": "#0"},
				"down": {"uv": [7.75, 10.5, 8.75, 10.25], "texture": "#0"}
			}
		},
		{
			"name": "halo (30)_22",
			"from": [0.75, 0, 10.5],
			"to": [1.75, 0.25, 10.75],
			"faces": {
				"north": {"uv": [1.75, 10.5, 0.75, 10.75], "texture": "#0"},
				"east": {"uv": [1.5, 10.5, 1.75, 10.75], "rotation": 90, "texture": "#0"},
				"south": {"uv": [0.75, 10.5, 1.75, 10.75], "texture": "#0"},
				"west": {"uv": [0.75, 10.5, 1, 10.75], "rotation": 270, "texture": "#0"},
				"up": {"uv": [0.75, 10.5, 1.75, 10.75], "texture": "#0"},
				"down": {"uv": [0.75, 10.75, 1.75, 10.5], "texture": "#0"}
			}
		},
		{
			"name": "halo (30)_23",
			"from": [7.75, 0, 10.5],
			"to": [8.75, 0.25, 10.75],
			"faces": {
				"north": {"uv": [8.75, 10.5, 7.75, 10.75], "texture": "#0"},
				"east": {"uv": [8.5, 10.5, 8.75, 10.75], "rotation": 90, "texture": "#0"},
				"south": {"uv": [7.75, 10.5, 8.75, 10.75], "texture": "#0"},
				"west": {"uv": [7.75, 10.5, 8, 10.75], "rotation": 270, "texture": "#0"},
				"up": {"uv": [7.75, 10.5, 8.75, 10.75], "texture": "#0"},
				"down": {"uv": [7.75, 10.75, 8.75, 10.5], "texture": "#0"}
			}
		},
		{
			"name": "halo (30)_24",
			"from": [0.75, 0, 10.75],
			"to": [1.75, 0.25, 11],
			"faces": {
				"north": {"uv": [1.75, 10.75, 0.75, 11], "texture": "#0"},
				"east": {"uv": [1.5, 10.75, 1.75, 11], "rotation": 90, "texture": "#0"},
				"south": {"uv": [0.75, 10.75, 1.75, 11], "texture": "#0"},
				"west": {"uv": [0.75, 10.75, 1, 11], "rotation": 270, "texture": "#0"},
				"up": {"uv": [0.75, 10.75, 1.75, 11], "texture": "#0"},
				"down": {"uv": [0.75, 11, 1.75, 10.75], "texture": "#0"}
			}
		},
		{
			"name": "halo (30)_25",
			"from": [7.75, 0, 10.75],
			"to": [8.75, 0.25, 11],
			"faces": {
				"north": {"uv": [8.75, 10.75, 7.75, 11], "texture": "#0"},
				"east": {"uv": [8.5, 10.75, 8.75, 11], "rotation": 90, "texture": "#0"},
				"south": {"uv": [7.75, 10.75, 8.75, 11], "texture": "#0"},
				"west": {"uv": [7.75, 10.75, 8, 11], "rotation": 270, "texture": "#0"},
				"up": {"uv": [7.75, 10.75, 8.75, 11], "texture": "#0"},
				"down": {"uv": [7.75, 11, 8.75, 10.75], "texture": "#0"}
			}
		},
		{
			"name": "halo (30)_26",
			"from": [0.75, 0, 11],
			"to": [1.75, 0.25, 11.25],
			"faces": {
				"north": {"uv": [1.75, 11, 0.75, 11.25], "texture": "#0"},
				"east": {"uv": [1.5, 11, 1.75, 11.25], "rotation": 90, "texture": "#0"},
				"south": {"uv": [0.75, 11, 1.75, 11.25], "texture": "#0"},
				"west": {"uv": [0.75, 11, 1, 11.25], "rotation": 270, "texture": "#0"},
				"up": {"uv": [0.75, 11, 1.75, 11.25], "texture": "#0"},
				"down": {"uv": [0.75, 11.25, 1.75, 11], "texture": "#0"}
			}
		},
		{
			"name": "halo (30)_27",
			"from": [7.75, 0, 11],
			"to": [8.75, 0.25, 11.25],
			"faces": {
				"north": {"uv": [8.75, 11, 7.75, 11.25], "texture": "#0"},
				"east": {"uv": [8.5, 11, 8.75, 11.25], "rotation": 90, "texture": "#0"},
				"south": {"uv": [7.75, 11, 8.75, 11.25], "texture": "#0"},
				"west": {"uv": [7.75, 11, 8, 11.25], "rotation": 270, "texture": "#0"},
				"up": {"uv": [7.75, 11, 8.75, 11.25], "texture": "#0"},
				"down": {"uv": [7.75, 11.25, 8.75, 11], "texture": "#0"}
			}
		},
		{
			"name": "halo (30)_28",
			"from": [0.75, 0, 11.25],
			"to": [1.75, 0.25, 11.5],
			"faces": {
				"north": {"uv": [1.75, 11.25, 0.75, 11.5], "texture": "#0"},
				"east": {"uv": [1.5, 11.25, 1.75, 11.5], "rotation": 90, "texture": "#0"},
				"south": {"uv": [0.75, 11.25, 1.75, 11.5], "texture": "#0"},
				"west": {"uv": [0.75, 11.25, 1, 11.5], "rotation": 270, "texture": "#0"},
				"up": {"uv": [0.75, 11.25, 1.75, 11.5], "texture": "#0"},
				"down": {"uv": [0.75, 11.5, 1.75, 11.25], "texture": "#0"}
			}
		},
		{
			"name": "halo (30)_29",
			"from": [7.75, 0, 11.25],
			"to": [8.75, 0.25, 11.5],
			"faces": {
				"north": {"uv": [8.75, 11.25, 7.75, 11.5], "texture": "#0"},
				"east": {"uv": [8.5, 11.25, 8.75, 11.5], "rotation": 90, "texture": "#0"},
				"south": {"uv": [7.75, 11.25, 8.75, 11.5], "texture": "#0"},
				"west": {"uv": [7.75, 11.25, 8, 11.5], "rotation": 270, "texture": "#0"},
				"up": {"uv": [7.75, 11.25, 8.75, 11.5], "texture": "#0"},
				"down": {"uv": [7.75, 11.5, 8.75, 11.25], "texture": "#0"}
			}
		},
		{
			"name": "halo (30)_30",
			"from": [0.75, 0, 11.5],
			"to": [1.75, 0.25, 11.75],
			"faces": {
				"north": {"uv": [1.75, 11.5, 0.75, 11.75], "texture": "#0"},
				"east": {"uv": [1.5, 11.5, 1.75, 11.75], "rotation": 90, "texture": "#0"},
				"south": {"uv": [0.75, 11.5, 1.75, 11.75], "texture": "#0"},
				"west": {"uv": [0.75, 11.5, 1, 11.75], "rotation": 270, "texture": "#0"},
				"up": {"uv": [0.75, 11.5, 1.75, 11.75], "texture": "#0"},
				"down": {"uv": [0.75, 11.75, 1.75, 11.5], "texture": "#0"}
			}
		},
		{
			"name": "halo (30)_31",
			"from": [7.75, 0, 11.5],
			"to": [8.75, 0.25, 11.75],
			"faces": {
				"north": {"uv": [8.75, 11.5, 7.75, 11.75], "texture": "#0"},
				"east": {"uv": [8.5, 11.5, 8.75, 11.75], "rotation": 90, "texture": "#0"},
				"south": {"uv": [7.75, 11.5, 8.75, 11.75], "texture": "#0"},
				"west": {"uv": [7.75, 11.5, 8, 11.75], "rotation": 270, "texture": "#0"},
				"up": {"uv": [7.75, 11.5, 8.75, 11.75], "texture": "#0"},
				"down": {"uv": [7.75, 11.75, 8.75, 11.5], "texture": "#0"}
			}
		},
		{
			"name": "halo (30)_32",
			"from": [0.75, 0, 11.75],
			"to": [1.75, 0.25, 12],
			"faces": {
				"north": {"uv": [1.75, 11.75, 0.75, 12], "texture": "#0"},
				"east": {"uv": [1.5, 11.75, 1.75, 12], "rotation": 90, "texture": "#0"},
				"south": {"uv": [0.75, 11.75, 1.75, 12], "texture": "#0"},
				"west": {"uv": [0.75, 11.75, 1, 12], "rotation": 270, "texture": "#0"},
				"up": {"uv": [0.75, 11.75, 1.75, 12], "texture": "#0"},
				"down": {"uv": [0.75, 12, 1.75, 11.75], "texture": "#0"}
			}
		},
		{
			"name": "halo (30)_33",
			"from": [7.75, 0, 11.75],
			"to": [8.75, 0.25, 12],
			"faces": {
				"north": {"uv": [8.75, 11.75, 7.75, 12], "texture": "#0"},
				"east": {"uv": [8.5, 11.75, 8.75, 12], "rotation": 90, "texture": "#0"},
				"south": {"uv": [7.75, 11.75, 8.75, 12], "texture": "#0"},
				"west": {"uv": [7.75, 11.75, 8, 12], "rotation": 270, "texture": "#0"},
				"up": {"uv": [7.75, 11.75, 8.75, 12], "texture": "#0"},
				"down": {"uv": [7.75, 12, 8.75, 11.75], "texture": "#0"}
			}
		},
		{
			"name": "halo (30)_34",
			"from": [0.75, 0, 12],
			"to": [1.75, 0.25, 12.25],
			"faces": {
				"north": {"uv": [1.75, 12, 0.75, 12.25], "texture": "#0"},
				"east": {"uv": [1.5, 12, 1.75, 12.25], "rotation": 90, "texture": "#0"},
				"south": {"uv": [0.75, 12, 1.75, 12.25], "texture": "#0"},
				"west": {"uv": [0.75, 12, 1, 12.25], "rotation": 270, "texture": "#0"},
				"up": {"uv": [0.75, 12, 1.75, 12.25], "texture": "#0"},
				"down": {"uv": [0.75, 12.25, 1.75, 12], "texture": "#0"}
			}
		},
		{
			"name": "halo (30)_35",
			"from": [7.75, 0, 12],
			"to": [8.75, 0.25, 12.25],
			"faces": {
				"north": {"uv": [8.75, 12, 7.75, 12.25], "texture": "#0"},
				"east": {"uv": [8.5, 12, 8.75, 12.25], "rotation": 90, "texture": "#0"},
				"south": {"uv": [7.75, 12, 8.75, 12.25], "texture": "#0"},
				"west": {"uv": [7.75, 12, 8, 12.25], "rotation": 270, "texture": "#0"},
				"up": {"uv": [7.75, 12, 8.75, 12.25], "texture": "#0"},
				"down": {"uv": [7.75, 12.25, 8.75, 12], "texture": "#0"}
			}
		},
		{
			"name": "halo (30)_36",
			"from": [0.75, 0, 12.25],
			"to": [1.75, 0.25, 12.5],
			"faces": {
				"north": {"uv": [1.75, 12.25, 0.75, 12.5], "texture": "#0"},
				"east": {"uv": [1.5, 12.25, 1.75, 12.5], "rotation": 90, "texture": "#0"},
				"south": {"uv": [0.75, 12.25, 1.75, 12.5], "texture": "#0"},
				"west": {"uv": [0.75, 12.25, 1, 12.5], "rotation": 270, "texture": "#0"},
				"up": {"uv": [0.75, 12.25, 1.75, 12.5], "texture": "#0"},
				"down": {"uv": [0.75, 12.5, 1.75, 12.25], "texture": "#0"}
			}
		},
		{
			"name": "halo (30)_37",
			"from": [7.75, 0, 12.25],
			"to": [8.75, 0.25, 12.5],
			"faces": {
				"north": {"uv": [8.75, 12.25, 7.75, 12.5], "texture": "#0"},
				"east": {"uv": [8.5, 12.25, 8.75, 12.5], "rotation": 90, "texture": "#0"},
				"south": {"uv": [7.75, 12.25, 8.75, 12.5], "texture": "#0"},
				"west": {"uv": [7.75, 12.25, 8, 12.5], "rotation": 270, "texture": "#0"},
				"up": {"uv": [7.75, 12.25, 8.75, 12.5], "texture": "#0"},
				"down": {"uv": [7.75, 12.5, 8.75, 12.25], "texture": "#0"}
			}
		},
		{
			"name": "halo (30)_38",
			"from": [0.75, 0, 12.5],
			"to": [1.75, 0.25, 12.75],
			"faces": {
				"north": {"uv": [1.75, 12.5, 0.75, 12.75], "texture": "#0"},
				"east": {"uv": [1.5, 12.5, 1.75, 12.75], "rotation": 90, "texture": "#0"},
				"south": {"uv": [0.75, 12.5, 1.75, 12.75], "texture": "#0"},
				"west": {"uv": [0.75, 12.5, 1, 12.75], "rotation": 270, "texture": "#0"},
				"up": {"uv": [0.75, 12.5, 1.75, 12.75], "texture": "#0"},
				"down": {"uv": [0.75, 12.75, 1.75, 12.5], "texture": "#0"}
			}
		},
		{
			"name": "halo (30)_39",
			"from": [7.75, 0, 12.5],
			"to": [8.75, 0.25, 12.75],
			"faces": {
				"north": {"uv": [8.75, 12.5, 7.75, 12.75], "texture": "#0"},
				"east": {"uv": [8.5, 12.5, 8.75, 12.75], "rotation": 90, "texture": "#0"},
				"south": {"uv": [7.75, 12.5, 8.75, 12.75], "texture": "#0"},
				"west": {"uv": [7.75, 12.5, 8, 12.75], "rotation": 270, "texture": "#0"},
				"up": {"uv": [7.75, 12.5, 8.75, 12.75], "texture": "#0"},
				"down": {"uv": [7.75, 12.75, 8.75, 12.5], "texture": "#0"}
			}
		},
		{
			"name": "halo (30)_40",
			"from": [0.75, 0, 12.75],
			"to": [1.75, 0.25, 13],
			"faces": {
				"north": {"uv": [1.75, 12.75, 0.75, 13], "texture": "#0"},
				"east": {"uv": [1.5, 12.75, 1.75, 13], "rotation": 90, "texture": "#0"},
				"south": {"uv": [0.75, 12.75, 1.75, 13], "texture": "#0"},
				"west": {"uv": [0.75, 12.75, 1, 13], "rotation": 270, "texture": "#0"},
				"up": {"uv": [0.75, 12.75, 1.75, 13], "texture": "#0"},
				"down": {"uv": [0.75, 13, 1.75, 12.75], "texture": "#0"}
			}
		},
		{
			"name": "halo (30)_41",
			"from": [7.75, 0, 12.75],
			"to": [8.75, 0.25, 13],
			"faces": {
				"north": {"uv": [8.75, 12.75, 7.75, 13], "texture": "#0"},
				"east": {"uv": [8.5, 12.75, 8.75, 13], "rotation": 90, "texture": "#0"},
				"south": {"uv": [7.75, 12.75, 8.75, 13], "texture": "#0"},
				"west": {"uv": [7.75, 12.75, 8, 13], "rotation": 270, "texture": "#0"},
				"up": {"uv": [7.75, 12.75, 8.75, 13], "texture": "#0"},
				"down": {"uv": [7.75, 13, 8.75, 12.75], "texture": "#0"}
			}
		},
		{
			"name": "halo (30)_42",
			"from": [0.75, 0, 13],
			"to": [1.75, 0.25, 13.25],
			"faces": {
				"north": {"uv": [1.75, 13, 0.75, 13.25], "texture": "#0"},
				"east": {"uv": [1.5, 13, 1.75, 13.25], "rotation": 90, "texture": "#0"},
				"south": {"uv": [0.75, 13, 1.75, 13.25], "texture": "#0"},
				"west": {"uv": [0.75, 13, 1, 13.25], "rotation": 270, "texture": "#0"},
				"up": {"uv": [0.75, 13, 1.75, 13.25], "texture": "#0"},
				"down": {"uv": [0.75, 13.25, 1.75, 13], "texture": "#0"}
			}
		},
		{
			"name": "halo (30)_43",
			"from": [7.75, 0, 13],
			"to": [8.75, 0.25, 13.25],
			"faces": {
				"north": {"uv": [8.75, 13, 7.75, 13.25], "texture": "#0"},
				"east": {"uv": [8.5, 13, 8.75, 13.25], "rotation": 90, "texture": "#0"},
				"south": {"uv": [7.75, 13, 8.75, 13.25], "texture": "#0"},
				"west": {"uv": [7.75, 13, 8, 13.25], "rotation": 270, "texture": "#0"},
				"up": {"uv": [7.75, 13, 8.75, 13.25], "texture": "#0"},
				"down": {"uv": [7.75, 13.25, 8.75, 13], "texture": "#0"}
			}
		},
		{
			"name": "halo (30)_44",
			"from": [0.75, 0, 13.25],
			"to": [1.75, 0.25, 13.5],
			"faces": {
				"north": {"uv": [1.75, 13.25, 0.75, 13.5], "texture": "#0"},
				"east": {"uv": [1.5, 13.25, 1.75, 13.5], "rotation": 90, "texture": "#0"},
				"south": {"uv": [0.75, 13.25, 1.75, 13.5], "texture": "#0"},
				"west": {"uv": [0.75, 13.25, 1, 13.5], "rotation": 270, "texture": "#0"},
				"up": {"uv": [0.75, 13.25, 1.75, 13.5], "texture": "#0"},
				"down": {"uv": [0.75, 13.5, 1.75, 13.25], "texture": "#0"}
			}
		},
		{
			"name": "halo (30)_45",
			"from": [7.75, 0, 13.25],
			"to": [8.75, 0.25, 13.5],
			"faces": {
				"north": {"uv": [8.75, 13.25, 7.75, 13.5], "texture": "#0"},
				"east": {"uv": [8.5, 13.25, 8.75, 13.5], "rotation": 90, "texture": "#0"},
				"south": {"uv": [7.75, 13.25, 8.75, 13.5], "texture": "#0"},
				"west": {"uv": [7.75, 13.25, 8, 13.5], "rotation": 270, "texture": "#0"},
				"up": {"uv": [7.75, 13.25, 8.75, 13.5], "texture": "#0"},
				"down": {"uv": [7.75, 13.5, 8.75, 13.25], "texture": "#0"}
			}
		},
		{
			"name": "halo (30)_46",
			"from": [0.75, 0, 13.5],
			"to": [1.75, 0.25, 13.75],
			"faces": {
				"north": {"uv": [1.75, 13.5, 0.75, 13.75], "texture": "#0"},
				"east": {"uv": [1.5, 13.5, 1.75, 13.75], "rotation": 90, "texture": "#0"},
				"south": {"uv": [0.75, 13.5, 1.75, 13.75], "texture": "#0"},
				"west": {"uv": [0.75, 13.5, 1, 13.75], "rotation": 270, "texture": "#0"},
				"up": {"uv": [0.75, 13.5, 1.75, 13.75], "texture": "#0"},
				"down": {"uv": [0.75, 13.75, 1.75, 13.5], "texture": "#0"}
			}
		},
		{
			"name": "halo (30)_47",
			"from": [7.75, 0, 13.5],
			"to": [8.75, 0.25, 13.75],
			"faces": {
				"north": {"uv": [8.75, 13.5, 7.75, 13.75], "texture": "#0"},
				"east": {"uv": [8.5, 13.5, 8.75, 13.75], "rotation": 90, "texture": "#0"},
				"south": {"uv": [7.75, 13.5, 8.75, 13.75], "texture": "#0"},
				"west": {"uv": [7.75, 13.5, 8, 13.75], "rotation": 270, "texture": "#0"},
				"up": {"uv": [7.75, 13.5, 8.75, 13.75], "texture": "#0"},
				"down": {"uv": [7.75, 13.75, 8.75, 13.5], "texture": "#0"}
			}
		},
		{
			"name": "halo (30)_48",
			"from": [0.75, 0, 13.75],
			"to": [1.75, 0.25, 14],
			"faces": {
				"north": {"uv": [1.75, 13.75, 0.75, 14], "texture": "#0"},
				"east": {"uv": [1.5, 13.75, 1.75, 14], "rotation": 90, "texture": "#0"},
				"south": {"uv": [0.75, 13.75, 1.75, 14], "texture": "#0"},
				"west": {"uv": [0.75, 13.75, 1, 14], "rotation": 270, "texture": "#0"},
				"up": {"uv": [0.75, 13.75, 1.75, 14], "texture": "#0"},
				"down": {"uv": [0.75, 14, 1.75, 13.75], "texture": "#0"}
			}
		},
		{
			"name": "halo (30)_49",
			"from": [7.75, 0, 13.75],
			"to": [8.75, 0.25, 14],
			"faces": {
				"north": {"uv": [8.75, 13.75, 7.75, 14], "texture": "#0"},
				"east": {"uv": [8.5, 13.75, 8.75, 14], "rotation": 90, "texture": "#0"},
				"south": {"uv": [7.75, 13.75, 8.75, 14], "texture": "#0"},
				"west": {"uv": [7.75, 13.75, 8, 14], "rotation": 270, "texture": "#0"},
				"up": {"uv": [7.75, 13.75, 8.75, 14], "texture": "#0"},
				"down": {"uv": [7.75, 14, 8.75, 13.75], "texture": "#0"}
			}
		},
		{
			"name": "halo (30)_50",
			"from": [0.75, 0, 14],
			"to": [1.75, 0.25, 14.25],
			"faces": {
				"north": {"uv": [1.75, 14, 0.75, 14.25], "texture": "#0"},
				"east": {"uv": [1.5, 14, 1.75, 14.25], "rotation": 90, "texture": "#0"},
				"south": {"uv": [0.75, 14, 1.75, 14.25], "texture": "#0"},
				"west": {"uv": [0.75, 14, 1, 14.25], "rotation": 270, "texture": "#0"},
				"up": {"uv": [0.75, 14, 1.75, 14.25], "texture": "#0"},
				"down": {"uv": [0.75, 14.25, 1.75, 14], "texture": "#0"}
			}
		},
		{
			"name": "halo (30)_51",
			"from": [7.75, 0, 14],
			"to": [8.75, 0.25, 14.25],
			"faces": {
				"north": {"uv": [8.75, 14, 7.75, 14.25], "texture": "#0"},
				"east": {"uv": [8.5, 14, 8.75, 14.25], "rotation": 90, "texture": "#0"},
				"south": {"uv": [7.75, 14, 8.75, 14.25], "texture": "#0"},
				"west": {"uv": [7.75, 14, 8, 14.25], "rotation": 270, "texture": "#0"},
				"up": {"uv": [7.75, 14, 8.75, 14.25], "texture": "#0"},
				"down": {"uv": [7.75, 14.25, 8.75, 14], "texture": "#0"}
			}
		},
		{
			"name": "halo (30)_52",
			"from": [0.75, 0, 14.25],
			"to": [8.75, 0.25, 14.5],
			"faces": {
				"north": {"uv": [8.75, 14.25, 0.75, 14.5], "texture": "#0"},
				"east": {"uv": [8.5, 14.25, 8.75, 14.5], "rotation": 90, "texture": "#0"},
				"south": {"uv": [0.75, 14.25, 8.75, 14.5], "texture": "#0"},
				"west": {"uv": [0.75, 14.25, 1, 14.5], "rotation": 270, "texture": "#0"},
				"up": {"uv": [0.75, 14.25, 8.75, 14.5], "texture": "#0"},
				"down": {"uv": [0.75, 14.5, 8.75, 14.25], "texture": "#0"}
			}
		},
		{
			"name": "halo (30)_53",
			"from": [0.75, 0, 14.5],
			"to": [8.75, 0.25, 14.75],
			"faces": {
				"north": {"uv": [8.75, 14.5, 0.75, 14.75], "texture": "#0"},
				"east": {"uv": [8.5, 14.5, 8.75, 14.75], "rotation": 90, "texture": "#0"},
				"south": {"uv": [0.75, 14.5, 8.75, 14.75], "texture": "#0"},
				"west": {"uv": [0.75, 14.5, 1, 14.75], "rotation": 270, "texture": "#0"},
				"up": {"uv": [0.75, 14.5, 8.75, 14.75], "texture": "#0"},
				"down": {"uv": [0.75, 14.75, 8.75, 14.5], "texture": "#0"}
			}
		},
		{
			"name": "halo (30)_54",
			"from": [0.75, 0, 14.75],
			"to": [8.75, 0.25, 15],
			"faces": {
				"north": {"uv": [8.75, 14.75, 0.75, 15], "texture": "#0"},
				"east": {"uv": [8.5, 14.75, 8.75, 15], "rotation": 90, "texture": "#0"},
				"south": {"uv": [0.75, 14.75, 8.75, 15], "texture": "#0"},
				"west": {"uv": [0.75, 14.75, 1, 15], "rotation": 270, "texture": "#0"},
				"up": {"uv": [0.75, 14.75, 8.75, 15], "texture": "#0"},
				"down": {"uv": [0.75, 15, 8.75, 14.75], "texture": "#0"}
			}
		},
		{
			"name": "halo (30)_55",
			"from": [0.75, 0, 15],
			"to": [8.75, 0.25, 15.25],
			"faces": {
				"north": {"uv": [8.75, 15, 0.75, 15.25], "texture": "#0"},
				"east": {"uv": [8.5, 15, 8.75, 15.25], "rotation": 90, "texture": "#0"},
				"south": {"uv": [0.75, 15, 8.75, 15.25], "texture": "#0"},
				"west": {"uv": [0.75, 15, 1, 15.25], "rotation": 270, "texture": "#0"},
				"up": {"uv": [0.75, 15, 8.75, 15.25], "texture": "#0"},
				"down": {"uv": [0.75, 15.25, 8.75, 15], "texture": "#0"}
			}
		}
	],
	"display": {
		"gui": {
			"rotation": [90, 0, 0]
		},
		"head": {
			"rotation": [20, 0, 0],
			"translation": [0, 17, 10]
		}
	},
	"groups": [
		{
			"name": "halo (30)",
			"origin": [8, 8, 8],
			"color": 0,
			"children": [
				0,
				1,
				2,
				3,
				4,
				5,
				6,
				7,
				8,
				9,
				10,
				11,
				12,
				13,
				14,
				15,
				16,
				17,
				18,
				19,
				20,
				21,
				22,
				23,
				24,
				25,
				26,
				27,
				28,
				29,
				30,
				31,
				32,
				33,
				34,
				35,
				36,
				37,
				38,
				39,
				40,
				41,
				42,
				43,
				44,
				45,
				46,
				47,
				48,
				49,
				50,
				51,
				52,
				53,
				54,
				55
			]
		}
	]
}