{
	"credit": "Made with Blockbench",
	"parent": "item/handheld",
	"textures": {
		"layer0": "items/0122"
	},
	"display": {
		"thirdperson_righthand": {
			"rotation": [-135, -90, 0],
			"translation": [0, 1.5, -1.5],
			"scale": [1, 1, 0.8]
		},
		"thirdperson_lefthand": {
			"rotation": [-45, 90, 0],
			"translation": [0, 1.5, -1.5],
			"scale": [1, 1, 0.8]
		},
		"firstperson_righthand": {
			"rotation": [-125, -90, 0],
			"translation": [3, 1, 0],
			"scale": [0.8, 0.8, 0.8]
		},
		"firstperson_lefthand": {
			"rotation": [-45, 90, 0],
			"translation": [3, 1, 0],
			"scale": [0.8, 0.8, 0.8]
		},
		"ground": {
			"rotation": [90, 0, 0],
			"translation": [1.5, -3.25, -1.5]
		}
	}
}