{
	"credit": "Made with Blockbench",
	"parent": "item/generated",
	"textures": {
		"layer0": "items/1104"
	},
	"display": {
		"thirdperson_righthand": {
			"rotation": [-56.25, -90, 0],
			"translation": [-11.75, -9, 2.75],
			"scale": [1.5, 1.5, 1]
		},
		"thirdperson_lefthand": {
			"rotation": [-45, 90, 0],
			"translation": [0, -5.75, 2],
			"scale": [1.5, 1.5, 1]
		},
		"firstperson_righthand": {
			"rotation": [57.25, -91.75, 178.5],
			"translation": [-22.25, 0, 5.25]
		},
		"firstperson_lefthand": {
			"rotation": [167, -89.25, 180],
			"translation": [8.25, -4.75, 0],
			"scale": [1.5, 1.5, 1]
		},
		"ground": {
			"rotation": [90, 0, 0],
			"scale": [1.5, 1.5, 1]
		},
		"head": {
			"rotation": [93, -94.25, -144.75],
			"translation": [-6.75, -26.75, 6.5],
			"scale": [1.75, 1.75, 1]
		},
		"fixed": {
			"rotation": [0, 0, 90]
		}
	}
}