{
	"credit": "Made with Blockbench",
	"textures": {
		"0": "items/beacon",
		"particle": "items/beacon"
	},
	"render_type": "translucent",
	"elements": [
		{
			"from": [6, 2, 6],
			"to": [10, 3, 10],
			"rotation": {"angle": 0, "axis": "x", "origin": [8, 8, 8]},
			"faces": {
				"north": {"uv": [0, 9, 0.5, 11], "rotation": 270, "texture": "#0"},
				"east": {"uv": [0, 9, 0.5, 11], "rotation": 270, "texture": "#0"},
				"south": {"uv": [0, 9, 0.5, 11], "rotation": 270, "texture": "#0"},
				"west": {"uv": [0, 9, 0.5, 11], "rotation": 270, "texture": "#0"},
				"up": {"uv": [1, 9, 3, 11], "rotation": 270, "texture": "#0"}
			}
		},
		{
			"from": [7, 7, 7],
			"to": [9, 9, 9],
			"rotation": {"angle": 0, "axis": "y", "origin": [8, 8, 8]},
			"faces": {
				"north": {"uv": [0, 7.5, 1, 8.5], "rotation": 90, "texture": "#0"},
				"east": {"uv": [0, 7.5, 1, 8.5], "rotation": 90, "texture": "#0"},
				"south": {"uv": [0, 7.5, 1, 8.5], "rotation": 90, "texture": "#0"},
				"west": {"uv": [0, 7.5, 1, 8.5], "rotation": 90, "texture": "#0"},
				"up": {"uv": [0, 7.5, 1, 8.5], "rotation": 90, "texture": "#0"}
			}
		},
		{
			"from": [7, 3, 7],
			"to": [9, 7, 9],
			"rotation": {"angle": 0, "axis": "y", "origin": [8, 8, 8]},
			"faces": {
				"north": {"uv": [1.5, 7.5, 3.5, 8.5], "rotation": 270, "texture": "#0"},
				"east": {"uv": [1.5, 7.5, 3.5, 8.5], "rotation": 270, "texture": "#0"},
				"south": {"uv": [1.5, 7.5, 3.5, 8.5], "rotation": 270, "texture": "#0"},
				"west": {"uv": [1.5, 7.5, 3.5, 8.5], "rotation": 270, "texture": "#0"},
				"up": {"uv": [2.5, 7.5, 3.5, 8.5], "rotation": 270, "texture": "#0"}
			}
		},
		{
			"from": [5, 2, 5],
			"to": [11, 10, 11],
			"rotation": {"angle": 0, "axis": "y", "origin": [8, 8, 8]},
			"faces": {
				"north": {"uv": [3.5, 0, 7.5, 3], "rotation": 90, "texture": "#0"},
				"east": {"uv": [3.5, 0, 7.5, 3], "rotation": 90, "texture": "#0"},
				"south": {"uv": [3.5, 0, 7.5, 3], "rotation": 90, "texture": "#0"},
				"west": {"uv": [3.5, 0, 7.5, 3], "rotation": 90, "texture": "#0"}
			}
		},
		{
			"from": [4.5, 0, 4.5],
			"to": [11.5, 2, 11.5],
			"rotation": {"angle": 0, "axis": "z", "origin": [8, 11, 8]},
			"faces": {
				"north": {"uv": [8, 3.5, 9, 7], "rotation": 270, "texture": "#0"},
				"east": {"uv": [8, 3.5, 9, 7], "rotation": 270, "texture": "#0"},
				"south": {"uv": [8, 3.5, 9, 7], "rotation": 270, "texture": "#0"},
				"west": {"uv": [8, 3.5, 9, 7], "rotation": 270, "texture": "#0"},
				"up": {"uv": [4, 3.5, 7.5, 7], "rotation": 270, "texture": "#0"},
				"down": {"uv": [0, 3.5, 3.5, 7], "rotation": 270, "texture": "#0"}
			}
		},
		{
			"from": [4.5, 10, 4.5],
			"to": [11.5, 12, 11.5],
			"rotation": {"angle": 0, "axis": "y", "origin": [8, 11, 8]},
			"faces": {
				"north": {"uv": [8, 3.5, 9, 7], "rotation": 90, "texture": "#0"},
				"east": {"uv": [8, 3.5, 9, 7], "rotation": 90, "texture": "#0"},
				"south": {"uv": [8, 3.5, 9, 7], "rotation": 90, "texture": "#0"},
				"west": {"uv": [8, 3.5, 9, 7], "rotation": 90, "texture": "#0"},
				"up": {"uv": [0, 3.5, 3.5, 7], "rotation": 90, "texture": "#0"},
				"down": {"uv": [4, 3.5, 7.5, 7], "rotation": 90, "texture": "#0"}
			}
		},
		{
			"from": [8, 12, 6.5],
			"to": [8, 17, 9.5],
			"rotation": {"angle": -22.5, "axis": "y", "origin": [8, 11, 8]},
			"faces": {
				"east": {"uv": [1, 11.5, 3.5, 13], "rotation": 270, "texture": "#0"},
				"west": {"uv": [1, 11.5, 3.5, 13], "rotation": 270, "texture": "#0"}
			}
		},
		{
			"from": [6.5, 12, 8],
			"to": [9.5, 17, 8],
			"rotation": {"angle": -22.5, "axis": "y", "origin": [8, 11, 8]},
			"faces": {
				"north": {"uv": [0, 11.5, 2.5, 13], "rotation": 270, "texture": "#0"},
				"south": {"uv": [0, 11.5, 2.5, 13], "rotation": 270, "texture": "#0"}
			}
		},
		{
			"from": [8, 7, 7],
			"to": [8, 9, 9],
			"rotation": {"angle": 22.5, "axis": "y", "origin": [8, 11, 8]},
			"faces": {
				"east": {"uv": [4, 8.5, 5, 7.5], "rotation": 270, "texture": "#0"},
				"west": {"uv": [4, 7.5, 5, 8.5], "rotation": 270, "texture": "#0"}
			}
		},
		{
			"from": [7, 7, 8],
			"to": [9, 9, 8],
			"rotation": {"angle": 22.5, "axis": "y", "origin": [8, 11, 8]},
			"faces": {
				"north": {"uv": [4, 7.5, 5, 8.5], "rotation": 270, "texture": "#0"},
				"south": {"uv": [4, 8.5, 5, 7.5], "rotation": 270, "texture": "#0"}
			}
		}
	],
	"display": {
		"thirdperson_righthand": {
			"rotation": [75, 45, 0],
			"translation": [0, 1.25, 0],
			"scale": [0.375, 0.375, 0.375]
		},
		"thirdperson_lefthand": {
			"rotation": [75, 45, 0],
			"translation": [0, 1.25, 0],
			"scale": [0.375, 0.375, 0.375]
		},
		"firstperson_righthand": {
			"rotation": [0, 45, 0],
			"scale": [0.4, 0.4, 0.4]
		},
		"firstperson_lefthand": {
			"rotation": [0, 225, 0],
			"scale": [0.4, 0.4, 0.4]
		},
		"ground": {
			"translation": [0, 3, 0],
			"scale": [0.25, 0.25, 0.25]
		},
		"gui": {
			"rotation": [30, 225, 0],
			"scale": [0.625, 0.625, 0.625]
		},
		"head": {
			"translation": [0, 14.5, 0]
		},
		"fixed": {
			"scale": [0.5, 0.5, 0.5]
		}
	}
}