{
	"credit": "Made with Blockbench",
	"parent": "item/handheld",
	"textures": {
		"layer0": "items/0230"
	},
	"display": {
		"thirdperson_righthand": {
			"rotation": [-16.25, -90, 0],
			"translation": [-0.25, -1.5, 0],
			"scale": [0.25, 0.25, 0.3]
		},
		"thirdperson_lefthand": {
			"rotation": [-16.25, 90, 0],
			"translation": [-0.25, -1.5, 0],
			"scale": [0.25, 0.25, 0.25]
		},
		"firstperson_righthand": {
			"rotation": [0, -90, 55],
			"translation": [3, 0.75, 0],
			"scale": [0.25, 0.25, 0.3]
		},
		"firstperson_lefthand": {
			"rotation": [-55, 90, 0],
			"translation": [3, 0.75, 0],
			"scale": [0.25, 0.25, 0.3]
		},
		"ground": {
			"rotation": [0, 0, 45],
			"translation": [0, -1.25, 0],
			"scale": [0.25, 0.25, 0.3]
		},
		"head": {
			"rotation": [0, 0, 45],
			"translation": [5.25, -24, 5.5],
			"scale": [0.25, 0.25, 0.25]
		}
	}
}