{
	"credit": "Made with Blockbench",
	"textures": {
		"1": "blocks/noteblock",
		"2": "blocks/door_iron_upper",
		"3": "blocks/anvil_base",
		"4": "items/3d/plane/plane",
		"6": "items/3d/plane/plane2",
		"7": "blocks/gold_block",
		"particle": "blocks/quartz_block_chiseled"
	},
	"elements": [
		{
			"from": [26.475, 1.325, 3],
			"to": [28.5, 1.825, 8],
			"rotation": {"angle": 0, "axis": "z", "origin": [8, 1.25, 5.5]},
			"faces": {
				"north": {"uv": [16, 0, 0, 0.5], "texture": "#6"},
				"east": {"uv": [7, 0, 0, 0.5], "texture": "#6"},
				"south": {"uv": [16, 0, 0, 0.5], "texture": "#6"},
				"west": {"uv": [7, 0, 0, 0.5], "texture": "#6"},
				"up": {"uv": [5, 0, 0, 7], "texture": "#6"},
				"down": {"uv": [5, 0, 0, 7], "texture": "#6"}
			}
		},
		{
			"from": [-1.5, 1.325, 2],
			"to": [7.5, 1.825, 3],
			"rotation": {"angle": 0, "axis": "y", "origin": [8, 1.25, 5.5]},
			"faces": {
				"north": {"uv": [0, 0, 16, 0.5], "texture": "#7"},
				"east": {"uv": [0, 0, 7, 0.5], "texture": "#7"},
				"south": {"uv": [0, 0, 16, 0.5], "texture": "#7"},
				"west": {"uv": [0, 0, 7, 0.5], "texture": "#7"},
				"up": {"uv": [0, 0, 16, 1], "texture": "#7"},
				"down": {"uv": [0, 0, 16, 1], "texture": "#7"}
			}
		},
		{
			"from": [-10.5, 1.325, 2],
			"to": [-1.5, 1.825, 9],
			"rotation": {"angle": 0, "axis": "y", "origin": [8, 1.25, 5.5]},
			"faces": {
				"north": {"uv": [0, 0, 16, 0.5], "texture": "#6"},
				"east": {"uv": [0, 0, 7, 0.5], "texture": "#6"},
				"south": {"uv": [0, 0, 16, 0.5], "texture": "#6"},
				"west": {"uv": [0, 0, 7, 0.5], "texture": "#6"},
				"up": {"uv": [0, 0, 16, 16], "texture": "#6"},
				"down": {"uv": [0, 0, 16, 16], "texture": "#6"}
			}
		},
		{
			"from": [-1.5, 1.325, 3],
			"to": [7.5, 1.825, 9],
			"rotation": {"angle": 0, "axis": "y", "origin": [8, 1.25, 5.5]},
			"faces": {
				"north": {"uv": [0, 0, 16, 0.5], "texture": "#6"},
				"east": {"uv": [0, 0, 7, 0.5], "texture": "#6"},
				"south": {"uv": [0, 0, 16, 0.5], "texture": "#6"},
				"west": {"uv": [0, 0, 7, 0.5], "texture": "#6"},
				"up": {"uv": [0, 0, 16, 16], "texture": "#6"},
				"down": {"uv": [0, 0, 16, 16], "texture": "#6"}
			}
		},
		{
			"from": [8.5, 1.325, 3],
			"to": [17.5, 1.825, 9],
			"rotation": {"angle": 0, "axis": "y", "origin": [8, 1.25, 5.5]},
			"faces": {
				"north": {"uv": [16, 0, 0, 0.5], "texture": "#6"},
				"east": {"uv": [7, 0, 0, 0.5], "texture": "#6"},
				"south": {"uv": [16, 0, 0, 0.5], "texture": "#6"},
				"west": {"uv": [7, 0, 0, 0.5], "texture": "#6"},
				"up": {"uv": [16, 0, 0, 16], "texture": "#6"},
				"down": {"uv": [16, 0, 0, 16], "texture": "#6"}
			}
		},
		{
			"from": [-12.5, 1.325, 3],
			"to": [-10.475, 1.825, 8],
			"rotation": {"angle": 0, "axis": "z", "origin": [8, 1.25, 5.5]},
			"faces": {
				"north": {"uv": [0, 0, 16, 0.5], "texture": "#6"},
				"east": {"uv": [0, 0, 7, 0.5], "texture": "#6"},
				"south": {"uv": [0, 0, 16, 0.5], "texture": "#6"},
				"west": {"uv": [0, 0, 7, 0.5], "texture": "#6"},
				"up": {"uv": [0, 0, 5, 7], "texture": "#6"},
				"down": {"uv": [0, 0, 5, 7], "texture": "#6"}
			}
		},
		{
			"from": [8.5, 1.325, 2],
			"to": [17.5, 1.825, 3],
			"rotation": {"angle": 0, "axis": "y", "origin": [8, 1.25, 5.5]},
			"faces": {
				"north": {"uv": [16, 0, 0, 0.5], "texture": "#7"},
				"east": {"uv": [7, 0, 0, 0.5], "texture": "#7"},
				"south": {"uv": [16, 0, 0, 0.5], "texture": "#7"},
				"west": {"uv": [7, 0, 0, 0.5], "texture": "#7"},
				"up": {"uv": [16, 0, 0, 1], "texture": "#7"},
				"down": {"uv": [16, 0, 0, 1], "texture": "#7"}
			}
		},
		{
			"from": [17.5, 1.325, 2],
			"to": [26.5, 1.825, 9],
			"rotation": {"angle": 0, "axis": "y", "origin": [8, 1.25, 5.5]},
			"faces": {
				"north": {"uv": [16, 0, 0, 0.5], "texture": "#6"},
				"east": {"uv": [7, 0, 0, 0.5], "texture": "#6"},
				"south": {"uv": [16, 0, 0, 0.5], "texture": "#6"},
				"west": {"uv": [7, 0, 0, 0.5], "texture": "#6"},
				"up": {"uv": [16, 0, 0, 16], "texture": "#6"},
				"down": {"uv": [16, 0, 0, 16], "texture": "#6"}
			}
		},
		{
			"from": [2.3, 4, 22],
			"to": [7.9, 4.5, 23],
			"rotation": {"angle": 0, "axis": "y", "origin": [16, 0, 0]},
			"faces": {
				"north": {"uv": [15, 0, 0, 0.5], "texture": "#6"},
				"east": {"uv": [5, 0, 0, 0.5], "texture": "#6"},
				"south": {"uv": [15, 0, 0, 0.5], "texture": "#6"},
				"west": {"uv": [5, 0, 0, 0.5], "texture": "#6"},
				"up": {"uv": [13, 0, 0, 3], "texture": "#6"},
				"down": {"uv": [15, 0, 0, 5], "texture": "#6"}
			}
		},
		{
			"from": [7.75, 3.01693, 22.40119],
			"to": [8.25, 8.01693, 24.40119],
			"rotation": {"angle": 0, "axis": "y", "origin": [8, 6.24193, 14.50119]},
			"faces": {
				"north": {"uv": [0, 0, 0.5, 4.5], "texture": "#6"},
				"east": {"uv": [0, 0, 16, 16], "texture": "#6"},
				"south": {"uv": [0, 0, 0.5, 4.5], "texture": "#6"},
				"west": {"uv": [0, 0, 16, 16], "texture": "#6"},
				"up": {"uv": [0, 0, 0.5, 3], "texture": "#6"},
				"down": {"uv": [0, 0, 0.5, 3], "texture": "#6"}
			}
		},
		{
			"from": [8.1, 4, 19],
			"to": [15.1, 4.5, 22],
			"faces": {
				"north": {"uv": [0, 0, 15, 0.5], "texture": "#6"},
				"east": {"uv": [0, 0, 5, 0.5], "texture": "#6"},
				"south": {"uv": [0, 0, 15, 0.5], "texture": "#6"},
				"west": {"uv": [0, 0, 5, 0.5], "texture": "#6"},
				"up": {"uv": [0, 0, 16, 10], "texture": "#6"},
				"down": {"uv": [0, 0, 16, 10], "texture": "#6"}
			}
		},
		{
			"from": [8.1, 4, 18],
			"to": [13.7, 4.5, 19],
			"faces": {
				"north": {"uv": [0, 0, 15, 0.5], "texture": "#6"},
				"east": {"uv": [0, 0, 5, 0.5], "texture": "#6"},
				"south": {"uv": [0, 0, 15, 0.5], "texture": "#6"},
				"west": {"uv": [0, 0, 5, 0.5], "texture": "#6"},
				"up": {"uv": [0, 0, 13, 3], "texture": "#6"},
				"down": {"uv": [0, 0, 15, 5], "texture": "#6"}
			}
		},
		{
			"from": [8.1, 4, 22],
			"to": [13.7, 4.5, 23],
			"faces": {
				"north": {"uv": [0, 0, 15, 0.5], "texture": "#6"},
				"east": {"uv": [0, 0, 5, 0.5], "texture": "#6"},
				"south": {"uv": [0, 0, 15, 0.5], "texture": "#6"},
				"west": {"uv": [0, 0, 5, 0.5], "texture": "#6"},
				"up": {"uv": [0, 0, 13, 3], "texture": "#6"},
				"down": {"uv": [0, 0, 15, 5], "texture": "#6"}
			}
		},
		{
			"from": [7.75, 3, 22],
			"to": [8.25, 7.5, 23.475],
			"rotation": {"angle": 22.5, "axis": "x", "origin": [8, 6.75, 23.5]},
			"faces": {
				"north": {"uv": [0, 0, 0.5, 4.5], "texture": "#6"},
				"east": {"uv": [0, 0, 16, 16], "texture": "#6"},
				"south": {"uv": [0, 0, 0.5, 4.5], "texture": "#6"},
				"west": {"uv": [0, 0, 16, 16], "texture": "#6"},
				"up": {"uv": [0, 0, 0.5, 3], "texture": "#6"},
				"down": {"uv": [0, 0, 0.5, 3], "texture": "#6"}
			}
		},
		{
			"from": [0.9, 4, 19],
			"to": [7.9, 4.5, 22],
			"rotation": {"angle": 0, "axis": "y", "origin": [16, 0, 0]},
			"faces": {
				"north": {"uv": [15, 0, 0, 0.5], "texture": "#6"},
				"east": {"uv": [5, 0, 0, 0.5], "texture": "#6"},
				"south": {"uv": [15, 0, 0, 0.5], "texture": "#6"},
				"west": {"uv": [5, 0, 0, 0.5], "texture": "#6"},
				"up": {"uv": [16, 0, 0, 10], "texture": "#6"},
				"down": {"uv": [16, 0, 0, 10], "texture": "#6"}
			}
		},
		{
			"from": [2.3, 4, 18],
			"to": [7.9, 4.5, 19],
			"rotation": {"angle": 0, "axis": "y", "origin": [16, 0, 0]},
			"faces": {
				"north": {"uv": [15, 0, 0, 0.5], "texture": "#6"},
				"east": {"uv": [5, 0, 0, 0.5], "texture": "#6"},
				"south": {"uv": [15, 0, 0, 0.5], "texture": "#6"},
				"west": {"uv": [5, 0, 0, 0.5], "texture": "#6"},
				"up": {"uv": [13, 0, 0, 3], "texture": "#6"},
				"down": {"uv": [15, 0, 0, 5], "texture": "#6"}
			}
		},
		{
			"from": [7.75, 1, 23.3],
			"to": [8.25, 4.5, 24.3],
			"rotation": {"angle": 0, "axis": "y", "origin": [8, 6.25, 14.5]},
			"faces": {
				"north": {"uv": [0, 0, 0.5, 3.5], "texture": "#1"},
				"east": {"uv": [0, 0, 1, 3.5], "texture": "#1"},
				"south": {"uv": [0, 0, 0.5, 3.5], "texture": "#1"},
				"west": {"uv": [0, 0, 1, 3.5], "texture": "#1"},
				"up": {"uv": [0, 0, 0.5, 1], "texture": "#1"},
				"down": {"uv": [0, 0, 0.5, 1], "texture": "#1"}
			}
		},
		{
			"from": [2.75, -2, 4.675],
			"to": [3.25, 1.5, 5.675],
			"rotation": {"angle": 22.5, "axis": "x", "origin": [3, -0.25, 5.8]},
			"faces": {
				"north": {"uv": [0, 0, 0.5, 3.5], "texture": "#1"},
				"east": {"uv": [0, 0, 1, 3.5], "texture": "#1"},
				"south": {"uv": [0, 0, 0.5, 3.5], "texture": "#1"},
				"west": {"uv": [0, 0, 1, 3.5], "texture": "#1"},
				"up": {"uv": [0, 0, 0.5, 1], "texture": "#1"},
				"down": {"uv": [0, 0, 0.5, 1], "texture": "#1"}
			}
		},
		{
			"from": [2.55, -2.61804, 3.52978],
			"to": [3.525, -0.61804, 5.52978],
			"rotation": {"angle": -22.5, "axis": "x", "origin": [3, -1.61804, 4.52978]},
			"faces": {
				"north": {"uv": [1, 1, 15, 15], "texture": "#1"},
				"east": {"uv": [0, 0, 16, 16], "texture": "#1"},
				"south": {"uv": [1, 1, 14.5, 14.5], "texture": "#1"},
				"west": {"uv": [0, 0, 16, 16], "texture": "#1"},
				"up": {"uv": [1, 1, 14.5, 15], "texture": "#1"},
				"down": {"uv": [1, 1, 14.5, 14], "texture": "#1"}
			}
		},
		{
			"from": [7.75, 3, -2.5],
			"to": [8.25, 3.5, 0],
			"rotation": {"angle": 0, "axis": "y", "origin": [7.5, 4.25, 12]},
			"faces": {
				"north": {"uv": [0, 0, 0.5, 0.5], "texture": "#1"},
				"east": {"uv": [0, 0, 2.5, 0.5], "texture": "#1"},
				"south": {"uv": [0, 0, 0.5, 0.5], "texture": "#1"},
				"west": {"uv": [0, 0, 2.5, 0.5], "texture": "#1"},
				"up": {"uv": [0, 0, 0.5, 2.5], "texture": "#1"},
				"down": {"uv": [0, 0, 0.5, 2.5], "texture": "#1"}
			}
		},
		{
			"from": [2.75, -2, -2],
			"to": [13.25, 8.5, -1.75],
			"rotation": {"angle": 45, "axis": "z", "origin": [8, 3.25, -1]},
			"faces": {
				"north": {"uv": [0, 0, 16, 16], "texture": "#4"},
				"east": {"uv": [0, 0, 0.25, 1.5], "texture": "#4"},
				"south": {"uv": [0, 0, 16, 16], "texture": "#4"},
				"west": {"uv": [0, 0, 0.25, 1.5], "texture": "#4"},
				"up": {"uv": [0, 0, 6.5, 0.25], "texture": "#4"},
				"down": {"uv": [0, 0, 6.5, 0.25], "texture": "#4"}
			}
		},
		{
			"from": [6.75, 2, 19],
			"to": [9.25, 4.775, 24],
			"rotation": {"angle": 0, "axis": "y", "origin": [7.5, 4.25, 12]},
			"faces": {
				"north": {"uv": [0, 0, 2.5, 2.5], "texture": "#6"},
				"east": {"uv": [0, 0, 16, 11.5], "texture": "#6"},
				"south": {"uv": [0, 0, 16, 16], "texture": "#6"},
				"west": {"uv": [0, 0, 16, 11.5], "texture": "#6"},
				"up": {"uv": [0, 0, 2.5, 5], "texture": "#6"},
				"down": {"uv": [0, 0, 2.5, 5], "texture": "#6"}
			}
		},
		{
			"from": [6.25, 1.5, -1.7],
			"to": [9.75, 5, 3.3],
			"rotation": {"angle": 0, "axis": "y", "origin": [7.5, 4.25, 12]},
			"faces": {
				"north": {"uv": [0, 0, 16, 16], "texture": "#1"},
				"east": {"uv": [0, 0, 16, 16], "texture": "#1"},
				"south": {"uv": [0, 0, 16, 16], "texture": "#1"},
				"west": {"uv": [0, 0, 16, 16], "texture": "#1"},
				"up": {"uv": [0, 0, 16, 16], "texture": "#1"},
				"down": {"uv": [0, 0, 16, 16], "texture": "#1"}
			}
		},
		{
			"from": [5.5, 1.5, 2],
			"to": [10.5, 2, 9],
			"rotation": {"angle": 0, "axis": "y", "origin": [16, 0, 0]},
			"faces": {
				"north": {"uv": [16, 0, 0, 0.5], "texture": "#1"},
				"east": {"uv": [6, 0, 0, 0.5], "texture": "#1"},
				"south": {"uv": [16, 0, 0, 0.5], "texture": "#1"},
				"west": {"uv": [6, 0, 0, 0.5], "texture": "#1"},
				"up": {"uv": [16, 0, 0, 16], "texture": "#1"},
				"down": {"uv": [16, 0, 0, 6], "texture": "#1"}
			}
		},
		{
			"from": [5.68934, 1.93934, -1],
			"to": [6.18934, 4.43934, 2],
			"rotation": {"angle": 0, "axis": "y", "origin": [7.43934, 4.18934, 12]},
			"faces": {
				"north": {"uv": [0, 0, 16, 16], "texture": "#3"},
				"east": {"uv": [0, 0, 16, 16], "texture": "#3"},
				"south": {"uv": [0, 0, 16, 16], "texture": "#3"},
				"west": {"uv": [0, 0, 16, 16], "texture": "#3"},
				"up": {"uv": [0, 0, 16, 16], "texture": "#3"},
				"down": {"uv": [0, 0, 16, 16], "texture": "#3"}
			}
		},
		{
			"from": [5.375, 3.625, 0.975],
			"to": [5.875, 4.125, 3.975],
			"rotation": {"angle": 0, "axis": "y", "origin": [7.5, 4.25, 12]},
			"faces": {
				"north": {"uv": [0, 0, 16, 16], "texture": "#3"},
				"east": {"uv": [0, 0, 16, 16], "texture": "#3"},
				"south": {"uv": [0, 0, 16, 16], "texture": "#3"},
				"west": {"uv": [0, 0, 16, 16], "texture": "#3"},
				"up": {"uv": [0, 0, 16, 16], "texture": "#3"},
				"down": {"uv": [0, 0, 16, 16], "texture": "#3"}
			}
		},
		{
			"from": [5.375, 2.225, 0.975],
			"to": [5.875, 2.725, 3.975],
			"rotation": {"angle": 0, "axis": "y", "origin": [7.5, 4.25, 12]},
			"faces": {
				"north": {"uv": [0, 0, 16, 16], "texture": "#3"},
				"east": {"uv": [0, 0, 16, 16], "texture": "#3"},
				"south": {"uv": [0, 0, 16, 16], "texture": "#3"},
				"west": {"uv": [0, 0, 16, 16], "texture": "#3"},
				"up": {"uv": [0, 0, 16, 16], "texture": "#3"},
				"down": {"uv": [0, 0, 16, 16], "texture": "#3"}
			}
		},
		{
			"from": [6.90208, 3.06716, -1],
			"to": [7.40208, 4.56716, 2],
			"rotation": {"angle": -45, "axis": "z", "origin": [7.95208, 5.21716, 0.5]},
			"faces": {
				"north": {"uv": [16, 0, 0, 16], "rotation": 180, "texture": "#3"},
				"east": {"uv": [16, 0, 0, 16], "rotation": 180, "texture": "#3"},
				"south": {"uv": [16, 0, 0, 16], "rotation": 180, "texture": "#3"},
				"west": {"uv": [16, 0, 0, 16], "rotation": 180, "texture": "#3"},
				"up": {"uv": [16, 0, 0, 16], "rotation": 180, "texture": "#3"},
				"down": {"uv": [16, 0, 0, 16], "rotation": 180, "texture": "#3"}
			}
		},
		{
			"from": [6.75, 5, -1],
			"to": [9.25, 5.5, 2],
			"rotation": {"angle": 0, "axis": "y", "origin": [8, 3.25, 0.5]},
			"faces": {
				"north": {"uv": [0, 0, 16, 16], "rotation": 270, "texture": "#3"},
				"east": {"uv": [0, 0, 16, 16], "rotation": 90, "texture": "#3"},
				"south": {"uv": [0, 0, 16, 16], "rotation": 90, "texture": "#3"},
				"west": {"uv": [0, 0, 16, 16], "rotation": 90, "texture": "#3"},
				"up": {"uv": [0, 0, 16, 16], "rotation": 90, "texture": "#3"},
				"down": {"uv": [0, 0, 16, 16], "rotation": 90, "texture": "#3"}
			}
		},
		{
			"from": [10.125, 2.225, 0.975],
			"to": [10.625, 2.725, 3.975],
			"rotation": {"angle": 0, "axis": "y", "origin": [8.5, 4.25, 12]},
			"faces": {
				"north": {"uv": [16, 0, 0, 16], "texture": "#3"},
				"east": {"uv": [16, 0, 0, 16], "texture": "#3"},
				"south": {"uv": [16, 0, 0, 16], "texture": "#3"},
				"west": {"uv": [16, 0, 0, 16], "texture": "#3"},
				"up": {"uv": [16, 0, 0, 16], "texture": "#3"},
				"down": {"uv": [16, 0, 0, 16], "texture": "#3"}
			}
		},
		{
			"from": [8.94688, 0.71048, -1],
			"to": [10.44688, 1.21048, 2],
			"rotation": {"angle": 45, "axis": "z", "origin": [8.8954, 1.16048, 0.5]},
			"faces": {
				"north": {"uv": [0, 0, 16, 16], "rotation": 270, "texture": "#3"},
				"east": {"uv": [0, 0, 16, 16], "rotation": 90, "texture": "#3"},
				"south": {"uv": [0, 0, 16, 16], "rotation": 90, "texture": "#3"},
				"west": {"uv": [0, 0, 16, 16], "rotation": 90, "texture": "#3"},
				"up": {"uv": [0, 0, 16, 16], "rotation": 90, "texture": "#3"},
				"down": {"uv": [0, 0, 16, 16], "rotation": 90, "texture": "#3"}
			}
		},
		{
			"from": [6.75, 0.87868, -1],
			"to": [9.25, 1.37868, 2],
			"rotation": {"angle": 0, "axis": "y", "origin": [8, 3.12868, 0.5]},
			"faces": {
				"north": {"uv": [0, 0, 16, 16], "rotation": 270, "texture": "#3"},
				"east": {"uv": [0, 0, 16, 16], "rotation": 90, "texture": "#3"},
				"south": {"uv": [0, 0, 16, 16], "rotation": 90, "texture": "#3"},
				"west": {"uv": [0, 0, 16, 16], "rotation": 90, "texture": "#3"},
				"up": {"uv": [0, 0, 16, 16], "rotation": 90, "texture": "#3"},
				"down": {"uv": [0, 0, 16, 16], "rotation": 90, "texture": "#3"}
			}
		},
		{
			"from": [8.59792, 3.06716, -1],
			"to": [9.09792, 4.56716, 2],
			"rotation": {"angle": 45, "axis": "z", "origin": [8.04792, 5.21716, 0.5]},
			"faces": {
				"north": {"uv": [0, 0, 16, 16], "rotation": 180, "texture": "#3"},
				"east": {"uv": [0, 0, 16, 16], "rotation": 180, "texture": "#3"},
				"south": {"uv": [0, 0, 16, 16], "rotation": 180, "texture": "#3"},
				"west": {"uv": [0, 0, 16, 16], "rotation": 180, "texture": "#3"},
				"up": {"uv": [0, 0, 16, 16], "rotation": 180, "texture": "#3"},
				"down": {"uv": [0, 0, 16, 16], "rotation": 180, "texture": "#3"}
			}
		},
		{
			"from": [5.55312, 0.71048, -1],
			"to": [7.05312, 1.21048, 2],
			"rotation": {"angle": -45, "axis": "z", "origin": [7.1046, 1.16048, 0.5]},
			"faces": {
				"north": {"uv": [0, 16, 16, 0], "rotation": 270, "texture": "#3"},
				"east": {"uv": [0, 16, 16, 0], "rotation": 90, "texture": "#3"},
				"south": {"uv": [0, 16, 16, 0], "rotation": 90, "texture": "#3"},
				"west": {"uv": [0, 16, 16, 0], "rotation": 90, "texture": "#3"},
				"up": {"uv": [0, 16, 16, 0], "rotation": 90, "texture": "#3"},
				"down": {"uv": [0, 16, 16, 0], "rotation": 90, "texture": "#3"}
			}
		},
		{
			"from": [9.81066, 1.93934, 2],
			"to": [10.31066, 4.43934, 5],
			"rotation": {"angle": 0, "axis": "y", "origin": [8.56066, 4.18934, 15]},
			"faces": {
				"north": {"uv": [16, 0, 0, 16], "texture": "#6"},
				"east": {"uv": [16, 0, 0, 16], "texture": "#6"},
				"south": {"uv": [16, 0, 0, 16], "texture": "#6"},
				"west": {"uv": [16, 0, 0, 16], "texture": "#6"},
				"up": {"uv": [16, 0, 0, 16], "texture": "#6"},
				"down": {"uv": [16, 0, 0, 16], "texture": "#6"}
			}
		},
		{
			"from": [8.59792, 3.06716, 2],
			"to": [9.09792, 4.56716, 5],
			"rotation": {"angle": 45, "axis": "z", "origin": [8.04792, 5.21716, 3.5]},
			"faces": {
				"north": {"uv": [0, 0, 16, 16], "rotation": 180, "texture": "#6"},
				"east": {"uv": [0, 0, 16, 16], "rotation": 180, "texture": "#6"},
				"south": {"uv": [0, 0, 16, 16], "rotation": 180, "texture": "#6"},
				"west": {"uv": [0, 0, 16, 16], "rotation": 180, "texture": "#6"},
				"up": {"uv": [0, 0, 16, 16], "rotation": 180, "texture": "#6"},
				"down": {"uv": [0, 0, 16, 16], "rotation": 180, "texture": "#6"}
			}
		},
		{
			"from": [6.75, 5, 2],
			"to": [9.25, 5.5, 4],
			"rotation": {"angle": 0, "axis": "y", "origin": [8, 3.25, 3.5]},
			"faces": {
				"north": {"uv": [0, 16, 16, 0], "rotation": 270, "texture": "#6"},
				"east": {"uv": [0, 16, 16, 0], "rotation": 90, "texture": "#6"},
				"south": {"uv": [0, 16, 16, 0], "rotation": 90, "texture": "#6"},
				"west": {"uv": [0, 16, 16, 0], "rotation": 90, "texture": "#6"},
				"up": {"uv": [0, 16, 16, 0], "rotation": 90, "texture": "#6"},
				"down": {"uv": [0, 16, 16, 0], "rotation": 90, "texture": "#6"}
			}
		},
		{
			"from": [5.68934, 1.93934, 2],
			"to": [6.18934, 4.43934, 5],
			"rotation": {"angle": 0, "axis": "y", "origin": [7.43934, 4.18934, 15]},
			"faces": {
				"north": {"uv": [0, 0, 16, 16], "texture": "#6"},
				"east": {"uv": [0, 0, 16, 16], "texture": "#6"},
				"south": {"uv": [0, 0, 16, 16], "texture": "#6"},
				"west": {"uv": [0, 0, 16, 16], "texture": "#6"},
				"up": {"uv": [0, 0, 16, 16], "texture": "#6"},
				"down": {"uv": [0, 0, 16, 16], "texture": "#6"}
			}
		},
		{
			"from": [5.55312, 0.8318, 2],
			"to": [7.05312, 1.3318, 5],
			"rotation": {"angle": -45, "axis": "z", "origin": [7.1046, 1.2818, 3.5]},
			"faces": {
				"north": {"uv": [0, 16, 16, 0], "rotation": 270, "texture": "#6"},
				"east": {"uv": [0, 16, 16, 0], "rotation": 90, "texture": "#6"},
				"south": {"uv": [0, 16, 16, 0], "rotation": 90, "texture": "#6"},
				"west": {"uv": [0, 16, 16, 0], "rotation": 90, "texture": "#6"},
				"up": {"uv": [0, 16, 16, 0], "rotation": 90, "texture": "#6"},
				"down": {"uv": [0, 16, 16, 0], "rotation": 90, "texture": "#6"}
			}
		},
		{
			"from": [6.75, 1, 2],
			"to": [9.25, 1.5, 5],
			"rotation": {"angle": 0, "axis": "y", "origin": [8, 3.25, 3.5]},
			"faces": {
				"north": {"uv": [0, 16, 16, 0], "rotation": 270, "texture": "#6"},
				"east": {"uv": [0, 16, 16, 0], "rotation": 90, "texture": "#6"},
				"south": {"uv": [0, 16, 16, 0], "rotation": 90, "texture": "#6"},
				"west": {"uv": [0, 16, 16, 0], "rotation": 90, "texture": "#6"},
				"up": {"uv": [0, 16, 16, 0], "rotation": 90, "texture": "#6"},
				"down": {"uv": [0, 16, 16, 0], "rotation": 90, "texture": "#6"}
			}
		},
		{
			"from": [6.90208, 3.06716, 2],
			"to": [7.40208, 4.56716, 5],
			"rotation": {"angle": -45, "axis": "z", "origin": [7.95208, 5.21716, 3.5]},
			"faces": {
				"north": {"uv": [16, 0, 0, 16], "rotation": 180, "texture": "#6"},
				"east": {"uv": [16, 0, 0, 16], "rotation": 180, "texture": "#6"},
				"south": {"uv": [16, 0, 0, 16], "rotation": 180, "texture": "#6"},
				"west": {"uv": [16, 0, 0, 16], "rotation": 180, "texture": "#6"},
				"up": {"uv": [16, 0, 0, 16], "rotation": 180, "texture": "#6"},
				"down": {"uv": [16, 0, 0, 16], "rotation": 180, "texture": "#6"}
			}
		},
		{
			"from": [8.94688, 0.8318, 2],
			"to": [10.44688, 1.3318, 5],
			"rotation": {"angle": 45, "axis": "z", "origin": [8.8954, 1.2818, 3.5]},
			"faces": {
				"north": {"uv": [0, 0, 16, 16], "rotation": 270, "texture": "#6"},
				"east": {"uv": [0, 0, 16, 16], "rotation": 90, "texture": "#6"},
				"south": {"uv": [0, 0, 16, 16], "rotation": 90, "texture": "#6"},
				"west": {"uv": [0, 0, 16, 16], "rotation": 90, "texture": "#6"},
				"up": {"uv": [0, 0, 16, 16], "rotation": 90, "texture": "#6"},
				"down": {"uv": [0, 0, 16, 16], "rotation": 90, "texture": "#6"}
			}
		},
		{
			"from": [5.54619, 0.83467, 8],
			"to": [7.04619, 1.33467, 11],
			"rotation": {"angle": -45, "axis": "z", "origin": [7.09767, 1.27487, 9.5]},
			"faces": {
				"north": {"uv": [0, 16, 16, 0], "rotation": 270, "texture": "#6"},
				"east": {"uv": [0, 16, 16, 0], "rotation": 90, "texture": "#6"},
				"south": {"uv": [0, 16, 16, 0], "rotation": 90, "texture": "#6"},
				"west": {"uv": [0, 16, 16, 0], "rotation": 90, "texture": "#6"},
				"up": {"uv": [0, 16, 16, 0], "rotation": 90, "texture": "#6"},
				"down": {"uv": [0, 16, 16, 0], "rotation": 90, "texture": "#6"}
			}
		},
		{
			"from": [9.81066, 1.93934, -1],
			"to": [10.31066, 4.43934, 2],
			"rotation": {"angle": 0, "axis": "y", "origin": [8.56066, 4.18934, 12]},
			"faces": {
				"north": {"uv": [16, 0, 0, 16], "texture": "#3"},
				"east": {"uv": [16, 0, 0, 16], "texture": "#3"},
				"south": {"uv": [16, 0, 0, 16], "texture": "#3"},
				"west": {"uv": [16, 0, 0, 16], "texture": "#3"},
				"up": {"uv": [16, 0, 0, 16], "texture": "#3"},
				"down": {"uv": [16, 0, 0, 16], "texture": "#3"}
			}
		},
		{
			"from": [10.125, 3.625, 0.975],
			"to": [10.625, 4.125, 3.975],
			"rotation": {"angle": 0, "axis": "y", "origin": [8.5, 4.25, 12]},
			"faces": {
				"north": {"uv": [16, 0, 0, 16], "texture": "#3"},
				"east": {"uv": [16, 0, 0, 16], "texture": "#3"},
				"south": {"uv": [16, 0, 0, 16], "texture": "#3"},
				"west": {"uv": [16, 0, 0, 16], "texture": "#3"},
				"up": {"uv": [16, 0, 0, 16], "texture": "#3"},
				"down": {"uv": [16, 0, 0, 16], "texture": "#3"}
			}
		},
		{
			"from": [6.56964, 1.56977, 11],
			"to": [7.31964, 2.06977, 14],
			"rotation": {"angle": 45, "axis": "z", "origin": [7.99404, 4.77037, 12.5]},
			"faces": {
				"north": {"uv": [0, 16, 16, 0], "rotation": 90, "texture": "#6"},
				"east": {"uv": [0, 16, 16, 0], "rotation": 270, "texture": "#6"},
				"south": {"uv": [0, 16, 16, 0], "rotation": 270, "texture": "#6"},
				"west": {"uv": [0, 16, 16, 0], "rotation": 270, "texture": "#6"},
				"up": {"uv": [0, 16, 16, 0], "rotation": 270, "texture": "#6"},
				"down": {"uv": [0, 16, 16, 0], "rotation": 270, "texture": "#6"}
			}
		},
		{
			"from": [4.80536, 3.34597, 11],
			"to": [5.30536, 4.09597, 14],
			"rotation": {"angle": 45, "axis": "z", "origin": [8.00596, 4.77037, 12.5]},
			"faces": {
				"north": {"uv": [0, 0, 16, 16], "texture": "#6"},
				"east": {"uv": [0, 0, 16, 16], "texture": "#6"},
				"south": {"uv": [0, 0, 16, 16], "texture": "#6"},
				"west": {"uv": [0, 0, 16, 16], "texture": "#6"},
				"up": {"uv": [0, 0, 16, 16], "texture": "#6"},
				"down": {"uv": [0, 0, 16, 16], "texture": "#6"}
			}
		},
		{
			"from": [4.80536, 3.34597, 14],
			"to": [5.30536, 4.09597, 17],
			"rotation": {"angle": 45, "axis": "z", "origin": [8.00596, 4.77037, 15.5]},
			"faces": {
				"north": {"uv": [0, 0, 16, 16], "texture": "#6"},
				"east": {"uv": [0, 0, 16, 16], "texture": "#6"},
				"south": {"uv": [0, 0, 16, 16], "texture": "#6"},
				"west": {"uv": [0, 0, 16, 16], "texture": "#6"},
				"up": {"uv": [0, 0, 16, 16], "texture": "#6"},
				"down": {"uv": [0, 0, 16, 16], "texture": "#6"}
			}
		},
		{
			"from": [4.80536, 3.34597, 17],
			"to": [5.30536, 4.09597, 20],
			"rotation": {"angle": 45, "axis": "z", "origin": [8.00596, 4.77037, 18.5]},
			"faces": {
				"north": {"uv": [0, 0, 16, 16], "texture": "#6"},
				"east": {"uv": [0, 0, 16, 16], "texture": "#6"},
				"south": {"uv": [0, 0, 16, 16], "texture": "#6"},
				"west": {"uv": [0, 0, 16, 16], "texture": "#6"},
				"up": {"uv": [0, 0, 16, 16], "texture": "#6"},
				"down": {"uv": [0, 0, 16, 16], "texture": "#6"}
			}
		},
		{
			"from": [6.56964, 1.56977, 14],
			"to": [7.31964, 2.06977, 17],
			"rotation": {"angle": 45, "axis": "z", "origin": [7.99404, 4.77037, 15.5]},
			"faces": {
				"north": {"uv": [0, 16, 16, 0], "rotation": 90, "texture": "#6"},
				"east": {"uv": [0, 16, 16, 0], "rotation": 270, "texture": "#6"},
				"south": {"uv": [0, 16, 16, 0], "rotation": 270, "texture": "#6"},
				"west": {"uv": [0, 16, 16, 0], "rotation": 270, "texture": "#6"},
				"up": {"uv": [0, 16, 16, 0], "rotation": 270, "texture": "#6"},
				"down": {"uv": [0, 16, 16, 0], "rotation": 270, "texture": "#6"}
			}
		},
		{
			"from": [6.56964, 1.56977, 17],
			"to": [7.31964, 2.06977, 20],
			"rotation": {"angle": 45, "axis": "z", "origin": [7.99404, 4.77037, 18.5]},
			"faces": {
				"north": {"uv": [0, 16, 16, 0], "rotation": 90, "texture": "#6"},
				"east": {"uv": [0, 16, 16, 0], "rotation": 270, "texture": "#6"},
				"south": {"uv": [0, 16, 16, 0], "rotation": 270, "texture": "#6"},
				"west": {"uv": [0, 16, 16, 0], "rotation": 270, "texture": "#6"},
				"up": {"uv": [0, 16, 16, 0], "rotation": 270, "texture": "#6"},
				"down": {"uv": [0, 16, 16, 0], "rotation": 270, "texture": "#6"}
			}
		},
		{
			"from": [9.81066, 1.93934, 5],
			"to": [10.31066, 4.43934, 8],
			"rotation": {"angle": 0, "axis": "y", "origin": [8.56066, 4.18934, 18]},
			"faces": {
				"north": {"uv": [16, 0, 0, 16], "texture": "#6"},
				"east": {"uv": [16, 0, 0, 16], "texture": "#6"},
				"south": {"uv": [16, 0, 0, 16], "texture": "#6"},
				"west": {"uv": [16, 0, 0, 16], "texture": "#6"},
				"up": {"uv": [16, 0, 0, 16], "texture": "#6"},
				"down": {"uv": [16, 0, 0, 16], "texture": "#6"}
			}
		},
		{
			"from": [8.59792, 3.06716, 5],
			"to": [9.09792, 4.56716, 8],
			"rotation": {"angle": 45, "axis": "z", "origin": [8.04792, 5.21716, 6.5]},
			"faces": {
				"north": {"uv": [0, 0, 16, 16], "rotation": 180, "texture": "#6"},
				"east": {"uv": [0, 0, 16, 16], "rotation": 180, "texture": "#6"},
				"south": {"uv": [0, 0, 16, 16], "rotation": 180, "texture": "#6"},
				"west": {"uv": [0, 0, 16, 16], "rotation": 180, "texture": "#6"},
				"up": {"uv": [0, 0, 16, 16], "rotation": 180, "texture": "#6"},
				"down": {"uv": [0, 0, 16, 16], "rotation": 180, "texture": "#6"}
			}
		},
		{
			"from": [5.68934, 1.93934, 5],
			"to": [6.18934, 4.43934, 8],
			"rotation": {"angle": 0, "axis": "y", "origin": [7.43934, 4.18934, 18]},
			"faces": {
				"north": {"uv": [0, 0, 16, 16], "texture": "#6"},
				"east": {"uv": [0, 0, 16, 16], "texture": "#6"},
				"south": {"uv": [0, 0, 16, 16], "texture": "#6"},
				"west": {"uv": [0, 0, 16, 16], "texture": "#6"},
				"up": {"uv": [0, 0, 16, 16], "texture": "#6"},
				"down": {"uv": [0, 0, 16, 16], "texture": "#6"}
			}
		},
		{
			"from": [5.55312, 0.8318, 5],
			"to": [7.05312, 1.3318, 8],
			"rotation": {"angle": -45, "axis": "z", "origin": [7.1046, 1.2818, 6.5]},
			"faces": {
				"north": {"uv": [0, 16, 16, 0], "rotation": 270, "texture": "#6"},
				"east": {"uv": [0, 16, 16, 0], "rotation": 90, "texture": "#6"},
				"south": {"uv": [0, 16, 16, 0], "rotation": 90, "texture": "#6"},
				"west": {"uv": [0, 16, 16, 0], "rotation": 90, "texture": "#6"},
				"up": {"uv": [0, 16, 16, 0], "rotation": 90, "texture": "#6"},
				"down": {"uv": [0, 16, 16, 0], "rotation": 90, "texture": "#6"}
			}
		},
		{
			"from": [6.75, 1, 5],
			"to": [9.25, 1.5, 8],
			"rotation": {"angle": 0, "axis": "y", "origin": [8, 3.25, 6.5]},
			"faces": {
				"north": {"uv": [0, 16, 16, 0], "rotation": 270, "texture": "#6"},
				"east": {"uv": [0, 16, 16, 0], "rotation": 90, "texture": "#6"},
				"south": {"uv": [0, 16, 16, 0], "rotation": 90, "texture": "#6"},
				"west": {"uv": [0, 16, 16, 0], "rotation": 90, "texture": "#6"},
				"up": {"uv": [0, 16, 16, 0], "rotation": 90, "texture": "#6"},
				"down": {"uv": [0, 16, 16, 0], "rotation": 90, "texture": "#6"}
			}
		},
		{
			"from": [6.90208, 3.06716, 5],
			"to": [7.40208, 4.56716, 8],
			"rotation": {"angle": -45, "axis": "z", "origin": [7.95208, 5.21716, 6.5]},
			"faces": {
				"north": {"uv": [16, 0, 0, 16], "rotation": 180, "texture": "#6"},
				"east": {"uv": [16, 0, 0, 16], "rotation": 180, "texture": "#6"},
				"south": {"uv": [16, 0, 0, 16], "rotation": 180, "texture": "#6"},
				"west": {"uv": [16, 0, 0, 16], "rotation": 180, "texture": "#6"},
				"up": {"uv": [16, 0, 0, 16], "rotation": 180, "texture": "#6"},
				"down": {"uv": [16, 0, 0, 16], "rotation": 180, "texture": "#6"}
			}
		},
		{
			"from": [8.94688, 0.8318, 5],
			"to": [10.44688, 1.3318, 8],
			"rotation": {"angle": 45, "axis": "z", "origin": [8.8954, 1.2818, 6.5]},
			"faces": {
				"north": {"uv": [0, 0, 16, 16], "rotation": 270, "texture": "#6"},
				"east": {"uv": [0, 0, 16, 16], "rotation": 90, "texture": "#6"},
				"south": {"uv": [0, 0, 16, 16], "rotation": 90, "texture": "#6"},
				"west": {"uv": [0, 0, 16, 16], "rotation": 90, "texture": "#6"},
				"up": {"uv": [0, 0, 16, 16], "rotation": 90, "texture": "#6"},
				"down": {"uv": [0, 0, 16, 16], "rotation": 90, "texture": "#6"}
			}
		},
		{
			"from": [6.25, 2, 17],
			"to": [6.75, 4.5, 20],
			"rotation": {"angle": 0, "axis": "y", "origin": [8, 3.25, 18.5]},
			"faces": {
				"north": {"uv": [16, 0, 0, 16], "texture": "#6"},
				"east": {"uv": [16, 0, 0, 16], "texture": "#6"},
				"south": {"uv": [16, 0, 0, 16], "texture": "#6"},
				"west": {"uv": [16, 0, 0, 16], "texture": "#6"},
				"up": {"uv": [16, 0, 0, 16], "texture": "#6"},
				"down": {"uv": [16, 0, 0, 16], "texture": "#6"}
			}
		},
		{
			"from": [6.40596, 4.24441, 17],
			"to": [6.90596, 4.99441, 20],
			"rotation": {"angle": -45, "axis": "z", "origin": [6.67526, 4.61941, 18.5]},
			"faces": {
				"north": {"uv": [16, 0, 0, 16], "rotation": 180, "texture": "#6"},
				"east": {"uv": [16, 0, 0, 16], "rotation": 180, "texture": "#6"},
				"south": {"uv": [16, 0, 0, 16], "rotation": 180, "texture": "#6"},
				"west": {"uv": [16, 0, 0, 16], "rotation": 180, "texture": "#6"},
				"up": {"uv": [16, 0, 0, 16], "rotation": 180, "texture": "#6"},
				"down": {"uv": [16, 0, 0, 16], "rotation": 180, "texture": "#6"}
			}
		},
		{
			"from": [8.68036, 1.56977, 17],
			"to": [9.43036, 2.06977, 20],
			"rotation": {"angle": -45, "axis": "z", "origin": [8.00596, 4.77037, 18.5]},
			"faces": {
				"north": {"uv": [0, 0, 16, 16], "rotation": 90, "texture": "#6"},
				"east": {"uv": [0, 0, 16, 16], "rotation": 270, "texture": "#6"},
				"south": {"uv": [0, 0, 16, 16], "rotation": 270, "texture": "#6"},
				"west": {"uv": [0, 0, 16, 16], "rotation": 270, "texture": "#6"},
				"up": {"uv": [0, 0, 16, 16], "rotation": 270, "texture": "#6"},
				"down": {"uv": [0, 0, 16, 16], "rotation": 270, "texture": "#6"}
			}
		},
		{
			"from": [10.69464, 3.34597, 17],
			"to": [11.19464, 4.09597, 20],
			"rotation": {"angle": -45, "axis": "z", "origin": [7.99404, 4.77037, 18.5]},
			"faces": {
				"north": {"uv": [16, 0, 0, 16], "texture": "#6"},
				"east": {"uv": [16, 0, 0, 16], "texture": "#6"},
				"south": {"uv": [16, 0, 0, 16], "texture": "#6"},
				"west": {"uv": [16, 0, 0, 16], "texture": "#6"},
				"up": {"uv": [16, 0, 0, 16], "texture": "#6"},
				"down": {"uv": [16, 0, 0, 16], "texture": "#6"}
			}
		},
		{
			"from": [6.75, 4.575, 17],
			"to": [9.25, 5.075, 20],
			"rotation": {"angle": 0, "axis": "y", "origin": [8, 3.25, 18.5]},
			"faces": {
				"north": {"uv": [0, 0, 16, 16], "rotation": 270, "texture": "#6"},
				"east": {"uv": [0, 0, 16, 16], "rotation": 90, "texture": "#6"},
				"south": {"uv": [0, 0, 16, 16], "rotation": 90, "texture": "#6"},
				"west": {"uv": [0, 0, 16, 16], "rotation": 90, "texture": "#6"},
				"up": {"uv": [0, 0, 9, 9], "rotation": 90, "texture": "#6"},
				"down": {"uv": [0, 0, 9, 9], "rotation": 90, "texture": "#6"}
			}
		},
		{
			"from": [9.25, 2, 17],
			"to": [9.75, 4.5, 20],
			"rotation": {"angle": 0, "axis": "y", "origin": [8, 3.25, 18.5]},
			"faces": {
				"north": {"uv": [0, 0, 16, 16], "texture": "#6"},
				"east": {"uv": [0, 0, 16, 16], "texture": "#6"},
				"south": {"uv": [0, 0, 16, 16], "texture": "#6"},
				"west": {"uv": [0, 0, 16, 16], "texture": "#6"},
				"up": {"uv": [0, 0, 16, 16], "texture": "#6"},
				"down": {"uv": [0, 0, 16, 16], "texture": "#6"}
			}
		},
		{
			"from": [6.75, 1.5, 17],
			"to": [9.25, 2, 20],
			"rotation": {"angle": 0, "axis": "y", "origin": [8, 3.25, 18.5]},
			"faces": {
				"north": {"uv": [0, 0, 16, 16], "rotation": 270, "texture": "#6"},
				"east": {"uv": [0, 0, 16, 16], "rotation": 90, "texture": "#6"},
				"south": {"uv": [0, 0, 16, 16], "rotation": 90, "texture": "#6"},
				"west": {"uv": [0, 0, 16, 16], "rotation": 90, "texture": "#6"},
				"up": {"uv": [0, 0, 16, 16], "rotation": 90, "texture": "#6"},
				"down": {"uv": [0, 0, 16, 16], "rotation": 90, "texture": "#6"}
			}
		},
		{
			"from": [9.09404, 4.24441, 17],
			"to": [9.59404, 4.99441, 20],
			"rotation": {"angle": 45, "axis": "z", "origin": [9.32474, 4.61941, 18.5]},
			"faces": {
				"north": {"uv": [0, 0, 16, 16], "rotation": 180, "texture": "#6"},
				"east": {"uv": [0, 0, 16, 16], "rotation": 180, "texture": "#6"},
				"south": {"uv": [0, 0, 16, 16], "rotation": 180, "texture": "#6"},
				"west": {"uv": [0, 0, 16, 16], "rotation": 180, "texture": "#6"},
				"up": {"uv": [0, 0, 16, 16], "rotation": 180, "texture": "#6"},
				"down": {"uv": [0, 0, 16, 16], "rotation": 180, "texture": "#6"}
			}
		},
		{
			"from": [6.21967, 1.96967, 14],
			"to": [6.71967, 4.46967, 17],
			"rotation": {"angle": 0, "axis": "y", "origin": [7.96967, 3.21967, 15.5]},
			"faces": {
				"north": {"uv": [16, 0, 0, 16], "texture": "#6"},
				"east": {"uv": [16, 0, 0, 16], "texture": "#6"},
				"south": {"uv": [16, 0, 0, 16], "texture": "#6"},
				"west": {"uv": [10, 0, 0, 10], "texture": "#6"},
				"up": {"uv": [16, 0, 0, 16], "texture": "#6"},
				"down": {"uv": [10, 0, 0, 10], "texture": "#6"}
			}
		},
		{
			"from": [6.40596, 4.16941, 14],
			"to": [6.90596, 4.91941, 17],
			"rotation": {"angle": -45, "axis": "z", "origin": [6.67526, 4.54441, 15.5]},
			"faces": {
				"north": {"uv": [16, 0, 0, 16], "rotation": 180, "texture": "#6"},
				"east": {"uv": [16, 0, 0, 16], "rotation": 180, "texture": "#6"},
				"south": {"uv": [16, 0, 0, 16], "rotation": 180, "texture": "#6"},
				"west": {"uv": [16, 0, 0, 16], "rotation": 180, "texture": "#6"},
				"up": {"uv": [16, 0, 0, 16], "rotation": 180, "texture": "#6"},
				"down": {"uv": [16, 0, 0, 16], "rotation": 180, "texture": "#6"}
			}
		},
		{
			"from": [8.68036, 1.56977, 14],
			"to": [9.43036, 2.06977, 17],
			"rotation": {"angle": -45, "axis": "z", "origin": [8.00596, 4.77037, 15.5]},
			"faces": {
				"north": {"uv": [0, 0, 16, 16], "rotation": 90, "texture": "#6"},
				"east": {"uv": [0, 0, 16, 16], "rotation": 270, "texture": "#6"},
				"south": {"uv": [0, 0, 16, 16], "rotation": 270, "texture": "#6"},
				"west": {"uv": [0, 0, 16, 16], "rotation": 270, "texture": "#6"},
				"up": {"uv": [0, 0, 16, 16], "rotation": 270, "texture": "#6"},
				"down": {"uv": [0, 0, 16, 16], "rotation": 270, "texture": "#6"}
			}
		},
		{
			"from": [10.69464, 3.34597, 14],
			"to": [11.19464, 4.09597, 17],
			"rotation": {"angle": -45, "axis": "z", "origin": [7.99404, 4.77037, 15.5]},
			"faces": {
				"north": {"uv": [16, 0, 0, 16], "texture": "#6"},
				"east": {"uv": [16, 0, 0, 16], "texture": "#6"},
				"south": {"uv": [16, 0, 0, 16], "texture": "#6"},
				"west": {"uv": [16, 0, 0, 16], "texture": "#6"},
				"up": {"uv": [16, 0, 0, 16], "texture": "#6"},
				"down": {"uv": [16, 0, 0, 16], "texture": "#6"}
			}
		},
		{
			"from": [6.75, 4.5, 14],
			"to": [9.25, 5, 17],
			"rotation": {"angle": 0, "axis": "y", "origin": [8, 3.25, 15.5]},
			"faces": {
				"north": {"uv": [0, 0, 16, 16], "rotation": 270, "texture": "#6"},
				"east": {"uv": [0, 0, 16, 16], "rotation": 90, "texture": "#6"},
				"south": {"uv": [0, 0, 16, 16], "rotation": 90, "texture": "#6"},
				"west": {"uv": [0, 0, 16, 16], "rotation": 90, "texture": "#6"},
				"up": {"uv": [0, 0, 8, 8], "rotation": 90, "texture": "#6"},
				"down": {"uv": [0, 0, 8, 8], "rotation": 90, "texture": "#6"}
			}
		},
		{
			"from": [9.28033, 1.96967, 14],
			"to": [9.78033, 4.46967, 17],
			"rotation": {"angle": 0, "axis": "y", "origin": [8.03033, 3.21967, 15.5]},
			"faces": {
				"north": {"uv": [0, 0, 16, 16], "texture": "#6"},
				"east": {"uv": [0, 0, 10, 10], "texture": "#6"},
				"south": {"uv": [0, 0, 16, 16], "texture": "#6"},
				"west": {"uv": [0, 0, 16, 16], "texture": "#6"},
				"up": {"uv": [0, 0, 16, 16], "texture": "#6"},
				"down": {"uv": [0, 0, 10, 10], "texture": "#6"}
			}
		},
		{
			"from": [6.75, 1.5, 14],
			"to": [9.25, 2, 17],
			"rotation": {"angle": 0, "axis": "y", "origin": [8, 3.25, 15.5]},
			"faces": {
				"north": {"uv": [0, 0, 16, 16], "rotation": 270, "texture": "#6"},
				"east": {"uv": [0, 0, 16, 16], "rotation": 90, "texture": "#6"},
				"south": {"uv": [0, 0, 16, 16], "rotation": 90, "texture": "#6"},
				"west": {"uv": [0, 0, 16, 16], "rotation": 90, "texture": "#6"},
				"up": {"uv": [0, 0, 16, 16], "rotation": 90, "texture": "#6"},
				"down": {"uv": [0, 0, 16, 16], "rotation": 90, "texture": "#6"}
			}
		},
		{
			"from": [9.09404, 4.16941, 14],
			"to": [9.59404, 4.91941, 17],
			"rotation": {"angle": 45, "axis": "z", "origin": [9.32474, 4.54441, 15.5]},
			"faces": {
				"north": {"uv": [0, 0, 16, 16], "rotation": 180, "texture": "#6"},
				"east": {"uv": [0, 0, 16, 16], "rotation": 180, "texture": "#6"},
				"south": {"uv": [0, 0, 16, 16], "rotation": 180, "texture": "#6"},
				"west": {"uv": [0, 0, 16, 16], "rotation": 180, "texture": "#6"},
				"up": {"uv": [0, 0, 16, 16], "rotation": 180, "texture": "#6"},
				"down": {"uv": [0, 0, 16, 16], "rotation": 180, "texture": "#6"}
			}
		},
		{
			"from": [6.06967, 1.96967, 11],
			"to": [6.71967, 4.46967, 14],
			"rotation": {"angle": 0, "axis": "y", "origin": [7.96967, 3.21967, 12.5]},
			"faces": {
				"north": {"uv": [16, 0, 0, 16], "texture": "#6"},
				"east": {"uv": [16, 0, 0, 16], "texture": "#6"},
				"south": {"uv": [16, 0, 0, 16], "texture": "#6"},
				"west": {"uv": [16, 0, 0, 16], "texture": "#6"},
				"up": {"uv": [16, 0, 0, 16], "texture": "#6"},
				"down": {"uv": [16, 0, 0, 16], "texture": "#6"}
			}
		},
		{
			"from": [6.40596, 4.16941, 11],
			"to": [6.90596, 4.91941, 14],
			"rotation": {"angle": -45, "axis": "z", "origin": [6.67526, 4.54441, 12.5]},
			"faces": {
				"north": {"uv": [16, 0, 0, 16], "rotation": 180, "texture": "#6"},
				"east": {"uv": [16, 0, 0, 16], "rotation": 180, "texture": "#6"},
				"south": {"uv": [16, 0, 0, 16], "rotation": 180, "texture": "#6"},
				"west": {"uv": [16, 0, 0, 16], "rotation": 180, "texture": "#6"},
				"up": {"uv": [16, 0, 0, 16], "rotation": 180, "texture": "#6"},
				"down": {"uv": [16, 0, 0, 16], "rotation": 180, "texture": "#6"}
			}
		},
		{
			"from": [8.68036, 1.56977, 11],
			"to": [9.43036, 2.06977, 14],
			"rotation": {"angle": -45, "axis": "z", "origin": [8.00596, 4.77037, 12.5]},
			"faces": {
				"north": {"uv": [0, 0, 16, 16], "rotation": 90, "texture": "#6"},
				"east": {"uv": [0, 0, 16, 16], "rotation": 270, "texture": "#6"},
				"south": {"uv": [0, 0, 16, 16], "rotation": 270, "texture": "#6"},
				"west": {"uv": [0, 0, 16, 16], "rotation": 270, "texture": "#6"},
				"up": {"uv": [0, 0, 16, 16], "rotation": 270, "texture": "#6"},
				"down": {"uv": [0, 0, 16, 16], "rotation": 270, "texture": "#6"}
			}
		},
		{
			"from": [10.69464, 3.34597, 11],
			"to": [11.19464, 4.09597, 14],
			"rotation": {"angle": -45, "axis": "z", "origin": [7.99404, 4.77037, 12.5]},
			"faces": {
				"north": {"uv": [16, 0, 0, 16], "texture": "#6"},
				"east": {"uv": [16, 0, 0, 16], "texture": "#6"},
				"south": {"uv": [16, 0, 0, 16], "texture": "#6"},
				"west": {"uv": [16, 0, 0, 16], "texture": "#6"},
				"up": {"uv": [16, 0, 0, 16], "texture": "#6"},
				"down": {"uv": [16, 0, 0, 16], "texture": "#6"}
			}
		},
		{
			"from": [6.75, 4.5, 11],
			"to": [9.25, 5.2, 14],
			"rotation": {"angle": 0, "axis": "y", "origin": [8, 3.25, 12.5]},
			"faces": {
				"north": {"uv": [0, 0, 16, 16], "rotation": 270, "texture": "#6"},
				"east": {"uv": [0, 0, 16, 16], "rotation": 90, "texture": "#6"},
				"south": {"uv": [0, 0, 16, 16], "rotation": 90, "texture": "#6"},
				"west": {"uv": [0, 0, 16, 16], "rotation": 90, "texture": "#6"},
				"up": {"uv": [0, 0, 9, 9], "rotation": 90, "texture": "#6"},
				"down": {"uv": [0, 0, 9, 9], "rotation": 90, "texture": "#6"}
			}
		},
		{
			"from": [9.28033, 1.96967, 11],
			"to": [9.93033, 4.46967, 14],
			"rotation": {"angle": 0, "axis": "y", "origin": [8.03033, 3.21967, 12.5]},
			"faces": {
				"north": {"uv": [0, 0, 16, 16], "texture": "#6"},
				"east": {"uv": [0, 0, 16, 16], "texture": "#6"},
				"south": {"uv": [0, 0, 16, 16], "texture": "#6"},
				"west": {"uv": [0, 0, 16, 16], "texture": "#6"},
				"up": {"uv": [0, 0, 16, 16], "texture": "#6"},
				"down": {"uv": [0, 0, 16, 16], "texture": "#6"}
			}
		},
		{
			"from": [6.75, 1.325, 11],
			"to": [9.25, 2, 14],
			"rotation": {"angle": 0, "axis": "y", "origin": [8, 3.25, 12.5]},
			"faces": {
				"north": {"uv": [0, 0, 16, 16], "rotation": 270, "texture": "#6"},
				"east": {"uv": [0, 0, 16, 16], "rotation": 90, "texture": "#6"},
				"south": {"uv": [0, 0, 16, 16], "rotation": 90, "texture": "#6"},
				"west": {"uv": [0, 0, 16, 16], "rotation": 90, "texture": "#6"},
				"up": {"uv": [0, 0, 16, 16], "rotation": 90, "texture": "#6"},
				"down": {"uv": [0, 0, 16, 16], "rotation": 90, "texture": "#6"}
			}
		},
		{
			"from": [9.09404, 4.16941, 11],
			"to": [9.59404, 4.91941, 14],
			"rotation": {"angle": 45, "axis": "z", "origin": [9.32474, 4.54441, 12.5]},
			"faces": {
				"north": {"uv": [0, 0, 16, 16], "rotation": 180, "texture": "#6"},
				"east": {"uv": [0, 0, 16, 16], "rotation": 180, "texture": "#6"},
				"south": {"uv": [0, 0, 16, 16], "rotation": 180, "texture": "#6"},
				"west": {"uv": [0, 0, 16, 16], "rotation": 180, "texture": "#6"},
				"up": {"uv": [0, 0, 16, 16], "rotation": 180, "texture": "#6"},
				"down": {"uv": [0, 0, 16, 16], "rotation": 180, "texture": "#6"}
			}
		},
		{
			"from": [5.68934, 1.93934, 8],
			"to": [6.18934, 4.43934, 11],
			"rotation": {"angle": 0, "axis": "y", "origin": [8.43934, 4.18934, 21]},
			"faces": {
				"north": {"uv": [16, 0, 0, 16], "texture": "#6"},
				"east": {"uv": [16, 0, 0, 16], "texture": "#6"},
				"south": {"uv": [16, 0, 0, 16], "texture": "#6"},
				"west": {"uv": [16, 0, 0, 16], "texture": "#6"},
				"up": {"uv": [16, 0, 0, 16], "texture": "#6"},
				"down": {"uv": [16, 0, 0, 16], "texture": "#6"}
			}
		},
		{
			"from": [6.90208, 3.06716, 8],
			"to": [7.40208, 4.56716, 11],
			"rotation": {"angle": -45, "axis": "z", "origin": [7.95208, 5.21716, 9.5]},
			"faces": {
				"north": {"uv": [16, 0, 0, 16], "rotation": 180, "texture": "#6"},
				"east": {"uv": [16, 0, 0, 16], "rotation": 180, "texture": "#6"},
				"south": {"uv": [16, 0, 0, 16], "rotation": 180, "texture": "#6"},
				"west": {"uv": [16, 0, 0, 16], "rotation": 180, "texture": "#6"},
				"up": {"uv": [16, 0, 0, 16], "rotation": 180, "texture": "#6"},
				"down": {"uv": [16, 0, 0, 16], "rotation": 180, "texture": "#6"}
			}
		},
		{
			"from": [6.75, 5, 8],
			"to": [9.25, 5.5, 11],
			"rotation": {"angle": 0, "axis": "y", "origin": [8, 3.25, 9.5]},
			"faces": {
				"north": {"uv": [0, 0, 16, 16], "rotation": 270, "texture": "#6"},
				"east": {"uv": [0, 0, 16, 16], "rotation": 90, "texture": "#6"},
				"south": {"uv": [0, 0, 16, 16], "rotation": 90, "texture": "#6"},
				"west": {"uv": [0, 0, 16, 16], "rotation": 90, "texture": "#6"},
				"up": {"uv": [0, 0, 16, 16], "rotation": 90, "texture": "#6"},
				"down": {"uv": [0, 0, 16, 16], "rotation": 90, "texture": "#6"}
			}
		},
		{
			"from": [9.81066, 1.93934, 8],
			"to": [10.31066, 4.43934, 11],
			"rotation": {"angle": 0, "axis": "y", "origin": [7.56066, 4.18934, 21]},
			"faces": {
				"north": {"uv": [0, 0, 16, 16], "texture": "#6"},
				"east": {"uv": [0, 0, 16, 16], "texture": "#6"},
				"south": {"uv": [0, 0, 16, 16], "texture": "#6"},
				"west": {"uv": [0, 0, 16, 16], "texture": "#6"},
				"up": {"uv": [0, 0, 16, 16], "texture": "#6"},
				"down": {"uv": [0, 0, 16, 16], "texture": "#6"}
			}
		},
		{
			"from": [8.95381, 0.83467, 8],
			"to": [10.45381, 1.33467, 11],
			"rotation": {"angle": 45, "axis": "z", "origin": [8.90233, 1.27487, 9.5]},
			"faces": {
				"north": {"uv": [0, 0, 16, 16], "rotation": 270, "texture": "#6"},
				"east": {"uv": [0, 0, 16, 16], "rotation": 90, "texture": "#6"},
				"south": {"uv": [0, 0, 16, 16], "rotation": 90, "texture": "#6"},
				"west": {"uv": [0, 0, 16, 16], "rotation": 90, "texture": "#6"},
				"up": {"uv": [0, 0, 16, 16], "rotation": 90, "texture": "#6"},
				"down": {"uv": [0, 0, 16, 16], "rotation": 90, "texture": "#6"}
			}
		},
		{
			"from": [6.75, 1, 8],
			"to": [9.25, 1.5, 11],
			"rotation": {"angle": 0, "axis": "y", "origin": [8, 3.25, 9.5]},
			"faces": {
				"north": {"uv": [0, 0, 16, 16], "rotation": 270, "texture": "#6"},
				"east": {"uv": [0, 0, 16, 16], "rotation": 90, "texture": "#6"},
				"south": {"uv": [0, 0, 16, 16], "rotation": 90, "texture": "#6"},
				"west": {"uv": [0, 0, 16, 16], "rotation": 90, "texture": "#6"},
				"up": {"uv": [0, 0, 16, 16], "rotation": 90, "texture": "#6"},
				"down": {"uv": [0, 0, 16, 16], "rotation": 90, "texture": "#6"}
			}
		},
		{
			"from": [8.59792, 3.06716, 8],
			"to": [9.09792, 4.56716, 11],
			"rotation": {"angle": 45, "axis": "z", "origin": [8.04792, 5.21716, 9.5]},
			"faces": {
				"north": {"uv": [0, 0, 16, 16], "rotation": 180, "texture": "#6"},
				"east": {"uv": [0, 0, 16, 16], "rotation": 180, "texture": "#6"},
				"south": {"uv": [0, 0, 16, 16], "rotation": 180, "texture": "#6"},
				"west": {"uv": [0, 0, 16, 16], "rotation": 180, "texture": "#6"},
				"up": {"uv": [0, 0, 16, 16], "rotation": 180, "texture": "#6"},
				"down": {"uv": [0, 0, 16, 16], "rotation": 180, "texture": "#6"}
			}
		},
		{
			"from": [6.75, 7, 2],
			"to": [9.25, 9.5, 2.25],
			"rotation": {"angle": 45, "axis": "x", "origin": [8, 5.75, 0.125]},
			"faces": {
				"north": {"uv": [1, 1, 15, 16], "texture": "#2"},
				"east": {"uv": [0, 0, 0.25, 1.5], "texture": "#2"},
				"south": {"uv": [1, 1, 15, 16], "texture": "#2"},
				"west": {"uv": [0, 0, 0.25, 1.5], "texture": "#2"},
				"up": {"uv": [0, 0, 2.5, 0.25], "texture": "#2"},
				"down": {"uv": [0, 0, 2.5, 0.25], "texture": "#2"}
			}
		},
		{
			"from": [6.35408, 4.4855, 4.10248],
			"to": [6.60408, 6.9855, 6.60248],
			"rotation": {"angle": -22.5, "axis": "z", "origin": [6.77908, 6.03546, 5.35248]},
			"faces": {
				"north": {"uv": [0, 0, 0.25, 1.5], "texture": "#2"},
				"east": {"uv": [1, 1, 15, 16], "texture": "#2"},
				"south": {"uv": [0, 0, 0.25, 1.5], "texture": "#2"},
				"west": {"uv": [1, 1, 15, 16], "texture": "#2"},
				"up": {"uv": [0, 0, 2.5, 0.25], "rotation": 270, "texture": "#2"},
				"down": {"uv": [0, 0, 2.5, 0.25], "rotation": 90, "texture": "#2"}
			}
		},
		{
			"from": [6.35408, 4.4855, 6.60248],
			"to": [6.60408, 6.9855, 9.10248],
			"rotation": {"angle": -22.5, "axis": "z", "origin": [6.77908, 6.03546, 5.85248]},
			"faces": {
				"north": {"uv": [0, 0, 0.25, 1.5], "texture": "#2"},
				"east": {"uv": [1, 1, 15, 16], "texture": "#2"},
				"south": {"uv": [0, 0, 0.25, 1.5], "texture": "#2"},
				"west": {"uv": [1, 1, 15, 16], "texture": "#2"},
				"up": {"uv": [0, 0, 2.5, 0.25], "rotation": 270, "texture": "#2"},
				"down": {"uv": [0, 0, 2.5, 0.25], "rotation": 90, "texture": "#2"}
			}
		},
		{
			"from": [6.75, 6.82583, 6.60248],
			"to": [9.25, 7.07583, 9.10248],
			"rotation": {"angle": 0, "axis": "y", "origin": [8, 7.10083, 7.85248]},
			"faces": {
				"north": {"uv": [0, 0, 2.5, 0.25], "texture": "#2"},
				"east": {"uv": [0, 0, 0.25, 1.5], "rotation": 270, "texture": "#2"},
				"south": {"uv": [0, 0, 2.5, 0.25], "rotation": 180, "texture": "#2"},
				"west": {"uv": [0, 0, 0.25, 1.5], "rotation": 90, "texture": "#2"},
				"up": {"uv": [1, 1, 15, 16], "rotation": 180, "texture": "#2"},
				"down": {"uv": [1, 1, 15, 16], "texture": "#2"}
			}
		},
		{
			"from": [6.75, 6.82583, 4.10248],
			"to": [9.25, 7.07583, 6.60248],
			"rotation": {"angle": 0, "axis": "y", "origin": [8, 8.2507, 6.79499]},
			"faces": {
				"north": {"uv": [0, 0, 2.5, 0.25], "rotation": 180, "texture": "#2"},
				"east": {"uv": [0, 0, 0.25, 1.5], "rotation": 90, "texture": "#2"},
				"south": {"uv": [0, 0, 2.5, 0.25], "texture": "#2"},
				"west": {"uv": [0, 0, 0.25, 1.5], "rotation": 270, "texture": "#2"},
				"up": {"uv": [1, 1, 15, 16], "texture": "#2"},
				"down": {"uv": [1, 1, 15, 16], "rotation": 180, "texture": "#2"}
			}
		},
		{
			"from": [6.75, 4.15822, 10.60241],
			"to": [9.25, 6.65822, 10.85241],
			"rotation": {"angle": -45, "axis": "x", "origin": [8, 4.75467, 9.47335]},
			"faces": {
				"north": {"uv": [1, 1, 15, 16], "texture": "#2"},
				"east": {"uv": [0, 0, 0.25, 1.5], "texture": "#2"},
				"south": {"uv": [1, 1, 15, 16], "texture": "#2"},
				"west": {"uv": [0, 0, 0.25, 1.5], "texture": "#2"},
				"up": {"uv": [0, 0, 2.5, 0.25], "texture": "#2"},
				"down": {"uv": [0, 0, 2.5, 0.25], "texture": "#2"}
			}
		},
		{
			"from": [9.39592, 4.4855, 6.60248],
			"to": [9.64592, 6.9855, 9.10248],
			"rotation": {"angle": 22.5, "axis": "z", "origin": [9.22092, 6.03546, 5.85248]},
			"faces": {
				"north": {"uv": [0.25, 0, 0, 1.5], "texture": "#2"},
				"east": {"uv": [15, 1, 1, 16], "texture": "#2"},
				"south": {"uv": [0.25, 0, 0, 1.5], "texture": "#2"},
				"west": {"uv": [15, 1, 1, 16], "texture": "#2"},
				"up": {"uv": [0, 0.25, 2.5, 0], "rotation": 270, "texture": "#2"},
				"down": {"uv": [0, 0.25, 2.5, 0], "rotation": 90, "texture": "#2"}
			}
		},
		{
			"from": [9.39592, 4.4855, 4.10248],
			"to": [9.64592, 6.9855, 6.60248],
			"rotation": {"angle": 22.5, "axis": "z", "origin": [9.22092, 6.03546, 5.35248]},
			"faces": {
				"north": {"uv": [0.25, 0, 0, 1.5], "texture": "#2"},
				"east": {"uv": [15, 1, 1, 16], "texture": "#2"},
				"south": {"uv": [0.25, 0, 0, 1.5], "texture": "#2"},
				"west": {"uv": [15, 1, 1, 16], "texture": "#2"},
				"up": {"uv": [0, 0.25, 2.5, 0], "rotation": 270, "texture": "#2"},
				"down": {"uv": [0, 0.25, 2.5, 0], "rotation": 90, "texture": "#2"}
			}
		},
		{
			"from": [12.475, -2.61804, 3.52978],
			"to": [13.45, -0.61804, 5.52978],
			"rotation": {"angle": -22.5, "axis": "x", "origin": [13, -1.61804, 4.52978]},
			"faces": {
				"north": {"uv": [15, 1, 1, 15], "texture": "#1"},
				"east": {"uv": [16, 0, 0, 16], "texture": "#1"},
				"south": {"uv": [14.5, 1, 1, 14.5], "texture": "#1"},
				"west": {"uv": [16, 0, 0, 16], "texture": "#1"},
				"up": {"uv": [14.5, 1, 1, 15], "texture": "#1"},
				"down": {"uv": [14.5, 1, 1, 14], "texture": "#1"}
			}
		},
		{
			"from": [12.75, -2, 4.675],
			"to": [13.25, 1.5, 5.675],
			"rotation": {"angle": 22.5, "axis": "x", "origin": [13, -0.25, 5.8]},
			"faces": {
				"north": {"uv": [0.5, 0, 0, 3.5], "texture": "#1"},
				"east": {"uv": [1, 0, 0, 3.5], "texture": "#1"},
				"south": {"uv": [0.5, 0, 0, 3.5], "texture": "#1"},
				"west": {"uv": [1, 0, 0, 3.5], "texture": "#1"},
				"up": {"uv": [0.5, 0, 0, 1], "texture": "#1"},
				"down": {"uv": [0.5, 0, 0, 1], "texture": "#1"}
			}
		}
	],
	"display": {
		"thirdperson_righthand": {
			"translation": [0, 6, 0]
		},
		"head": {
			"rotation": [9.75, 0, 0],
			"translation": [0, 3.5, 10],
			"scale": [4, 4, 4]
		}
	},
	"groups": [
		{
			"name": "group",
			"origin": [8, 6.75, 23.5],
			"color": 0,
			"children": [
				{
					"name": "group",
					"origin": [8, 1.25, 5.5],
					"color": 0,
					"children": [0, 1, 2, 3, 4, 5, 6, 7]
				},
				8,
				9,
				10,
				11,
				12,
				13,
				14,
				15
			]
		},
		16,
		17,
		18,
		{
			"name": "group",
			"origin": [8, 3.25, -1],
			"color": 0,
			"children": [19, 20]
		},
		21,
		22,
		23,
		{
			"name": "group",
			"origin": [7.15147, 1.2902, 0.5],
			"color": 0,
			"children": [24, 25, 26, 27, 28, 29, 30, 31, 32, 33]
		},
		{
			"name": "group",
			"origin": [8.84853, 1.2902, 0.5],
			"color": 0,
			"children": [34, 35, 36, 37, 38, 39, 40, 41, 42, 43, 44, 45, 46, 47, 48, 49, 50]
		},
		{
			"name": "group",
			"origin": [8.84853, 1.2902, 0.5],
			"color": 0,
			"children": [51, 52, 53, 54, 55, 56, 57]
		},
		{
			"name": "group",
			"origin": [7.15147, 1.2902, 0.5],
			"color": 0,
			"children": [58, 59, 60, 61, 62, 63, 64, 65]
		},
		{
			"name": "group",
			"origin": [7.15147, 1.2902, 0.5],
			"color": 0,
			"children": [66, 67, 68, 69, 70, 71, 72, 73]
		},
		{
			"name": "group",
			"origin": [7.15147, 1.2902, 0.5],
			"color": 0,
			"children": [74, 75, 76, 77, 78, 79, 80, 81]
		},
		{
			"name": "group",
			"origin": [7.15147, 1.2902, 0.5],
			"color": 0,
			"children": [82, 83, 84, 85, 86, 87, 88]
		},
		{
			"name": "group",
			"origin": [9, 6.10355, 5.30698],
			"color": 0,
			"children": [89, 90, 91, 92, 93, 94, 95, 96]
		},
		97,
		98
	]
}