{
	"credit": "Made with Blockbench",
	"textures": {
		"0": "items/3d/halo (43)",
		"particle": "items/3d/halo (43)"
	},
	"elements": [
		{
			"name": "halo (43)_0",
			"from": [6.25, 0, 3.5],
			"to": [9.75, 0.25, 3.75],
			"faces": {
				"north": {"uv": [9.75, 3.5, 6.25, 3.75], "texture": "#0"},
				"east": {"uv": [9.5, 3.5, 9.75, 3.75], "rotation": 90, "texture": "#0"},
				"south": {"uv": [6.25, 3.5, 9.75, 3.75], "texture": "#0"},
				"west": {"uv": [6.25, 3.5, 6.5, 3.75], "rotation": 270, "texture": "#0"},
				"up": {"uv": [6.25, 3.5, 9.75, 3.75], "texture": "#0"},
				"down": {"uv": [6.25, 3.75, 9.75, 3.5], "texture": "#0"}
			}
		},
		{
			"name": "halo (43)_1",
			"from": [6.25, 0, 3.75],
			"to": [9.75, 0.25, 4],
			"faces": {
				"north": {"uv": [9.75, 3.75, 6.25, 4], "texture": "#0"},
				"east": {"uv": [9.5, 3.75, 9.75, 4], "rotation": 90, "texture": "#0"},
				"south": {"uv": [6.25, 3.75, 9.75, 4], "texture": "#0"},
				"west": {"uv": [6.25, 3.75, 6.5, 4], "rotation": 270, "texture": "#0"},
				"up": {"uv": [6.25, 3.75, 9.75, 4], "texture": "#0"},
				"down": {"uv": [6.25, 4, 9.75, 3.75], "texture": "#0"}
			}
		},
		{
			"name": "halo (43)_2",
			"from": [6.25, 0, 4],
			"to": [9.75, 0.25, 4.25],
			"faces": {
				"north": {"uv": [9.75, 4, 6.25, 4.25], "texture": "#0"},
				"east": {"uv": [9.5, 4, 9.75, 4.25], "rotation": 90, "texture": "#0"},
				"south": {"uv": [6.25, 4, 9.75, 4.25], "texture": "#0"},
				"west": {"uv": [6.25, 4, 6.5, 4.25], "rotation": 270, "texture": "#0"},
				"up": {"uv": [6.25, 4, 9.75, 4.25], "texture": "#0"},
				"down": {"uv": [6.25, 4.25, 9.75, 4], "texture": "#0"}
			}
		},
		{
			"name": "halo (43)_3",
			"from": [6.25, 0, 4.25],
			"to": [9.75, 0.25, 4.5],
			"faces": {
				"north": {"uv": [9.75, 4.25, 6.25, 4.5], "texture": "#0"},
				"east": {"uv": [9.5, 4.25, 9.75, 4.5], "rotation": 90, "texture": "#0"},
				"south": {"uv": [6.25, 4.25, 9.75, 4.5], "texture": "#0"},
				"west": {"uv": [6.25, 4.25, 6.5, 4.5], "rotation": 270, "texture": "#0"},
				"up": {"uv": [6.25, 4.25, 9.75, 4.5], "texture": "#0"},
				"down": {"uv": [6.25, 4.5, 9.75, 4.25], "texture": "#0"}
			}
		},
		{
			"name": "halo (43)_4",
			"from": [3.5, 0, 6.25],
			"to": [4.5, 0.25, 6.5],
			"faces": {
				"north": {"uv": [4.5, 6.25, 3.5, 6.5], "texture": "#0"},
				"east": {"uv": [4.25, 6.25, 4.5, 6.5], "rotation": 90, "texture": "#0"},
				"south": {"uv": [3.5, 6.25, 4.5, 6.5], "texture": "#0"},
				"west": {"uv": [3.5, 6.25, 3.75, 6.5], "rotation": 270, "texture": "#0"},
				"up": {"uv": [3.5, 6.25, 4.5, 6.5], "texture": "#0"},
				"down": {"uv": [3.5, 6.5, 4.5, 6.25], "texture": "#0"}
			}
		},
		{
			"name": "halo (43)_5",
			"from": [11.5, 0, 6.25],
			"to": [12.5, 0.25, 6.5],
			"faces": {
				"north": {"uv": [12.5, 6.25, 11.5, 6.5], "texture": "#0"},
				"east": {"uv": [12.25, 6.25, 12.5, 6.5], "rotation": 90, "texture": "#0"},
				"south": {"uv": [11.5, 6.25, 12.5, 6.5], "texture": "#0"},
				"west": {"uv": [11.5, 6.25, 11.75, 6.5], "rotation": 270, "texture": "#0"},
				"up": {"uv": [11.5, 6.25, 12.5, 6.5], "texture": "#0"},
				"down": {"uv": [11.5, 6.5, 12.5, 6.25], "texture": "#0"}
			}
		},
		{
			"name": "halo (43)_6",
			"from": [3.5, 0, 6.5],
			"to": [4.5, 0.25, 6.75],
			"faces": {
				"north": {"uv": [4.5, 6.5, 3.5, 6.75], "texture": "#0"},
				"east": {"uv": [4.25, 6.5, 4.5, 6.75], "rotation": 90, "texture": "#0"},
				"south": {"uv": [3.5, 6.5, 4.5, 6.75], "texture": "#0"},
				"west": {"uv": [3.5, 6.5, 3.75, 6.75], "rotation": 270, "texture": "#0"},
				"up": {"uv": [3.5, 6.5, 4.5, 6.75], "texture": "#0"},
				"down": {"uv": [3.5, 6.75, 4.5, 6.5], "texture": "#0"}
			}
		},
		{
			"name": "halo (43)_7",
			"from": [11.5, 0, 6.5],
			"to": [12.5, 0.25, 6.75],
			"faces": {
				"north": {"uv": [12.5, 6.5, 11.5, 6.75], "texture": "#0"},
				"east": {"uv": [12.25, 6.5, 12.5, 6.75], "rotation": 90, "texture": "#0"},
				"south": {"uv": [11.5, 6.5, 12.5, 6.75], "texture": "#0"},
				"west": {"uv": [11.5, 6.5, 11.75, 6.75], "rotation": 270, "texture": "#0"},
				"up": {"uv": [11.5, 6.5, 12.5, 6.75], "texture": "#0"},
				"down": {"uv": [11.5, 6.75, 12.5, 6.5], "texture": "#0"}
			}
		},
		{
			"name": "halo (43)_8",
			"from": [3.5, 0, 6.75],
			"to": [4.5, 0.25, 7],
			"faces": {
				"north": {"uv": [4.5, 6.75, 3.5, 7], "texture": "#0"},
				"east": {"uv": [4.25, 6.75, 4.5, 7], "rotation": 90, "texture": "#0"},
				"south": {"uv": [3.5, 6.75, 4.5, 7], "texture": "#0"},
				"west": {"uv": [3.5, 6.75, 3.75, 7], "rotation": 270, "texture": "#0"},
				"up": {"uv": [3.5, 6.75, 4.5, 7], "texture": "#0"},
				"down": {"uv": [3.5, 7, 4.5, 6.75], "texture": "#0"}
			}
		},
		{
			"name": "halo (43)_9",
			"from": [11.5, 0, 6.75],
			"to": [12.5, 0.25, 7],
			"faces": {
				"north": {"uv": [12.5, 6.75, 11.5, 7], "texture": "#0"},
				"east": {"uv": [12.25, 6.75, 12.5, 7], "rotation": 90, "texture": "#0"},
				"south": {"uv": [11.5, 6.75, 12.5, 7], "texture": "#0"},
				"west": {"uv": [11.5, 6.75, 11.75, 7], "rotation": 270, "texture": "#0"},
				"up": {"uv": [11.5, 6.75, 12.5, 7], "texture": "#0"},
				"down": {"uv": [11.5, 7, 12.5, 6.75], "texture": "#0"}
			}
		},
		{
			"name": "halo (43)_10",
			"from": [3.5, 0, 7],
			"to": [4.5, 0.25, 7.25],
			"faces": {
				"north": {"uv": [4.5, 7, 3.5, 7.25], "texture": "#0"},
				"east": {"uv": [4.25, 7, 4.5, 7.25], "rotation": 90, "texture": "#0"},
				"south": {"uv": [3.5, 7, 4.5, 7.25], "texture": "#0"},
				"west": {"uv": [3.5, 7, 3.75, 7.25], "rotation": 270, "texture": "#0"},
				"up": {"uv": [3.5, 7, 4.5, 7.25], "texture": "#0"},
				"down": {"uv": [3.5, 7.25, 4.5, 7], "texture": "#0"}
			}
		},
		{
			"name": "halo (43)_11",
			"from": [11.5, 0, 7],
			"to": [12.5, 0.25, 7.25],
			"faces": {
				"north": {"uv": [12.5, 7, 11.5, 7.25], "texture": "#0"},
				"east": {"uv": [12.25, 7, 12.5, 7.25], "rotation": 90, "texture": "#0"},
				"south": {"uv": [11.5, 7, 12.5, 7.25], "texture": "#0"},
				"west": {"uv": [11.5, 7, 11.75, 7.25], "rotation": 270, "texture": "#0"},
				"up": {"uv": [11.5, 7, 12.5, 7.25], "texture": "#0"},
				"down": {"uv": [11.5, 7.25, 12.5, 7], "texture": "#0"}
			}
		},
		{
			"name": "halo (43)_12",
			"from": [3.5, 0, 7.25],
			"to": [4.5, 0.25, 7.5],
			"faces": {
				"north": {"uv": [4.5, 7.25, 3.5, 7.5], "texture": "#0"},
				"east": {"uv": [4.25, 7.25, 4.5, 7.5], "rotation": 90, "texture": "#0"},
				"south": {"uv": [3.5, 7.25, 4.5, 7.5], "texture": "#0"},
				"west": {"uv": [3.5, 7.25, 3.75, 7.5], "rotation": 270, "texture": "#0"},
				"up": {"uv": [3.5, 7.25, 4.5, 7.5], "texture": "#0"},
				"down": {"uv": [3.5, 7.5, 4.5, 7.25], "texture": "#0"}
			}
		},
		{
			"name": "halo (43)_13",
			"from": [11.5, 0, 7.25],
			"to": [12.5, 0.25, 7.5],
			"faces": {
				"north": {"uv": [12.5, 7.25, 11.5, 7.5], "texture": "#0"},
				"east": {"uv": [12.25, 7.25, 12.5, 7.5], "rotation": 90, "texture": "#0"},
				"south": {"uv": [11.5, 7.25, 12.5, 7.5], "texture": "#0"},
				"west": {"uv": [11.5, 7.25, 11.75, 7.5], "rotation": 270, "texture": "#0"},
				"up": {"uv": [11.5, 7.25, 12.5, 7.5], "texture": "#0"},
				"down": {"uv": [11.5, 7.5, 12.5, 7.25], "texture": "#0"}
			}
		},
		{
			"name": "halo (43)_14",
			"from": [3.5, 0, 7.5],
			"to": [4.5, 0.25, 7.75],
			"faces": {
				"north": {"uv": [4.5, 7.5, 3.5, 7.75], "texture": "#0"},
				"east": {"uv": [4.25, 7.5, 4.5, 7.75], "rotation": 90, "texture": "#0"},
				"south": {"uv": [3.5, 7.5, 4.5, 7.75], "texture": "#0"},
				"west": {"uv": [3.5, 7.5, 3.75, 7.75], "rotation": 270, "texture": "#0"},
				"up": {"uv": [3.5, 7.5, 4.5, 7.75], "texture": "#0"},
				"down": {"uv": [3.5, 7.75, 4.5, 7.5], "texture": "#0"}
			}
		},
		{
			"name": "halo (43)_15",
			"from": [11.5, 0, 7.5],
			"to": [12.5, 0.25, 7.75],
			"faces": {
				"north": {"uv": [12.5, 7.5, 11.5, 7.75], "texture": "#0"},
				"east": {"uv": [12.25, 7.5, 12.5, 7.75], "rotation": 90, "texture": "#0"},
				"south": {"uv": [11.5, 7.5, 12.5, 7.75], "texture": "#0"},
				"west": {"uv": [11.5, 7.5, 11.75, 7.75], "rotation": 270, "texture": "#0"},
				"up": {"uv": [11.5, 7.5, 12.5, 7.75], "texture": "#0"},
				"down": {"uv": [11.5, 7.75, 12.5, 7.5], "texture": "#0"}
			}
		},
		{
			"name": "halo (43)_16",
			"from": [3.5, 0, 7.75],
			"to": [4.5, 0.25, 8],
			"faces": {
				"north": {"uv": [4.5, 7.75, 3.5, 8], "texture": "#0"},
				"east": {"uv": [4.25, 7.75, 4.5, 8], "rotation": 90, "texture": "#0"},
				"south": {"uv": [3.5, 7.75, 4.5, 8], "texture": "#0"},
				"west": {"uv": [3.5, 7.75, 3.75, 8], "rotation": 270, "texture": "#0"},
				"up": {"uv": [3.5, 7.75, 4.5, 8], "texture": "#0"},
				"down": {"uv": [3.5, 8, 4.5, 7.75], "texture": "#0"}
			}
		},
		{
			"name": "halo (43)_17",
			"from": [11.5, 0, 7.75],
			"to": [12.5, 0.25, 8],
			"faces": {
				"north": {"uv": [12.5, 7.75, 11.5, 8], "texture": "#0"},
				"east": {"uv": [12.25, 7.75, 12.5, 8], "rotation": 90, "texture": "#0"},
				"south": {"uv": [11.5, 7.75, 12.5, 8], "texture": "#0"},
				"west": {"uv": [11.5, 7.75, 11.75, 8], "rotation": 270, "texture": "#0"},
				"up": {"uv": [11.5, 7.75, 12.5, 8], "texture": "#0"},
				"down": {"uv": [11.5, 8, 12.5, 7.75], "texture": "#0"}
			}
		},
		{
			"name": "halo (43)_18",
			"from": [3.5, 0, 8],
			"to": [4.5, 0.25, 8.25],
			"faces": {
				"north": {"uv": [4.5, 8, 3.5, 8.25], "texture": "#0"},
				"east": {"uv": [4.25, 8, 4.5, 8.25], "rotation": 90, "texture": "#0"},
				"south": {"uv": [3.5, 8, 4.5, 8.25], "texture": "#0"},
				"west": {"uv": [3.5, 8, 3.75, 8.25], "rotation": 270, "texture": "#0"},
				"up": {"uv": [3.5, 8, 4.5, 8.25], "texture": "#0"},
				"down": {"uv": [3.5, 8.25, 4.5, 8], "texture": "#0"}
			}
		},
		{
			"name": "halo (43)_19",
			"from": [11.5, 0, 8],
			"to": [12.5, 0.25, 8.25],
			"faces": {
				"north": {"uv": [12.5, 8, 11.5, 8.25], "texture": "#0"},
				"east": {"uv": [12.25, 8, 12.5, 8.25], "rotation": 90, "texture": "#0"},
				"south": {"uv": [11.5, 8, 12.5, 8.25], "texture": "#0"},
				"west": {"uv": [11.5, 8, 11.75, 8.25], "rotation": 270, "texture": "#0"},
				"up": {"uv": [11.5, 8, 12.5, 8.25], "texture": "#0"},
				"down": {"uv": [11.5, 8.25, 12.5, 8], "texture": "#0"}
			}
		},
		{
			"name": "halo (43)_20",
			"from": [3.5, 0, 8.25],
			"to": [4.5, 0.25, 8.5],
			"faces": {
				"north": {"uv": [4.5, 8.25, 3.5, 8.5], "texture": "#0"},
				"east": {"uv": [4.25, 8.25, 4.5, 8.5], "rotation": 90, "texture": "#0"},
				"south": {"uv": [3.5, 8.25, 4.5, 8.5], "texture": "#0"},
				"west": {"uv": [3.5, 8.25, 3.75, 8.5], "rotation": 270, "texture": "#0"},
				"up": {"uv": [3.5, 8.25, 4.5, 8.5], "texture": "#0"},
				"down": {"uv": [3.5, 8.5, 4.5, 8.25], "texture": "#0"}
			}
		},
		{
			"name": "halo (43)_21",
			"from": [11.5, 0, 8.25],
			"to": [12.5, 0.25, 8.5],
			"faces": {
				"north": {"uv": [12.5, 8.25, 11.5, 8.5], "texture": "#0"},
				"east": {"uv": [12.25, 8.25, 12.5, 8.5], "rotation": 90, "texture": "#0"},
				"south": {"uv": [11.5, 8.25, 12.5, 8.5], "texture": "#0"},
				"west": {"uv": [11.5, 8.25, 11.75, 8.5], "rotation": 270, "texture": "#0"},
				"up": {"uv": [11.5, 8.25, 12.5, 8.5], "texture": "#0"},
				"down": {"uv": [11.5, 8.5, 12.5, 8.25], "texture": "#0"}
			}
		},
		{
			"name": "halo (43)_22",
			"from": [3.5, 0, 8.5],
			"to": [4.5, 0.25, 8.75],
			"faces": {
				"north": {"uv": [4.5, 8.5, 3.5, 8.75], "texture": "#0"},
				"east": {"uv": [4.25, 8.5, 4.5, 8.75], "rotation": 90, "texture": "#0"},
				"south": {"uv": [3.5, 8.5, 4.5, 8.75], "texture": "#0"},
				"west": {"uv": [3.5, 8.5, 3.75, 8.75], "rotation": 270, "texture": "#0"},
				"up": {"uv": [3.5, 8.5, 4.5, 8.75], "texture": "#0"},
				"down": {"uv": [3.5, 8.75, 4.5, 8.5], "texture": "#0"}
			}
		},
		{
			"name": "halo (43)_23",
			"from": [11.5, 0, 8.5],
			"to": [12.5, 0.25, 8.75],
			"faces": {
				"north": {"uv": [12.5, 8.5, 11.5, 8.75], "texture": "#0"},
				"east": {"uv": [12.25, 8.5, 12.5, 8.75], "rotation": 90, "texture": "#0"},
				"south": {"uv": [11.5, 8.5, 12.5, 8.75], "texture": "#0"},
				"west": {"uv": [11.5, 8.5, 11.75, 8.75], "rotation": 270, "texture": "#0"},
				"up": {"uv": [11.5, 8.5, 12.5, 8.75], "texture": "#0"},
				"down": {"uv": [11.5, 8.75, 12.5, 8.5], "texture": "#0"}
			}
		},
		{
			"name": "halo (43)_24",
			"from": [3.5, 0, 8.75],
			"to": [4.5, 0.25, 9],
			"faces": {
				"north": {"uv": [4.5, 8.75, 3.5, 9], "texture": "#0"},
				"east": {"uv": [4.25, 8.75, 4.5, 9], "rotation": 90, "texture": "#0"},
				"south": {"uv": [3.5, 8.75, 4.5, 9], "texture": "#0"},
				"west": {"uv": [3.5, 8.75, 3.75, 9], "rotation": 270, "texture": "#0"},
				"up": {"uv": [3.5, 8.75, 4.5, 9], "texture": "#0"},
				"down": {"uv": [3.5, 9, 4.5, 8.75], "texture": "#0"}
			}
		},
		{
			"name": "halo (43)_25",
			"from": [11.5, 0, 8.75],
			"to": [12.5, 0.25, 9],
			"faces": {
				"north": {"uv": [12.5, 8.75, 11.5, 9], "texture": "#0"},
				"east": {"uv": [12.25, 8.75, 12.5, 9], "rotation": 90, "texture": "#0"},
				"south": {"uv": [11.5, 8.75, 12.5, 9], "texture": "#0"},
				"west": {"uv": [11.5, 8.75, 11.75, 9], "rotation": 270, "texture": "#0"},
				"up": {"uv": [11.5, 8.75, 12.5, 9], "texture": "#0"},
				"down": {"uv": [11.5, 9, 12.5, 8.75], "texture": "#0"}
			}
		},
		{
			"name": "halo (43)_26",
			"from": [3.5, 0, 9],
			"to": [4.5, 0.25, 9.25],
			"faces": {
				"north": {"uv": [4.5, 9, 3.5, 9.25], "texture": "#0"},
				"east": {"uv": [4.25, 9, 4.5, 9.25], "rotation": 90, "texture": "#0"},
				"south": {"uv": [3.5, 9, 4.5, 9.25], "texture": "#0"},
				"west": {"uv": [3.5, 9, 3.75, 9.25], "rotation": 270, "texture": "#0"},
				"up": {"uv": [3.5, 9, 4.5, 9.25], "texture": "#0"},
				"down": {"uv": [3.5, 9.25, 4.5, 9], "texture": "#0"}
			}
		},
		{
			"name": "halo (43)_27",
			"from": [11.5, 0, 9],
			"to": [12.5, 0.25, 9.25],
			"faces": {
				"north": {"uv": [12.5, 9, 11.5, 9.25], "texture": "#0"},
				"east": {"uv": [12.25, 9, 12.5, 9.25], "rotation": 90, "texture": "#0"},
				"south": {"uv": [11.5, 9, 12.5, 9.25], "texture": "#0"},
				"west": {"uv": [11.5, 9, 11.75, 9.25], "rotation": 270, "texture": "#0"},
				"up": {"uv": [11.5, 9, 12.5, 9.25], "texture": "#0"},
				"down": {"uv": [11.5, 9.25, 12.5, 9], "texture": "#0"}
			}
		},
		{
			"name": "halo (43)_28",
			"from": [3.5, 0, 9.25],
			"to": [4.5, 0.25, 9.5],
			"faces": {
				"north": {"uv": [4.5, 9.25, 3.5, 9.5], "texture": "#0"},
				"east": {"uv": [4.25, 9.25, 4.5, 9.5], "rotation": 90, "texture": "#0"},
				"south": {"uv": [3.5, 9.25, 4.5, 9.5], "texture": "#0"},
				"west": {"uv": [3.5, 9.25, 3.75, 9.5], "rotation": 270, "texture": "#0"},
				"up": {"uv": [3.5, 9.25, 4.5, 9.5], "texture": "#0"},
				"down": {"uv": [3.5, 9.5, 4.5, 9.25], "texture": "#0"}
			}
		},
		{
			"name": "halo (43)_29",
			"from": [11.5, 0, 9.25],
			"to": [12.5, 0.25, 9.5],
			"faces": {
				"north": {"uv": [12.5, 9.25, 11.5, 9.5], "texture": "#0"},
				"east": {"uv": [12.25, 9.25, 12.5, 9.5], "rotation": 90, "texture": "#0"},
				"south": {"uv": [11.5, 9.25, 12.5, 9.5], "texture": "#0"},
				"west": {"uv": [11.5, 9.25, 11.75, 9.5], "rotation": 270, "texture": "#0"},
				"up": {"uv": [11.5, 9.25, 12.5, 9.5], "texture": "#0"},
				"down": {"uv": [11.5, 9.5, 12.5, 9.25], "texture": "#0"}
			}
		},
		{
			"name": "halo (43)_30",
			"from": [3.5, 0, 9.5],
			"to": [4.5, 0.25, 9.75],
			"faces": {
				"north": {"uv": [4.5, 9.5, 3.5, 9.75], "texture": "#0"},
				"east": {"uv": [4.25, 9.5, 4.5, 9.75], "rotation": 90, "texture": "#0"},
				"south": {"uv": [3.5, 9.5, 4.5, 9.75], "texture": "#0"},
				"west": {"uv": [3.5, 9.5, 3.75, 9.75], "rotation": 270, "texture": "#0"},
				"up": {"uv": [3.5, 9.5, 4.5, 9.75], "texture": "#0"},
				"down": {"uv": [3.5, 9.75, 4.5, 9.5], "texture": "#0"}
			}
		},
		{
			"name": "halo (43)_31",
			"from": [11.5, 0, 9.5],
			"to": [12.5, 0.25, 9.75],
			"faces": {
				"north": {"uv": [12.5, 9.5, 11.5, 9.75], "texture": "#0"},
				"east": {"uv": [12.25, 9.5, 12.5, 9.75], "rotation": 90, "texture": "#0"},
				"south": {"uv": [11.5, 9.5, 12.5, 9.75], "texture": "#0"},
				"west": {"uv": [11.5, 9.5, 11.75, 9.75], "rotation": 270, "texture": "#0"},
				"up": {"uv": [11.5, 9.5, 12.5, 9.75], "texture": "#0"},
				"down": {"uv": [11.5, 9.75, 12.5, 9.5], "texture": "#0"}
			}
		},
		{
			"name": "halo (43)_32",
			"from": [6.25, 0, 11.5],
			"to": [9.75, 0.25, 11.75],
			"faces": {
				"north": {"uv": [9.75, 11.5, 6.25, 11.75], "texture": "#0"},
				"east": {"uv": [9.5, 11.5, 9.75, 11.75], "rotation": 90, "texture": "#0"},
				"south": {"uv": [6.25, 11.5, 9.75, 11.75], "texture": "#0"},
				"west": {"uv": [6.25, 11.5, 6.5, 11.75], "rotation": 270, "texture": "#0"},
				"up": {"uv": [6.25, 11.5, 9.75, 11.75], "texture": "#0"},
				"down": {"uv": [6.25, 11.75, 9.75, 11.5], "texture": "#0"}
			}
		},
		{
			"name": "halo (43)_33",
			"from": [6.25, 0, 11.75],
			"to": [9.75, 0.25, 12],
			"faces": {
				"north": {"uv": [9.75, 11.75, 6.25, 12], "texture": "#0"},
				"east": {"uv": [9.5, 11.75, 9.75, 12], "rotation": 90, "texture": "#0"},
				"south": {"uv": [6.25, 11.75, 9.75, 12], "texture": "#0"},
				"west": {"uv": [6.25, 11.75, 6.5, 12], "rotation": 270, "texture": "#0"},
				"up": {"uv": [6.25, 11.75, 9.75, 12], "texture": "#0"},
				"down": {"uv": [6.25, 12, 9.75, 11.75], "texture": "#0"}
			}
		},
		{
			"name": "halo (43)_34",
			"from": [6.25, 0, 12],
			"to": [9.75, 0.25, 12.25],
			"faces": {
				"north": {"uv": [9.75, 12, 6.25, 12.25], "texture": "#0"},
				"east": {"uv": [9.5, 12, 9.75, 12.25], "rotation": 90, "texture": "#0"},
				"south": {"uv": [6.25, 12, 9.75, 12.25], "texture": "#0"},
				"west": {"uv": [6.25, 12, 6.5, 12.25], "rotation": 270, "texture": "#0"},
				"up": {"uv": [6.25, 12, 9.75, 12.25], "texture": "#0"},
				"down": {"uv": [6.25, 12.25, 9.75, 12], "texture": "#0"}
			}
		},
		{
			"name": "halo (43)_35",
			"from": [6.25, 0, 12.25],
			"to": [9.75, 0.25, 12.5],
			"faces": {
				"north": {"uv": [9.75, 12.25, 6.25, 12.5], "texture": "#0"},
				"east": {"uv": [9.5, 12.25, 9.75, 12.5], "rotation": 90, "texture": "#0"},
				"south": {"uv": [6.25, 12.25, 9.75, 12.5], "texture": "#0"},
				"west": {"uv": [6.25, 12.25, 6.5, 12.5], "rotation": 270, "texture": "#0"},
				"up": {"uv": [6.25, 12.25, 9.75, 12.5], "texture": "#0"},
				"down": {"uv": [6.25, 12.5, 9.75, 12.25], "texture": "#0"}
			}
		}
	],
	"display": {
		"gui": {
			"rotation": [90, 0, 0]
		},
		"head": {
			"rotation": [20, 0, 0],
			"translation": [0, 17, 10]
		}
	},
	"groups": [
		{
			"name": "halo (43)",
			"origin": [8, 8, 8],
			"color": 0,
			"children": [0, 1, 2, 3, 4, 5, 6, 7, 8, 9, 10, 11, 12, 13, 14, 15, 16, 17, 18, 19, 20, 21, 22, 23, 24, 25, 26, 27, 28, 29, 30, 31, 32, 33, 34, 35]
		}
	]
}