{
	"credit": "Made with Blockbench",
	"textures": {
		"0": "items/3d/halo (18)",
		"particle": "items/3d/halo (18)"
	},
	"elements": [
		{
			"name": "halo (18)_0",
			"from": [13.25, 0, 1.75],
			"to": [14.25, 0.25, 2],
			"faces": {
				"north": {"uv": [14.25, 1.75, 13.25, 2], "texture": "#0"},
				"east": {"uv": [14, 1.75, 14.25, 2], "rotation": 90, "texture": "#0"},
				"south": {"uv": [13.25, 1.75, 14.25, 2], "texture": "#0"},
				"west": {"uv": [13.25, 1.75, 13.5, 2], "rotation": 270, "texture": "#0"},
				"up": {"uv": [13.25, 1.75, 14.25, 2], "texture": "#0"},
				"down": {"uv": [13.25, 2, 14.25, 1.75], "texture": "#0"}
			}
		},
		{
			"name": "halo (18)_1",
			"from": [13, 0, 2],
			"to": [14.25, 0.25, 2.25],
			"faces": {
				"north": {"uv": [14.25, 2, 13, 2.25], "texture": "#0"},
				"east": {"uv": [14, 2, 14.25, 2.25], "rotation": 90, "texture": "#0"},
				"south": {"uv": [13, 2, 14.25, 2.25], "texture": "#0"},
				"west": {"uv": [13, 2, 13.25, 2.25], "rotation": 270, "texture": "#0"},
				"up": {"uv": [13, 2, 14.25, 2.25], "texture": "#0"},
				"down": {"uv": [13, 2.25, 14.25, 2], "texture": "#0"}
			}
		},
		{
			"name": "halo (18)_2",
			"from": [12.75, 0, 2.25],
			"to": [14.25, 0.25, 2.5],
			"faces": {
				"north": {"uv": [14.25, 2.25, 12.75, 2.5], "texture": "#0"},
				"east": {"uv": [14, 2.25, 14.25, 2.5], "rotation": 90, "texture": "#0"},
				"south": {"uv": [12.75, 2.25, 14.25, 2.5], "texture": "#0"},
				"west": {"uv": [12.75, 2.25, 13, 2.5], "rotation": 270, "texture": "#0"},
				"up": {"uv": [12.75, 2.25, 14.25, 2.5], "texture": "#0"},
				"down": {"uv": [12.75, 2.5, 14.25, 2.25], "texture": "#0"}
			}
		},
		{
			"name": "halo (18)_3",
			"from": [12.5, 0, 2.5],
			"to": [14.25, 0.25, 2.75],
			"faces": {
				"north": {"uv": [14.25, 2.5, 12.5, 2.75], "texture": "#0"},
				"east": {"uv": [14, 2.5, 14.25, 2.75], "rotation": 90, "texture": "#0"},
				"south": {"uv": [12.5, 2.5, 14.25, 2.75], "texture": "#0"},
				"west": {"uv": [12.5, 2.5, 12.75, 2.75], "rotation": 270, "texture": "#0"},
				"up": {"uv": [12.5, 2.5, 14.25, 2.75], "texture": "#0"},
				"down": {"uv": [12.5, 2.75, 14.25, 2.5], "texture": "#0"}
			}
		},
		{
			"name": "halo (18)_4",
			"from": [12.25, 0, 2.75],
			"to": [14, 0.25, 3],
			"faces": {
				"north": {"uv": [14, 2.75, 12.25, 3], "texture": "#0"},
				"east": {"uv": [13.75, 2.75, 14, 3], "rotation": 90, "texture": "#0"},
				"south": {"uv": [12.25, 2.75, 14, 3], "texture": "#0"},
				"west": {"uv": [12.25, 2.75, 12.5, 3], "rotation": 270, "texture": "#0"},
				"up": {"uv": [12.25, 2.75, 14, 3], "texture": "#0"},
				"down": {"uv": [12.25, 3, 14, 2.75], "texture": "#0"}
			}
		},
		{
			"name": "halo (18)_5",
			"from": [12, 0, 3],
			"to": [13.75, 0.25, 3.25],
			"faces": {
				"north": {"uv": [13.75, 3, 12, 3.25], "texture": "#0"},
				"east": {"uv": [13.5, 3, 13.75, 3.25], "rotation": 90, "texture": "#0"},
				"south": {"uv": [12, 3, 13.75, 3.25], "texture": "#0"},
				"west": {"uv": [12, 3, 12.25, 3.25], "rotation": 270, "texture": "#0"},
				"up": {"uv": [12, 3, 13.75, 3.25], "texture": "#0"},
				"down": {"uv": [12, 3.25, 13.75, 3], "texture": "#0"}
			}
		},
		{
			"name": "halo (18)_6",
			"from": [11.75, 0, 3.25],
			"to": [13.5, 0.25, 3.5],
			"faces": {
				"north": {"uv": [13.5, 3.25, 11.75, 3.5], "texture": "#0"},
				"east": {"uv": [13.25, 3.25, 13.5, 3.5], "rotation": 90, "texture": "#0"},
				"south": {"uv": [11.75, 3.25, 13.5, 3.5], "texture": "#0"},
				"west": {"uv": [11.75, 3.25, 12, 3.5], "rotation": 270, "texture": "#0"},
				"up": {"uv": [11.75, 3.25, 13.5, 3.5], "texture": "#0"},
				"down": {"uv": [11.75, 3.5, 13.5, 3.25], "texture": "#0"}
			}
		},
		{
			"name": "halo (18)_7",
			"from": [11.5, 0, 3.5],
			"to": [13.25, 0.25, 3.75],
			"faces": {
				"north": {"uv": [13.25, 3.5, 11.5, 3.75], "texture": "#0"},
				"east": {"uv": [13, 3.5, 13.25, 3.75], "rotation": 90, "texture": "#0"},
				"south": {"uv": [11.5, 3.5, 13.25, 3.75], "texture": "#0"},
				"west": {"uv": [11.5, 3.5, 11.75, 3.75], "rotation": 270, "texture": "#0"},
				"up": {"uv": [11.5, 3.5, 13.25, 3.75], "texture": "#0"},
				"down": {"uv": [11.5, 3.75, 13.25, 3.5], "texture": "#0"}
			}
		},
		{
			"name": "halo (18)_8",
			"from": [11.25, 0, 3.75],
			"to": [13, 0.25, 4],
			"faces": {
				"north": {"uv": [13, 3.75, 11.25, 4], "texture": "#0"},
				"east": {"uv": [12.75, 3.75, 13, 4], "rotation": 90, "texture": "#0"},
				"south": {"uv": [11.25, 3.75, 13, 4], "texture": "#0"},
				"west": {"uv": [11.25, 3.75, 11.5, 4], "rotation": 270, "texture": "#0"},
				"up": {"uv": [11.25, 3.75, 13, 4], "texture": "#0"},
				"down": {"uv": [11.25, 4, 13, 3.75], "texture": "#0"}
			}
		},
		{
			"name": "halo (18)_9",
			"from": [11, 0, 4],
			"to": [12.75, 0.25, 4.25],
			"faces": {
				"north": {"uv": [12.75, 4, 11, 4.25], "texture": "#0"},
				"east": {"uv": [12.5, 4, 12.75, 4.25], "rotation": 90, "texture": "#0"},
				"south": {"uv": [11, 4, 12.75, 4.25], "texture": "#0"},
				"west": {"uv": [11, 4, 11.25, 4.25], "rotation": 270, "texture": "#0"},
				"up": {"uv": [11, 4, 12.75, 4.25], "texture": "#0"},
				"down": {"uv": [11, 4.25, 12.75, 4], "texture": "#0"}
			}
		},
		{
			"name": "halo (18)_10",
			"from": [10.75, 0, 4.25],
			"to": [12.5, 0.25, 4.5],
			"faces": {
				"north": {"uv": [12.5, 4.25, 10.75, 4.5], "texture": "#0"},
				"east": {"uv": [12.25, 4.25, 12.5, 4.5], "rotation": 90, "texture": "#0"},
				"south": {"uv": [10.75, 4.25, 12.5, 4.5], "texture": "#0"},
				"west": {"uv": [10.75, 4.25, 11, 4.5], "rotation": 270, "texture": "#0"},
				"up": {"uv": [10.75, 4.25, 12.5, 4.5], "texture": "#0"},
				"down": {"uv": [10.75, 4.5, 12.5, 4.25], "texture": "#0"}
			}
		},
		{
			"name": "halo (18)_11",
			"from": [10.5, 0, 4.5],
			"to": [12.25, 0.25, 4.75],
			"faces": {
				"north": {"uv": [12.25, 4.5, 10.5, 4.75], "texture": "#0"},
				"east": {"uv": [12, 4.5, 12.25, 4.75], "rotation": 90, "texture": "#0"},
				"south": {"uv": [10.5, 4.5, 12.25, 4.75], "texture": "#0"},
				"west": {"uv": [10.5, 4.5, 10.75, 4.75], "rotation": 270, "texture": "#0"},
				"up": {"uv": [10.5, 4.5, 12.25, 4.75], "texture": "#0"},
				"down": {"uv": [10.5, 4.75, 12.25, 4.5], "texture": "#0"}
			}
		},
		{
			"name": "halo (18)_12",
			"from": [10.25, 0, 4.75],
			"to": [12, 0.25, 5],
			"faces": {
				"north": {"uv": [12, 4.75, 10.25, 5], "texture": "#0"},
				"east": {"uv": [11.75, 4.75, 12, 5], "rotation": 90, "texture": "#0"},
				"south": {"uv": [10.25, 4.75, 12, 5], "texture": "#0"},
				"west": {"uv": [10.25, 4.75, 10.5, 5], "rotation": 270, "texture": "#0"},
				"up": {"uv": [10.25, 4.75, 12, 5], "texture": "#0"},
				"down": {"uv": [10.25, 5, 12, 4.75], "texture": "#0"}
			}
		},
		{
			"name": "halo (18)_13",
			"from": [10, 0, 5],
			"to": [11.75, 0.25, 5.25],
			"faces": {
				"north": {"uv": [11.75, 5, 10, 5.25], "texture": "#0"},
				"east": {"uv": [11.5, 5, 11.75, 5.25], "rotation": 90, "texture": "#0"},
				"south": {"uv": [10, 5, 11.75, 5.25], "texture": "#0"},
				"west": {"uv": [10, 5, 10.25, 5.25], "rotation": 270, "texture": "#0"},
				"up": {"uv": [10, 5, 11.75, 5.25], "texture": "#0"},
				"down": {"uv": [10, 5.25, 11.75, 5], "texture": "#0"}
			}
		},
		{
			"name": "halo (18)_14",
			"from": [9.75, 0, 5.25],
			"to": [11.5, 0.25, 5.5],
			"faces": {
				"north": {"uv": [11.5, 5.25, 9.75, 5.5], "texture": "#0"},
				"east": {"uv": [11.25, 5.25, 11.5, 5.5], "rotation": 90, "texture": "#0"},
				"south": {"uv": [9.75, 5.25, 11.5, 5.5], "texture": "#0"},
				"west": {"uv": [9.75, 5.25, 10, 5.5], "rotation": 270, "texture": "#0"},
				"up": {"uv": [9.75, 5.25, 11.5, 5.5], "texture": "#0"},
				"down": {"uv": [9.75, 5.5, 11.5, 5.25], "texture": "#0"}
			}
		},
		{
			"name": "halo (18)_15",
			"from": [9.5, 0, 5.5],
			"to": [11.25, 0.25, 5.75],
			"faces": {
				"north": {"uv": [11.25, 5.5, 9.5, 5.75], "texture": "#0"},
				"east": {"uv": [11, 5.5, 11.25, 5.75], "rotation": 90, "texture": "#0"},
				"south": {"uv": [9.5, 5.5, 11.25, 5.75], "texture": "#0"},
				"west": {"uv": [9.5, 5.5, 9.75, 5.75], "rotation": 270, "texture": "#0"},
				"up": {"uv": [9.5, 5.5, 11.25, 5.75], "texture": "#0"},
				"down": {"uv": [9.5, 5.75, 11.25, 5.5], "texture": "#0"}
			}
		},
		{
			"name": "halo (18)_16",
			"from": [9.25, 0, 5.75],
			"to": [11, 0.25, 6],
			"faces": {
				"north": {"uv": [11, 5.75, 9.25, 6], "texture": "#0"},
				"east": {"uv": [10.75, 5.75, 11, 6], "rotation": 90, "texture": "#0"},
				"south": {"uv": [9.25, 5.75, 11, 6], "texture": "#0"},
				"west": {"uv": [9.25, 5.75, 9.5, 6], "rotation": 270, "texture": "#0"},
				"up": {"uv": [9.25, 5.75, 11, 6], "texture": "#0"},
				"down": {"uv": [9.25, 6, 11, 5.75], "texture": "#0"}
			}
		},
		{
			"name": "halo (18)_17",
			"from": [9, 0, 6],
			"to": [10.75, 0.25, 6.25],
			"faces": {
				"north": {"uv": [10.75, 6, 9, 6.25], "texture": "#0"},
				"east": {"uv": [10.5, 6, 10.75, 6.25], "rotation": 90, "texture": "#0"},
				"south": {"uv": [9, 6, 10.75, 6.25], "texture": "#0"},
				"west": {"uv": [9, 6, 9.25, 6.25], "rotation": 270, "texture": "#0"},
				"up": {"uv": [9, 6, 10.75, 6.25], "texture": "#0"},
				"down": {"uv": [9, 6.25, 10.75, 6], "texture": "#0"}
			}
		},
		{
			"name": "halo (18)_18",
			"from": [9, 0, 6.25],
			"to": [10.5, 0.25, 6.5],
			"faces": {
				"north": {"uv": [10.5, 6.25, 9, 6.5], "texture": "#0"},
				"east": {"uv": [10.25, 6.25, 10.5, 6.5], "rotation": 90, "texture": "#0"},
				"south": {"uv": [9, 6.25, 10.5, 6.5], "texture": "#0"},
				"west": {"uv": [9, 6.25, 9.25, 6.5], "rotation": 270, "texture": "#0"},
				"up": {"uv": [9, 6.25, 10.5, 6.5], "texture": "#0"},
				"down": {"uv": [9, 6.5, 10.5, 6.25], "texture": "#0"}
			}
		},
		{
			"name": "halo (18)_19",
			"from": [9, 0, 6.5],
			"to": [10.25, 0.25, 6.75],
			"faces": {
				"north": {"uv": [10.25, 6.5, 9, 6.75], "texture": "#0"},
				"east": {"uv": [10, 6.5, 10.25, 6.75], "rotation": 90, "texture": "#0"},
				"south": {"uv": [9, 6.5, 10.25, 6.75], "texture": "#0"},
				"west": {"uv": [9, 6.5, 9.25, 6.75], "rotation": 270, "texture": "#0"},
				"up": {"uv": [9, 6.5, 10.25, 6.75], "texture": "#0"},
				"down": {"uv": [9, 6.75, 10.25, 6.5], "texture": "#0"}
			}
		},
		{
			"name": "halo (18)_20",
			"from": [9, 0, 6.75],
			"to": [10, 0.25, 7],
			"faces": {
				"north": {"uv": [10, 6.75, 9, 7], "texture": "#0"},
				"east": {"uv": [9.75, 6.75, 10, 7], "rotation": 90, "texture": "#0"},
				"south": {"uv": [9, 6.75, 10, 7], "texture": "#0"},
				"west": {"uv": [9, 6.75, 9.25, 7], "rotation": 270, "texture": "#0"},
				"up": {"uv": [9, 6.75, 10, 7], "texture": "#0"},
				"down": {"uv": [9, 7, 10, 6.75], "texture": "#0"}
			}
		}
	],
	"display": {
		"gui": {
			"rotation": [90, 0, 0]
		},
		"head": {
			"rotation": [20, 0, 0],
			"translation": [0, 17, 10]
		}
	},
	"groups": [
		{
			"name": "halo (18)",
			"origin": [8, 8, 8],
			"color": 0,
			"children": [0, 1, 2, 3, 4, 5, 6, 7, 8, 9, 10, 11, 12, 13, 14, 15, 16, 17, 18, 19, 20]
		}
	]
}