{
	"credit": "Made with Blockbench",
	"parent": "item/handheld",
	"textures": {
		"layer0": "items/0222"
	},
	"display": {
		"thirdperson_righthand": {
			"rotation": [0, -90, 45],
			"translation": [-1, 0.5, 3],
			"scale": [0.75, 0.75, 1]
		},
		"thirdperson_lefthand": {
			"rotation": [0, 90, -45],
			"translation": [0, 1.5, -0.5],
			"scale": [0.75, 0.75, 1]
		},
		"firstperson_righthand": {
			"rotation": [-40, -90, 0],
			"translation": [4, 3, 0],
			"scale": [0.75, 0.75, 1]
		},
		"firstperson_lefthand": {
			"rotation": [-40, 90, 0],
			"translation": [4, 3, 0],
			"scale": [0.75, 0.75, 1]
		},
		"fixed": {
			"rotation": [0, -180, 0],
			"translation": [0, 0, -0.75]
		}
	}
}