{
	"credit": "Made with Blockbench",
	"parent": "item/handheld",
	"textures": {
		"layer0": "items/0175"
	},
	"display": {
		"thirdperson_righthand": {
			"rotation": [-135, 90, 0],
			"translation": [-0.25, -2, 4.75]
		},
		"thirdperson_lefthand": {
			"rotation": [-135, -90, 0],
			"translation": [0, -6.5, 2],
			"scale": [0.8, 0.8, 0.55]
		},
		"firstperson_righthand": {
			"rotation": [165.04, -73.06, -158.17],
			"translation": [3, 2.5, 1.5],
			"scale": [0.8, 0.8, 0.5]
		},
		"firstperson_lefthand": {
			"translation": [3, 1.5, 1.5],
			"scale": [0.8, 0.8, 0.5]
		},
		"ground": {
			"rotation": [90, 0, 0],
			"translation": [5.25, -3, -5.75],
			"scale": [2, 2, 1]
		},
		"head": {
			"rotation": [0, 0, -180],
			"translation": [-1.5, -21.75, 5.75],
			"scale": [2, -2, 1]
		}
	}
}