{
	"credit": "Made with Blockbench",
	"textures": {
		"0": "blocks/quartz_block_bottom",
		"1": "blocks/anvil_base",
		"4": "blocks/iron_trapdoor",
		"5": "items/dx0006",
		"6": "items/paper",
		"7": "items/pumpkin_pie",
		"8": "items/cooked_porkchop",
		"9": "items/cooked_mutton",
		"particle": "blocks/quartz_block_bottom"
	},
	"elements": [
		{
			"from": [0, 0, -0.0111],
			"to": [16, 1, 15.9889],
			"rotation": {"angle": 0, "axis": "y", "origin": [8, 8, 14.69445]},
			"faces": {
				"north": {"uv": [0, 0, 14, 1], "texture": "#1"},
				"east": {"uv": [0, 0, 14, 1], "texture": "#1"},
				"south": {"uv": [0, 0, 14, 1], "texture": "#1"},
				"west": {"uv": [0, 0, 14, 1], "texture": "#1"},
				"up": {"uv": [0, 0, 14, 14], "rotation": 180, "texture": "#1"},
				"down": {"uv": [1, 1, 15, 15], "rotation": 180, "texture": "#1"}
			}
		},
		{
			"from": [14.96253, 2, 13.21158],
			"to": [15.96253, 15, 27.21158],
			"rotation": {"angle": -22.5, "axis": "y", "origin": [8, 8, 14.69445]},
			"faces": {
				"north": {"uv": [0, 0, 1, 14], "texture": "#0"},
				"east": {"uv": [0, 0, 14, 14], "texture": "#0"},
				"south": {"uv": [0, 0, 1, 14], "texture": "#0"},
				"west": {"uv": [0, 0, 14, 14], "texture": "#0"},
				"up": {"uv": [0, 0, 14, 1], "rotation": 90, "texture": "#0"},
				"down": {"uv": [0, 0, 14, 1], "rotation": 270, "texture": "#0"}
			}
		},
		{
			"from": [16.46253, 4, 26.21158],
			"to": [16.96253, 13, 26.71158],
			"rotation": {"angle": -22.5, "axis": "y", "origin": [8, 8, 14.69445]},
			"faces": {
				"north": {"uv": [0, 0, 2, 12], "texture": "#1"},
				"east": {"uv": [0, 0, 1, 13], "texture": "#1"},
				"south": {"uv": [0, 0, 1, 14], "texture": "#1"},
				"west": {"uv": [0, 0, 14, 1], "texture": "#1"},
				"up": {"uv": [0, 0, 14, 14], "rotation": 90, "texture": "#1"},
				"down": {"uv": [1, 1, 15, 15], "rotation": 270, "texture": "#1"}
			}
		},
		{
			"from": [15.46253, 13, 26.21158],
			"to": [16.96253, 14, 26.71158],
			"rotation": {"angle": -22.5, "axis": "y", "origin": [8, 8, 14.69445]},
			"faces": {
				"north": {"uv": [0, 0, 14, 1], "texture": "#1"},
				"east": {"uv": [0, 0, 2, 9], "texture": "#1"},
				"south": {"uv": [0, 0, 14, 1], "texture": "#1"},
				"west": {"uv": [0, 0, 14, 1], "texture": "#1"},
				"up": {"uv": [0, 0, 14, 14], "rotation": 90, "texture": "#1"},
				"down": {"uv": [1, 1, 15, 15], "rotation": 270, "texture": "#1"}
			}
		},
		{
			"from": [15.46253, 3, 26.21158],
			"to": [16.96253, 4, 26.71158],
			"rotation": {"angle": -22.5, "axis": "y", "origin": [8, 8, 14.69445]},
			"faces": {
				"north": {"uv": [0, 0, 14, 1], "texture": "#1"},
				"east": {"uv": [0, 0, 2, 10], "texture": "#1"},
				"south": {"uv": [0, 0, 14, 1], "texture": "#1"},
				"west": {"uv": [0, 0, 14, 1], "texture": "#1"},
				"up": {"uv": [0, 0, 14, 14], "rotation": 90, "texture": "#1"},
				"down": {"uv": [1, 1, 15, 15], "rotation": 270, "texture": "#1"}
			}
		},
		{
			"from": [14.46253, 2.5, 13.21158],
			"to": [14.96253, 14.5, 13.71158],
			"rotation": {"angle": -22.5, "axis": "y", "origin": [8, 8, 14.69445]},
			"faces": {
				"north": {"uv": [0, 0, 16, 16], "rotation": 90, "texture": "#1"},
				"east": {"uv": [0, 0, 14, 1], "rotation": 270, "texture": "#1"},
				"south": {"uv": [0, 0, 16, 16], "rotation": 90, "texture": "#1"},
				"west": {"uv": [0, 0, 14, 1], "rotation": 90, "texture": "#1"},
				"up": {"uv": [0, 0, 15, 1], "rotation": 180, "texture": "#1"},
				"down": {"uv": [0, 0, 15, 1], "texture": "#1"}
			}
		},
		{
			"from": [14.46253, 14.5, 13.21158],
			"to": [14.96253, 15, 27.21158],
			"rotation": {"angle": -22.5, "axis": "y", "origin": [8, 8, 14.69445]},
			"faces": {
				"north": {"uv": [0, 0, 15, 1], "texture": "#1"},
				"east": {"uv": [0, 0, 14, 1], "texture": "#1"},
				"south": {"uv": [0, 0, 15, 1], "texture": "#1"},
				"west": {"uv": [0, 0, 14, 1], "texture": "#1"},
				"up": {"uv": [0, 0, 16, 16], "rotation": 90, "texture": "#1"},
				"down": {"uv": [0, 0, 16, 16], "rotation": 270, "texture": "#1"}
			}
		},
		{
			"from": [14.46253, 2, 13.21158],
			"to": [14.96253, 2.5, 27.21158],
			"rotation": {"angle": -22.5, "axis": "y", "origin": [8, 8, 14.69445]},
			"faces": {
				"north": {"uv": [0, 0, 15, 1], "texture": "#1"},
				"east": {"uv": [0, 0, 14, 1], "texture": "#1"},
				"south": {"uv": [0, 0, 15, 1], "texture": "#1"},
				"west": {"uv": [0, 0, 14, 1], "texture": "#1"},
				"up": {"uv": [0, 0, 16, 16], "rotation": 90, "texture": "#1"},
				"down": {"uv": [0, 0, 16, 16], "rotation": 270, "texture": "#1"}
			}
		},
		{
			"from": [14.46253, 2.5, 26.71158],
			"to": [14.96253, 14.5, 27.21158],
			"rotation": {"angle": -22.5, "axis": "y", "origin": [8, 8, 14.69445]},
			"faces": {
				"north": {"uv": [0, 0, 16, 16], "rotation": 90, "texture": "#1"},
				"east": {"uv": [0, 0, 14, 1], "rotation": 270, "texture": "#1"},
				"south": {"uv": [0, 0, 16, 16], "rotation": 90, "texture": "#1"},
				"west": {"uv": [0, 0, 14, 1], "rotation": 90, "texture": "#1"},
				"up": {"uv": [0, 0, 15, 1], "rotation": 180, "texture": "#1"},
				"down": {"uv": [0, 0, 15, 1], "texture": "#1"}
			}
		},
		{
			"from": [15.71585, 11, 21.17874],
			"to": [16.21585, 11.5, 21.67874],
			"rotation": {"angle": -22.5, "axis": "y", "origin": [8, 8, 14.69445]},
			"faces": {
				"north": {"uv": [0, 0, 0.5, 0.5], "texture": "#1"},
				"east": {"uv": [0, 0, 0.5, 0.5], "texture": "#1"},
				"south": {"uv": [0, 0, 0.5, 0.5], "texture": "#1"},
				"west": {"uv": [0, 0, 0.5, 0.5], "texture": "#1"},
				"up": {"uv": [0, 0, 0.5, 0.5], "rotation": 180, "texture": "#1"},
				"down": {"uv": [0, 0, 0.5, 0.5], "rotation": 180, "texture": "#1"}
			}
		},
		{
			"from": [15.96585, 7.5, 19.17874],
			"to": [15.96585, 12, 23.67874],
			"rotation": {"angle": -22.5, "axis": "y", "origin": [8, 8, 14.69445]},
			"faces": {
				"north": {"uv": [0, 0, 0, 4.5], "texture": "#5"},
				"east": {"uv": [0, 0, 16, 16], "texture": "#5"},
				"south": {"uv": [0, 0, 0, 4.5], "texture": "#5"},
				"west": {"uv": [0, 0, 2.5, 4.5], "texture": "#5"},
				"up": {"uv": [0, 0, 0, 2.5], "rotation": 180, "texture": "#5"},
				"down": {"uv": [0, 0, 0, 2.5], "rotation": 180, "texture": "#5"}
			}
		},
		{
			"from": [15.71585, 7, 17.17874],
			"to": [16.21585, 7.5, 17.67874],
			"rotation": {"angle": -22.5, "axis": "y", "origin": [8, 8, 14.69445]},
			"faces": {
				"north": {"uv": [0, 0, 0.5, 0.5], "texture": "#1"},
				"east": {"uv": [0, 0, 0.5, 0.5], "texture": "#1"},
				"south": {"uv": [0, 0, 0.5, 0.5], "texture": "#1"},
				"west": {"uv": [0, 0, 0.5, 0.5], "texture": "#1"},
				"up": {"uv": [0, 0, 0.5, 0.5], "rotation": 180, "texture": "#1"},
				"down": {"uv": [0, 0, 0.5, 0.5], "rotation": 180, "texture": "#1"}
			}
		},
		{
			"from": [15.96585, 4.5, 15.17874],
			"to": [15.96585, 9, 19.67874],
			"rotation": {"angle": -22.5, "axis": "y", "origin": [8, 8, 14.69445]},
			"faces": {
				"north": {"uv": [0, 0, 0, 4.5], "texture": "#6"},
				"east": {"uv": [0, 0, 16, 16], "texture": "#6"},
				"south": {"uv": [0, 0, 0, 4.5], "texture": "#6"},
				"west": {"uv": [0, 0, 2.5, 4.5], "texture": "#6"},
				"up": {"uv": [0, 0, 0, 2.5], "rotation": 180, "texture": "#6"},
				"down": {"uv": [0, 0, 0, 2.5], "rotation": 180, "texture": "#6"}
			}
		},
		{
			"from": [15, 2, -0.0111],
			"to": [16, 16, 15.9889],
			"rotation": {"angle": 0, "axis": "y", "origin": [8, 8, 14.69445]},
			"faces": {
				"north": {"uv": [0, 0, 1, 14], "texture": "#0"},
				"east": {"uv": [0, 0, 16, 14], "texture": "#0"},
				"south": {"uv": [0, 0, 1, 14], "texture": "#0"},
				"west": {"uv": [0, 0, 16, 14], "texture": "#0"},
				"up": {"uv": [0, 0, 1, 16], "rotation": 180, "texture": "#0"},
				"down": {"uv": [0, 0, 1, 16], "rotation": 180, "texture": "#0"}
			}
		},
		{
			"from": [1, 11, 0.9889],
			"to": [15, 11.5, 9.9889],
			"rotation": {"angle": 0, "axis": "y", "origin": [8, 8, 14.69445]},
			"faces": {
				"north": {"uv": [0, 0, 14, 1], "texture": "#4"},
				"east": {"uv": [0, 0, 9, 1], "texture": "#4"},
				"south": {"uv": [0, 1, 16, 2], "texture": "#4"},
				"west": {"uv": [0, 0, 9, 1], "texture": "#4"},
				"up": {"uv": [0, 0, 16, 8], "rotation": 180, "texture": "#4"},
				"down": {"uv": [0, 0, 16, 8], "rotation": 180, "texture": "#4"}
			}
		},
		{
			"from": [14, 10, 0.9889],
			"to": [15, 11, 7.9889],
			"rotation": {"angle": 0, "axis": "y", "origin": [8, 8, 14.69445]},
			"faces": {
				"north": {"uv": [0, 0, 14, 1], "texture": "#4"},
				"east": {"uv": [0, 0, 9, 1], "texture": "#4"},
				"south": {"uv": [0, 3, 16, 4], "texture": "#4"},
				"west": {"uv": [0, 0, 9, 1], "texture": "#4"},
				"up": {"uv": [0, 0, 16, 8], "rotation": 180, "texture": "#4"},
				"down": {"uv": [0, 0, 16, 8], "rotation": 180, "texture": "#4"}
			}
		},
		{
			"from": [1, 6, 0.9889],
			"to": [2, 7, 7.9889],
			"rotation": {"angle": 0, "axis": "y", "origin": [8, 8, 14.69445]},
			"faces": {
				"north": {"uv": [14, 0, 0, 1], "texture": "#4"},
				"east": {"uv": [9, 0, 0, 1], "texture": "#4"},
				"south": {"uv": [16, 3, 0, 4], "texture": "#4"},
				"west": {"uv": [9, 0, 0, 1], "texture": "#4"},
				"up": {"uv": [16, 0, 0, 8], "rotation": 180, "texture": "#4"},
				"down": {"uv": [16, 0, 0, 8], "rotation": 180, "texture": "#4"}
			}
		},
		{
			"from": [14, 6, 0.9889],
			"to": [15, 7, 7.9889],
			"rotation": {"angle": 0, "axis": "y", "origin": [8, 8, 14.69445]},
			"faces": {
				"north": {"uv": [0, 0, 14, 1], "texture": "#4"},
				"east": {"uv": [0, 0, 9, 1], "texture": "#4"},
				"south": {"uv": [0, 3, 16, 4], "texture": "#4"},
				"west": {"uv": [0, 0, 9, 1], "texture": "#4"},
				"up": {"uv": [0, 0, 16, 8], "rotation": 180, "texture": "#4"},
				"down": {"uv": [0, 0, 16, 8], "rotation": 180, "texture": "#4"}
			}
		},
		{
			"from": [1, 7, 0.9889],
			"to": [15, 7.5, 9.9889],
			"rotation": {"angle": 0, "axis": "y", "origin": [8, 8, 14.69445]},
			"faces": {
				"north": {"uv": [0, 0, 14, 1], "texture": "#4"},
				"east": {"uv": [0, 0, 9, 1], "texture": "#4"},
				"south": {"uv": [0, 2, 16, 3], "texture": "#4"},
				"west": {"uv": [0, 0, 9, 1], "texture": "#4"},
				"up": {"uv": [0, 0, 16, 8], "rotation": 180, "texture": "#4"},
				"down": {"uv": [0, 0, 16, 8], "rotation": 180, "texture": "#4"}
			}
		},
		{
			"from": [1, 2, -0.0111],
			"to": [15, 16, 0.9889],
			"rotation": {"angle": 0, "axis": "y", "origin": [8, 8, 14.69445]},
			"faces": {
				"north": {"uv": [0, 0, 14, 14], "texture": "#0"},
				"east": {"uv": [0, 0, 1, 14], "texture": "#0"},
				"south": {"uv": [0, 0, 14, 14], "texture": "#0"},
				"west": {"uv": [0, 0, 1, 14], "texture": "#0"},
				"up": {"uv": [0, 0, 14, 1], "rotation": 180, "texture": "#0"},
				"down": {"uv": [0, 0, 14, 1], "rotation": 180, "texture": "#0"}
			}
		},
		{
			"from": [0, 2, -0.0111],
			"to": [1, 16, 15.9889],
			"rotation": {"angle": 0, "axis": "y", "origin": [8, 8, 14.69445]},
			"faces": {
				"north": {"uv": [0, 0, 1, 14], "texture": "#0"},
				"east": {"uv": [0, 0, 16, 14], "texture": "#0"},
				"south": {"uv": [0, 0, 1, 14], "texture": "#0"},
				"west": {"uv": [0, 0, 16, 14], "texture": "#0"},
				"up": {"uv": [0, 0, 1, 16], "rotation": 180, "texture": "#0"},
				"down": {"uv": [0, 0, 1, 16], "rotation": 180, "texture": "#0"}
			}
		},
		{
			"from": [1, 10, 0.9889],
			"to": [2, 11, 7.9889],
			"rotation": {"angle": 0, "axis": "y", "origin": [8, 8, 14.69445]},
			"faces": {
				"north": {"uv": [14, 0, 0, 1], "texture": "#4"},
				"east": {"uv": [9, 0, 0, 1], "texture": "#4"},
				"south": {"uv": [16, 3, 0, 4], "texture": "#4"},
				"west": {"uv": [9, 0, 0, 1], "texture": "#4"},
				"up": {"uv": [16, 0, 0, 8], "rotation": 180, "texture": "#4"},
				"down": {"uv": [16, 0, 0, 8], "rotation": 180, "texture": "#4"}
			}
		},
		{
			"from": [1, 15, 0.9889],
			"to": [15, 16, 15.9889],
			"rotation": {"angle": 0, "axis": "y", "origin": [8, 8, 14.69445]},
			"faces": {
				"north": {"uv": [0, 0, 14, 1], "texture": "#0"},
				"east": {"uv": [0, 0, 15, 1], "texture": "#0"},
				"south": {"uv": [0, 0, 14, 1], "texture": "#0"},
				"west": {"uv": [0, 0, 15, 1], "texture": "#0"},
				"up": {"uv": [1, 1, 15, 16], "rotation": 180, "texture": "#0"},
				"down": {"uv": [0, 0, 14, 15], "rotation": 180, "texture": "#0"}
			}
		},
		{
			"from": [0, 1, -0.0111],
			"to": [16, 2, 15.9889],
			"rotation": {"angle": 0, "axis": "y", "origin": [8, 8, 14.69445]},
			"faces": {
				"north": {"uv": [0, 0, 14, 1], "texture": "#0"},
				"east": {"uv": [0, 0, 15, 1], "texture": "#0"},
				"south": {"uv": [0, 0, 14, 1], "texture": "#0"},
				"west": {"uv": [0, 0, 15, 1], "texture": "#0"},
				"up": {"uv": [0, 0, 16, 16], "rotation": 180, "texture": "#0"},
				"down": {"uv": [0, 0, 16, 16], "rotation": 180, "texture": "#0"}
			}
		},
		{
			"from": [1, 2, 14.4889],
			"to": [15, 2.5, 14.9889],
			"rotation": {"angle": 0, "axis": "y", "origin": [8, 8, 14.69445]},
			"faces": {
				"north": {"uv": [0, 0, 14, 1], "texture": "#1"},
				"east": {"uv": [0, 0, 15, 1], "texture": "#1"},
				"south": {"uv": [0, 0, 14, 1], "texture": "#1"},
				"west": {"uv": [0, 0, 15, 1], "texture": "#1"},
				"up": {"uv": [0, 0, 16, 16], "rotation": 180, "texture": "#1"},
				"down": {"uv": [0, 0, 16, 16], "rotation": 180, "texture": "#1"}
			}
		},
		{
			"from": [1, 1.5, 14.4889],
			"to": [1.5, 15.5, 14.9889],
			"rotation": {"angle": 0, "axis": "y", "origin": [8, 8, 14.69445]},
			"faces": {
				"north": {"uv": [0, 0, 14, 1], "rotation": 90, "texture": "#1"},
				"east": {"uv": [0, 0, 16, 16], "rotation": 90, "texture": "#1"},
				"south": {"uv": [0, 0, 14, 1], "rotation": 270, "texture": "#1"},
				"west": {"uv": [0, 0, 16, 16], "rotation": 90, "texture": "#1"},
				"up": {"uv": [0, 0, 15, 1], "rotation": 270, "texture": "#1"},
				"down": {"uv": [0, 0, 15, 1], "rotation": 270, "texture": "#1"}
			}
		},
		{
			"from": [14.5, 1.5, 14.4889],
			"to": [15, 15.5, 14.9889],
			"rotation": {"angle": 0, "axis": "y", "origin": [8, 8, 14.69445]},
			"faces": {
				"north": {"uv": [0, 0, 14, 1], "rotation": 90, "texture": "#1"},
				"east": {"uv": [0, 0, 16, 16], "rotation": 90, "texture": "#1"},
				"south": {"uv": [0, 0, 14, 1], "rotation": 270, "texture": "#1"},
				"west": {"uv": [0, 0, 16, 16], "rotation": 90, "texture": "#1"},
				"up": {"uv": [0, 0, 15, 1], "rotation": 270, "texture": "#1"},
				"down": {"uv": [0, 0, 15, 1], "rotation": 270, "texture": "#1"}
			}
		},
		{
			"from": [1, 14.5, 14.4889],
			"to": [15, 15, 14.9889],
			"rotation": {"angle": 0, "axis": "y", "origin": [8, 8, 14.69445]},
			"faces": {
				"north": {"uv": [0, 0, 14, 1], "texture": "#1"},
				"east": {"uv": [0, 0, 15, 1], "texture": "#1"},
				"south": {"uv": [0, 0, 14, 1], "texture": "#1"},
				"west": {"uv": [0, 0, 15, 1], "texture": "#1"},
				"up": {"uv": [0, 0, 16, 16], "rotation": 180, "texture": "#1"},
				"down": {"uv": [0, 0, 16, 16], "rotation": 180, "texture": "#1"}
			}
		},
		{
			"name": "pumpkin_pie_0",
			"from": [5, 2.25, 2.2389],
			"to": [11, 3.25, 10.2389],
			"rotation": {"angle": 0, "axis": "y", "origin": [8, 8, 14.69445]},
			"faces": {
				"north": {"uv": [5, 4, 11, 5], "texture": "#7"},
				"east": {"uv": [5, 4, 6, 12], "rotation": 90, "texture": "#7"},
				"south": {"uv": [5, 11, 11, 12], "rotation": 180, "texture": "#7"},
				"west": {"uv": [10, 4, 11, 12], "rotation": 270, "texture": "#7"},
				"up": {"uv": [11, 4, 5, 12], "texture": "#7"},
				"down": {"uv": [5, 4, 11, 12], "rotation": 180, "texture": "#7"}
			}
		},
		{
			"name": "pumpkin_pie_1",
			"from": [11, 2.25, 3.2389],
			"to": [13, 3.25, 11.2389],
			"rotation": {"angle": 0, "axis": "y", "origin": [8, 8, 14.69445]},
			"faces": {
				"north": {"uv": [3, 5, 5, 6], "texture": "#7"},
				"east": {"uv": [3, 5, 4, 13], "rotation": 90, "texture": "#7"},
				"south": {"uv": [3, 12, 5, 13], "rotation": 180, "texture": "#7"},
				"west": {"uv": [4, 5, 5, 13], "rotation": 270, "texture": "#7"},
				"up": {"uv": [5, 5, 3, 13], "texture": "#7"},
				"down": {"uv": [3, 5, 5, 13], "rotation": 180, "texture": "#7"}
			}
		},
		{
			"name": "pumpkin_pie_2",
			"from": [3, 2.25, 3.2389],
			"to": [5, 3.25, 12.2389],
			"rotation": {"angle": 0, "axis": "y", "origin": [8, 8, 14.69445]},
			"faces": {
				"north": {"uv": [11, 5, 13, 6], "texture": "#7"},
				"east": {"uv": [11, 5, 12, 14], "rotation": 90, "texture": "#7"},
				"south": {"uv": [11, 13, 13, 14], "rotation": 180, "texture": "#7"},
				"west": {"uv": [12, 5, 13, 14], "rotation": 270, "texture": "#7"},
				"up": {"uv": [13, 5, 11, 14], "texture": "#7"},
				"down": {"uv": [11, 5, 13, 14], "rotation": 180, "texture": "#7"}
			}
		},
		{
			"name": "pumpkin_pie_3",
			"from": [13, 2.25, 4.2389],
			"to": [14, 3.25, 11.2389],
			"rotation": {"angle": 0, "axis": "y", "origin": [8, 8, 14.69445]},
			"faces": {
				"north": {"uv": [2, 6, 3, 7], "texture": "#7"},
				"east": {"uv": [2, 6, 3, 13], "rotation": 90, "texture": "#7"},
				"south": {"uv": [2, 12, 3, 13], "rotation": 180, "texture": "#7"},
				"west": {"uv": [2, 6, 3, 13], "rotation": 270, "texture": "#7"},
				"up": {"uv": [3, 6, 2, 13], "texture": "#7"},
				"down": {"uv": [2, 6, 3, 13], "rotation": 180, "texture": "#7"}
			}
		},
		{
			"name": "pumpkin_pie_4",
			"from": [2, 2.25, 4.2389],
			"to": [3, 3.25, 11.2389],
			"rotation": {"angle": 0, "axis": "y", "origin": [8, 8, 14.69445]},
			"faces": {
				"north": {"uv": [13, 6, 14, 7], "texture": "#7"},
				"east": {"uv": [13, 6, 14, 13], "rotation": 90, "texture": "#7"},
				"south": {"uv": [13, 12, 14, 13], "rotation": 180, "texture": "#7"},
				"west": {"uv": [13, 6, 14, 13], "rotation": 270, "texture": "#7"},
				"up": {"uv": [14, 6, 13, 13], "texture": "#7"},
				"down": {"uv": [13, 6, 14, 13], "rotation": 180, "texture": "#7"}
			}
		},
		{
			"name": "pumpkin_pie_5",
			"from": [14, 2.25, 5.2389],
			"to": [15, 3.25, 10.2389],
			"rotation": {"angle": 0, "axis": "y", "origin": [8, 8, 14.69445]},
			"faces": {
				"north": {"uv": [1, 7, 2, 8], "texture": "#7"},
				"east": {"uv": [1, 7, 2, 12], "rotation": 90, "texture": "#7"},
				"south": {"uv": [1, 11, 2, 12], "rotation": 180, "texture": "#7"},
				"west": {"uv": [1, 7, 2, 12], "rotation": 270, "texture": "#7"},
				"up": {"uv": [2, 7, 1, 12], "texture": "#7"},
				"down": {"uv": [1, 7, 2, 12], "rotation": 180, "texture": "#7"}
			}
		},
		{
			"name": "pumpkin_pie_6",
			"from": [1, 2.25, 5.2389],
			"to": [2, 3.25, 10.2389],
			"rotation": {"angle": 0, "axis": "y", "origin": [8, 8, 14.69445]},
			"faces": {
				"north": {"uv": [14, 7, 15, 8], "texture": "#7"},
				"east": {"uv": [14, 7, 15, 12], "rotation": 90, "texture": "#7"},
				"south": {"uv": [14, 11, 15, 12], "rotation": 180, "texture": "#7"},
				"west": {"uv": [14, 7, 15, 12], "rotation": 270, "texture": "#7"},
				"up": {"uv": [15, 7, 14, 12], "texture": "#7"},
				"down": {"uv": [14, 7, 15, 12], "rotation": 180, "texture": "#7"}
			}
		},
		{
			"name": "pumpkin_pie_7",
			"from": [5, 2.25, 10.2389],
			"to": [10, 3.25, 12.2389],
			"rotation": {"angle": 0, "axis": "y", "origin": [8, 8, 14.69445]},
			"faces": {
				"north": {"uv": [6, 12, 11, 13], "texture": "#7"},
				"east": {"uv": [6, 12, 7, 14], "rotation": 90, "texture": "#7"},
				"south": {"uv": [6, 13, 11, 14], "rotation": 180, "texture": "#7"},
				"west": {"uv": [10, 12, 11, 14], "rotation": 270, "texture": "#7"},
				"up": {"uv": [11, 12, 6, 14], "texture": "#7"},
				"down": {"uv": [6, 12, 11, 14], "rotation": 180, "texture": "#7"}
			}
		},
		{
			"name": "pumpkin_pie_8",
			"from": [5, 2.25, 12.2389],
			"to": [9, 3.25, 13.2389],
			"rotation": {"angle": 0, "axis": "y", "origin": [8, 8, 14.69445]},
			"faces": {
				"north": {"uv": [7, 14, 11, 15], "texture": "#7"},
				"east": {"uv": [7, 14, 8, 15], "rotation": 90, "texture": "#7"},
				"south": {"uv": [7, 14, 11, 15], "rotation": 180, "texture": "#7"},
				"west": {"uv": [10, 14, 11, 15], "rotation": 270, "texture": "#7"},
				"up": {"uv": [11, 14, 7, 15], "texture": "#7"},
				"down": {"uv": [7, 14, 11, 15], "rotation": 180, "texture": "#7"}
			}
		},
		{
			"from": [3, 12.15575, 9.95291],
			"to": [7, 16.15575, 9.95291],
			"rotation": {"angle": 0, "axis": "y", "origin": [8, 8, 14.69445]},
			"faces": {
				"north": {"uv": [0, 0, 4, 4], "texture": "#missing"},
				"east": {"uv": [0, 0, 0, 4], "texture": "#missing"},
				"south": {"uv": [0, 0, 16, 16], "texture": "#8"},
				"west": {"uv": [0, 0, 0, 4], "texture": "#missing"},
				"up": {"uv": [0, 0, 4, 0], "rotation": 180, "texture": "#missing"},
				"down": {"uv": [0, 0, 4, 0], "rotation": 180, "texture": "#missing"}
			}
		},
		{
			"from": [7, 12.15575, 9.95291],
			"to": [11, 16.15575, 9.95291],
			"rotation": {"angle": 0, "axis": "y", "origin": [8, 8, 14.69445]},
			"faces": {
				"north": {"uv": [0, 0, 4, 4], "texture": "#missing"},
				"east": {"uv": [0, 0, 0, 4], "texture": "#missing"},
				"south": {"uv": [0, 0, 16, 16], "texture": "#9"},
				"west": {"uv": [0, 0, 0, 4], "texture": "#missing"},
				"up": {"uv": [0, 0, 4, 0], "rotation": 180, "texture": "#missing"},
				"down": {"uv": [0, 0, 4, 0], "rotation": 180, "texture": "#missing"}
			}
		}
	],
	"display": {
		"thirdperson_righthand": {
			"rotation": [38.25, 0, 0],
			"translation": [0, -3.5, 0.25],
			"scale": [0.5, 0.5, 0.5]
		},
		"ground": {
			"scale": [0.5, 0.5, 0.5]
		},
		"gui": {
			"rotation": [-150, 45, -180],
			"scale": [0.55, 0.55, 0.55]
		}
	},
	"groups": [
		0,
		{
			"name": "group",
			"origin": [0, 0, 0],
			"color": 0,
			"children": [1, 2, 3, 4, 5, 6, 7, 8, 9, 10, 11, 12]
		},
		{
			"name": "group",
			"origin": [8, 8, 8],
			"color": 0,
			"children": [13, 14, 15, 16, 17, 18, 19, 20, 21]
		},
		{
			"name": "group",
			"origin": [0, 0, 0],
			"color": 0,
			"children": []
		},
		{
			"name": "group",
			"origin": [0, 0, 0],
			"color": 0,
			"children": [22, 23, 24, 25, 26, 27]
		},
		{
			"name": "group",
			"origin": [8, 8, 8],
			"color": 0,
			"children": [
				{
					"name": "pumpkin_pie",
					"origin": [8, 8, 8],
					"color": 0,
					"children": [28, 29, 30, 31, 32, 33, 34, 35, 36]
				},
				37,
				38
			]
		}
	]
}