{
	"credit": "Made with Blockbench",
	"textures": {
		"4": "blocks/anvil_base",
		"5": "blocks/planks_birch",
		"6": "items/ammo_8",
		"9": "blocks/planks_spruce",
		"particle": "blocks/clay"
	},
	"elements": [
		{
			"from": [0, 0, -0.05],
			"to": [16, 13, 15.95],
			"rotation": {"angle": 0, "axis": "y", "origin": [8, 11.9625, 6.975]},
			"faces": {
				"north": {"uv": [0, 3, 16, 16], "texture": "#5"},
				"east": {"uv": [0, 3, 16, 16], "texture": "#5"},
				"south": {"uv": [0, 3, 16, 16], "texture": "#5"},
				"west": {"uv": [0, 3, 16, 16], "texture": "#5"},
				"up": {"uv": [0, 0, 16, 16], "rotation": 180, "texture": "#5"},
				"down": {"uv": [0, 0, 16, 16], "rotation": 180, "texture": "#5"}
			}
		},
		{
			"from": [-0.5, 13, -0.55],
			"to": [16.5, 16, 16.45],
			"rotation": {"angle": 0, "axis": "y", "origin": [8, 11.9625, 6.975]},
			"faces": {
				"north": {"uv": [0, 0, 16, 3], "texture": "#9"},
				"east": {"uv": [0, 0, 16, 3], "texture": "#9"},
				"south": {"uv": [0, 0, 16, 3], "texture": "#9"},
				"west": {"uv": [0, 0, 16, 3], "texture": "#9"},
				"up": {"uv": [0, 0, 16, 16], "rotation": 180, "texture": "#9"},
				"down": {"uv": [0, 0, 16, 16], "rotation": 180, "texture": "#9"}
			}
		},
		{
			"from": [12.5, 11, 12.45],
			"to": [16.5, 13, 16.45],
			"rotation": {"angle": 0, "axis": "y", "origin": [8, 11.9625, 6.975]},
			"faces": {
				"north": {"uv": [0, 0, 4, 2], "texture": "#9"},
				"east": {"uv": [0, 0, 4, 2], "texture": "#9"},
				"south": {"uv": [0, 0, 4, 2], "texture": "#9"},
				"west": {"uv": [0, 0, 4, 2], "texture": "#9"},
				"up": {"uv": [0, 0, 4, 4], "rotation": 90, "texture": "#9"},
				"down": {"uv": [0, 0, 4, 4], "rotation": 270, "texture": "#9"}
			}
		},
		{
			"from": [-0.5, 11, -0.55],
			"to": [3.5, 13, 3.45],
			"rotation": {"angle": 0, "axis": "y", "origin": [8, 11.9625, 6.975]},
			"faces": {
				"north": {"uv": [0, 0, 4, 2], "texture": "#9"},
				"east": {"uv": [0, 0, 4, 2], "texture": "#9"},
				"south": {"uv": [0, 0, 4, 2], "texture": "#9"},
				"west": {"uv": [0, 0, 4, 2], "texture": "#9"},
				"up": {"uv": [0, 0, 4, 4], "rotation": 90, "texture": "#9"},
				"down": {"uv": [0, 0, 4, 4], "rotation": 270, "texture": "#9"}
			}
		},
		{
			"from": [-0.5, 11, 12.45],
			"to": [3.5, 13, 16.45],
			"rotation": {"angle": 0, "axis": "y", "origin": [8, 11.9625, 6.975]},
			"faces": {
				"north": {"uv": [0, 0, 4, 2], "texture": "#9"},
				"east": {"uv": [0, 0, 4, 2], "texture": "#9"},
				"south": {"uv": [0, 0, 4, 2], "texture": "#9"},
				"west": {"uv": [0, 0, 4, 2], "texture": "#9"},
				"up": {"uv": [0, 0, 4, 4], "rotation": 180, "texture": "#9"},
				"down": {"uv": [0, 0, 4, 4], "rotation": 180, "texture": "#9"}
			}
		},
		{
			"from": [12.5, 11, -0.55],
			"to": [16.5, 13, 3.45],
			"rotation": {"angle": 0, "axis": "y", "origin": [8, 11.9625, 6.975]},
			"faces": {
				"north": {"uv": [0, 0, 4, 2], "texture": "#9"},
				"east": {"uv": [0, 0, 4, 2], "texture": "#9"},
				"south": {"uv": [0, 0, 4, 2], "texture": "#9"},
				"west": {"uv": [0, 0, 4, 2], "texture": "#9"},
				"up": {"uv": [0, 0, 4, 4], "rotation": 180, "texture": "#9"},
				"down": {"uv": [0, 0, 4, 4], "rotation": 180, "texture": "#9"}
			}
		},
		{
			"from": [3.025, 2.425, 16.5],
			"to": [9.025, 8.425, 16.5],
			"rotation": {"angle": 0, "axis": "y", "origin": [8, 11.9625, 6.975]},
			"faces": {
				"north": {"uv": [0, 0, 7, 7], "texture": "#5"},
				"east": {"uv": [0, 0, 1, 7], "texture": "#5"},
				"south": {"uv": [0, 0, 16, 16], "texture": "#6"},
				"west": {"uv": [0, 0, 1, 7], "texture": "#5"},
				"up": {"uv": [0, 0, 1, 7], "rotation": 270, "texture": "#5"},
				"down": {"uv": [0, 0, 1, 7], "rotation": 90, "texture": "#5"}
			}
		},
		{
			"from": [2.5, 2, 15.45],
			"to": [9.5, 9, 16.45],
			"rotation": {"angle": 0, "axis": "y", "origin": [8, 11.9625, 6.975]},
			"faces": {
				"north": {"uv": [0, 0, 7, 7], "texture": "#9"},
				"east": {"uv": [0, 0, 1, 7], "texture": "#9"},
				"south": {"uv": [0, 0, 7, 7], "texture": "#9"},
				"west": {"uv": [0, 0, 1, 7], "texture": "#9"},
				"up": {"uv": [0, 0, 1, 7], "rotation": 270, "texture": "#9"},
				"down": {"uv": [0, 0, 1, 7], "rotation": 90, "texture": "#9"}
			}
		},
		{
			"from": [4.5, 18, 7.45],
			"to": [11.5, 19, 8.45],
			"rotation": {"angle": 0, "axis": "y", "origin": [8, 11.9625, 6.975]},
			"faces": {
				"north": {"uv": [0, 0, 7, 1], "texture": "#4"},
				"east": {"uv": [0, 0, 1, 1], "texture": "#4"},
				"south": {"uv": [0, 0, 7, 1], "texture": "#4"},
				"west": {"uv": [0, 0, 1, 1], "texture": "#4"},
				"up": {"uv": [0, 0, 7, 1], "rotation": 180, "texture": "#4"},
				"down": {"uv": [0, 0, 7, 1], "rotation": 180, "texture": "#4"}
			}
		},
		{
			"from": [2.07329, 13.12491, 7.45],
			"to": [3.07329, 17.12491, 8.45],
			"rotation": {"angle": 0, "axis": "y", "origin": [8, 11.9625, 6.975]},
			"faces": {
				"north": {"uv": [0, 0, 4, 1], "rotation": 90, "texture": "#4"},
				"east": {"uv": [0, 0, 4, 1], "rotation": 90, "texture": "#4"},
				"south": {"uv": [0, 0, 4, 1], "rotation": 270, "texture": "#4"},
				"west": {"uv": [0, 0, 4, 1], "rotation": 90, "texture": "#4"},
				"up": {"uv": [0, 0, 1, 1], "rotation": 270, "texture": "#4"},
				"down": {"uv": [0, 0, 1, 1], "rotation": 270, "texture": "#4"}
			}
		},
		{
			"from": [12.92671, 13.12491, 7.45],
			"to": [13.92671, 17.12491, 8.45],
			"rotation": {"angle": 0, "axis": "y", "origin": [8, 11.9625, 6.975]},
			"faces": {
				"north": {"uv": [0, 1, 4, 2], "rotation": 90, "texture": "#4"},
				"east": {"uv": [0, 1, 4, 2], "rotation": 90, "texture": "#4"},
				"south": {"uv": [0, 1, 4, 2], "rotation": 270, "texture": "#4"},
				"west": {"uv": [0, 1, 4, 2], "rotation": 90, "texture": "#4"},
				"up": {"uv": [0, 1, 1, 2], "rotation": 270, "texture": "#4"},
				"down": {"uv": [0, 1, 1, 2], "rotation": 270, "texture": "#4"}
			}
		}
	],
	"display": {
		"thirdperson_righthand": {
			"rotation": [38.25, 0, 0],
			"translation": [0, -5.75, -4],
			"scale": [0.5, 0.5, 0.5]
		},
		"ground": {
			"scale": [0.5, 0.5, 0.5]
		},
		"gui": {
			"rotation": [-150, 45, -180],
			"scale": [0.55, 0.55, 0.55]
		}
	},
	"groups": [
		{
			"name": "group",
			"origin": [0, 0, 0],
			"color": 0,
			"children": [
				0,
				1,
				{
					"name": "group",
					"origin": [0, 0, 0],
					"color": 0,
					"children": [2, 3]
				},
				{
					"name": "group",
					"origin": [0, 0, 0],
					"color": 0,
					"children": [4, 5]
				},
				6,
				7
			]
		},
		{
			"name": "group",
			"origin": [3.62255, 15.57508, 8],
			"color": 0,
			"children": [8, 9, 10]
		}
	]
}