{
	"credit": "Made with Blockbench",
	"textures": {
		"0": "blocks/concrete_red",
		"1": "blocks/anvil_base",
		"2": "blocks/iron_block",
		"3": "blocks/planks_jungle",
		"4": "blocks/planks_spruce",
		"particle": "blocks/concrete_red"
	},
	"elements": [
		{
			"from": [0, 0, -0.01444],
			"to": [16, 2, 15.98556],
			"rotation": {"angle": 0, "axis": "y", "origin": [8, 11.10351, 9.69278]},
			"faces": {
				"north": {"uv": [0, 0, 16, 2], "texture": "#1"},
				"east": {"uv": [0, 0, 16, 2], "texture": "#1"},
				"south": {"uv": [0, 0, 16, 2], "texture": "#1"},
				"west": {"uv": [0, 0, 16, 2], "texture": "#1"},
				"up": {"uv": [0, 0, 16, 16], "rotation": 180, "texture": "#1"},
				"down": {"uv": [0, 0, 16, 16], "rotation": 180, "texture": "#1"}
			}
		},
		{
			"from": [15, 2, -0.01444],
			"to": [16, 10, 15.98556],
			"rotation": {"angle": 0, "axis": "y", "origin": [8, 11.10351, 9.69278]},
			"faces": {
				"north": {"uv": [0, 0, 1, 8], "texture": "#0"},
				"east": {"uv": [0, 0, 16, 8], "texture": "#0"},
				"south": {"uv": [0, 0, 1, 8], "texture": "#0"},
				"west": {"uv": [0, 0, 16, 8], "texture": "#0"},
				"up": {"uv": [0, 0, 1, 16], "rotation": 180, "texture": "#0"},
				"down": {"uv": [0, 0, 1, 16], "rotation": 180, "texture": "#0"}
			}
		},
		{
			"from": [1, 5, 0.98556],
			"to": [15, 6, 9.98556],
			"rotation": {"angle": 0, "axis": "y", "origin": [8, 11.10351, 9.69278]},
			"faces": {
				"north": {"uv": [0, 0, 14, 1], "texture": "#4"},
				"east": {"uv": [0, 0, 9, 1], "texture": "#4"},
				"south": {"uv": [0, 0, 14, 1], "texture": "#4"},
				"west": {"uv": [0, 0, 9, 1], "texture": "#4"},
				"up": {"uv": [0, 0, 14, 9], "rotation": 180, "texture": "#4"},
				"down": {"uv": [0, 0, 14, 9], "rotation": 180, "texture": "#4"}
			}
		},
		{
			"from": [1, 9, 0.98556],
			"to": [15, 10, 6.98556],
			"rotation": {"angle": 0, "axis": "y", "origin": [8, 11.10351, 9.69278]},
			"faces": {
				"north": {"uv": [0, 0, 14, 1], "texture": "#4"},
				"east": {"uv": [0, 0, 6, 1], "texture": "#4"},
				"south": {"uv": [0, 0, 14, 1], "texture": "#4"},
				"west": {"uv": [0, 0, 6, 1], "texture": "#4"},
				"up": {"uv": [0, 0, 14, 6], "rotation": 180, "texture": "#4"},
				"down": {"uv": [0, 0, 14, 6], "rotation": 180, "texture": "#4"}
			}
		},
		{
			"from": [1, 2, -0.01444],
			"to": [15, 16, 0.98556],
			"rotation": {"angle": 0, "axis": "y", "origin": [8, 11.10351, 9.69278]},
			"faces": {
				"north": {"uv": [0, 0, 14, 14], "texture": "#0"},
				"east": {"uv": [0, 0, 1, 14], "texture": "#0"},
				"south": {"uv": [0, 0, 14, 14], "texture": "#0"},
				"west": {"uv": [0, 0, 1, 14], "texture": "#0"},
				"up": {"uv": [0, 0, 14, 1], "rotation": 180, "texture": "#0"},
				"down": {"uv": [0, 0, 14, 1], "rotation": 180, "texture": "#0"}
			}
		},
		{
			"from": [1, 2, 14.98556],
			"to": [15, 7, 15.98556],
			"rotation": {"angle": 0, "axis": "y", "origin": [8, 11.10351, 9.69278]},
			"faces": {
				"north": {"uv": [0, 0, 14, 5], "texture": "#0"},
				"east": {"uv": [0, 0, 1, 5], "texture": "#0"},
				"south": {"uv": [0, 0, 14, 5], "texture": "#0"},
				"west": {"uv": [0, 0, 1, 5], "texture": "#0"},
				"up": {"uv": [0, 0, 14, 1], "rotation": 180, "texture": "#0"},
				"down": {"uv": [0, 0, 14, 1], "rotation": 180, "texture": "#0"}
			}
		},
		{
			"from": [0, 2, -0.01444],
			"to": [1, 10, 15.98556],
			"rotation": {"angle": 0, "axis": "y", "origin": [8, 11.10351, 9.69278]},
			"faces": {
				"north": {"uv": [0, 0, 1, 8], "texture": "#0"},
				"east": {"uv": [0, 0, 16, 8], "texture": "#0"},
				"south": {"uv": [0, 0, 1, 8], "texture": "#0"},
				"west": {"uv": [0, 0, 16, 8], "texture": "#0"},
				"up": {"uv": [0, 0, 1, 16], "rotation": 180, "texture": "#0"},
				"down": {"uv": [0, 0, 1, 16], "rotation": 180, "texture": "#0"}
			}
		},
		{
			"from": [15, 10, 7.98556],
			"to": [16, 16, 15.98556],
			"rotation": {"angle": 0, "axis": "y", "origin": [8, 11.10351, 9.69278]},
			"faces": {
				"north": {"uv": [0, 0, 1, 6], "texture": "#0"},
				"east": {"uv": [0, 0, 8, 6], "texture": "#0"},
				"south": {"uv": [0, 0, 1, 6], "texture": "#0"},
				"west": {"uv": [0, 0, 8, 6], "texture": "#0"},
				"up": {"uv": [0, 0, 1, 8], "rotation": 180, "texture": "#0"},
				"down": {"uv": [0, 0, 1, 8], "rotation": 180, "texture": "#0"}
			}
		},
		{
			"from": [1, 14.97395, 6.24171],
			"to": [15, 22.97395, 7.24171],
			"rotation": {"angle": 0, "axis": "y", "origin": [8, 11.10351, 9.69278]},
			"faces": {
				"north": {"uv": [0, 0, 14, 8], "texture": "#0"},
				"east": {"uv": [0, 0, 8, 1], "rotation": 90, "texture": "#0"},
				"south": {"uv": [0, 0, 14, 8], "rotation": 180, "texture": "#0"},
				"west": {"uv": [0, 0, 8, 1], "rotation": 270, "texture": "#0"},
				"up": {"uv": [0, 0, 14, 1], "texture": "#0"},
				"down": {"uv": [0, 0, 14, 1], "rotation": 180, "texture": "#0"}
			}
		},
		{
			"from": [1, 21.97395, 6.24171],
			"to": [15, 22.97395, 15.24171],
			"rotation": {"angle": 0, "axis": "y", "origin": [8, 11.10351, 9.69278]},
			"faces": {
				"north": {"uv": [0, 0, 14, 1], "texture": "#0"},
				"east": {"uv": [0, 0, 1, 9], "rotation": 90, "texture": "#0"},
				"south": {"uv": [0, 0, 14, 1], "rotation": 180, "texture": "#0"},
				"west": {"uv": [0, 0, 1, 9], "rotation": 270, "texture": "#0"},
				"up": {"uv": [0, 0, 14, 9], "texture": "#0"},
				"down": {"uv": [0, 0, 14, 9], "rotation": 180, "texture": "#0"}
			}
		},
		{
			"from": [7, 21.97395, 13.24171],
			"to": [9, 23.97395, 16.24171],
			"rotation": {"angle": 0, "axis": "y", "origin": [8, 11.10351, 9.69278]},
			"faces": {
				"north": {"uv": [1, 1, 3, 3], "texture": "#2"},
				"east": {"uv": [1, 1, 3, 4], "rotation": 90, "texture": "#2"},
				"south": {"uv": [1, 1, 3, 3], "rotation": 180, "texture": "#2"},
				"west": {"uv": [1, 1, 3, 4], "rotation": 270, "texture": "#2"},
				"up": {"uv": [1, 1, 3, 4], "texture": "#2"},
				"down": {"uv": [1, 1, 3, 4], "rotation": 180, "texture": "#2"}
			}
		},
		{
			"from": [0, 10, 7.98556],
			"to": [1, 16, 15.98556],
			"rotation": {"angle": 0, "axis": "y", "origin": [8, 11.10351, 9.69278]},
			"faces": {
				"north": {"uv": [0, 0, 1, 6], "texture": "#0"},
				"east": {"uv": [0, 0, 8, 6], "texture": "#0"},
				"south": {"uv": [0, 0, 1, 6], "texture": "#0"},
				"west": {"uv": [0, 0, 8, 6], "texture": "#0"},
				"up": {"uv": [0, 0, 1, 8], "rotation": 180, "texture": "#0"},
				"down": {"uv": [0, 0, 1, 8], "rotation": 180, "texture": "#0"}
			}
		},
		{
			"from": [15, 10, -0.01444],
			"to": [16, 16, 7.98556],
			"rotation": {"angle": 0, "axis": "y", "origin": [8, 11.10351, 9.69278]},
			"faces": {
				"north": {"uv": [0, 0, 1, 6], "texture": "#0"},
				"east": {"uv": [0, 0, 8, 6], "texture": "#0"},
				"south": {"uv": [0, 0, 1, 6], "texture": "#0"},
				"west": {"uv": [0, 0, 8, 6], "texture": "#0"},
				"up": {"uv": [0, 0, 1, 8], "rotation": 180, "texture": "#0"},
				"down": {"uv": [0, 0, 1, 8], "rotation": 180, "texture": "#0"}
			}
		},
		{
			"from": [1, 15, 0.98556],
			"to": [15, 16, 7.98556],
			"rotation": {"angle": 0, "axis": "y", "origin": [8, 11.10351, 9.69278]},
			"faces": {
				"north": {"uv": [0, 0, 14, 1], "texture": "#0"},
				"east": {"uv": [0, 0, 7, 1], "texture": "#0"},
				"south": {"uv": [0, 0, 14, 1], "texture": "#0"},
				"west": {"uv": [0, 0, 7, 1], "texture": "#0"},
				"up": {"uv": [0, 0, 14, 7], "rotation": 180, "texture": "#0"},
				"down": {"uv": [0, 0, 14, 7], "rotation": 180, "texture": "#0"}
			}
		},
		{
			"from": [0, 10, -0.01444],
			"to": [1, 16, 7.98556],
			"rotation": {"angle": 0, "axis": "y", "origin": [8, 11.10351, 9.69278]},
			"faces": {
				"north": {"uv": [0, 0, 1, 6], "texture": "#0"},
				"east": {"uv": [0, 0, 8, 6], "texture": "#0"},
				"south": {"uv": [0, 0, 1, 6], "texture": "#0"},
				"west": {"uv": [0, 0, 8, 6], "texture": "#0"},
				"up": {"uv": [0, 0, 1, 8], "rotation": 180, "texture": "#0"},
				"down": {"uv": [0, 0, 1, 8], "rotation": 180, "texture": "#0"}
			}
		},
		{
			"from": [11, 15.82113, 11.24603],
			"to": [13, 21.82113, 13.24603],
			"rotation": {"angle": 0, "axis": "y", "origin": [8, 11.10351, 9.69278]},
			"faces": {
				"north": {"uv": [3, 1, 1, 3], "texture": "#2"},
				"east": {"uv": [3, 1, 1, 3], "texture": "#2"},
				"south": {"uv": [3, 1, 1, 3], "texture": "#2"},
				"west": {"uv": [3, 1, 1, 3], "texture": "#2"},
				"up": {"uv": [3, 1, 1, 3], "rotation": 180, "texture": "#2"},
				"down": {"uv": [3, 1, 1, 3], "rotation": 180, "texture": "#2"}
			}
		},
		{
			"from": [3, 15.82113, 11.24603],
			"to": [5, 21.82113, 13.24603],
			"rotation": {"angle": 0, "axis": "y", "origin": [8, 11.10351, 9.69278]},
			"faces": {
				"north": {"uv": [3, 1, 1, 3], "texture": "#2"},
				"east": {"uv": [3, 1, 1, 3], "texture": "#2"},
				"south": {"uv": [3, 1, 1, 3], "texture": "#2"},
				"west": {"uv": [3, 1, 1, 3], "texture": "#2"},
				"up": {"uv": [3, 1, 1, 3], "rotation": 180, "texture": "#2"},
				"down": {"uv": [3, 1, 1, 3], "rotation": 180, "texture": "#2"}
			}
		},
		{
			"from": [5, 20.82113, 11.24603],
			"to": [11, 21.82113, 13.24603],
			"rotation": {"angle": 0, "axis": "y", "origin": [8, 11.10351, 9.69278]},
			"faces": {
				"north": {"uv": [16, 0, 0, 4], "texture": "#3"},
				"east": {"uv": [4, 0, 0, 4], "texture": "#3"},
				"south": {"uv": [4, 0, 0, 4], "texture": "#3"},
				"west": {"uv": [4, 0, 0, 4], "texture": "#3"},
				"up": {"uv": [16, 0, 0, 8], "rotation": 180, "texture": "#3"},
				"down": {"uv": [16, 0, 0, 8], "rotation": 180, "texture": "#3"}
			}
		},
		{
			"from": [13.19272, 10.425, 4.27849],
			"to": [14.19272, 10.925, 12.27849],
			"rotation": {"angle": 45, "axis": "y", "origin": [8, 11.10351, 9.69278]},
			"faces": {
				"north": {"uv": [0, 0, 1, 0.5], "texture": "#1"},
				"east": {"uv": [0, 0, 8, 0.5], "texture": "#1"},
				"south": {"uv": [0, 0, 1, 0.5], "texture": "#1"},
				"west": {"uv": [0, 0, 8, 0.5], "texture": "#1"},
				"up": {"uv": [0, 0, 1, 8], "rotation": 180, "texture": "#1"},
				"down": {"uv": [0, 0, 1, 8], "rotation": 180, "texture": "#1"}
			}
		},
		{
			"from": [11.19272, 10.425, 7.77849],
			"to": [13.19272, 10.925, 8.77849],
			"rotation": {"angle": 45, "axis": "y", "origin": [8, 11.10351, 9.69278]},
			"faces": {
				"north": {"uv": [0, 0, 2, 0.5], "texture": "#2"},
				"east": {"uv": [0, 0, 1, 0.5], "texture": "#2"},
				"south": {"uv": [0, 0, 2, 0.5], "texture": "#2"},
				"west": {"uv": [0, 0, 1, 0.5], "texture": "#2"},
				"up": {"uv": [0, 0, 2, 1], "rotation": 180, "texture": "#2"},
				"down": {"uv": [0, 0, 2, 1], "rotation": 180, "texture": "#2"}
			}
		},
		{
			"from": [13.19272, 9.925, 7.27849],
			"to": [15.19272, 11.425, 9.27849],
			"rotation": {"angle": 45, "axis": "y", "origin": [8, 11.10351, 9.69278]},
			"faces": {
				"north": {"uv": [0, 0, 2, 1.5], "texture": "#2"},
				"east": {"uv": [0, 0, 2, 1.5], "texture": "#2"},
				"south": {"uv": [0, 0, 2, 1.5], "texture": "#2"},
				"west": {"uv": [0, 0, 2, 1.5], "texture": "#2"},
				"up": {"uv": [0, 0, 2, 2], "rotation": 180, "texture": "#2"},
				"down": {"uv": [0, 0, 2, 2], "rotation": 180, "texture": "#2"}
			}
		},
		{
			"from": [2.1, 10.1, 2.53556],
			"to": [7.1, 11.6, 4.53556],
			"rotation": {"angle": 0, "axis": "y", "origin": [8, 11.10351, 9.69278]},
			"faces": {
				"north": {"uv": [0, 0, 5, 1.5], "texture": "#1"},
				"east": {"uv": [0, 0, 2, 1.5], "texture": "#1"},
				"south": {"uv": [0, 0, 5, 1.5], "texture": "#1"},
				"west": {"uv": [0, 0, 2, 1.5], "texture": "#1"},
				"up": {"uv": [0, 0, 5, 2], "rotation": 180, "texture": "#1"},
				"down": {"uv": [0, 0, 5, 2], "rotation": 180, "texture": "#1"}
			}
		},
		{
			"from": [4.1, 10.6, 1.53556],
			"to": [5.1, 11.1, 9.53556],
			"rotation": {"angle": 0, "axis": "y", "origin": [8, 11.10351, 9.69278]},
			"faces": {
				"north": {"uv": [0, 0, 1, 0.5], "texture": "#3"},
				"east": {"uv": [0, 0, 8, 0.5], "texture": "#3"},
				"south": {"uv": [0, 0, 1, 0.5], "texture": "#3"},
				"west": {"uv": [0, 0, 8, 0.5], "texture": "#3"},
				"up": {"uv": [0, 0, 1, 8], "rotation": 180, "texture": "#3"},
				"down": {"uv": [0, 0, 1, 8], "rotation": 180, "texture": "#3"}
			}
		},
		{
			"from": [4, 6.025, 3.98556],
			"to": [5, 6.525, 9.98556],
			"rotation": {"angle": 0, "axis": "y", "origin": [8, 11.10351, 9.69278]},
			"faces": {
				"north": {"uv": [0, 0, 1, 0.5], "texture": "#2"},
				"east": {"uv": [0, 0, 6, 0.5], "texture": "#2"},
				"south": {"uv": [0, 0, 1, 0.5], "texture": "#2"},
				"west": {"uv": [0, 0, 6, 0.5], "texture": "#2"},
				"up": {"uv": [0, 0, 1, 6], "rotation": 180, "texture": "#2"},
				"down": {"uv": [0, 0, 1, 6], "rotation": 180, "texture": "#2"}
			}
		},
		{
			"from": [9.32851, 6.025, 3.12163],
			"to": [10.32851, 6.525, 4.12163],
			"rotation": {"angle": 45, "axis": "y", "origin": [8, 11.10351, 9.69278]},
			"faces": {
				"north": {"uv": [0, 0, 1, 0.5], "texture": "#2"},
				"east": {"uv": [0, 0, 1, 0.5], "texture": "#2"},
				"south": {"uv": [0, 0, 1, 0.5], "texture": "#2"},
				"west": {"uv": [0, 0, 1, 0.5], "texture": "#2"},
				"up": {"uv": [0, 0, 1, 1], "rotation": 270, "texture": "#2"},
				"down": {"uv": [0, 0, 1, 1], "rotation": 90, "texture": "#2"}
			}
		},
		{
			"from": [9.6214, 6.025, 1.41452],
			"to": [11.1214, 6.525, 2.41452],
			"rotation": {"angle": 45, "axis": "y", "origin": [8, 11.10351, 9.69278]},
			"faces": {
				"north": {"uv": [0, 0, 1.5, 0.5], "texture": "#2"},
				"east": {"uv": [0, 0, 1, 0.5], "texture": "#2"},
				"south": {"uv": [0, 0, 1.5, 0.5], "texture": "#2"},
				"west": {"uv": [0, 0, 1, 0.5], "texture": "#2"},
				"up": {"uv": [0, 0, 1, 1.5], "rotation": 270, "texture": "#2"},
				"down": {"uv": [0, 0, 1, 1.5], "rotation": 90, "texture": "#2"}
			}
		},
		{
			"from": [8.6214, 6.025, 1.41452],
			"to": [9.6214, 6.525, 3.41452],
			"rotation": {"angle": 45, "axis": "y", "origin": [8, 11.10351, 9.69278]},
			"faces": {
				"north": {"uv": [0, 0, 1, 0.5], "texture": "#2"},
				"east": {"uv": [0, 0, 2, 0.5], "texture": "#2"},
				"south": {"uv": [0, 0, 1, 0.5], "texture": "#2"},
				"west": {"uv": [0, 0, 2, 0.5], "texture": "#2"},
				"up": {"uv": [0, 0, 2, 1], "rotation": 270, "texture": "#2"},
				"down": {"uv": [0, 0, 2, 1], "rotation": 90, "texture": "#2"}
			}
		},
		{
			"from": [9, 5.975, 2.98556],
			"to": [13, 7.475, 4.98556],
			"rotation": {"angle": 0, "axis": "y", "origin": [8, 11.10351, 9.69278]},
			"faces": {
				"north": {"uv": [0, 0, 4, 1.5], "texture": "#2"},
				"east": {"uv": [0, 0, 2, 1.5], "texture": "#2"},
				"south": {"uv": [0, 0, 4, 1.5], "texture": "#2"},
				"west": {"uv": [0, 0, 2, 1.5], "texture": "#2"},
				"up": {"uv": [0, 0, 4, 2], "rotation": 180, "texture": "#2"},
				"down": {"uv": [0, 0, 4, 2], "rotation": 180, "texture": "#2"}
			}
		},
		{
			"from": [11, 6.475, 4.98556],
			"to": [12, 6.975, 8.98556],
			"rotation": {"angle": 0, "axis": "y", "origin": [8, 11.10351, 9.69278]},
			"faces": {
				"north": {"uv": [0, 0, 1, 0.5], "texture": "#1"},
				"east": {"uv": [0, 0, 4, 0.5], "texture": "#1"},
				"south": {"uv": [0, 0, 1, 0.5], "texture": "#1"},
				"west": {"uv": [0, 0, 4, 0.5], "texture": "#1"},
				"up": {"uv": [0, 0, 1, 4], "rotation": 180, "texture": "#1"},
				"down": {"uv": [0, 0, 1, 4], "rotation": 180, "texture": "#1"}
			}
		},
		{
			"from": [8, 6.475, 3.98556],
			"to": [11, 6.975, 5.98556],
			"rotation": {"angle": 0, "axis": "y", "origin": [8, 11.10351, 9.69278]},
			"faces": {
				"north": {"uv": [0, 0, 3, 0.5], "texture": "#2"},
				"east": {"uv": [0, 0, 2, 0.5], "texture": "#2"},
				"south": {"uv": [0, 0, 3, 0.5], "texture": "#2"},
				"west": {"uv": [0, 0, 2, 0.5], "texture": "#2"},
				"up": {"uv": [0, 0, 3, 2], "rotation": 180, "texture": "#2"},
				"down": {"uv": [0, 0, 3, 2], "rotation": 180, "texture": "#2"}
			}
		},
		{
			"from": [10, 6.475, 8.98556],
			"to": [13, 6.975, 10.98556],
			"rotation": {"angle": 0, "axis": "y", "origin": [8, 11.10351, 9.69278]},
			"faces": {
				"north": {"uv": [0, 0, 3, 0.5], "texture": "#2"},
				"east": {"uv": [0, 0, 2, 0.5], "texture": "#2"},
				"south": {"uv": [0, 0, 3, 0.5], "texture": "#2"},
				"west": {"uv": [0, 0, 2, 0.5], "texture": "#2"},
				"up": {"uv": [0, 0, 3, 2], "rotation": 180, "texture": "#2"},
				"down": {"uv": [0, 0, 3, 2], "rotation": 180, "texture": "#2"}
			}
		}
	],
	"display": {
		"thirdperson_righthand": {
			"rotation": [38.25, 0, 0],
			"translation": [0, -5.75, -4],
			"scale": [0.5, 0.5, 0.5]
		},
		"ground": {
			"scale": [0.5, 0.5, 0.5]
		},
		"gui": {
			"rotation": [-150, 45, -180],
			"scale": [0.55, 0.55, 0.55]
		}
	},
	"groups": [
		0,
		{
			"name": "group",
			"origin": [8, 8, 8],
			"color": 0,
			"children": [1, 2, 3, 4, 5, 6]
		},
		{
			"name": "group",
			"origin": [0, 0, 0],
			"color": 0,
			"children": [7, 8, 9, 10, 11]
		},
		{
			"name": "group",
			"origin": [0, 0, 0],
			"color": 0,
			"children": [
				12,
				13,
				14,
				{
					"name": "group",
					"origin": [16, 0, 0],
					"color": 0,
					"children": [15, 16, 17]
				}
			]
		},
		{
			"name": "group",
			"origin": [0, 0, 0],
			"color": 0,
			"children": [
				{
					"name": "group",
					"origin": [8, 8, 8],
					"color": 0,
					"children": [18, 19, 20]
				},
				{
					"name": "group",
					"origin": [0, 0, 0],
					"color": 0,
					"children": [21, 22]
				},
				{
					"name": "group",
					"origin": [0, 0, 0],
					"color": 0,
					"children": [23, 24, 25, 26]
				},
				{
					"name": "group",
					"origin": [0, 0, 0],
					"color": 0,
					"children": [27, 28, 29, 30]
				}
			]
		}
	]
}