{
	"credit": "Made with Blockbench",
	"textures": {
		"0": "blocks/quartz_block_bottom",
		"2": "blocks/iron_block",
		"3": "blocks/planks_jungle",
		"5": "blocks/concrete_red",
		"particle": "blocks/quartz_block_bottom"
	},
	"elements": [
		{
			"from": [0, 0, 0],
			"to": [16, 16, 16],
			"rotation": {"angle": 0, "axis": "y", "origin": [8, 12.25, 3.75]},
			"faces": {
				"north": {"uv": [0, 0, 16, 16], "texture": "#2"},
				"east": {"uv": [0, 0, 16, 16], "texture": "#2"},
				"south": {"uv": [0, 0, 16, 16], "texture": "#2"},
				"west": {"uv": [0, 0, 16, 16], "texture": "#2"},
				"up": {"uv": [0, 0, 16, 16], "rotation": 180, "texture": "#2"},
				"down": {"uv": [0, 0, 16, 16], "rotation": 180, "texture": "#2"}
			}
		},
		{
			"from": [7, 3, 15.2],
			"to": [9, 9, 16.2],
			"rotation": {"angle": 0, "axis": "y", "origin": [8, 12.25, 3.75]},
			"faces": {
				"north": {"uv": [0, 0, 2, 6], "texture": "#5"},
				"east": {"uv": [0, 0, 1, 6], "texture": "#5"},
				"south": {"uv": [0, 0, 2, 6], "texture": "#5"},
				"west": {"uv": [0, 0, 1, 6], "texture": "#5"},
				"up": {"uv": [0, 0, 2, 1], "rotation": 180, "texture": "#5"},
				"down": {"uv": [0, 0, 2, 1], "rotation": 180, "texture": "#5"}
			}
		},
		{
			"from": [5, 5, 15.2],
			"to": [11, 7, 16.2],
			"rotation": {"angle": 0, "axis": "y", "origin": [8, 12.25, 3.75]},
			"faces": {
				"north": {"uv": [0, 0, 6, 2], "texture": "#5"},
				"east": {"uv": [0, 0, 1, 2], "texture": "#5"},
				"south": {"uv": [0, 0, 6, 2], "texture": "#5"},
				"west": {"uv": [0, 0, 1, 2], "texture": "#5"},
				"up": {"uv": [0, 0, 6, 1], "rotation": 180, "texture": "#5"},
				"down": {"uv": [0, 0, 6, 1], "rotation": 180, "texture": "#5"}
			}
		},
		{
			"from": [-0.5, 10, -0.5],
			"to": [16.5, 12, 16.5],
			"rotation": {"angle": 0, "axis": "y", "origin": [8, 12.25, 3.75]},
			"faces": {
				"north": {"uv": [0, 0, 16, 2], "texture": "#2"},
				"east": {"uv": [0, 0, 16, 2], "texture": "#2"},
				"south": {"uv": [0, 0, 16, 2], "texture": "#2"},
				"west": {"uv": [0, 0, 16, 2], "texture": "#2"},
				"up": {"uv": [0, 0, 16, 16], "rotation": 180, "texture": "#2"},
				"down": {"uv": [0, 0, 16, 16], "rotation": 180, "texture": "#2"}
			}
		},
		{
			"from": [2, 16, 7],
			"to": [4, 19, 9],
			"rotation": {"angle": 0, "axis": "y", "origin": [8, 12.25, 3.75]},
			"faces": {
				"north": {"uv": [0, 0, 2, 3], "texture": "#0"},
				"east": {"uv": [0, 0, 2, 3], "texture": "#0"},
				"south": {"uv": [0, 0, 2, 3], "texture": "#0"},
				"west": {"uv": [0, 0, 2, 3], "texture": "#0"},
				"up": {"uv": [0, 0, 2, 2], "rotation": 180, "texture": "#0"},
				"down": {"uv": [0, 0, 2, 2], "rotation": 180, "texture": "#0"}
			}
		},
		{
			"from": [12, 16, 7],
			"to": [14, 19, 9],
			"rotation": {"angle": 0, "axis": "y", "origin": [8, 12.25, 3.75]},
			"faces": {
				"north": {"uv": [2, 0, 4, 3], "texture": "#0"},
				"east": {"uv": [2, 0, 4, 3], "texture": "#0"},
				"south": {"uv": [2, 0, 4, 3], "texture": "#0"},
				"west": {"uv": [2, 0, 4, 3], "texture": "#0"},
				"up": {"uv": [2, 0, 4, 2], "rotation": 180, "texture": "#0"},
				"down": {"uv": [2, 0, 4, 2], "rotation": 180, "texture": "#0"}
			}
		},
		{
			"from": [4, 18, 7],
			"to": [12, 19, 9],
			"rotation": {"angle": 0, "axis": "y", "origin": [8, 12.25, 3.75]},
			"faces": {
				"north": {"uv": [2, 0, 10, 1], "texture": "#3"},
				"east": {"uv": [2, 0, 4, 1], "texture": "#3"},
				"south": {"uv": [2, 0, 10, 1], "texture": "#3"},
				"west": {"uv": [2, 0, 4, 1], "texture": "#3"},
				"up": {"uv": [2, 0, 10, 2], "rotation": 180, "texture": "#3"},
				"down": {"uv": [2, 0, 10, 2], "rotation": 180, "texture": "#3"}
			}
		},
		{
			"from": [3, 9, 16],
			"to": [5, 13, 17],
			"rotation": {"angle": 0, "axis": "y", "origin": [8, 12.25, 3.75]},
			"faces": {
				"north": {"uv": [2, 0, 4, 4], "texture": "#0"},
				"east": {"uv": [2, 0, 3, 4], "texture": "#0"},
				"south": {"uv": [2, 0, 4, 4], "texture": "#0"},
				"west": {"uv": [2, 0, 3, 4], "texture": "#0"},
				"up": {"uv": [2, 0, 4, 1], "rotation": 180, "texture": "#0"},
				"down": {"uv": [2, 0, 4, 1], "rotation": 180, "texture": "#0"}
			}
		},
		{
			"from": [11, 9, 16],
			"to": [13, 13, 17],
			"rotation": {"angle": 0, "axis": "y", "origin": [8, 12.25, 3.75]},
			"faces": {
				"north": {"uv": [2, 0, 4, 4], "texture": "#0"},
				"east": {"uv": [2, 0, 3, 4], "texture": "#0"},
				"south": {"uv": [2, 0, 4, 4], "texture": "#0"},
				"west": {"uv": [2, 0, 3, 4], "texture": "#0"},
				"up": {"uv": [2, 0, 4, 1], "rotation": 180, "texture": "#0"},
				"down": {"uv": [2, 0, 4, 1], "rotation": 180, "texture": "#0"}
			}
		}
	],
	"display": {
		"thirdperson_righthand": {
			"rotation": [64.5, 0, 0],
			"translation": [0, -4.5, -4],
			"scale": [0.5, 0.5, 0.5]
		},
		"ground": {
			"scale": [0.5, 0.5, 0.5]
		},
		"gui": {
			"rotation": [-150, 45, -180],
			"scale": [0.55, 0.55, 0.55]
		}
	}
}