{
    "parent": "item/handheld",
    "textures": {
        "layer0": "item/none"
    },
    "overrides": [
        {
            "predicate": {
                "pulling": 1
            },
            "model": "item/crossbow_pulling_0"
        },
        {
            "predicate": {
                "pulling": 1,
                "pull": 0.58
            },
            "model": "item/crossbow_pulling_1"
        },
        {
            "predicate": {
                "pulling": 1,
                "pull": 1.0
            },
            "model": "item/crossbow_pulling_2"
        },
        {
            "predicate": {
                "charged": 1
            },
            "model": "item/crossbow_arrow"
        },
        {
            "predicate": {
                "charged": 1,
                "firework": 1
            },
            "model": "item/crossbow_firework"
        },
        {"predicate": {"custom_model_data": 1,"charged": 1}, "model": "minecraft:item/gun/vandal"},
        {"predicate": {"custom_model_data": 2,"charged": 1}, "model": "minecraft:item/gun/vandal_r"},
        {"predicate": {"custom_model_data": 3,"charged": 1}, "model": "minecraft:item/gun/vandal_b"},
        {"predicate": {"custom_model_data": 4,"charged": 1}, "model": "minecraft:item/gun/vandal_s"},
        {"predicate": {"custom_model_data": 5,"charged": 1}, "model": "minecraft:item/gun/sheriff"},
        {"predicate": {"custom_model_data": 6,"charged": 1}, "model": "minecraft:item/gun/sheriff_r"},
        {"predicate": {"custom_model_data": 7,"charged": 1}, "model": "minecraft:item/gun/sheriff_b"},
        {"predicate": {"custom_model_data": 8,"charged": 1}, "model": "minecraft:item/gun/sheriff_s"}
    ]
}
