{
	"credit": "Made with Blockbench",
	"textures": {
		"0": "items/3d/halo (10)",
		"particle": "items/3d/halo (10)"
	},
	"elements": [
		{
			"name": "halo (10)_0",
			"from": [6.5, 0, 1.5],
			"to": [8, 0.25, 1.75],
			"faces": {
				"north": {"uv": [8, 1.5, 6.5, 1.75], "texture": "#0"},
				"east": {"uv": [7.75, 1.5, 8, 1.75], "rotation": 90, "texture": "#0"},
				"south": {"uv": [6.5, 1.5, 8, 1.75], "texture": "#0"},
				"west": {"uv": [6.5, 1.5, 6.75, 1.75], "rotation": 270, "texture": "#0"},
				"up": {"uv": [6.5, 1.5, 8, 1.75], "texture": "#0"},
				"down": {"uv": [6.5, 1.75, 8, 1.5], "texture": "#0"}
			}
		},
		{
			"name": "halo (10)_1",
			"from": [5.75, 0, 1.75],
			"to": [8, 0.25, 2],
			"faces": {
				"north": {"uv": [8, 1.75, 5.75, 2], "texture": "#0"},
				"east": {"uv": [7.75, 1.75, 8, 2], "rotation": 90, "texture": "#0"},
				"south": {"uv": [5.75, 1.75, 8, 2], "texture": "#0"},
				"west": {"uv": [5.75, 1.75, 6, 2], "rotation": 270, "texture": "#0"},
				"up": {"uv": [5.75, 1.75, 8, 2], "texture": "#0"},
				"down": {"uv": [5.75, 2, 8, 1.75], "texture": "#0"}
			}
		},
		{
			"name": "halo (10)_2",
			"from": [5, 0, 2],
			"to": [8, 0.25, 2.25],
			"faces": {
				"north": {"uv": [8, 2, 5, 2.25], "texture": "#0"},
				"east": {"uv": [7.75, 2, 8, 2.25], "rotation": 90, "texture": "#0"},
				"south": {"uv": [5, 2, 8, 2.25], "texture": "#0"},
				"west": {"uv": [5, 2, 5.25, 2.25], "rotation": 270, "texture": "#0"},
				"up": {"uv": [5, 2, 8, 2.25], "texture": "#0"},
				"down": {"uv": [5, 2.25, 8, 2], "texture": "#0"}
			}
		},
		{
			"name": "halo (10)_3",
			"from": [4.75, 0, 2.25],
			"to": [8, 0.25, 2.5],
			"faces": {
				"north": {"uv": [8, 2.25, 4.75, 2.5], "texture": "#0"},
				"east": {"uv": [7.75, 2.25, 8, 2.5], "rotation": 90, "texture": "#0"},
				"south": {"uv": [4.75, 2.25, 8, 2.5], "texture": "#0"},
				"west": {"uv": [4.75, 2.25, 5, 2.5], "rotation": 270, "texture": "#0"},
				"up": {"uv": [4.75, 2.25, 8, 2.5], "texture": "#0"},
				"down": {"uv": [4.75, 2.5, 8, 2.25], "texture": "#0"}
			}
		},
		{
			"name": "halo (10)_4",
			"from": [4.25, 0, 2.5],
			"to": [6.75, 0.25, 2.75],
			"faces": {
				"north": {"uv": [6.75, 2.5, 4.25, 2.75], "texture": "#0"},
				"east": {"uv": [6.5, 2.5, 6.75, 2.75], "rotation": 90, "texture": "#0"},
				"south": {"uv": [4.25, 2.5, 6.75, 2.75], "texture": "#0"},
				"west": {"uv": [4.25, 2.5, 4.5, 2.75], "rotation": 270, "texture": "#0"},
				"up": {"uv": [4.25, 2.5, 6.75, 2.75], "texture": "#0"},
				"down": {"uv": [4.25, 2.75, 6.75, 2.5], "texture": "#0"}
			}
		},
		{
			"name": "halo (10)_5",
			"from": [4, 0, 2.75],
			"to": [6, 0.25, 3],
			"faces": {
				"north": {"uv": [6, 2.75, 4, 3], "texture": "#0"},
				"east": {"uv": [5.75, 2.75, 6, 3], "rotation": 90, "texture": "#0"},
				"south": {"uv": [4, 2.75, 6, 3], "texture": "#0"},
				"west": {"uv": [4, 2.75, 4.25, 3], "rotation": 270, "texture": "#0"},
				"up": {"uv": [4, 2.75, 6, 3], "texture": "#0"},
				"down": {"uv": [4, 3, 6, 2.75], "texture": "#0"}
			}
		},
		{
			"name": "halo (10)_6",
			"from": [3.5, 0, 3],
			"to": [5.25, 0.25, 3.25],
			"faces": {
				"north": {"uv": [5.25, 3, 3.5, 3.25], "texture": "#0"},
				"east": {"uv": [5, 3, 5.25, 3.25], "rotation": 90, "texture": "#0"},
				"south": {"uv": [3.5, 3, 5.25, 3.25], "texture": "#0"},
				"west": {"uv": [3.5, 3, 3.75, 3.25], "rotation": 270, "texture": "#0"},
				"up": {"uv": [3.5, 3, 5.25, 3.25], "texture": "#0"},
				"down": {"uv": [3.5, 3.25, 5.25, 3], "texture": "#0"}
			}
		},
		{
			"name": "halo (10)_7",
			"from": [3.25, 0, 3.25],
			"to": [5, 0.25, 3.5],
			"faces": {
				"north": {"uv": [5, 3.25, 3.25, 3.5], "texture": "#0"},
				"east": {"uv": [4.75, 3.25, 5, 3.5], "rotation": 90, "texture": "#0"},
				"south": {"uv": [3.25, 3.25, 5, 3.5], "texture": "#0"},
				"west": {"uv": [3.25, 3.25, 3.5, 3.5], "rotation": 270, "texture": "#0"},
				"up": {"uv": [3.25, 3.25, 5, 3.5], "texture": "#0"},
				"down": {"uv": [3.25, 3.5, 5, 3.25], "texture": "#0"}
			}
		},
		{
			"name": "halo (10)_8",
			"from": [3, 0, 3.5],
			"to": [4.5, 0.25, 3.75],
			"faces": {
				"north": {"uv": [4.5, 3.5, 3, 3.75], "texture": "#0"},
				"east": {"uv": [4.25, 3.5, 4.5, 3.75], "rotation": 90, "texture": "#0"},
				"south": {"uv": [3, 3.5, 4.5, 3.75], "texture": "#0"},
				"west": {"uv": [3, 3.5, 3.25, 3.75], "rotation": 270, "texture": "#0"},
				"up": {"uv": [3, 3.5, 4.5, 3.75], "texture": "#0"},
				"down": {"uv": [3, 3.75, 4.5, 3.5], "texture": "#0"}
			}
		},
		{
			"name": "halo (10)_9",
			"from": [3, 0, 3.75],
			"to": [4.25, 0.25, 4],
			"faces": {
				"north": {"uv": [4.25, 3.75, 3, 4], "texture": "#0"},
				"east": {"uv": [4, 3.75, 4.25, 4], "rotation": 90, "texture": "#0"},
				"south": {"uv": [3, 3.75, 4.25, 4], "texture": "#0"},
				"west": {"uv": [3, 3.75, 3.25, 4], "rotation": 270, "texture": "#0"},
				"up": {"uv": [3, 3.75, 4.25, 4], "texture": "#0"},
				"down": {"uv": [3, 4, 4.25, 3.75], "texture": "#0"}
			}
		},
		{
			"name": "halo (10)_10",
			"from": [2.75, 0, 4],
			"to": [4, 0.25, 4.25],
			"faces": {
				"north": {"uv": [4, 4, 2.75, 4.25], "texture": "#0"},
				"east": {"uv": [3.75, 4, 4, 4.25], "rotation": 90, "texture": "#0"},
				"south": {"uv": [2.75, 4, 4, 4.25], "texture": "#0"},
				"west": {"uv": [2.75, 4, 3, 4.25], "rotation": 270, "texture": "#0"},
				"up": {"uv": [2.75, 4, 4, 4.25], "texture": "#0"},
				"down": {"uv": [2.75, 4.25, 4, 4], "texture": "#0"}
			}
		},
		{
			"name": "halo (10)_11",
			"from": [2.5, 0, 4.25],
			"to": [3.75, 0.25, 4.5],
			"faces": {
				"north": {"uv": [3.75, 4.25, 2.5, 4.5], "texture": "#0"},
				"east": {"uv": [3.5, 4.25, 3.75, 4.5], "rotation": 90, "texture": "#0"},
				"south": {"uv": [2.5, 4.25, 3.75, 4.5], "texture": "#0"},
				"west": {"uv": [2.5, 4.25, 2.75, 4.5], "rotation": 270, "texture": "#0"},
				"up": {"uv": [2.5, 4.25, 3.75, 4.5], "texture": "#0"},
				"down": {"uv": [2.5, 4.5, 3.75, 4.25], "texture": "#0"}
			}
		},
		{
			"name": "halo (10)_12",
			"from": [2.5, 0, 4.5],
			"to": [3.5, 0.25, 4.75],
			"faces": {
				"north": {"uv": [3.5, 4.5, 2.5, 4.75], "texture": "#0"},
				"east": {"uv": [3.25, 4.5, 3.5, 4.75], "rotation": 90, "texture": "#0"},
				"south": {"uv": [2.5, 4.5, 3.5, 4.75], "texture": "#0"},
				"west": {"uv": [2.5, 4.5, 2.75, 4.75], "rotation": 270, "texture": "#0"},
				"up": {"uv": [2.5, 4.5, 3.5, 4.75], "texture": "#0"},
				"down": {"uv": [2.5, 4.75, 3.5, 4.5], "texture": "#0"}
			}
		},
		{
			"name": "halo (10)_13",
			"from": [2.25, 0, 4.75],
			"to": [3.5, 0.25, 5],
			"faces": {
				"north": {"uv": [3.5, 4.75, 2.25, 5], "texture": "#0"},
				"east": {"uv": [3.25, 4.75, 3.5, 5], "rotation": 90, "texture": "#0"},
				"south": {"uv": [2.25, 4.75, 3.5, 5], "texture": "#0"},
				"west": {"uv": [2.25, 4.75, 2.5, 5], "rotation": 270, "texture": "#0"},
				"up": {"uv": [2.25, 4.75, 3.5, 5], "texture": "#0"},
				"down": {"uv": [2.25, 5, 3.5, 4.75], "texture": "#0"}
			}
		},
		{
			"name": "halo (10)_14",
			"from": [2, 0, 5],
			"to": [3.25, 0.25, 5.25],
			"faces": {
				"north": {"uv": [3.25, 5, 2, 5.25], "texture": "#0"},
				"east": {"uv": [3, 5, 3.25, 5.25], "rotation": 90, "texture": "#0"},
				"south": {"uv": [2, 5, 3.25, 5.25], "texture": "#0"},
				"west": {"uv": [2, 5, 2.25, 5.25], "rotation": 270, "texture": "#0"},
				"up": {"uv": [2, 5, 3.25, 5.25], "texture": "#0"},
				"down": {"uv": [2, 5.25, 3.25, 5], "texture": "#0"}
			}
		},
		{
			"name": "halo (10)_15",
			"from": [2, 0, 5.25],
			"to": [3, 0.25, 5.5],
			"faces": {
				"north": {"uv": [3, 5.25, 2, 5.5], "texture": "#0"},
				"east": {"uv": [2.75, 5.25, 3, 5.5], "rotation": 90, "texture": "#0"},
				"south": {"uv": [2, 5.25, 3, 5.5], "texture": "#0"},
				"west": {"uv": [2, 5.25, 2.25, 5.5], "rotation": 270, "texture": "#0"},
				"up": {"uv": [2, 5.25, 3, 5.5], "texture": "#0"},
				"down": {"uv": [2, 5.5, 3, 5.25], "texture": "#0"}
			}
		},
		{
			"name": "halo (10)_16",
			"from": [2, 0, 5.5],
			"to": [3, 0.25, 5.75],
			"faces": {
				"north": {"uv": [3, 5.5, 2, 5.75], "texture": "#0"},
				"east": {"uv": [2.75, 5.5, 3, 5.75], "rotation": 90, "texture": "#0"},
				"south": {"uv": [2, 5.5, 3, 5.75], "texture": "#0"},
				"west": {"uv": [2, 5.5, 2.25, 5.75], "rotation": 270, "texture": "#0"},
				"up": {"uv": [2, 5.5, 3, 5.75], "texture": "#0"},
				"down": {"uv": [2, 5.75, 3, 5.5], "texture": "#0"}
			}
		},
		{
			"name": "halo (10)_17",
			"from": [1.75, 0, 5.75],
			"to": [3, 0.25, 6],
			"faces": {
				"north": {"uv": [3, 5.75, 1.75, 6], "texture": "#0"},
				"east": {"uv": [2.75, 5.75, 3, 6], "rotation": 90, "texture": "#0"},
				"south": {"uv": [1.75, 5.75, 3, 6], "texture": "#0"},
				"west": {"uv": [1.75, 5.75, 2, 6], "rotation": 270, "texture": "#0"},
				"up": {"uv": [1.75, 5.75, 3, 6], "texture": "#0"},
				"down": {"uv": [1.75, 6, 3, 5.75], "texture": "#0"}
			}
		},
		{
			"name": "halo (10)_18",
			"from": [1.75, 0, 6],
			"to": [2.75, 0.25, 6.25],
			"faces": {
				"north": {"uv": [2.75, 6, 1.75, 6.25], "texture": "#0"},
				"east": {"uv": [2.5, 6, 2.75, 6.25], "rotation": 90, "texture": "#0"},
				"south": {"uv": [1.75, 6, 2.75, 6.25], "texture": "#0"},
				"west": {"uv": [1.75, 6, 2, 6.25], "rotation": 270, "texture": "#0"},
				"up": {"uv": [1.75, 6, 2.75, 6.25], "texture": "#0"},
				"down": {"uv": [1.75, 6.25, 2.75, 6], "texture": "#0"}
			}
		},
		{
			"name": "halo (10)_19",
			"from": [1.75, 0, 6.25],
			"to": [2.75, 0.25, 6.5],
			"faces": {
				"north": {"uv": [2.75, 6.25, 1.75, 6.5], "texture": "#0"},
				"east": {"uv": [2.5, 6.25, 2.75, 6.5], "rotation": 90, "texture": "#0"},
				"south": {"uv": [1.75, 6.25, 2.75, 6.5], "texture": "#0"},
				"west": {"uv": [1.75, 6.25, 2, 6.5], "rotation": 270, "texture": "#0"},
				"up": {"uv": [1.75, 6.25, 2.75, 6.5], "texture": "#0"},
				"down": {"uv": [1.75, 6.5, 2.75, 6.25], "texture": "#0"}
			}
		},
		{
			"name": "halo (10)_20",
			"from": [1.5, 0, 6.5],
			"to": [2.75, 0.25, 6.75],
			"faces": {
				"north": {"uv": [2.75, 6.5, 1.5, 6.75], "texture": "#0"},
				"east": {"uv": [2.5, 6.5, 2.75, 6.75], "rotation": 90, "texture": "#0"},
				"south": {"uv": [1.5, 6.5, 2.75, 6.75], "texture": "#0"},
				"west": {"uv": [1.5, 6.5, 1.75, 6.75], "rotation": 270, "texture": "#0"},
				"up": {"uv": [1.5, 6.5, 2.75, 6.75], "texture": "#0"},
				"down": {"uv": [1.5, 6.75, 2.75, 6.5], "texture": "#0"}
			}
		},
		{
			"name": "halo (10)_21",
			"from": [1.5, 0, 6.75],
			"to": [2.5, 0.25, 7],
			"faces": {
				"north": {"uv": [2.5, 6.75, 1.5, 7], "texture": "#0"},
				"east": {"uv": [2.25, 6.75, 2.5, 7], "rotation": 90, "texture": "#0"},
				"south": {"uv": [1.5, 6.75, 2.5, 7], "texture": "#0"},
				"west": {"uv": [1.5, 6.75, 1.75, 7], "rotation": 270, "texture": "#0"},
				"up": {"uv": [1.5, 6.75, 2.5, 7], "texture": "#0"},
				"down": {"uv": [1.5, 7, 2.5, 6.75], "texture": "#0"}
			}
		},
		{
			"name": "halo (10)_22",
			"from": [1.5, 0, 7],
			"to": [2.5, 0.25, 7.25],
			"faces": {
				"north": {"uv": [2.5, 7, 1.5, 7.25], "texture": "#0"},
				"east": {"uv": [2.25, 7, 2.5, 7.25], "rotation": 90, "texture": "#0"},
				"south": {"uv": [1.5, 7, 2.5, 7.25], "texture": "#0"},
				"west": {"uv": [1.5, 7, 1.75, 7.25], "rotation": 270, "texture": "#0"},
				"up": {"uv": [1.5, 7, 2.5, 7.25], "texture": "#0"},
				"down": {"uv": [1.5, 7.25, 2.5, 7], "texture": "#0"}
			}
		},
		{
			"name": "halo (10)_23",
			"from": [1.5, 0, 7.25],
			"to": [2.5, 0.25, 7.5],
			"faces": {
				"north": {"uv": [2.5, 7.25, 1.5, 7.5], "texture": "#0"},
				"east": {"uv": [2.25, 7.25, 2.5, 7.5], "rotation": 90, "texture": "#0"},
				"south": {"uv": [1.5, 7.25, 2.5, 7.5], "texture": "#0"},
				"west": {"uv": [1.5, 7.25, 1.75, 7.5], "rotation": 270, "texture": "#0"},
				"up": {"uv": [1.5, 7.25, 2.5, 7.5], "texture": "#0"},
				"down": {"uv": [1.5, 7.5, 2.5, 7.25], "texture": "#0"}
			}
		},
		{
			"name": "halo (10)_24",
			"from": [1.5, 0, 7.5],
			"to": [2.5, 0.25, 7.75],
			"faces": {
				"north": {"uv": [2.5, 7.5, 1.5, 7.75], "texture": "#0"},
				"east": {"uv": [2.25, 7.5, 2.5, 7.75], "rotation": 90, "texture": "#0"},
				"south": {"uv": [1.5, 7.5, 2.5, 7.75], "texture": "#0"},
				"west": {"uv": [1.5, 7.5, 1.75, 7.75], "rotation": 270, "texture": "#0"},
				"up": {"uv": [1.5, 7.5, 2.5, 7.75], "texture": "#0"},
				"down": {"uv": [1.5, 7.75, 2.5, 7.5], "texture": "#0"}
			}
		},
		{
			"name": "halo (10)_25",
			"from": [1.5, 0, 7.75],
			"to": [2.5, 0.25, 8],
			"faces": {
				"north": {"uv": [2.5, 7.75, 1.5, 8], "texture": "#0"},
				"east": {"uv": [2.25, 7.75, 2.5, 8], "rotation": 90, "texture": "#0"},
				"south": {"uv": [1.5, 7.75, 2.5, 8], "texture": "#0"},
				"west": {"uv": [1.5, 7.75, 1.75, 8], "rotation": 270, "texture": "#0"},
				"up": {"uv": [1.5, 7.75, 2.5, 8], "texture": "#0"},
				"down": {"uv": [1.5, 8, 2.5, 7.75], "texture": "#0"}
			}
		},
		{
			"name": "halo (10)_26",
			"from": [1.5, 0, 8],
			"to": [2.5, 0.25, 8.25],
			"faces": {
				"north": {"uv": [2.5, 8, 1.5, 8.25], "texture": "#0"},
				"east": {"uv": [2.25, 8, 2.5, 8.25], "rotation": 90, "texture": "#0"},
				"south": {"uv": [1.5, 8, 2.5, 8.25], "texture": "#0"},
				"west": {"uv": [1.5, 8, 1.75, 8.25], "rotation": 270, "texture": "#0"},
				"up": {"uv": [1.5, 8, 2.5, 8.25], "texture": "#0"},
				"down": {"uv": [1.5, 8.25, 2.5, 8], "texture": "#0"}
			}
		},
		{
			"name": "halo (10)_27",
			"from": [13.5, 0, 8],
			"to": [14.5, 0.25, 8.25],
			"faces": {
				"north": {"uv": [14.5, 8, 13.5, 8.25], "texture": "#0"},
				"east": {"uv": [14.25, 8, 14.5, 8.25], "rotation": 90, "texture": "#0"},
				"south": {"uv": [13.5, 8, 14.5, 8.25], "texture": "#0"},
				"west": {"uv": [13.5, 8, 13.75, 8.25], "rotation": 270, "texture": "#0"},
				"up": {"uv": [13.5, 8, 14.5, 8.25], "texture": "#0"},
				"down": {"uv": [13.5, 8.25, 14.5, 8], "texture": "#0"}
			}
		},
		{
			"name": "halo (10)_28",
			"from": [1.5, 0, 8.25],
			"to": [2.5, 0.25, 8.5],
			"faces": {
				"north": {"uv": [2.5, 8.25, 1.5, 8.5], "texture": "#0"},
				"east": {"uv": [2.25, 8.25, 2.5, 8.5], "rotation": 90, "texture": "#0"},
				"south": {"uv": [1.5, 8.25, 2.5, 8.5], "texture": "#0"},
				"west": {"uv": [1.5, 8.25, 1.75, 8.5], "rotation": 270, "texture": "#0"},
				"up": {"uv": [1.5, 8.25, 2.5, 8.5], "texture": "#0"},
				"down": {"uv": [1.5, 8.5, 2.5, 8.25], "texture": "#0"}
			}
		},
		{
			"name": "halo (10)_29",
			"from": [13.5, 0, 8.25],
			"to": [14.5, 0.25, 8.5],
			"faces": {
				"north": {"uv": [14.5, 8.25, 13.5, 8.5], "texture": "#0"},
				"east": {"uv": [14.25, 8.25, 14.5, 8.5], "rotation": 90, "texture": "#0"},
				"south": {"uv": [13.5, 8.25, 14.5, 8.5], "texture": "#0"},
				"west": {"uv": [13.5, 8.25, 13.75, 8.5], "rotation": 270, "texture": "#0"},
				"up": {"uv": [13.5, 8.25, 14.5, 8.5], "texture": "#0"},
				"down": {"uv": [13.5, 8.5, 14.5, 8.25], "texture": "#0"}
			}
		},
		{
			"name": "halo (10)_30",
			"from": [1.5, 0, 8.5],
			"to": [2.5, 0.25, 8.75],
			"faces": {
				"north": {"uv": [2.5, 8.5, 1.5, 8.75], "texture": "#0"},
				"east": {"uv": [2.25, 8.5, 2.5, 8.75], "rotation": 90, "texture": "#0"},
				"south": {"uv": [1.5, 8.5, 2.5, 8.75], "texture": "#0"},
				"west": {"uv": [1.5, 8.5, 1.75, 8.75], "rotation": 270, "texture": "#0"},
				"up": {"uv": [1.5, 8.5, 2.5, 8.75], "texture": "#0"},
				"down": {"uv": [1.5, 8.75, 2.5, 8.5], "texture": "#0"}
			}
		},
		{
			"name": "halo (10)_31",
			"from": [13.5, 0, 8.5],
			"to": [14.5, 0.25, 8.75],
			"faces": {
				"north": {"uv": [14.5, 8.5, 13.5, 8.75], "texture": "#0"},
				"east": {"uv": [14.25, 8.5, 14.5, 8.75], "rotation": 90, "texture": "#0"},
				"south": {"uv": [13.5, 8.5, 14.5, 8.75], "texture": "#0"},
				"west": {"uv": [13.5, 8.5, 13.75, 8.75], "rotation": 270, "texture": "#0"},
				"up": {"uv": [13.5, 8.5, 14.5, 8.75], "texture": "#0"},
				"down": {"uv": [13.5, 8.75, 14.5, 8.5], "texture": "#0"}
			}
		},
		{
			"name": "halo (10)_32",
			"from": [1.5, 0, 8.75],
			"to": [2.5, 0.25, 9],
			"faces": {
				"north": {"uv": [2.5, 8.75, 1.5, 9], "texture": "#0"},
				"east": {"uv": [2.25, 8.75, 2.5, 9], "rotation": 90, "texture": "#0"},
				"south": {"uv": [1.5, 8.75, 2.5, 9], "texture": "#0"},
				"west": {"uv": [1.5, 8.75, 1.75, 9], "rotation": 270, "texture": "#0"},
				"up": {"uv": [1.5, 8.75, 2.5, 9], "texture": "#0"},
				"down": {"uv": [1.5, 9, 2.5, 8.75], "texture": "#0"}
			}
		},
		{
			"name": "halo (10)_33",
			"from": [13.5, 0, 8.75],
			"to": [14.5, 0.25, 9],
			"faces": {
				"north": {"uv": [14.5, 8.75, 13.5, 9], "texture": "#0"},
				"east": {"uv": [14.25, 8.75, 14.5, 9], "rotation": 90, "texture": "#0"},
				"south": {"uv": [13.5, 8.75, 14.5, 9], "texture": "#0"},
				"west": {"uv": [13.5, 8.75, 13.75, 9], "rotation": 270, "texture": "#0"},
				"up": {"uv": [13.5, 8.75, 14.5, 9], "texture": "#0"},
				"down": {"uv": [13.5, 9, 14.5, 8.75], "texture": "#0"}
			}
		},
		{
			"name": "halo (10)_34",
			"from": [1.5, 0, 9],
			"to": [2.5, 0.25, 9.25],
			"faces": {
				"north": {"uv": [2.5, 9, 1.5, 9.25], "texture": "#0"},
				"east": {"uv": [2.25, 9, 2.5, 9.25], "rotation": 90, "texture": "#0"},
				"south": {"uv": [1.5, 9, 2.5, 9.25], "texture": "#0"},
				"west": {"uv": [1.5, 9, 1.75, 9.25], "rotation": 270, "texture": "#0"},
				"up": {"uv": [1.5, 9, 2.5, 9.25], "texture": "#0"},
				"down": {"uv": [1.5, 9.25, 2.5, 9], "texture": "#0"}
			}
		},
		{
			"name": "halo (10)_35",
			"from": [13.5, 0, 9],
			"to": [14.5, 0.25, 9.25],
			"faces": {
				"north": {"uv": [14.5, 9, 13.5, 9.25], "texture": "#0"},
				"east": {"uv": [14.25, 9, 14.5, 9.25], "rotation": 90, "texture": "#0"},
				"south": {"uv": [13.5, 9, 14.5, 9.25], "texture": "#0"},
				"west": {"uv": [13.5, 9, 13.75, 9.25], "rotation": 270, "texture": "#0"},
				"up": {"uv": [13.5, 9, 14.5, 9.25], "texture": "#0"},
				"down": {"uv": [13.5, 9.25, 14.5, 9], "texture": "#0"}
			}
		},
		{
			"name": "halo (10)_36",
			"from": [1.5, 0, 9.25],
			"to": [2.75, 0.25, 9.5],
			"faces": {
				"north": {"uv": [2.75, 9.25, 1.5, 9.5], "texture": "#0"},
				"east": {"uv": [2.5, 9.25, 2.75, 9.5], "rotation": 90, "texture": "#0"},
				"south": {"uv": [1.5, 9.25, 2.75, 9.5], "texture": "#0"},
				"west": {"uv": [1.5, 9.25, 1.75, 9.5], "rotation": 270, "texture": "#0"},
				"up": {"uv": [1.5, 9.25, 2.75, 9.5], "texture": "#0"},
				"down": {"uv": [1.5, 9.5, 2.75, 9.25], "texture": "#0"}
			}
		},
		{
			"name": "halo (10)_37",
			"from": [13.25, 0, 9.25],
			"to": [14.5, 0.25, 9.5],
			"faces": {
				"north": {"uv": [14.5, 9.25, 13.25, 9.5], "texture": "#0"},
				"east": {"uv": [14.25, 9.25, 14.5, 9.5], "rotation": 90, "texture": "#0"},
				"south": {"uv": [13.25, 9.25, 14.5, 9.5], "texture": "#0"},
				"west": {"uv": [13.25, 9.25, 13.5, 9.5], "rotation": 270, "texture": "#0"},
				"up": {"uv": [13.25, 9.25, 14.5, 9.5], "texture": "#0"},
				"down": {"uv": [13.25, 9.5, 14.5, 9.25], "texture": "#0"}
			}
		},
		{
			"name": "halo (10)_38",
			"from": [1.75, 0, 9.5],
			"to": [2.75, 0.25, 9.75],
			"faces": {
				"north": {"uv": [2.75, 9.5, 1.75, 9.75], "texture": "#0"},
				"east": {"uv": [2.5, 9.5, 2.75, 9.75], "rotation": 90, "texture": "#0"},
				"south": {"uv": [1.75, 9.5, 2.75, 9.75], "texture": "#0"},
				"west": {"uv": [1.75, 9.5, 2, 9.75], "rotation": 270, "texture": "#0"},
				"up": {"uv": [1.75, 9.5, 2.75, 9.75], "texture": "#0"},
				"down": {"uv": [1.75, 9.75, 2.75, 9.5], "texture": "#0"}
			}
		},
		{
			"name": "halo (10)_39",
			"from": [13.25, 0, 9.5],
			"to": [14.25, 0.25, 9.75],
			"faces": {
				"north": {"uv": [14.25, 9.5, 13.25, 9.75], "texture": "#0"},
				"east": {"uv": [14, 9.5, 14.25, 9.75], "rotation": 90, "texture": "#0"},
				"south": {"uv": [13.25, 9.5, 14.25, 9.75], "texture": "#0"},
				"west": {"uv": [13.25, 9.5, 13.5, 9.75], "rotation": 270, "texture": "#0"},
				"up": {"uv": [13.25, 9.5, 14.25, 9.75], "texture": "#0"},
				"down": {"uv": [13.25, 9.75, 14.25, 9.5], "texture": "#0"}
			}
		},
		{
			"name": "halo (10)_40",
			"from": [1.75, 0, 9.75],
			"to": [2.75, 0.25, 10],
			"faces": {
				"north": {"uv": [2.75, 9.75, 1.75, 10], "texture": "#0"},
				"east": {"uv": [2.5, 9.75, 2.75, 10], "rotation": 90, "texture": "#0"},
				"south": {"uv": [1.75, 9.75, 2.75, 10], "texture": "#0"},
				"west": {"uv": [1.75, 9.75, 2, 10], "rotation": 270, "texture": "#0"},
				"up": {"uv": [1.75, 9.75, 2.75, 10], "texture": "#0"},
				"down": {"uv": [1.75, 10, 2.75, 9.75], "texture": "#0"}
			}
		},
		{
			"name": "halo (10)_41",
			"from": [13.25, 0, 9.75],
			"to": [14.25, 0.25, 10],
			"faces": {
				"north": {"uv": [14.25, 9.75, 13.25, 10], "texture": "#0"},
				"east": {"uv": [14, 9.75, 14.25, 10], "rotation": 90, "texture": "#0"},
				"south": {"uv": [13.25, 9.75, 14.25, 10], "texture": "#0"},
				"west": {"uv": [13.25, 9.75, 13.5, 10], "rotation": 270, "texture": "#0"},
				"up": {"uv": [13.25, 9.75, 14.25, 10], "texture": "#0"},
				"down": {"uv": [13.25, 10, 14.25, 9.75], "texture": "#0"}
			}
		},
		{
			"name": "halo (10)_42",
			"from": [1.75, 0, 10],
			"to": [3, 0.25, 10.25],
			"faces": {
				"north": {"uv": [3, 10, 1.75, 10.25], "texture": "#0"},
				"east": {"uv": [2.75, 10, 3, 10.25], "rotation": 90, "texture": "#0"},
				"south": {"uv": [1.75, 10, 3, 10.25], "texture": "#0"},
				"west": {"uv": [1.75, 10, 2, 10.25], "rotation": 270, "texture": "#0"},
				"up": {"uv": [1.75, 10, 3, 10.25], "texture": "#0"},
				"down": {"uv": [1.75, 10.25, 3, 10], "texture": "#0"}
			}
		},
		{
			"name": "halo (10)_43",
			"from": [13, 0, 10],
			"to": [14.25, 0.25, 10.25],
			"faces": {
				"north": {"uv": [14.25, 10, 13, 10.25], "texture": "#0"},
				"east": {"uv": [14, 10, 14.25, 10.25], "rotation": 90, "texture": "#0"},
				"south": {"uv": [13, 10, 14.25, 10.25], "texture": "#0"},
				"west": {"uv": [13, 10, 13.25, 10.25], "rotation": 270, "texture": "#0"},
				"up": {"uv": [13, 10, 14.25, 10.25], "texture": "#0"},
				"down": {"uv": [13, 10.25, 14.25, 10], "texture": "#0"}
			}
		},
		{
			"name": "halo (10)_44",
			"from": [2, 0, 10.25],
			"to": [3, 0.25, 10.5],
			"faces": {
				"north": {"uv": [3, 10.25, 2, 10.5], "texture": "#0"},
				"east": {"uv": [2.75, 10.25, 3, 10.5], "rotation": 90, "texture": "#0"},
				"south": {"uv": [2, 10.25, 3, 10.5], "texture": "#0"},
				"west": {"uv": [2, 10.25, 2.25, 10.5], "rotation": 270, "texture": "#0"},
				"up": {"uv": [2, 10.25, 3, 10.5], "texture": "#0"},
				"down": {"uv": [2, 10.5, 3, 10.25], "texture": "#0"}
			}
		},
		{
			"name": "halo (10)_45",
			"from": [13, 0, 10.25],
			"to": [14, 0.25, 10.5],
			"faces": {
				"north": {"uv": [14, 10.25, 13, 10.5], "texture": "#0"},
				"east": {"uv": [13.75, 10.25, 14, 10.5], "rotation": 90, "texture": "#0"},
				"south": {"uv": [13, 10.25, 14, 10.5], "texture": "#0"},
				"west": {"uv": [13, 10.25, 13.25, 10.5], "rotation": 270, "texture": "#0"},
				"up": {"uv": [13, 10.25, 14, 10.5], "texture": "#0"},
				"down": {"uv": [13, 10.5, 14, 10.25], "texture": "#0"}
			}
		},
		{
			"name": "halo (10)_46",
			"from": [2, 0, 10.5],
			"to": [3, 0.25, 10.75],
			"faces": {
				"north": {"uv": [3, 10.5, 2, 10.75], "texture": "#0"},
				"east": {"uv": [2.75, 10.5, 3, 10.75], "rotation": 90, "texture": "#0"},
				"south": {"uv": [2, 10.5, 3, 10.75], "texture": "#0"},
				"west": {"uv": [2, 10.5, 2.25, 10.75], "rotation": 270, "texture": "#0"},
				"up": {"uv": [2, 10.5, 3, 10.75], "texture": "#0"},
				"down": {"uv": [2, 10.75, 3, 10.5], "texture": "#0"}
			}
		},
		{
			"name": "halo (10)_47",
			"from": [13, 0, 10.5],
			"to": [14, 0.25, 10.75],
			"faces": {
				"north": {"uv": [14, 10.5, 13, 10.75], "texture": "#0"},
				"east": {"uv": [13.75, 10.5, 14, 10.75], "rotation": 90, "texture": "#0"},
				"south": {"uv": [13, 10.5, 14, 10.75], "texture": "#0"},
				"west": {"uv": [13, 10.5, 13.25, 10.75], "rotation": 270, "texture": "#0"},
				"up": {"uv": [13, 10.5, 14, 10.75], "texture": "#0"},
				"down": {"uv": [13, 10.75, 14, 10.5], "texture": "#0"}
			}
		},
		{
			"name": "halo (10)_48",
			"from": [2, 0, 10.75],
			"to": [3.25, 0.25, 11],
			"faces": {
				"north": {"uv": [3.25, 10.75, 2, 11], "texture": "#0"},
				"east": {"uv": [3, 10.75, 3.25, 11], "rotation": 90, "texture": "#0"},
				"south": {"uv": [2, 10.75, 3.25, 11], "texture": "#0"},
				"west": {"uv": [2, 10.75, 2.25, 11], "rotation": 270, "texture": "#0"},
				"up": {"uv": [2, 10.75, 3.25, 11], "texture": "#0"},
				"down": {"uv": [2, 11, 3.25, 10.75], "texture": "#0"}
			}
		},
		{
			"name": "halo (10)_49",
			"from": [12.75, 0, 10.75],
			"to": [14, 0.25, 11],
			"faces": {
				"north": {"uv": [14, 10.75, 12.75, 11], "texture": "#0"},
				"east": {"uv": [13.75, 10.75, 14, 11], "rotation": 90, "texture": "#0"},
				"south": {"uv": [12.75, 10.75, 14, 11], "texture": "#0"},
				"west": {"uv": [12.75, 10.75, 13, 11], "rotation": 270, "texture": "#0"},
				"up": {"uv": [12.75, 10.75, 14, 11], "texture": "#0"},
				"down": {"uv": [12.75, 11, 14, 10.75], "texture": "#0"}
			}
		},
		{
			"name": "halo (10)_50",
			"from": [2.25, 0, 11],
			"to": [3.5, 0.25, 11.25],
			"faces": {
				"north": {"uv": [3.5, 11, 2.25, 11.25], "texture": "#0"},
				"east": {"uv": [3.25, 11, 3.5, 11.25], "rotation": 90, "texture": "#0"},
				"south": {"uv": [2.25, 11, 3.5, 11.25], "texture": "#0"},
				"west": {"uv": [2.25, 11, 2.5, 11.25], "rotation": 270, "texture": "#0"},
				"up": {"uv": [2.25, 11, 3.5, 11.25], "texture": "#0"},
				"down": {"uv": [2.25, 11.25, 3.5, 11], "texture": "#0"}
			}
		},
		{
			"name": "halo (10)_51",
			"from": [12.5, 0, 11],
			"to": [13.75, 0.25, 11.25],
			"faces": {
				"north": {"uv": [13.75, 11, 12.5, 11.25], "texture": "#0"},
				"east": {"uv": [13.5, 11, 13.75, 11.25], "rotation": 90, "texture": "#0"},
				"south": {"uv": [12.5, 11, 13.75, 11.25], "texture": "#0"},
				"west": {"uv": [12.5, 11, 12.75, 11.25], "rotation": 270, "texture": "#0"},
				"up": {"uv": [12.5, 11, 13.75, 11.25], "texture": "#0"},
				"down": {"uv": [12.5, 11.25, 13.75, 11], "texture": "#0"}
			}
		},
		{
			"name": "halo (10)_52",
			"from": [2.5, 0, 11.25],
			"to": [3.5, 0.25, 11.5],
			"faces": {
				"north": {"uv": [3.5, 11.25, 2.5, 11.5], "texture": "#0"},
				"east": {"uv": [3.25, 11.25, 3.5, 11.5], "rotation": 90, "texture": "#0"},
				"south": {"uv": [2.5, 11.25, 3.5, 11.5], "texture": "#0"},
				"west": {"uv": [2.5, 11.25, 2.75, 11.5], "rotation": 270, "texture": "#0"},
				"up": {"uv": [2.5, 11.25, 3.5, 11.5], "texture": "#0"},
				"down": {"uv": [2.5, 11.5, 3.5, 11.25], "texture": "#0"}
			}
		},
		{
			"name": "halo (10)_53",
			"from": [12.5, 0, 11.25],
			"to": [13.5, 0.25, 11.5],
			"faces": {
				"north": {"uv": [13.5, 11.25, 12.5, 11.5], "texture": "#0"},
				"east": {"uv": [13.25, 11.25, 13.5, 11.5], "rotation": 90, "texture": "#0"},
				"south": {"uv": [12.5, 11.25, 13.5, 11.5], "texture": "#0"},
				"west": {"uv": [12.5, 11.25, 12.75, 11.5], "rotation": 270, "texture": "#0"},
				"up": {"uv": [12.5, 11.25, 13.5, 11.5], "texture": "#0"},
				"down": {"uv": [12.5, 11.5, 13.5, 11.25], "texture": "#0"}
			}
		},
		{
			"name": "halo (10)_54",
			"from": [2.5, 0, 11.5],
			"to": [3.75, 0.25, 11.75],
			"faces": {
				"north": {"uv": [3.75, 11.5, 2.5, 11.75], "texture": "#0"},
				"east": {"uv": [3.5, 11.5, 3.75, 11.75], "rotation": 90, "texture": "#0"},
				"south": {"uv": [2.5, 11.5, 3.75, 11.75], "texture": "#0"},
				"west": {"uv": [2.5, 11.5, 2.75, 11.75], "rotation": 270, "texture": "#0"},
				"up": {"uv": [2.5, 11.5, 3.75, 11.75], "texture": "#0"},
				"down": {"uv": [2.5, 11.75, 3.75, 11.5], "texture": "#0"}
			}
		},
		{
			"name": "halo (10)_55",
			"from": [12.25, 0, 11.5],
			"to": [13.5, 0.25, 11.75],
			"faces": {
				"north": {"uv": [13.5, 11.5, 12.25, 11.75], "texture": "#0"},
				"east": {"uv": [13.25, 11.5, 13.5, 11.75], "rotation": 90, "texture": "#0"},
				"south": {"uv": [12.25, 11.5, 13.5, 11.75], "texture": "#0"},
				"west": {"uv": [12.25, 11.5, 12.5, 11.75], "rotation": 270, "texture": "#0"},
				"up": {"uv": [12.25, 11.5, 13.5, 11.75], "texture": "#0"},
				"down": {"uv": [12.25, 11.75, 13.5, 11.5], "texture": "#0"}
			}
		},
		{
			"name": "halo (10)_56",
			"from": [2.75, 0, 11.75],
			"to": [4, 0.25, 12],
			"faces": {
				"north": {"uv": [4, 11.75, 2.75, 12], "texture": "#0"},
				"east": {"uv": [3.75, 11.75, 4, 12], "rotation": 90, "texture": "#0"},
				"south": {"uv": [2.75, 11.75, 4, 12], "texture": "#0"},
				"west": {"uv": [2.75, 11.75, 3, 12], "rotation": 270, "texture": "#0"},
				"up": {"uv": [2.75, 11.75, 4, 12], "texture": "#0"},
				"down": {"uv": [2.75, 12, 4, 11.75], "texture": "#0"}
			}
		},
		{
			"name": "halo (10)_57",
			"from": [12, 0, 11.75],
			"to": [13.25, 0.25, 12],
			"faces": {
				"north": {"uv": [13.25, 11.75, 12, 12], "texture": "#0"},
				"east": {"uv": [13, 11.75, 13.25, 12], "rotation": 90, "texture": "#0"},
				"south": {"uv": [12, 11.75, 13.25, 12], "texture": "#0"},
				"west": {"uv": [12, 11.75, 12.25, 12], "rotation": 270, "texture": "#0"},
				"up": {"uv": [12, 11.75, 13.25, 12], "texture": "#0"},
				"down": {"uv": [12, 12, 13.25, 11.75], "texture": "#0"}
			}
		},
		{
			"name": "halo (10)_58",
			"from": [3, 0, 12],
			"to": [4.25, 0.25, 12.25],
			"faces": {
				"north": {"uv": [4.25, 12, 3, 12.25], "texture": "#0"},
				"east": {"uv": [4, 12, 4.25, 12.25], "rotation": 90, "texture": "#0"},
				"south": {"uv": [3, 12, 4.25, 12.25], "texture": "#0"},
				"west": {"uv": [3, 12, 3.25, 12.25], "rotation": 270, "texture": "#0"},
				"up": {"uv": [3, 12, 4.25, 12.25], "texture": "#0"},
				"down": {"uv": [3, 12.25, 4.25, 12], "texture": "#0"}
			}
		},
		{
			"name": "halo (10)_59",
			"from": [11.75, 0, 12],
			"to": [13, 0.25, 12.25],
			"faces": {
				"north": {"uv": [13, 12, 11.75, 12.25], "texture": "#0"},
				"east": {"uv": [12.75, 12, 13, 12.25], "rotation": 90, "texture": "#0"},
				"south": {"uv": [11.75, 12, 13, 12.25], "texture": "#0"},
				"west": {"uv": [11.75, 12, 12, 12.25], "rotation": 270, "texture": "#0"},
				"up": {"uv": [11.75, 12, 13, 12.25], "texture": "#0"},
				"down": {"uv": [11.75, 12.25, 13, 12], "texture": "#0"}
			}
		},
		{
			"name": "halo (10)_60",
			"from": [3, 0, 12.25],
			"to": [4.5, 0.25, 12.5],
			"faces": {
				"north": {"uv": [4.5, 12.25, 3, 12.5], "texture": "#0"},
				"east": {"uv": [4.25, 12.25, 4.5, 12.5], "rotation": 90, "texture": "#0"},
				"south": {"uv": [3, 12.25, 4.5, 12.5], "texture": "#0"},
				"west": {"uv": [3, 12.25, 3.25, 12.5], "rotation": 270, "texture": "#0"},
				"up": {"uv": [3, 12.25, 4.5, 12.5], "texture": "#0"},
				"down": {"uv": [3, 12.5, 4.5, 12.25], "texture": "#0"}
			}
		},
		{
			"name": "halo (10)_61",
			"from": [11.5, 0, 12.25],
			"to": [13, 0.25, 12.5],
			"faces": {
				"north": {"uv": [13, 12.25, 11.5, 12.5], "texture": "#0"},
				"east": {"uv": [12.75, 12.25, 13, 12.5], "rotation": 90, "texture": "#0"},
				"south": {"uv": [11.5, 12.25, 13, 12.5], "texture": "#0"},
				"west": {"uv": [11.5, 12.25, 11.75, 12.5], "rotation": 270, "texture": "#0"},
				"up": {"uv": [11.5, 12.25, 13, 12.5], "texture": "#0"},
				"down": {"uv": [11.5, 12.5, 13, 12.25], "texture": "#0"}
			}
		},
		{
			"name": "halo (10)_62",
			"from": [3.25, 0, 12.5],
			"to": [5, 0.25, 12.75],
			"faces": {
				"north": {"uv": [5, 12.5, 3.25, 12.75], "texture": "#0"},
				"east": {"uv": [4.75, 12.5, 5, 12.75], "rotation": 90, "texture": "#0"},
				"south": {"uv": [3.25, 12.5, 5, 12.75], "texture": "#0"},
				"west": {"uv": [3.25, 12.5, 3.5, 12.75], "rotation": 270, "texture": "#0"},
				"up": {"uv": [3.25, 12.5, 5, 12.75], "texture": "#0"},
				"down": {"uv": [3.25, 12.75, 5, 12.5], "texture": "#0"}
			}
		},
		{
			"name": "halo (10)_63",
			"from": [11, 0, 12.5],
			"to": [12.75, 0.25, 12.75],
			"faces": {
				"north": {"uv": [12.75, 12.5, 11, 12.75], "texture": "#0"},
				"east": {"uv": [12.5, 12.5, 12.75, 12.75], "rotation": 90, "texture": "#0"},
				"south": {"uv": [11, 12.5, 12.75, 12.75], "texture": "#0"},
				"west": {"uv": [11, 12.5, 11.25, 12.75], "rotation": 270, "texture": "#0"},
				"up": {"uv": [11, 12.5, 12.75, 12.75], "texture": "#0"},
				"down": {"uv": [11, 12.75, 12.75, 12.5], "texture": "#0"}
			}
		},
		{
			"name": "halo (10)_64",
			"from": [3.5, 0, 12.75],
			"to": [5.25, 0.25, 13],
			"faces": {
				"north": {"uv": [5.25, 12.75, 3.5, 13], "texture": "#0"},
				"east": {"uv": [5, 12.75, 5.25, 13], "rotation": 90, "texture": "#0"},
				"south": {"uv": [3.5, 12.75, 5.25, 13], "texture": "#0"},
				"west": {"uv": [3.5, 12.75, 3.75, 13], "rotation": 270, "texture": "#0"},
				"up": {"uv": [3.5, 12.75, 5.25, 13], "texture": "#0"},
				"down": {"uv": [3.5, 13, 5.25, 12.75], "texture": "#0"}
			}
		},
		{
			"name": "halo (10)_65",
			"from": [10.75, 0, 12.75],
			"to": [12.5, 0.25, 13],
			"faces": {
				"north": {"uv": [12.5, 12.75, 10.75, 13], "texture": "#0"},
				"east": {"uv": [12.25, 12.75, 12.5, 13], "rotation": 90, "texture": "#0"},
				"south": {"uv": [10.75, 12.75, 12.5, 13], "texture": "#0"},
				"west": {"uv": [10.75, 12.75, 11, 13], "rotation": 270, "texture": "#0"},
				"up": {"uv": [10.75, 12.75, 12.5, 13], "texture": "#0"},
				"down": {"uv": [10.75, 13, 12.5, 12.75], "texture": "#0"}
			}
		},
		{
			"name": "halo (10)_66",
			"from": [4, 0, 13],
			"to": [6, 0.25, 13.25],
			"faces": {
				"north": {"uv": [6, 13, 4, 13.25], "texture": "#0"},
				"east": {"uv": [5.75, 13, 6, 13.25], "rotation": 90, "texture": "#0"},
				"south": {"uv": [4, 13, 6, 13.25], "texture": "#0"},
				"west": {"uv": [4, 13, 4.25, 13.25], "rotation": 270, "texture": "#0"},
				"up": {"uv": [4, 13, 6, 13.25], "texture": "#0"},
				"down": {"uv": [4, 13.25, 6, 13], "texture": "#0"}
			}
		},
		{
			"name": "halo (10)_67",
			"from": [10, 0, 13],
			"to": [12, 0.25, 13.25],
			"faces": {
				"north": {"uv": [12, 13, 10, 13.25], "texture": "#0"},
				"east": {"uv": [11.75, 13, 12, 13.25], "rotation": 90, "texture": "#0"},
				"south": {"uv": [10, 13, 12, 13.25], "texture": "#0"},
				"west": {"uv": [10, 13, 10.25, 13.25], "rotation": 270, "texture": "#0"},
				"up": {"uv": [10, 13, 12, 13.25], "texture": "#0"},
				"down": {"uv": [10, 13.25, 12, 13], "texture": "#0"}
			}
		},
		{
			"name": "halo (10)_68",
			"from": [4.25, 0, 13.25],
			"to": [6.75, 0.25, 13.5],
			"faces": {
				"north": {"uv": [6.75, 13.25, 4.25, 13.5], "texture": "#0"},
				"east": {"uv": [6.5, 13.25, 6.75, 13.5], "rotation": 90, "texture": "#0"},
				"south": {"uv": [4.25, 13.25, 6.75, 13.5], "texture": "#0"},
				"west": {"uv": [4.25, 13.25, 4.5, 13.5], "rotation": 270, "texture": "#0"},
				"up": {"uv": [4.25, 13.25, 6.75, 13.5], "texture": "#0"},
				"down": {"uv": [4.25, 13.5, 6.75, 13.25], "texture": "#0"}
			}
		},
		{
			"name": "halo (10)_69",
			"from": [9.25, 0, 13.25],
			"to": [11.75, 0.25, 13.5],
			"faces": {
				"north": {"uv": [11.75, 13.25, 9.25, 13.5], "texture": "#0"},
				"east": {"uv": [11.5, 13.25, 11.75, 13.5], "rotation": 90, "texture": "#0"},
				"south": {"uv": [9.25, 13.25, 11.75, 13.5], "texture": "#0"},
				"west": {"uv": [9.25, 13.25, 9.5, 13.5], "rotation": 270, "texture": "#0"},
				"up": {"uv": [9.25, 13.25, 11.75, 13.5], "texture": "#0"},
				"down": {"uv": [9.25, 13.5, 11.75, 13.25], "texture": "#0"}
			}
		},
		{
			"name": "halo (10)_70",
			"from": [4.75, 0, 13.5],
			"to": [11.25, 0.25, 13.75],
			"faces": {
				"north": {"uv": [11.25, 13.5, 4.75, 13.75], "texture": "#0"},
				"east": {"uv": [11, 13.5, 11.25, 13.75], "rotation": 90, "texture": "#0"},
				"south": {"uv": [4.75, 13.5, 11.25, 13.75], "texture": "#0"},
				"west": {"uv": [4.75, 13.5, 5, 13.75], "rotation": 270, "texture": "#0"},
				"up": {"uv": [4.75, 13.5, 11.25, 13.75], "texture": "#0"},
				"down": {"uv": [4.75, 13.75, 11.25, 13.5], "texture": "#0"}
			}
		},
		{
			"name": "halo (10)_71",
			"from": [5, 0, 13.75],
			"to": [11, 0.25, 14],
			"faces": {
				"north": {"uv": [11, 13.75, 5, 14], "texture": "#0"},
				"east": {"uv": [10.75, 13.75, 11, 14], "rotation": 90, "texture": "#0"},
				"south": {"uv": [5, 13.75, 11, 14], "texture": "#0"},
				"west": {"uv": [5, 13.75, 5.25, 14], "rotation": 270, "texture": "#0"},
				"up": {"uv": [5, 13.75, 11, 14], "texture": "#0"},
				"down": {"uv": [5, 14, 11, 13.75], "texture": "#0"}
			}
		},
		{
			"name": "halo (10)_72",
			"from": [5.75, 0, 14],
			"to": [10.25, 0.25, 14.25],
			"faces": {
				"north": {"uv": [10.25, 14, 5.75, 14.25], "texture": "#0"},
				"east": {"uv": [10, 14, 10.25, 14.25], "rotation": 90, "texture": "#0"},
				"south": {"uv": [5.75, 14, 10.25, 14.25], "texture": "#0"},
				"west": {"uv": [5.75, 14, 6, 14.25], "rotation": 270, "texture": "#0"},
				"up": {"uv": [5.75, 14, 10.25, 14.25], "texture": "#0"},
				"down": {"uv": [5.75, 14.25, 10.25, 14], "texture": "#0"}
			}
		},
		{
			"name": "halo (10)_73",
			"from": [6.5, 0, 14.25],
			"to": [9.5, 0.25, 14.5],
			"faces": {
				"north": {"uv": [9.5, 14.25, 6.5, 14.5], "texture": "#0"},
				"east": {"uv": [9.25, 14.25, 9.5, 14.5], "rotation": 90, "texture": "#0"},
				"south": {"uv": [6.5, 14.25, 9.5, 14.5], "texture": "#0"},
				"west": {"uv": [6.5, 14.25, 6.75, 14.5], "rotation": 270, "texture": "#0"},
				"up": {"uv": [6.5, 14.25, 9.5, 14.5], "texture": "#0"},
				"down": {"uv": [6.5, 14.5, 9.5, 14.25], "texture": "#0"}
			}
		}
	],
	"display": {
		"gui": {
			"rotation": [90, 0, 0]
		},
		"head": {
			"rotation": [20, 0, 0],
			"translation": [0, 17, 10]
		}
	},
	"groups": [
		{
			"name": "halo (10)",
			"origin": [8, 8, 8],
			"color": 0,
			"children": [
				0,
				1,
				2,
				3,
				4,
				5,
				6,
				7,
				8,
				9,
				10,
				11,
				12,
				13,
				14,
				15,
				16,
				17,
				18,
				19,
				20,
				21,
				22,
				23,
				24,
				25,
				26,
				27,
				28,
				29,
				30,
				31,
				32,
				33,
				34,
				35,
				36,
				37,
				38,
				39,
				40,
				41,
				42,
				43,
				44,
				45,
				46,
				47,
				48,
				49,
				50,
				51,
				52,
				53,
				54,
				55,
				56,
				57,
				58,
				59,
				60,
				61,
				62,
				63,
				64,
				65,
				66,
				67,
				68,
				69,
				70,
				71,
				72,
				73
			]
		}
	]
}