{
	"credit": "Made with Blockbench",
	"textures": {
		"0": "items/3d/halo (14)",
		"particle": "items/3d/halo (14)"
	},
	"elements": [
		{
			"name": "halo (14)_0",
			"from": [7.5, 0, 2.5],
			"to": [8.5, 0.25, 2.75],
			"faces": {
				"north": {"uv": [8.5, 2.5, 7.5, 2.75], "texture": "#0"},
				"east": {"uv": [8.25, 2.5, 8.5, 2.75], "rotation": 90, "texture": "#0"},
				"south": {"uv": [7.5, 2.5, 8.5, 2.75], "texture": "#0"},
				"west": {"uv": [7.5, 2.5, 7.75, 2.75], "rotation": 270, "texture": "#0"},
				"up": {"uv": [7.5, 2.5, 8.5, 2.75], "texture": "#0"},
				"down": {"uv": [7.5, 2.75, 8.5, 2.5], "texture": "#0"}
			}
		},
		{
			"name": "halo (14)_1",
			"from": [7.5, 0, 2.75],
			"to": [8.5, 0.25, 3],
			"faces": {
				"north": {"uv": [8.5, 2.75, 7.5, 3], "texture": "#0"},
				"east": {"uv": [8.25, 2.75, 8.5, 3], "rotation": 90, "texture": "#0"},
				"south": {"uv": [7.5, 2.75, 8.5, 3], "texture": "#0"},
				"west": {"uv": [7.5, 2.75, 7.75, 3], "rotation": 270, "texture": "#0"},
				"up": {"uv": [7.5, 2.75, 8.5, 3], "texture": "#0"},
				"down": {"uv": [7.5, 3, 8.5, 2.75], "texture": "#0"}
			}
		},
		{
			"name": "halo (14)_2",
			"from": [7.25, 0, 3],
			"to": [8.75, 0.25, 3.25],
			"faces": {
				"north": {"uv": [8.75, 3, 7.25, 3.25], "texture": "#0"},
				"east": {"uv": [8.5, 3, 8.75, 3.25], "rotation": 90, "texture": "#0"},
				"south": {"uv": [7.25, 3, 8.75, 3.25], "texture": "#0"},
				"west": {"uv": [7.25, 3, 7.5, 3.25], "rotation": 270, "texture": "#0"},
				"up": {"uv": [7.25, 3, 8.75, 3.25], "texture": "#0"},
				"down": {"uv": [7.25, 3.25, 8.75, 3], "texture": "#0"}
			}
		},
		{
			"name": "halo (14)_3",
			"from": [7.25, 0, 3.25],
			"to": [8.75, 0.25, 3.5],
			"faces": {
				"north": {"uv": [8.75, 3.25, 7.25, 3.5], "texture": "#0"},
				"east": {"uv": [8.5, 3.25, 8.75, 3.5], "rotation": 90, "texture": "#0"},
				"south": {"uv": [7.25, 3.25, 8.75, 3.5], "texture": "#0"},
				"west": {"uv": [7.25, 3.25, 7.5, 3.5], "rotation": 270, "texture": "#0"},
				"up": {"uv": [7.25, 3.25, 8.75, 3.5], "texture": "#0"},
				"down": {"uv": [7.25, 3.5, 8.75, 3.25], "texture": "#0"}
			}
		},
		{
			"name": "halo (14)_4",
			"from": [7, 0, 3.5],
			"to": [9, 0.25, 3.75],
			"faces": {
				"north": {"uv": [9, 3.5, 7, 3.75], "texture": "#0"},
				"east": {"uv": [8.75, 3.5, 9, 3.75], "rotation": 90, "texture": "#0"},
				"south": {"uv": [7, 3.5, 9, 3.75], "texture": "#0"},
				"west": {"uv": [7, 3.5, 7.25, 3.75], "rotation": 270, "texture": "#0"},
				"up": {"uv": [7, 3.5, 9, 3.75], "texture": "#0"},
				"down": {"uv": [7, 3.75, 9, 3.5], "texture": "#0"}
			}
		},
		{
			"name": "halo (14)_5",
			"from": [7, 0, 3.75],
			"to": [9, 0.25, 4],
			"faces": {
				"north": {"uv": [9, 3.75, 7, 4], "texture": "#0"},
				"east": {"uv": [8.75, 3.75, 9, 4], "rotation": 90, "texture": "#0"},
				"south": {"uv": [7, 3.75, 9, 4], "texture": "#0"},
				"west": {"uv": [7, 3.75, 7.25, 4], "rotation": 270, "texture": "#0"},
				"up": {"uv": [7, 3.75, 9, 4], "texture": "#0"},
				"down": {"uv": [7, 4, 9, 3.75], "texture": "#0"}
			}
		},
		{
			"name": "halo (14)_6",
			"from": [6.75, 0, 4],
			"to": [9.25, 0.25, 4.25],
			"faces": {
				"north": {"uv": [9.25, 4, 6.75, 4.25], "texture": "#0"},
				"east": {"uv": [9, 4, 9.25, 4.25], "rotation": 90, "texture": "#0"},
				"south": {"uv": [6.75, 4, 9.25, 4.25], "texture": "#0"},
				"west": {"uv": [6.75, 4, 7, 4.25], "rotation": 270, "texture": "#0"},
				"up": {"uv": [6.75, 4, 9.25, 4.25], "texture": "#0"},
				"down": {"uv": [6.75, 4.25, 9.25, 4], "texture": "#0"}
			}
		},
		{
			"name": "halo (14)_7",
			"from": [6.75, 0, 4.25],
			"to": [9.25, 0.25, 4.5],
			"faces": {
				"north": {"uv": [9.25, 4.25, 6.75, 4.5], "texture": "#0"},
				"east": {"uv": [9, 4.25, 9.25, 4.5], "rotation": 90, "texture": "#0"},
				"south": {"uv": [6.75, 4.25, 9.25, 4.5], "texture": "#0"},
				"west": {"uv": [6.75, 4.25, 7, 4.5], "rotation": 270, "texture": "#0"},
				"up": {"uv": [6.75, 4.25, 9.25, 4.5], "texture": "#0"},
				"down": {"uv": [6.75, 4.5, 9.25, 4.25], "texture": "#0"}
			}
		},
		{
			"name": "halo (14)_8",
			"from": [6.5, 0, 4.5],
			"to": [9.5, 0.25, 4.75],
			"faces": {
				"north": {"uv": [9.5, 4.5, 6.5, 4.75], "texture": "#0"},
				"east": {"uv": [9.25, 4.5, 9.5, 4.75], "rotation": 90, "texture": "#0"},
				"south": {"uv": [6.5, 4.5, 9.5, 4.75], "texture": "#0"},
				"west": {"uv": [6.5, 4.5, 6.75, 4.75], "rotation": 270, "texture": "#0"},
				"up": {"uv": [6.5, 4.5, 9.5, 4.75], "texture": "#0"},
				"down": {"uv": [6.5, 4.75, 9.5, 4.5], "texture": "#0"}
			}
		},
		{
			"name": "halo (14)_9",
			"from": [6.5, 0, 4.75],
			"to": [7.75, 0.25, 5],
			"faces": {
				"north": {"uv": [7.75, 4.75, 6.5, 5], "texture": "#0"},
				"east": {"uv": [7.5, 4.75, 7.75, 5], "rotation": 90, "texture": "#0"},
				"south": {"uv": [6.5, 4.75, 7.75, 5], "texture": "#0"},
				"west": {"uv": [6.5, 4.75, 6.75, 5], "rotation": 270, "texture": "#0"},
				"up": {"uv": [6.5, 4.75, 7.75, 5], "texture": "#0"},
				"down": {"uv": [6.5, 5, 7.75, 4.75], "texture": "#0"}
			}
		},
		{
			"name": "halo (14)_10",
			"from": [8.25, 0, 4.75],
			"to": [9.5, 0.25, 5],
			"faces": {
				"north": {"uv": [9.5, 4.75, 8.25, 5], "texture": "#0"},
				"east": {"uv": [9.25, 4.75, 9.5, 5], "rotation": 90, "texture": "#0"},
				"south": {"uv": [8.25, 4.75, 9.5, 5], "texture": "#0"},
				"west": {"uv": [8.25, 4.75, 8.5, 5], "rotation": 270, "texture": "#0"},
				"up": {"uv": [8.25, 4.75, 9.5, 5], "texture": "#0"},
				"down": {"uv": [8.25, 5, 9.5, 4.75], "texture": "#0"}
			}
		},
		{
			"name": "halo (14)_11",
			"from": [6.25, 0, 5],
			"to": [7.75, 0.25, 5.25],
			"faces": {
				"north": {"uv": [7.75, 5, 6.25, 5.25], "texture": "#0"},
				"east": {"uv": [7.5, 5, 7.75, 5.25], "rotation": 90, "texture": "#0"},
				"south": {"uv": [6.25, 5, 7.75, 5.25], "texture": "#0"},
				"west": {"uv": [6.25, 5, 6.5, 5.25], "rotation": 270, "texture": "#0"},
				"up": {"uv": [6.25, 5, 7.75, 5.25], "texture": "#0"},
				"down": {"uv": [6.25, 5.25, 7.75, 5], "texture": "#0"}
			}
		},
		{
			"name": "halo (14)_12",
			"from": [8.25, 0, 5],
			"to": [9.75, 0.25, 5.25],
			"faces": {
				"north": {"uv": [9.75, 5, 8.25, 5.25], "texture": "#0"},
				"east": {"uv": [9.5, 5, 9.75, 5.25], "rotation": 90, "texture": "#0"},
				"south": {"uv": [8.25, 5, 9.75, 5.25], "texture": "#0"},
				"west": {"uv": [8.25, 5, 8.5, 5.25], "rotation": 270, "texture": "#0"},
				"up": {"uv": [8.25, 5, 9.75, 5.25], "texture": "#0"},
				"down": {"uv": [8.25, 5.25, 9.75, 5], "texture": "#0"}
			}
		},
		{
			"name": "halo (14)_13",
			"from": [6.25, 0, 5.25],
			"to": [7.5, 0.25, 5.5],
			"faces": {
				"north": {"uv": [7.5, 5.25, 6.25, 5.5], "texture": "#0"},
				"east": {"uv": [7.25, 5.25, 7.5, 5.5], "rotation": 90, "texture": "#0"},
				"south": {"uv": [6.25, 5.25, 7.5, 5.5], "texture": "#0"},
				"west": {"uv": [6.25, 5.25, 6.5, 5.5], "rotation": 270, "texture": "#0"},
				"up": {"uv": [6.25, 5.25, 7.5, 5.5], "texture": "#0"},
				"down": {"uv": [6.25, 5.5, 7.5, 5.25], "texture": "#0"}
			}
		},
		{
			"name": "halo (14)_14",
			"from": [8.5, 0, 5.25],
			"to": [9.75, 0.25, 5.5],
			"faces": {
				"north": {"uv": [9.75, 5.25, 8.5, 5.5], "texture": "#0"},
				"east": {"uv": [9.5, 5.25, 9.75, 5.5], "rotation": 90, "texture": "#0"},
				"south": {"uv": [8.5, 5.25, 9.75, 5.5], "texture": "#0"},
				"west": {"uv": [8.5, 5.25, 8.75, 5.5], "rotation": 270, "texture": "#0"},
				"up": {"uv": [8.5, 5.25, 9.75, 5.5], "texture": "#0"},
				"down": {"uv": [8.5, 5.5, 9.75, 5.25], "texture": "#0"}
			}
		},
		{
			"name": "halo (14)_15",
			"from": [6, 0, 5.5],
			"to": [7.5, 0.25, 5.75],
			"faces": {
				"north": {"uv": [7.5, 5.5, 6, 5.75], "texture": "#0"},
				"east": {"uv": [7.25, 5.5, 7.5, 5.75], "rotation": 90, "texture": "#0"},
				"south": {"uv": [6, 5.5, 7.5, 5.75], "texture": "#0"},
				"west": {"uv": [6, 5.5, 6.25, 5.75], "rotation": 270, "texture": "#0"},
				"up": {"uv": [6, 5.5, 7.5, 5.75], "texture": "#0"},
				"down": {"uv": [6, 5.75, 7.5, 5.5], "texture": "#0"}
			}
		},
		{
			"name": "halo (14)_16",
			"from": [8.5, 0, 5.5],
			"to": [10, 0.25, 5.75],
			"faces": {
				"north": {"uv": [10, 5.5, 8.5, 5.75], "texture": "#0"},
				"east": {"uv": [9.75, 5.5, 10, 5.75], "rotation": 90, "texture": "#0"},
				"south": {"uv": [8.5, 5.5, 10, 5.75], "texture": "#0"},
				"west": {"uv": [8.5, 5.5, 8.75, 5.75], "rotation": 270, "texture": "#0"},
				"up": {"uv": [8.5, 5.5, 10, 5.75], "texture": "#0"},
				"down": {"uv": [8.5, 5.75, 10, 5.5], "texture": "#0"}
			}
		},
		{
			"name": "halo (14)_17",
			"from": [6, 0, 5.75],
			"to": [7.25, 0.25, 6],
			"faces": {
				"north": {"uv": [7.25, 5.75, 6, 6], "texture": "#0"},
				"east": {"uv": [7, 5.75, 7.25, 6], "rotation": 90, "texture": "#0"},
				"south": {"uv": [6, 5.75, 7.25, 6], "texture": "#0"},
				"west": {"uv": [6, 5.75, 6.25, 6], "rotation": 270, "texture": "#0"},
				"up": {"uv": [6, 5.75, 7.25, 6], "texture": "#0"},
				"down": {"uv": [6, 6, 7.25, 5.75], "texture": "#0"}
			}
		},
		{
			"name": "halo (14)_18",
			"from": [8.75, 0, 5.75],
			"to": [10, 0.25, 6],
			"faces": {
				"north": {"uv": [10, 5.75, 8.75, 6], "texture": "#0"},
				"east": {"uv": [9.75, 5.75, 10, 6], "rotation": 90, "texture": "#0"},
				"south": {"uv": [8.75, 5.75, 10, 6], "texture": "#0"},
				"west": {"uv": [8.75, 5.75, 9, 6], "rotation": 270, "texture": "#0"},
				"up": {"uv": [8.75, 5.75, 10, 6], "texture": "#0"},
				"down": {"uv": [8.75, 6, 10, 5.75], "texture": "#0"}
			}
		},
		{
			"name": "halo (14)_19",
			"from": [5.75, 0, 6],
			"to": [7.25, 0.25, 6.25],
			"faces": {
				"north": {"uv": [7.25, 6, 5.75, 6.25], "texture": "#0"},
				"east": {"uv": [7, 6, 7.25, 6.25], "rotation": 90, "texture": "#0"},
				"south": {"uv": [5.75, 6, 7.25, 6.25], "texture": "#0"},
				"west": {"uv": [5.75, 6, 6, 6.25], "rotation": 270, "texture": "#0"},
				"up": {"uv": [5.75, 6, 7.25, 6.25], "texture": "#0"},
				"down": {"uv": [5.75, 6.25, 7.25, 6], "texture": "#0"}
			}
		},
		{
			"name": "halo (14)_20",
			"from": [8.75, 0, 6],
			"to": [10.25, 0.25, 6.25],
			"faces": {
				"north": {"uv": [10.25, 6, 8.75, 6.25], "texture": "#0"},
				"east": {"uv": [10, 6, 10.25, 6.25], "rotation": 90, "texture": "#0"},
				"south": {"uv": [8.75, 6, 10.25, 6.25], "texture": "#0"},
				"west": {"uv": [8.75, 6, 9, 6.25], "rotation": 270, "texture": "#0"},
				"up": {"uv": [8.75, 6, 10.25, 6.25], "texture": "#0"},
				"down": {"uv": [8.75, 6.25, 10.25, 6], "texture": "#0"}
			}
		},
		{
			"name": "halo (14)_21",
			"from": [5.75, 0, 6.25],
			"to": [7, 0.25, 6.5],
			"faces": {
				"north": {"uv": [7, 6.25, 5.75, 6.5], "texture": "#0"},
				"east": {"uv": [6.75, 6.25, 7, 6.5], "rotation": 90, "texture": "#0"},
				"south": {"uv": [5.75, 6.25, 7, 6.5], "texture": "#0"},
				"west": {"uv": [5.75, 6.25, 6, 6.5], "rotation": 270, "texture": "#0"},
				"up": {"uv": [5.75, 6.25, 7, 6.5], "texture": "#0"},
				"down": {"uv": [5.75, 6.5, 7, 6.25], "texture": "#0"}
			}
		},
		{
			"name": "halo (14)_22",
			"from": [9, 0, 6.25],
			"to": [10.25, 0.25, 6.5],
			"faces": {
				"north": {"uv": [10.25, 6.25, 9, 6.5], "texture": "#0"},
				"east": {"uv": [10, 6.25, 10.25, 6.5], "rotation": 90, "texture": "#0"},
				"south": {"uv": [9, 6.25, 10.25, 6.5], "texture": "#0"},
				"west": {"uv": [9, 6.25, 9.25, 6.5], "rotation": 270, "texture": "#0"},
				"up": {"uv": [9, 6.25, 10.25, 6.5], "texture": "#0"},
				"down": {"uv": [9, 6.5, 10.25, 6.25], "texture": "#0"}
			}
		},
		{
			"name": "halo (14)_23",
			"from": [5.5, 0, 6.5],
			"to": [7, 0.25, 6.75],
			"faces": {
				"north": {"uv": [7, 6.5, 5.5, 6.75], "texture": "#0"},
				"east": {"uv": [6.75, 6.5, 7, 6.75], "rotation": 90, "texture": "#0"},
				"south": {"uv": [5.5, 6.5, 7, 6.75], "texture": "#0"},
				"west": {"uv": [5.5, 6.5, 5.75, 6.75], "rotation": 270, "texture": "#0"},
				"up": {"uv": [5.5, 6.5, 7, 6.75], "texture": "#0"},
				"down": {"uv": [5.5, 6.75, 7, 6.5], "texture": "#0"}
			}
		},
		{
			"name": "halo (14)_24",
			"from": [9, 0, 6.5],
			"to": [10.5, 0.25, 6.75],
			"faces": {
				"north": {"uv": [10.5, 6.5, 9, 6.75], "texture": "#0"},
				"east": {"uv": [10.25, 6.5, 10.5, 6.75], "rotation": 90, "texture": "#0"},
				"south": {"uv": [9, 6.5, 10.5, 6.75], "texture": "#0"},
				"west": {"uv": [9, 6.5, 9.25, 6.75], "rotation": 270, "texture": "#0"},
				"up": {"uv": [9, 6.5, 10.5, 6.75], "texture": "#0"},
				"down": {"uv": [9, 6.75, 10.5, 6.5], "texture": "#0"}
			}
		},
		{
			"name": "halo (14)_25",
			"from": [5.5, 0, 6.75],
			"to": [6.75, 0.25, 7],
			"faces": {
				"north": {"uv": [6.75, 6.75, 5.5, 7], "texture": "#0"},
				"east": {"uv": [6.5, 6.75, 6.75, 7], "rotation": 90, "texture": "#0"},
				"south": {"uv": [5.5, 6.75, 6.75, 7], "texture": "#0"},
				"west": {"uv": [5.5, 6.75, 5.75, 7], "rotation": 270, "texture": "#0"},
				"up": {"uv": [5.5, 6.75, 6.75, 7], "texture": "#0"},
				"down": {"uv": [5.5, 7, 6.75, 6.75], "texture": "#0"}
			}
		},
		{
			"name": "halo (14)_26",
			"from": [9.25, 0, 6.75],
			"to": [10.5, 0.25, 7],
			"faces": {
				"north": {"uv": [10.5, 6.75, 9.25, 7], "texture": "#0"},
				"east": {"uv": [10.25, 6.75, 10.5, 7], "rotation": 90, "texture": "#0"},
				"south": {"uv": [9.25, 6.75, 10.5, 7], "texture": "#0"},
				"west": {"uv": [9.25, 6.75, 9.5, 7], "rotation": 270, "texture": "#0"},
				"up": {"uv": [9.25, 6.75, 10.5, 7], "texture": "#0"},
				"down": {"uv": [9.25, 7, 10.5, 6.75], "texture": "#0"}
			}
		},
		{
			"name": "halo (14)_27",
			"from": [5.25, 0, 7],
			"to": [6.75, 0.25, 7.25],
			"faces": {
				"north": {"uv": [6.75, 7, 5.25, 7.25], "texture": "#0"},
				"east": {"uv": [6.5, 7, 6.75, 7.25], "rotation": 90, "texture": "#0"},
				"south": {"uv": [5.25, 7, 6.75, 7.25], "texture": "#0"},
				"west": {"uv": [5.25, 7, 5.5, 7.25], "rotation": 270, "texture": "#0"},
				"up": {"uv": [5.25, 7, 6.75, 7.25], "texture": "#0"},
				"down": {"uv": [5.25, 7.25, 6.75, 7], "texture": "#0"}
			}
		},
		{
			"name": "halo (14)_28",
			"from": [9.25, 0, 7],
			"to": [10.75, 0.25, 7.25],
			"faces": {
				"north": {"uv": [10.75, 7, 9.25, 7.25], "texture": "#0"},
				"east": {"uv": [10.5, 7, 10.75, 7.25], "rotation": 90, "texture": "#0"},
				"south": {"uv": [9.25, 7, 10.75, 7.25], "texture": "#0"},
				"west": {"uv": [9.25, 7, 9.5, 7.25], "rotation": 270, "texture": "#0"},
				"up": {"uv": [9.25, 7, 10.75, 7.25], "texture": "#0"},
				"down": {"uv": [9.25, 7.25, 10.75, 7], "texture": "#0"}
			}
		},
		{
			"name": "halo (14)_29",
			"from": [5.25, 0, 7.25],
			"to": [6.5, 0.25, 7.5],
			"faces": {
				"north": {"uv": [6.5, 7.25, 5.25, 7.5], "texture": "#0"},
				"east": {"uv": [6.25, 7.25, 6.5, 7.5], "rotation": 90, "texture": "#0"},
				"south": {"uv": [5.25, 7.25, 6.5, 7.5], "texture": "#0"},
				"west": {"uv": [5.25, 7.25, 5.5, 7.5], "rotation": 270, "texture": "#0"},
				"up": {"uv": [5.25, 7.25, 6.5, 7.5], "texture": "#0"},
				"down": {"uv": [5.25, 7.5, 6.5, 7.25], "texture": "#0"}
			}
		},
		{
			"name": "halo (14)_30",
			"from": [9.5, 0, 7.25],
			"to": [10.75, 0.25, 7.5],
			"faces": {
				"north": {"uv": [10.75, 7.25, 9.5, 7.5], "texture": "#0"},
				"east": {"uv": [10.5, 7.25, 10.75, 7.5], "rotation": 90, "texture": "#0"},
				"south": {"uv": [9.5, 7.25, 10.75, 7.5], "texture": "#0"},
				"west": {"uv": [9.5, 7.25, 9.75, 7.5], "rotation": 270, "texture": "#0"},
				"up": {"uv": [9.5, 7.25, 10.75, 7.5], "texture": "#0"},
				"down": {"uv": [9.5, 7.5, 10.75, 7.25], "texture": "#0"}
			}
		},
		{
			"name": "halo (14)_31",
			"from": [5, 0, 7.5],
			"to": [6.5, 0.25, 7.75],
			"faces": {
				"north": {"uv": [6.5, 7.5, 5, 7.75], "texture": "#0"},
				"east": {"uv": [6.25, 7.5, 6.5, 7.75], "rotation": 90, "texture": "#0"},
				"south": {"uv": [5, 7.5, 6.5, 7.75], "texture": "#0"},
				"west": {"uv": [5, 7.5, 5.25, 7.75], "rotation": 270, "texture": "#0"},
				"up": {"uv": [5, 7.5, 6.5, 7.75], "texture": "#0"},
				"down": {"uv": [5, 7.75, 6.5, 7.5], "texture": "#0"}
			}
		},
		{
			"name": "halo (14)_32",
			"from": [9.5, 0, 7.5],
			"to": [11, 0.25, 7.75],
			"faces": {
				"north": {"uv": [11, 7.5, 9.5, 7.75], "texture": "#0"},
				"east": {"uv": [10.75, 7.5, 11, 7.75], "rotation": 90, "texture": "#0"},
				"south": {"uv": [9.5, 7.5, 11, 7.75], "texture": "#0"},
				"west": {"uv": [9.5, 7.5, 9.75, 7.75], "rotation": 270, "texture": "#0"},
				"up": {"uv": [9.5, 7.5, 11, 7.75], "texture": "#0"},
				"down": {"uv": [9.5, 7.75, 11, 7.5], "texture": "#0"}
			}
		},
		{
			"name": "halo (14)_33",
			"from": [5, 0, 7.75],
			"to": [6.25, 0.25, 8],
			"faces": {
				"north": {"uv": [6.25, 7.75, 5, 8], "texture": "#0"},
				"east": {"uv": [6, 7.75, 6.25, 8], "rotation": 90, "texture": "#0"},
				"south": {"uv": [5, 7.75, 6.25, 8], "texture": "#0"},
				"west": {"uv": [5, 7.75, 5.25, 8], "rotation": 270, "texture": "#0"},
				"up": {"uv": [5, 7.75, 6.25, 8], "texture": "#0"},
				"down": {"uv": [5, 8, 6.25, 7.75], "texture": "#0"}
			}
		},
		{
			"name": "halo (14)_34",
			"from": [9.75, 0, 7.75],
			"to": [11, 0.25, 8],
			"faces": {
				"north": {"uv": [11, 7.75, 9.75, 8], "texture": "#0"},
				"east": {"uv": [10.75, 7.75, 11, 8], "rotation": 90, "texture": "#0"},
				"south": {"uv": [9.75, 7.75, 11, 8], "texture": "#0"},
				"west": {"uv": [9.75, 7.75, 10, 8], "rotation": 270, "texture": "#0"},
				"up": {"uv": [9.75, 7.75, 11, 8], "texture": "#0"},
				"down": {"uv": [9.75, 8, 11, 7.75], "texture": "#0"}
			}
		},
		{
			"name": "halo (14)_35",
			"from": [4.75, 0, 8],
			"to": [6.25, 0.25, 8.25],
			"faces": {
				"north": {"uv": [6.25, 8, 4.75, 8.25], "texture": "#0"},
				"east": {"uv": [6, 8, 6.25, 8.25], "rotation": 90, "texture": "#0"},
				"south": {"uv": [4.75, 8, 6.25, 8.25], "texture": "#0"},
				"west": {"uv": [4.75, 8, 5, 8.25], "rotation": 270, "texture": "#0"},
				"up": {"uv": [4.75, 8, 6.25, 8.25], "texture": "#0"},
				"down": {"uv": [4.75, 8.25, 6.25, 8], "texture": "#0"}
			}
		},
		{
			"name": "halo (14)_36",
			"from": [9.75, 0, 8],
			"to": [11.25, 0.25, 8.25],
			"faces": {
				"north": {"uv": [11.25, 8, 9.75, 8.25], "texture": "#0"},
				"east": {"uv": [11, 8, 11.25, 8.25], "rotation": 90, "texture": "#0"},
				"south": {"uv": [9.75, 8, 11.25, 8.25], "texture": "#0"},
				"west": {"uv": [9.75, 8, 10, 8.25], "rotation": 270, "texture": "#0"},
				"up": {"uv": [9.75, 8, 11.25, 8.25], "texture": "#0"},
				"down": {"uv": [9.75, 8.25, 11.25, 8], "texture": "#0"}
			}
		},
		{
			"name": "halo (14)_37",
			"from": [4.75, 0, 8.25],
			"to": [6, 0.25, 8.5],
			"faces": {
				"north": {"uv": [6, 8.25, 4.75, 8.5], "texture": "#0"},
				"east": {"uv": [5.75, 8.25, 6, 8.5], "rotation": 90, "texture": "#0"},
				"south": {"uv": [4.75, 8.25, 6, 8.5], "texture": "#0"},
				"west": {"uv": [4.75, 8.25, 5, 8.5], "rotation": 270, "texture": "#0"},
				"up": {"uv": [4.75, 8.25, 6, 8.5], "texture": "#0"},
				"down": {"uv": [4.75, 8.5, 6, 8.25], "texture": "#0"}
			}
		},
		{
			"name": "halo (14)_38",
			"from": [10, 0, 8.25],
			"to": [11.25, 0.25, 8.5],
			"faces": {
				"north": {"uv": [11.25, 8.25, 10, 8.5], "texture": "#0"},
				"east": {"uv": [11, 8.25, 11.25, 8.5], "rotation": 90, "texture": "#0"},
				"south": {"uv": [10, 8.25, 11.25, 8.5], "texture": "#0"},
				"west": {"uv": [10, 8.25, 10.25, 8.5], "rotation": 270, "texture": "#0"},
				"up": {"uv": [10, 8.25, 11.25, 8.5], "texture": "#0"},
				"down": {"uv": [10, 8.5, 11.25, 8.25], "texture": "#0"}
			}
		},
		{
			"name": "halo (14)_39",
			"from": [4.5, 0, 8.5],
			"to": [6, 0.25, 8.75],
			"faces": {
				"north": {"uv": [6, 8.5, 4.5, 8.75], "texture": "#0"},
				"east": {"uv": [5.75, 8.5, 6, 8.75], "rotation": 90, "texture": "#0"},
				"south": {"uv": [4.5, 8.5, 6, 8.75], "texture": "#0"},
				"west": {"uv": [4.5, 8.5, 4.75, 8.75], "rotation": 270, "texture": "#0"},
				"up": {"uv": [4.5, 8.5, 6, 8.75], "texture": "#0"},
				"down": {"uv": [4.5, 8.75, 6, 8.5], "texture": "#0"}
			}
		},
		{
			"name": "halo (14)_40",
			"from": [10, 0, 8.5],
			"to": [11.5, 0.25, 8.75],
			"faces": {
				"north": {"uv": [11.5, 8.5, 10, 8.75], "texture": "#0"},
				"east": {"uv": [11.25, 8.5, 11.5, 8.75], "rotation": 90, "texture": "#0"},
				"south": {"uv": [10, 8.5, 11.5, 8.75], "texture": "#0"},
				"west": {"uv": [10, 8.5, 10.25, 8.75], "rotation": 270, "texture": "#0"},
				"up": {"uv": [10, 8.5, 11.5, 8.75], "texture": "#0"},
				"down": {"uv": [10, 8.75, 11.5, 8.5], "texture": "#0"}
			}
		},
		{
			"name": "halo (14)_41",
			"from": [4.5, 0, 8.75],
			"to": [5.75, 0.25, 9],
			"faces": {
				"north": {"uv": [5.75, 8.75, 4.5, 9], "texture": "#0"},
				"east": {"uv": [5.5, 8.75, 5.75, 9], "rotation": 90, "texture": "#0"},
				"south": {"uv": [4.5, 8.75, 5.75, 9], "texture": "#0"},
				"west": {"uv": [4.5, 8.75, 4.75, 9], "rotation": 270, "texture": "#0"},
				"up": {"uv": [4.5, 8.75, 5.75, 9], "texture": "#0"},
				"down": {"uv": [4.5, 9, 5.75, 8.75], "texture": "#0"}
			}
		},
		{
			"name": "halo (14)_42",
			"from": [10.25, 0, 8.75],
			"to": [11.5, 0.25, 9],
			"faces": {
				"north": {"uv": [11.5, 8.75, 10.25, 9], "texture": "#0"},
				"east": {"uv": [11.25, 8.75, 11.5, 9], "rotation": 90, "texture": "#0"},
				"south": {"uv": [10.25, 8.75, 11.5, 9], "texture": "#0"},
				"west": {"uv": [10.25, 8.75, 10.5, 9], "rotation": 270, "texture": "#0"},
				"up": {"uv": [10.25, 8.75, 11.5, 9], "texture": "#0"},
				"down": {"uv": [10.25, 9, 11.5, 8.75], "texture": "#0"}
			}
		},
		{
			"name": "halo (14)_43",
			"from": [4.25, 0, 9],
			"to": [5.75, 0.25, 9.25],
			"faces": {
				"north": {"uv": [5.75, 9, 4.25, 9.25], "texture": "#0"},
				"east": {"uv": [5.5, 9, 5.75, 9.25], "rotation": 90, "texture": "#0"},
				"south": {"uv": [4.25, 9, 5.75, 9.25], "texture": "#0"},
				"west": {"uv": [4.25, 9, 4.5, 9.25], "rotation": 270, "texture": "#0"},
				"up": {"uv": [4.25, 9, 5.75, 9.25], "texture": "#0"},
				"down": {"uv": [4.25, 9.25, 5.75, 9], "texture": "#0"}
			}
		},
		{
			"name": "halo (14)_44",
			"from": [10.25, 0, 9],
			"to": [11.75, 0.25, 9.25],
			"faces": {
				"north": {"uv": [11.75, 9, 10.25, 9.25], "texture": "#0"},
				"east": {"uv": [11.5, 9, 11.75, 9.25], "rotation": 90, "texture": "#0"},
				"south": {"uv": [10.25, 9, 11.75, 9.25], "texture": "#0"},
				"west": {"uv": [10.25, 9, 10.5, 9.25], "rotation": 270, "texture": "#0"},
				"up": {"uv": [10.25, 9, 11.75, 9.25], "texture": "#0"},
				"down": {"uv": [10.25, 9.25, 11.75, 9], "texture": "#0"}
			}
		},
		{
			"name": "halo (14)_45",
			"from": [4.25, 0, 9.25],
			"to": [5.5, 0.25, 9.5],
			"faces": {
				"north": {"uv": [5.5, 9.25, 4.25, 9.5], "texture": "#0"},
				"east": {"uv": [5.25, 9.25, 5.5, 9.5], "rotation": 90, "texture": "#0"},
				"south": {"uv": [4.25, 9.25, 5.5, 9.5], "texture": "#0"},
				"west": {"uv": [4.25, 9.25, 4.5, 9.5], "rotation": 270, "texture": "#0"},
				"up": {"uv": [4.25, 9.25, 5.5, 9.5], "texture": "#0"},
				"down": {"uv": [4.25, 9.5, 5.5, 9.25], "texture": "#0"}
			}
		},
		{
			"name": "halo (14)_46",
			"from": [10.5, 0, 9.25],
			"to": [11.75, 0.25, 9.5],
			"faces": {
				"north": {"uv": [11.75, 9.25, 10.5, 9.5], "texture": "#0"},
				"east": {"uv": [11.5, 9.25, 11.75, 9.5], "rotation": 90, "texture": "#0"},
				"south": {"uv": [10.5, 9.25, 11.75, 9.5], "texture": "#0"},
				"west": {"uv": [10.5, 9.25, 10.75, 9.5], "rotation": 270, "texture": "#0"},
				"up": {"uv": [10.5, 9.25, 11.75, 9.5], "texture": "#0"},
				"down": {"uv": [10.5, 9.5, 11.75, 9.25], "texture": "#0"}
			}
		},
		{
			"name": "halo (14)_47",
			"from": [4, 0, 9.5],
			"to": [5.5, 0.25, 9.75],
			"faces": {
				"north": {"uv": [5.5, 9.5, 4, 9.75], "texture": "#0"},
				"east": {"uv": [5.25, 9.5, 5.5, 9.75], "rotation": 90, "texture": "#0"},
				"south": {"uv": [4, 9.5, 5.5, 9.75], "texture": "#0"},
				"west": {"uv": [4, 9.5, 4.25, 9.75], "rotation": 270, "texture": "#0"},
				"up": {"uv": [4, 9.5, 5.5, 9.75], "texture": "#0"},
				"down": {"uv": [4, 9.75, 5.5, 9.5], "texture": "#0"}
			}
		},
		{
			"name": "halo (14)_48",
			"from": [10.5, 0, 9.5],
			"to": [12, 0.25, 9.75],
			"faces": {
				"north": {"uv": [12, 9.5, 10.5, 9.75], "texture": "#0"},
				"east": {"uv": [11.75, 9.5, 12, 9.75], "rotation": 90, "texture": "#0"},
				"south": {"uv": [10.5, 9.5, 12, 9.75], "texture": "#0"},
				"west": {"uv": [10.5, 9.5, 10.75, 9.75], "rotation": 270, "texture": "#0"},
				"up": {"uv": [10.5, 9.5, 12, 9.75], "texture": "#0"},
				"down": {"uv": [10.5, 9.75, 12, 9.5], "texture": "#0"}
			}
		},
		{
			"name": "halo (14)_49",
			"from": [4, 0, 9.75],
			"to": [5.25, 0.25, 10],
			"faces": {
				"north": {"uv": [5.25, 9.75, 4, 10], "texture": "#0"},
				"east": {"uv": [5, 9.75, 5.25, 10], "rotation": 90, "texture": "#0"},
				"south": {"uv": [4, 9.75, 5.25, 10], "texture": "#0"},
				"west": {"uv": [4, 9.75, 4.25, 10], "rotation": 270, "texture": "#0"},
				"up": {"uv": [4, 9.75, 5.25, 10], "texture": "#0"},
				"down": {"uv": [4, 10, 5.25, 9.75], "texture": "#0"}
			}
		},
		{
			"name": "halo (14)_50",
			"from": [10.75, 0, 9.75],
			"to": [12, 0.25, 10],
			"faces": {
				"north": {"uv": [12, 9.75, 10.75, 10], "texture": "#0"},
				"east": {"uv": [11.75, 9.75, 12, 10], "rotation": 90, "texture": "#0"},
				"south": {"uv": [10.75, 9.75, 12, 10], "texture": "#0"},
				"west": {"uv": [10.75, 9.75, 11, 10], "rotation": 270, "texture": "#0"},
				"up": {"uv": [10.75, 9.75, 12, 10], "texture": "#0"},
				"down": {"uv": [10.75, 10, 12, 9.75], "texture": "#0"}
			}
		},
		{
			"name": "halo (14)_51",
			"from": [3.75, 0, 10],
			"to": [5.25, 0.25, 10.25],
			"faces": {
				"north": {"uv": [5.25, 10, 3.75, 10.25], "texture": "#0"},
				"east": {"uv": [5, 10, 5.25, 10.25], "rotation": 90, "texture": "#0"},
				"south": {"uv": [3.75, 10, 5.25, 10.25], "texture": "#0"},
				"west": {"uv": [3.75, 10, 4, 10.25], "rotation": 270, "texture": "#0"},
				"up": {"uv": [3.75, 10, 5.25, 10.25], "texture": "#0"},
				"down": {"uv": [3.75, 10.25, 5.25, 10], "texture": "#0"}
			}
		},
		{
			"name": "halo (14)_52",
			"from": [10.75, 0, 10],
			"to": [12.25, 0.25, 10.25],
			"faces": {
				"north": {"uv": [12.25, 10, 10.75, 10.25], "texture": "#0"},
				"east": {"uv": [12, 10, 12.25, 10.25], "rotation": 90, "texture": "#0"},
				"south": {"uv": [10.75, 10, 12.25, 10.25], "texture": "#0"},
				"west": {"uv": [10.75, 10, 11, 10.25], "rotation": 270, "texture": "#0"},
				"up": {"uv": [10.75, 10, 12.25, 10.25], "texture": "#0"},
				"down": {"uv": [10.75, 10.25, 12.25, 10], "texture": "#0"}
			}
		},
		{
			"name": "halo (14)_53",
			"from": [3.75, 0, 10.25],
			"to": [5, 0.25, 10.5],
			"faces": {
				"north": {"uv": [5, 10.25, 3.75, 10.5], "texture": "#0"},
				"east": {"uv": [4.75, 10.25, 5, 10.5], "rotation": 90, "texture": "#0"},
				"south": {"uv": [3.75, 10.25, 5, 10.5], "texture": "#0"},
				"west": {"uv": [3.75, 10.25, 4, 10.5], "rotation": 270, "texture": "#0"},
				"up": {"uv": [3.75, 10.25, 5, 10.5], "texture": "#0"},
				"down": {"uv": [3.75, 10.5, 5, 10.25], "texture": "#0"}
			}
		},
		{
			"name": "halo (14)_54",
			"from": [11, 0, 10.25],
			"to": [12.25, 0.25, 10.5],
			"faces": {
				"north": {"uv": [12.25, 10.25, 11, 10.5], "texture": "#0"},
				"east": {"uv": [12, 10.25, 12.25, 10.5], "rotation": 90, "texture": "#0"},
				"south": {"uv": [11, 10.25, 12.25, 10.5], "texture": "#0"},
				"west": {"uv": [11, 10.25, 11.25, 10.5], "rotation": 270, "texture": "#0"},
				"up": {"uv": [11, 10.25, 12.25, 10.5], "texture": "#0"},
				"down": {"uv": [11, 10.5, 12.25, 10.25], "texture": "#0"}
			}
		},
		{
			"name": "halo (14)_55",
			"from": [3.5, 0, 10.5],
			"to": [5, 0.25, 10.75],
			"faces": {
				"north": {"uv": [5, 10.5, 3.5, 10.75], "texture": "#0"},
				"east": {"uv": [4.75, 10.5, 5, 10.75], "rotation": 90, "texture": "#0"},
				"south": {"uv": [3.5, 10.5, 5, 10.75], "texture": "#0"},
				"west": {"uv": [3.5, 10.5, 3.75, 10.75], "rotation": 270, "texture": "#0"},
				"up": {"uv": [3.5, 10.5, 5, 10.75], "texture": "#0"},
				"down": {"uv": [3.5, 10.75, 5, 10.5], "texture": "#0"}
			}
		},
		{
			"name": "halo (14)_56",
			"from": [11, 0, 10.5],
			"to": [12.5, 0.25, 10.75],
			"faces": {
				"north": {"uv": [12.5, 10.5, 11, 10.75], "texture": "#0"},
				"east": {"uv": [12.25, 10.5, 12.5, 10.75], "rotation": 90, "texture": "#0"},
				"south": {"uv": [11, 10.5, 12.5, 10.75], "texture": "#0"},
				"west": {"uv": [11, 10.5, 11.25, 10.75], "rotation": 270, "texture": "#0"},
				"up": {"uv": [11, 10.5, 12.5, 10.75], "texture": "#0"},
				"down": {"uv": [11, 10.75, 12.5, 10.5], "texture": "#0"}
			}
		},
		{
			"name": "halo (14)_57",
			"from": [3.5, 0, 10.75],
			"to": [4.75, 0.25, 11],
			"faces": {
				"north": {"uv": [4.75, 10.75, 3.5, 11], "texture": "#0"},
				"east": {"uv": [4.5, 10.75, 4.75, 11], "rotation": 90, "texture": "#0"},
				"south": {"uv": [3.5, 10.75, 4.75, 11], "texture": "#0"},
				"west": {"uv": [3.5, 10.75, 3.75, 11], "rotation": 270, "texture": "#0"},
				"up": {"uv": [3.5, 10.75, 4.75, 11], "texture": "#0"},
				"down": {"uv": [3.5, 11, 4.75, 10.75], "texture": "#0"}
			}
		},
		{
			"name": "halo (14)_58",
			"from": [11.25, 0, 10.75],
			"to": [12.5, 0.25, 11],
			"faces": {
				"north": {"uv": [12.5, 10.75, 11.25, 11], "texture": "#0"},
				"east": {"uv": [12.25, 10.75, 12.5, 11], "rotation": 90, "texture": "#0"},
				"south": {"uv": [11.25, 10.75, 12.5, 11], "texture": "#0"},
				"west": {"uv": [11.25, 10.75, 11.5, 11], "rotation": 270, "texture": "#0"},
				"up": {"uv": [11.25, 10.75, 12.5, 11], "texture": "#0"},
				"down": {"uv": [11.25, 11, 12.5, 10.75], "texture": "#0"}
			}
		},
		{
			"name": "halo (14)_59",
			"from": [3.25, 0, 11],
			"to": [4.75, 0.25, 11.25],
			"faces": {
				"north": {"uv": [4.75, 11, 3.25, 11.25], "texture": "#0"},
				"east": {"uv": [4.5, 11, 4.75, 11.25], "rotation": 90, "texture": "#0"},
				"south": {"uv": [3.25, 11, 4.75, 11.25], "texture": "#0"},
				"west": {"uv": [3.25, 11, 3.5, 11.25], "rotation": 270, "texture": "#0"},
				"up": {"uv": [3.25, 11, 4.75, 11.25], "texture": "#0"},
				"down": {"uv": [3.25, 11.25, 4.75, 11], "texture": "#0"}
			}
		},
		{
			"name": "halo (14)_60",
			"from": [11.25, 0, 11],
			"to": [12.75, 0.25, 11.25],
			"faces": {
				"north": {"uv": [12.75, 11, 11.25, 11.25], "texture": "#0"},
				"east": {"uv": [12.5, 11, 12.75, 11.25], "rotation": 90, "texture": "#0"},
				"south": {"uv": [11.25, 11, 12.75, 11.25], "texture": "#0"},
				"west": {"uv": [11.25, 11, 11.5, 11.25], "rotation": 270, "texture": "#0"},
				"up": {"uv": [11.25, 11, 12.75, 11.25], "texture": "#0"},
				"down": {"uv": [11.25, 11.25, 12.75, 11], "texture": "#0"}
			}
		},
		{
			"name": "halo (14)_61",
			"from": [3.25, 0, 11.25],
			"to": [4.5, 0.25, 11.5],
			"faces": {
				"north": {"uv": [4.5, 11.25, 3.25, 11.5], "texture": "#0"},
				"east": {"uv": [4.25, 11.25, 4.5, 11.5], "rotation": 90, "texture": "#0"},
				"south": {"uv": [3.25, 11.25, 4.5, 11.5], "texture": "#0"},
				"west": {"uv": [3.25, 11.25, 3.5, 11.5], "rotation": 270, "texture": "#0"},
				"up": {"uv": [3.25, 11.25, 4.5, 11.5], "texture": "#0"},
				"down": {"uv": [3.25, 11.5, 4.5, 11.25], "texture": "#0"}
			}
		},
		{
			"name": "halo (14)_62",
			"from": [11.5, 0, 11.25],
			"to": [12.75, 0.25, 11.5],
			"faces": {
				"north": {"uv": [12.75, 11.25, 11.5, 11.5], "texture": "#0"},
				"east": {"uv": [12.5, 11.25, 12.75, 11.5], "rotation": 90, "texture": "#0"},
				"south": {"uv": [11.5, 11.25, 12.75, 11.5], "texture": "#0"},
				"west": {"uv": [11.5, 11.25, 11.75, 11.5], "rotation": 270, "texture": "#0"},
				"up": {"uv": [11.5, 11.25, 12.75, 11.5], "texture": "#0"},
				"down": {"uv": [11.5, 11.5, 12.75, 11.25], "texture": "#0"}
			}
		},
		{
			"name": "halo (14)_63",
			"from": [3, 0, 11.5],
			"to": [4.5, 0.25, 11.75],
			"faces": {
				"north": {"uv": [4.5, 11.5, 3, 11.75], "texture": "#0"},
				"east": {"uv": [4.25, 11.5, 4.5, 11.75], "rotation": 90, "texture": "#0"},
				"south": {"uv": [3, 11.5, 4.5, 11.75], "texture": "#0"},
				"west": {"uv": [3, 11.5, 3.25, 11.75], "rotation": 270, "texture": "#0"},
				"up": {"uv": [3, 11.5, 4.5, 11.75], "texture": "#0"},
				"down": {"uv": [3, 11.75, 4.5, 11.5], "texture": "#0"}
			}
		},
		{
			"name": "halo (14)_64",
			"from": [11.5, 0, 11.5],
			"to": [13, 0.25, 11.75],
			"faces": {
				"north": {"uv": [13, 11.5, 11.5, 11.75], "texture": "#0"},
				"east": {"uv": [12.75, 11.5, 13, 11.75], "rotation": 90, "texture": "#0"},
				"south": {"uv": [11.5, 11.5, 13, 11.75], "texture": "#0"},
				"west": {"uv": [11.5, 11.5, 11.75, 11.75], "rotation": 270, "texture": "#0"},
				"up": {"uv": [11.5, 11.5, 13, 11.75], "texture": "#0"},
				"down": {"uv": [11.5, 11.75, 13, 11.5], "texture": "#0"}
			}
		},
		{
			"name": "halo (14)_65",
			"from": [3, 0, 11.75],
			"to": [4.25, 0.25, 12],
			"faces": {
				"north": {"uv": [4.25, 11.75, 3, 12], "texture": "#0"},
				"east": {"uv": [4, 11.75, 4.25, 12], "rotation": 90, "texture": "#0"},
				"south": {"uv": [3, 11.75, 4.25, 12], "texture": "#0"},
				"west": {"uv": [3, 11.75, 3.25, 12], "rotation": 270, "texture": "#0"},
				"up": {"uv": [3, 11.75, 4.25, 12], "texture": "#0"},
				"down": {"uv": [3, 12, 4.25, 11.75], "texture": "#0"}
			}
		},
		{
			"name": "halo (14)_66",
			"from": [11.75, 0, 11.75],
			"to": [13, 0.25, 12],
			"faces": {
				"north": {"uv": [13, 11.75, 11.75, 12], "texture": "#0"},
				"east": {"uv": [12.75, 11.75, 13, 12], "rotation": 90, "texture": "#0"},
				"south": {"uv": [11.75, 11.75, 13, 12], "texture": "#0"},
				"west": {"uv": [11.75, 11.75, 12, 12], "rotation": 270, "texture": "#0"},
				"up": {"uv": [11.75, 11.75, 13, 12], "texture": "#0"},
				"down": {"uv": [11.75, 12, 13, 11.75], "texture": "#0"}
			}
		},
		{
			"name": "halo (14)_67",
			"from": [2.75, 0, 12],
			"to": [4.25, 0.25, 12.25],
			"faces": {
				"north": {"uv": [4.25, 12, 2.75, 12.25], "texture": "#0"},
				"east": {"uv": [4, 12, 4.25, 12.25], "rotation": 90, "texture": "#0"},
				"south": {"uv": [2.75, 12, 4.25, 12.25], "texture": "#0"},
				"west": {"uv": [2.75, 12, 3, 12.25], "rotation": 270, "texture": "#0"},
				"up": {"uv": [2.75, 12, 4.25, 12.25], "texture": "#0"},
				"down": {"uv": [2.75, 12.25, 4.25, 12], "texture": "#0"}
			}
		},
		{
			"name": "halo (14)_68",
			"from": [11.75, 0, 12],
			"to": [13.25, 0.25, 12.25],
			"faces": {
				"north": {"uv": [13.25, 12, 11.75, 12.25], "texture": "#0"},
				"east": {"uv": [13, 12, 13.25, 12.25], "rotation": 90, "texture": "#0"},
				"south": {"uv": [11.75, 12, 13.25, 12.25], "texture": "#0"},
				"west": {"uv": [11.75, 12, 12, 12.25], "rotation": 270, "texture": "#0"},
				"up": {"uv": [11.75, 12, 13.25, 12.25], "texture": "#0"},
				"down": {"uv": [11.75, 12.25, 13.25, 12], "texture": "#0"}
			}
		},
		{
			"name": "halo (14)_69",
			"from": [2.75, 0, 12.25],
			"to": [4, 0.25, 12.5],
			"faces": {
				"north": {"uv": [4, 12.25, 2.75, 12.5], "texture": "#0"},
				"east": {"uv": [3.75, 12.25, 4, 12.5], "rotation": 90, "texture": "#0"},
				"south": {"uv": [2.75, 12.25, 4, 12.5], "texture": "#0"},
				"west": {"uv": [2.75, 12.25, 3, 12.5], "rotation": 270, "texture": "#0"},
				"up": {"uv": [2.75, 12.25, 4, 12.5], "texture": "#0"},
				"down": {"uv": [2.75, 12.5, 4, 12.25], "texture": "#0"}
			}
		},
		{
			"name": "halo (14)_70",
			"from": [12, 0, 12.25],
			"to": [13.25, 0.25, 12.5],
			"faces": {
				"north": {"uv": [13.25, 12.25, 12, 12.5], "texture": "#0"},
				"east": {"uv": [13, 12.25, 13.25, 12.5], "rotation": 90, "texture": "#0"},
				"south": {"uv": [12, 12.25, 13.25, 12.5], "texture": "#0"},
				"west": {"uv": [12, 12.25, 12.25, 12.5], "rotation": 270, "texture": "#0"},
				"up": {"uv": [12, 12.25, 13.25, 12.5], "texture": "#0"},
				"down": {"uv": [12, 12.5, 13.25, 12.25], "texture": "#0"}
			}
		},
		{
			"name": "halo (14)_71",
			"from": [2.5, 0, 12.5],
			"to": [13.5, 0.25, 12.75],
			"faces": {
				"north": {"uv": [13.5, 12.5, 2.5, 12.75], "texture": "#0"},
				"east": {"uv": [13.25, 12.5, 13.5, 12.75], "rotation": 90, "texture": "#0"},
				"south": {"uv": [2.5, 12.5, 13.5, 12.75], "texture": "#0"},
				"west": {"uv": [2.5, 12.5, 2.75, 12.75], "rotation": 270, "texture": "#0"},
				"up": {"uv": [2.5, 12.5, 13.5, 12.75], "texture": "#0"},
				"down": {"uv": [2.5, 12.75, 13.5, 12.5], "texture": "#0"}
			}
		},
		{
			"name": "halo (14)_72",
			"from": [2.5, 0, 12.75],
			"to": [13.5, 0.25, 13],
			"faces": {
				"north": {"uv": [13.5, 12.75, 2.5, 13], "texture": "#0"},
				"east": {"uv": [13.25, 12.75, 13.5, 13], "rotation": 90, "texture": "#0"},
				"south": {"uv": [2.5, 12.75, 13.5, 13], "texture": "#0"},
				"west": {"uv": [2.5, 12.75, 2.75, 13], "rotation": 270, "texture": "#0"},
				"up": {"uv": [2.5, 12.75, 13.5, 13], "texture": "#0"},
				"down": {"uv": [2.5, 13, 13.5, 12.75], "texture": "#0"}
			}
		},
		{
			"name": "halo (14)_73",
			"from": [2.5, 0, 13],
			"to": [13.5, 0.25, 13.25],
			"faces": {
				"north": {"uv": [13.5, 13, 2.5, 13.25], "texture": "#0"},
				"east": {"uv": [13.25, 13, 13.5, 13.25], "rotation": 90, "texture": "#0"},
				"south": {"uv": [2.5, 13, 13.5, 13.25], "texture": "#0"},
				"west": {"uv": [2.5, 13, 2.75, 13.25], "rotation": 270, "texture": "#0"},
				"up": {"uv": [2.5, 13, 13.5, 13.25], "texture": "#0"},
				"down": {"uv": [2.5, 13.25, 13.5, 13], "texture": "#0"}
			}
		},
		{
			"name": "halo (14)_74",
			"from": [2.5, 0, 13.25],
			"to": [13.5, 0.25, 13.5],
			"faces": {
				"north": {"uv": [13.5, 13.25, 2.5, 13.5], "texture": "#0"},
				"east": {"uv": [13.25, 13.25, 13.5, 13.5], "rotation": 90, "texture": "#0"},
				"south": {"uv": [2.5, 13.25, 13.5, 13.5], "texture": "#0"},
				"west": {"uv": [2.5, 13.25, 2.75, 13.5], "rotation": 270, "texture": "#0"},
				"up": {"uv": [2.5, 13.25, 13.5, 13.5], "texture": "#0"},
				"down": {"uv": [2.5, 13.5, 13.5, 13.25], "texture": "#0"}
			}
		}
	],
	"display": {
		"gui": {
			"rotation": [90, 0, 0]
		},
		"head": {
			"rotation": [20, 0, 0],
			"translation": [0, 17, 10]
		}
	},
	"groups": [
		{
			"name": "halo (14)",
			"origin": [8, 8, 8],
			"color": 0,
			"children": [
				0,
				1,
				2,
				3,
				4,
				5,
				6,
				7,
				8,
				9,
				10,
				11,
				12,
				13,
				14,
				15,
				16,
				17,
				18,
				19,
				20,
				21,
				22,
				23,
				24,
				25,
				26,
				27,
				28,
				29,
				30,
				31,
				32,
				33,
				34,
				35,
				36,
				37,
				38,
				39,
				40,
				41,
				42,
				43,
				44,
				45,
				46,
				47,
				48,
				49,
				50,
				51,
				52,
				53,
				54,
				55,
				56,
				57,
				58,
				59,
				60,
				61,
				62,
				63,
				64,
				65,
				66,
				67,
				68,
				69,
				70,
				71,
				72,
				73,
				74
			]
		}
	]
}