{
	"credit": "Made with Blockbench",
	"textures": {
		"0": "items/3d/halo (32)",
		"particle": "items/3d/halo (32)"
	},
	"elements": [
		{
			"name": "halo (32)_0",
			"from": [10.25, 0, 2.75],
			"to": [10.75, 0.25, 3],
			"faces": {
				"north": {"uv": [10.75, 2.75, 10.25, 3], "texture": "#0"},
				"east": {"uv": [10.5, 2.75, 10.75, 3], "rotation": 90, "texture": "#0"},
				"south": {"uv": [10.25, 2.75, 10.75, 3], "texture": "#0"},
				"west": {"uv": [10.25, 2.75, 10.5, 3], "rotation": 270, "texture": "#0"},
				"up": {"uv": [10.25, 2.75, 10.75, 3], "texture": "#0"},
				"down": {"uv": [10.25, 3, 10.75, 2.75], "texture": "#0"}
			}
		},
		{
			"name": "halo (32)_1",
			"from": [10, 0, 3],
			"to": [11, 0.25, 3.25],
			"faces": {
				"north": {"uv": [11, 3, 10, 3.25], "texture": "#0"},
				"east": {"uv": [10.75, 3, 11, 3.25], "rotation": 90, "texture": "#0"},
				"south": {"uv": [10, 3, 11, 3.25], "texture": "#0"},
				"west": {"uv": [10, 3, 10.25, 3.25], "rotation": 270, "texture": "#0"},
				"up": {"uv": [10, 3, 11, 3.25], "texture": "#0"},
				"down": {"uv": [10, 3.25, 11, 3], "texture": "#0"}
			}
		},
		{
			"name": "halo (32)_2",
			"from": [9.75, 0, 3.25],
			"to": [11.25, 0.25, 3.5],
			"faces": {
				"north": {"uv": [11.25, 3.25, 9.75, 3.5], "texture": "#0"},
				"east": {"uv": [11, 3.25, 11.25, 3.5], "rotation": 90, "texture": "#0"},
				"south": {"uv": [9.75, 3.25, 11.25, 3.5], "texture": "#0"},
				"west": {"uv": [9.75, 3.25, 10, 3.5], "rotation": 270, "texture": "#0"},
				"up": {"uv": [9.75, 3.25, 11.25, 3.5], "texture": "#0"},
				"down": {"uv": [9.75, 3.5, 11.25, 3.25], "texture": "#0"}
			}
		},
		{
			"name": "halo (32)_3",
			"from": [9.5, 0, 3.5],
			"to": [11.5, 0.25, 3.75],
			"faces": {
				"north": {"uv": [11.5, 3.5, 9.5, 3.75], "texture": "#0"},
				"east": {"uv": [11.25, 3.5, 11.5, 3.75], "rotation": 90, "texture": "#0"},
				"south": {"uv": [9.5, 3.5, 11.5, 3.75], "texture": "#0"},
				"west": {"uv": [9.5, 3.5, 9.75, 3.75], "rotation": 270, "texture": "#0"},
				"up": {"uv": [9.5, 3.5, 11.5, 3.75], "texture": "#0"},
				"down": {"uv": [9.5, 3.75, 11.5, 3.5], "texture": "#0"}
			}
		},
		{
			"name": "halo (32)_4",
			"from": [9.25, 0, 3.75],
			"to": [11.75, 0.25, 4],
			"faces": {
				"north": {"uv": [11.75, 3.75, 9.25, 4], "texture": "#0"},
				"east": {"uv": [11.5, 3.75, 11.75, 4], "rotation": 90, "texture": "#0"},
				"south": {"uv": [9.25, 3.75, 11.75, 4], "texture": "#0"},
				"west": {"uv": [9.25, 3.75, 9.5, 4], "rotation": 270, "texture": "#0"},
				"up": {"uv": [9.25, 3.75, 11.75, 4], "texture": "#0"},
				"down": {"uv": [9.25, 4, 11.75, 3.75], "texture": "#0"}
			}
		},
		{
			"name": "halo (32)_5",
			"from": [9, 0, 4],
			"to": [12, 0.25, 4.25],
			"faces": {
				"north": {"uv": [12, 4, 9, 4.25], "texture": "#0"},
				"east": {"uv": [11.75, 4, 12, 4.25], "rotation": 90, "texture": "#0"},
				"south": {"uv": [9, 4, 12, 4.25], "texture": "#0"},
				"west": {"uv": [9, 4, 9.25, 4.25], "rotation": 270, "texture": "#0"},
				"up": {"uv": [9, 4, 12, 4.25], "texture": "#0"},
				"down": {"uv": [9, 4.25, 12, 4], "texture": "#0"}
			}
		},
		{
			"name": "halo (32)_6",
			"from": [8.75, 0, 4.25],
			"to": [12.25, 0.25, 4.5],
			"faces": {
				"north": {"uv": [12.25, 4.25, 8.75, 4.5], "texture": "#0"},
				"east": {"uv": [12, 4.25, 12.25, 4.5], "rotation": 90, "texture": "#0"},
				"south": {"uv": [8.75, 4.25, 12.25, 4.5], "texture": "#0"},
				"west": {"uv": [8.75, 4.25, 9, 4.5], "rotation": 270, "texture": "#0"},
				"up": {"uv": [8.75, 4.25, 12.25, 4.5], "texture": "#0"},
				"down": {"uv": [8.75, 4.5, 12.25, 4.25], "texture": "#0"}
			}
		},
		{
			"name": "halo (32)_7",
			"from": [8.5, 0, 4.5],
			"to": [10.25, 0.25, 4.75],
			"faces": {
				"north": {"uv": [10.25, 4.5, 8.5, 4.75], "texture": "#0"},
				"east": {"uv": [10, 4.5, 10.25, 4.75], "rotation": 90, "texture": "#0"},
				"south": {"uv": [8.5, 4.5, 10.25, 4.75], "texture": "#0"},
				"west": {"uv": [8.5, 4.5, 8.75, 4.75], "rotation": 270, "texture": "#0"},
				"up": {"uv": [8.5, 4.5, 10.25, 4.75], "texture": "#0"},
				"down": {"uv": [8.5, 4.75, 10.25, 4.5], "texture": "#0"}
			}
		},
		{
			"name": "halo (32)_8",
			"from": [10.75, 0, 4.5],
			"to": [12.5, 0.25, 4.75],
			"faces": {
				"north": {"uv": [12.5, 4.5, 10.75, 4.75], "texture": "#0"},
				"east": {"uv": [12.25, 4.5, 12.5, 4.75], "rotation": 90, "texture": "#0"},
				"south": {"uv": [10.75, 4.5, 12.5, 4.75], "texture": "#0"},
				"west": {"uv": [10.75, 4.5, 11, 4.75], "rotation": 270, "texture": "#0"},
				"up": {"uv": [10.75, 4.5, 12.5, 4.75], "texture": "#0"},
				"down": {"uv": [10.75, 4.75, 12.5, 4.5], "texture": "#0"}
			}
		},
		{
			"name": "halo (32)_9",
			"from": [8.25, 0, 4.75],
			"to": [10, 0.25, 5],
			"faces": {
				"north": {"uv": [10, 4.75, 8.25, 5], "texture": "#0"},
				"east": {"uv": [9.75, 4.75, 10, 5], "rotation": 90, "texture": "#0"},
				"south": {"uv": [8.25, 4.75, 10, 5], "texture": "#0"},
				"west": {"uv": [8.25, 4.75, 8.5, 5], "rotation": 270, "texture": "#0"},
				"up": {"uv": [8.25, 4.75, 10, 5], "texture": "#0"},
				"down": {"uv": [8.25, 5, 10, 4.75], "texture": "#0"}
			}
		},
		{
			"name": "halo (32)_10",
			"from": [11, 0, 4.75],
			"to": [12.75, 0.25, 5],
			"faces": {
				"north": {"uv": [12.75, 4.75, 11, 5], "texture": "#0"},
				"east": {"uv": [12.5, 4.75, 12.75, 5], "rotation": 90, "texture": "#0"},
				"south": {"uv": [11, 4.75, 12.75, 5], "texture": "#0"},
				"west": {"uv": [11, 4.75, 11.25, 5], "rotation": 270, "texture": "#0"},
				"up": {"uv": [11, 4.75, 12.75, 5], "texture": "#0"},
				"down": {"uv": [11, 5, 12.75, 4.75], "texture": "#0"}
			}
		},
		{
			"name": "halo (32)_11",
			"from": [8, 0, 5],
			"to": [9.75, 0.25, 5.25],
			"faces": {
				"north": {"uv": [9.75, 5, 8, 5.25], "texture": "#0"},
				"east": {"uv": [9.5, 5, 9.75, 5.25], "rotation": 90, "texture": "#0"},
				"south": {"uv": [8, 5, 9.75, 5.25], "texture": "#0"},
				"west": {"uv": [8, 5, 8.25, 5.25], "rotation": 270, "texture": "#0"},
				"up": {"uv": [8, 5, 9.75, 5.25], "texture": "#0"},
				"down": {"uv": [8, 5.25, 9.75, 5], "texture": "#0"}
			}
		},
		{
			"name": "halo (32)_12",
			"from": [11.25, 0, 5],
			"to": [13, 0.25, 5.25],
			"faces": {
				"north": {"uv": [13, 5, 11.25, 5.25], "texture": "#0"},
				"east": {"uv": [12.75, 5, 13, 5.25], "rotation": 90, "texture": "#0"},
				"south": {"uv": [11.25, 5, 13, 5.25], "texture": "#0"},
				"west": {"uv": [11.25, 5, 11.5, 5.25], "rotation": 270, "texture": "#0"},
				"up": {"uv": [11.25, 5, 13, 5.25], "texture": "#0"},
				"down": {"uv": [11.25, 5.25, 13, 5], "texture": "#0"}
			}
		},
		{
			"name": "halo (32)_13",
			"from": [7.75, 0, 5.25],
			"to": [9.5, 0.25, 5.5],
			"faces": {
				"north": {"uv": [9.5, 5.25, 7.75, 5.5], "texture": "#0"},
				"east": {"uv": [9.25, 5.25, 9.5, 5.5], "rotation": 90, "texture": "#0"},
				"south": {"uv": [7.75, 5.25, 9.5, 5.5], "texture": "#0"},
				"west": {"uv": [7.75, 5.25, 8, 5.5], "rotation": 270, "texture": "#0"},
				"up": {"uv": [7.75, 5.25, 9.5, 5.5], "texture": "#0"},
				"down": {"uv": [7.75, 5.5, 9.5, 5.25], "texture": "#0"}
			}
		},
		{
			"name": "halo (32)_14",
			"from": [11.5, 0, 5.25],
			"to": [13.25, 0.25, 5.5],
			"faces": {
				"north": {"uv": [13.25, 5.25, 11.5, 5.5], "texture": "#0"},
				"east": {"uv": [13, 5.25, 13.25, 5.5], "rotation": 90, "texture": "#0"},
				"south": {"uv": [11.5, 5.25, 13.25, 5.5], "texture": "#0"},
				"west": {"uv": [11.5, 5.25, 11.75, 5.5], "rotation": 270, "texture": "#0"},
				"up": {"uv": [11.5, 5.25, 13.25, 5.5], "texture": "#0"},
				"down": {"uv": [11.5, 5.5, 13.25, 5.25], "texture": "#0"}
			}
		},
		{
			"name": "halo (32)_15",
			"from": [7.5, 0, 5.5],
			"to": [9.25, 0.25, 5.75],
			"faces": {
				"north": {"uv": [9.25, 5.5, 7.5, 5.75], "texture": "#0"},
				"east": {"uv": [9, 5.5, 9.25, 5.75], "rotation": 90, "texture": "#0"},
				"south": {"uv": [7.5, 5.5, 9.25, 5.75], "texture": "#0"},
				"west": {"uv": [7.5, 5.5, 7.75, 5.75], "rotation": 270, "texture": "#0"},
				"up": {"uv": [7.5, 5.5, 9.25, 5.75], "texture": "#0"},
				"down": {"uv": [7.5, 5.75, 9.25, 5.5], "texture": "#0"}
			}
		},
		{
			"name": "halo (32)_16",
			"from": [11.75, 0, 5.5],
			"to": [13.5, 0.25, 5.75],
			"faces": {
				"north": {"uv": [13.5, 5.5, 11.75, 5.75], "texture": "#0"},
				"east": {"uv": [13.25, 5.5, 13.5, 5.75], "rotation": 90, "texture": "#0"},
				"south": {"uv": [11.75, 5.5, 13.5, 5.75], "texture": "#0"},
				"west": {"uv": [11.75, 5.5, 12, 5.75], "rotation": 270, "texture": "#0"},
				"up": {"uv": [11.75, 5.5, 13.5, 5.75], "texture": "#0"},
				"down": {"uv": [11.75, 5.75, 13.5, 5.5], "texture": "#0"}
			}
		},
		{
			"name": "halo (32)_17",
			"from": [7.25, 0, 5.75],
			"to": [9, 0.25, 6],
			"faces": {
				"north": {"uv": [9, 5.75, 7.25, 6], "texture": "#0"},
				"east": {"uv": [8.75, 5.75, 9, 6], "rotation": 90, "texture": "#0"},
				"south": {"uv": [7.25, 5.75, 9, 6], "texture": "#0"},
				"west": {"uv": [7.25, 5.75, 7.5, 6], "rotation": 270, "texture": "#0"},
				"up": {"uv": [7.25, 5.75, 9, 6], "texture": "#0"},
				"down": {"uv": [7.25, 6, 9, 5.75], "texture": "#0"}
			}
		},
		{
			"name": "halo (32)_18",
			"from": [12, 0, 5.75],
			"to": [13.75, 0.25, 6],
			"faces": {
				"north": {"uv": [13.75, 5.75, 12, 6], "texture": "#0"},
				"east": {"uv": [13.5, 5.75, 13.75, 6], "rotation": 90, "texture": "#0"},
				"south": {"uv": [12, 5.75, 13.75, 6], "texture": "#0"},
				"west": {"uv": [12, 5.75, 12.25, 6], "rotation": 270, "texture": "#0"},
				"up": {"uv": [12, 5.75, 13.75, 6], "texture": "#0"},
				"down": {"uv": [12, 6, 13.75, 5.75], "texture": "#0"}
			}
		},
		{
			"name": "halo (32)_19",
			"from": [7, 0, 6],
			"to": [8.75, 0.25, 6.25],
			"faces": {
				"north": {"uv": [8.75, 6, 7, 6.25], "texture": "#0"},
				"east": {"uv": [8.5, 6, 8.75, 6.25], "rotation": 90, "texture": "#0"},
				"south": {"uv": [7, 6, 8.75, 6.25], "texture": "#0"},
				"west": {"uv": [7, 6, 7.25, 6.25], "rotation": 270, "texture": "#0"},
				"up": {"uv": [7, 6, 8.75, 6.25], "texture": "#0"},
				"down": {"uv": [7, 6.25, 8.75, 6], "texture": "#0"}
			}
		},
		{
			"name": "halo (32)_20",
			"from": [12.25, 0, 6],
			"to": [14, 0.25, 6.25],
			"faces": {
				"north": {"uv": [14, 6, 12.25, 6.25], "texture": "#0"},
				"east": {"uv": [13.75, 6, 14, 6.25], "rotation": 90, "texture": "#0"},
				"south": {"uv": [12.25, 6, 14, 6.25], "texture": "#0"},
				"west": {"uv": [12.25, 6, 12.5, 6.25], "rotation": 270, "texture": "#0"},
				"up": {"uv": [12.25, 6, 14, 6.25], "texture": "#0"},
				"down": {"uv": [12.25, 6.25, 14, 6], "texture": "#0"}
			}
		},
		{
			"name": "halo (32)_21",
			"from": [6.75, 0, 6.25],
			"to": [8.5, 0.25, 6.5],
			"faces": {
				"north": {"uv": [8.5, 6.25, 6.75, 6.5], "texture": "#0"},
				"east": {"uv": [8.25, 6.25, 8.5, 6.5], "rotation": 90, "texture": "#0"},
				"south": {"uv": [6.75, 6.25, 8.5, 6.5], "texture": "#0"},
				"west": {"uv": [6.75, 6.25, 7, 6.5], "rotation": 270, "texture": "#0"},
				"up": {"uv": [6.75, 6.25, 8.5, 6.5], "texture": "#0"},
				"down": {"uv": [6.75, 6.5, 8.5, 6.25], "texture": "#0"}
			}
		},
		{
			"name": "halo (32)_22",
			"from": [12.5, 0, 6.25],
			"to": [14.25, 0.25, 6.5],
			"faces": {
				"north": {"uv": [14.25, 6.25, 12.5, 6.5], "texture": "#0"},
				"east": {"uv": [14, 6.25, 14.25, 6.5], "rotation": 90, "texture": "#0"},
				"south": {"uv": [12.5, 6.25, 14.25, 6.5], "texture": "#0"},
				"west": {"uv": [12.5, 6.25, 12.75, 6.5], "rotation": 270, "texture": "#0"},
				"up": {"uv": [12.5, 6.25, 14.25, 6.5], "texture": "#0"},
				"down": {"uv": [12.5, 6.5, 14.25, 6.25], "texture": "#0"}
			}
		},
		{
			"name": "halo (32)_23",
			"from": [6.5, 0, 6.5],
			"to": [8.25, 0.25, 6.75],
			"faces": {
				"north": {"uv": [8.25, 6.5, 6.5, 6.75], "texture": "#0"},
				"east": {"uv": [8, 6.5, 8.25, 6.75], "rotation": 90, "texture": "#0"},
				"south": {"uv": [6.5, 6.5, 8.25, 6.75], "texture": "#0"},
				"west": {"uv": [6.5, 6.5, 6.75, 6.75], "rotation": 270, "texture": "#0"},
				"up": {"uv": [6.5, 6.5, 8.25, 6.75], "texture": "#0"},
				"down": {"uv": [6.5, 6.75, 8.25, 6.5], "texture": "#0"}
			}
		},
		{
			"name": "halo (32)_24",
			"from": [12.75, 0, 6.5],
			"to": [14.5, 0.25, 6.75],
			"faces": {
				"north": {"uv": [14.5, 6.5, 12.75, 6.75], "texture": "#0"},
				"east": {"uv": [14.25, 6.5, 14.5, 6.75], "rotation": 90, "texture": "#0"},
				"south": {"uv": [12.75, 6.5, 14.5, 6.75], "texture": "#0"},
				"west": {"uv": [12.75, 6.5, 13, 6.75], "rotation": 270, "texture": "#0"},
				"up": {"uv": [12.75, 6.5, 14.5, 6.75], "texture": "#0"},
				"down": {"uv": [12.75, 6.75, 14.5, 6.5], "texture": "#0"}
			}
		},
		{
			"name": "halo (32)_25",
			"from": [6.25, 0, 6.75],
			"to": [8, 0.25, 7],
			"faces": {
				"north": {"uv": [8, 6.75, 6.25, 7], "texture": "#0"},
				"east": {"uv": [7.75, 6.75, 8, 7], "rotation": 90, "texture": "#0"},
				"south": {"uv": [6.25, 6.75, 8, 7], "texture": "#0"},
				"west": {"uv": [6.25, 6.75, 6.5, 7], "rotation": 270, "texture": "#0"},
				"up": {"uv": [6.25, 6.75, 8, 7], "texture": "#0"},
				"down": {"uv": [6.25, 7, 8, 6.75], "texture": "#0"}
			}
		},
		{
			"name": "halo (32)_26",
			"from": [13, 0, 6.75],
			"to": [14.75, 0.25, 7],
			"faces": {
				"north": {"uv": [14.75, 6.75, 13, 7], "texture": "#0"},
				"east": {"uv": [14.5, 6.75, 14.75, 7], "rotation": 90, "texture": "#0"},
				"south": {"uv": [13, 6.75, 14.75, 7], "texture": "#0"},
				"west": {"uv": [13, 6.75, 13.25, 7], "rotation": 270, "texture": "#0"},
				"up": {"uv": [13, 6.75, 14.75, 7], "texture": "#0"},
				"down": {"uv": [13, 7, 14.75, 6.75], "texture": "#0"}
			}
		},
		{
			"name": "halo (32)_27",
			"from": [6, 0, 7],
			"to": [7.75, 0.25, 7.25],
			"faces": {
				"north": {"uv": [7.75, 7, 6, 7.25], "texture": "#0"},
				"east": {"uv": [7.5, 7, 7.75, 7.25], "rotation": 90, "texture": "#0"},
				"south": {"uv": [6, 7, 7.75, 7.25], "texture": "#0"},
				"west": {"uv": [6, 7, 6.25, 7.25], "rotation": 270, "texture": "#0"},
				"up": {"uv": [6, 7, 7.75, 7.25], "texture": "#0"},
				"down": {"uv": [6, 7.25, 7.75, 7], "texture": "#0"}
			}
		},
		{
			"name": "halo (32)_28",
			"from": [13.25, 0, 7],
			"to": [15, 0.25, 7.25],
			"faces": {
				"north": {"uv": [15, 7, 13.25, 7.25], "texture": "#0"},
				"east": {"uv": [14.75, 7, 15, 7.25], "rotation": 90, "texture": "#0"},
				"south": {"uv": [13.25, 7, 15, 7.25], "texture": "#0"},
				"west": {"uv": [13.25, 7, 13.5, 7.25], "rotation": 270, "texture": "#0"},
				"up": {"uv": [13.25, 7, 15, 7.25], "texture": "#0"},
				"down": {"uv": [13.25, 7.25, 15, 7], "texture": "#0"}
			}
		},
		{
			"name": "halo (32)_29",
			"from": [5.75, 0, 7.25],
			"to": [7.5, 0.25, 7.5],
			"faces": {
				"north": {"uv": [7.5, 7.25, 5.75, 7.5], "texture": "#0"},
				"east": {"uv": [7.25, 7.25, 7.5, 7.5], "rotation": 90, "texture": "#0"},
				"south": {"uv": [5.75, 7.25, 7.5, 7.5], "texture": "#0"},
				"west": {"uv": [5.75, 7.25, 6, 7.5], "rotation": 270, "texture": "#0"},
				"up": {"uv": [5.75, 7.25, 7.5, 7.5], "texture": "#0"},
				"down": {"uv": [5.75, 7.5, 7.5, 7.25], "texture": "#0"}
			}
		},
		{
			"name": "halo (32)_30",
			"from": [13.5, 0, 7.25],
			"to": [15.25, 0.25, 7.5],
			"faces": {
				"north": {"uv": [15.25, 7.25, 13.5, 7.5], "texture": "#0"},
				"east": {"uv": [15, 7.25, 15.25, 7.5], "rotation": 90, "texture": "#0"},
				"south": {"uv": [13.5, 7.25, 15.25, 7.5], "texture": "#0"},
				"west": {"uv": [13.5, 7.25, 13.75, 7.5], "rotation": 270, "texture": "#0"},
				"up": {"uv": [13.5, 7.25, 15.25, 7.5], "texture": "#0"},
				"down": {"uv": [13.5, 7.5, 15.25, 7.25], "texture": "#0"}
			}
		},
		{
			"name": "halo (32)_31",
			"from": [5.5, 0, 7.5],
			"to": [7.25, 0.25, 7.75],
			"faces": {
				"north": {"uv": [7.25, 7.5, 5.5, 7.75], "texture": "#0"},
				"east": {"uv": [7, 7.5, 7.25, 7.75], "rotation": 90, "texture": "#0"},
				"south": {"uv": [5.5, 7.5, 7.25, 7.75], "texture": "#0"},
				"west": {"uv": [5.5, 7.5, 5.75, 7.75], "rotation": 270, "texture": "#0"},
				"up": {"uv": [5.5, 7.5, 7.25, 7.75], "texture": "#0"},
				"down": {"uv": [5.5, 7.75, 7.25, 7.5], "texture": "#0"}
			}
		},
		{
			"name": "halo (32)_32",
			"from": [13.75, 0, 7.5],
			"to": [15.5, 0.25, 7.75],
			"faces": {
				"north": {"uv": [15.5, 7.5, 13.75, 7.75], "texture": "#0"},
				"east": {"uv": [15.25, 7.5, 15.5, 7.75], "rotation": 90, "texture": "#0"},
				"south": {"uv": [13.75, 7.5, 15.5, 7.75], "texture": "#0"},
				"west": {"uv": [13.75, 7.5, 14, 7.75], "rotation": 270, "texture": "#0"},
				"up": {"uv": [13.75, 7.5, 15.5, 7.75], "texture": "#0"},
				"down": {"uv": [13.75, 7.75, 15.5, 7.5], "texture": "#0"}
			}
		},
		{
			"name": "halo (32)_33",
			"from": [5.25, 0, 7.75],
			"to": [7, 0.25, 8],
			"faces": {
				"north": {"uv": [7, 7.75, 5.25, 8], "texture": "#0"},
				"east": {"uv": [6.75, 7.75, 7, 8], "rotation": 90, "texture": "#0"},
				"south": {"uv": [5.25, 7.75, 7, 8], "texture": "#0"},
				"west": {"uv": [5.25, 7.75, 5.5, 8], "rotation": 270, "texture": "#0"},
				"up": {"uv": [5.25, 7.75, 7, 8], "texture": "#0"},
				"down": {"uv": [5.25, 8, 7, 7.75], "texture": "#0"}
			}
		},
		{
			"name": "halo (32)_34",
			"from": [14, 0, 7.75],
			"to": [15.75, 0.25, 8],
			"faces": {
				"north": {"uv": [15.75, 7.75, 14, 8], "texture": "#0"},
				"east": {"uv": [15.5, 7.75, 15.75, 8], "rotation": 90, "texture": "#0"},
				"south": {"uv": [14, 7.75, 15.75, 8], "texture": "#0"},
				"west": {"uv": [14, 7.75, 14.25, 8], "rotation": 270, "texture": "#0"},
				"up": {"uv": [14, 7.75, 15.75, 8], "texture": "#0"},
				"down": {"uv": [14, 8, 15.75, 7.75], "texture": "#0"}
			}
		},
		{
			"name": "halo (32)_35",
			"from": [5.25, 0, 8],
			"to": [7, 0.25, 8.25],
			"faces": {
				"north": {"uv": [7, 8, 5.25, 8.25], "texture": "#0"},
				"east": {"uv": [6.75, 8, 7, 8.25], "rotation": 90, "texture": "#0"},
				"south": {"uv": [5.25, 8, 7, 8.25], "texture": "#0"},
				"west": {"uv": [5.25, 8, 5.5, 8.25], "rotation": 270, "texture": "#0"},
				"up": {"uv": [5.25, 8, 7, 8.25], "texture": "#0"},
				"down": {"uv": [5.25, 8.25, 7, 8], "texture": "#0"}
			}
		},
		{
			"name": "halo (32)_36",
			"from": [14, 0, 8],
			"to": [15.75, 0.25, 8.25],
			"faces": {
				"north": {"uv": [15.75, 8, 14, 8.25], "texture": "#0"},
				"east": {"uv": [15.5, 8, 15.75, 8.25], "rotation": 90, "texture": "#0"},
				"south": {"uv": [14, 8, 15.75, 8.25], "texture": "#0"},
				"west": {"uv": [14, 8, 14.25, 8.25], "rotation": 270, "texture": "#0"},
				"up": {"uv": [14, 8, 15.75, 8.25], "texture": "#0"},
				"down": {"uv": [14, 8.25, 15.75, 8], "texture": "#0"}
			}
		},
		{
			"name": "halo (32)_37",
			"from": [5.5, 0, 8.25],
			"to": [7.25, 0.25, 8.5],
			"faces": {
				"north": {"uv": [7.25, 8.25, 5.5, 8.5], "texture": "#0"},
				"east": {"uv": [7, 8.25, 7.25, 8.5], "rotation": 90, "texture": "#0"},
				"south": {"uv": [5.5, 8.25, 7.25, 8.5], "texture": "#0"},
				"west": {"uv": [5.5, 8.25, 5.75, 8.5], "rotation": 270, "texture": "#0"},
				"up": {"uv": [5.5, 8.25, 7.25, 8.5], "texture": "#0"},
				"down": {"uv": [5.5, 8.5, 7.25, 8.25], "texture": "#0"}
			}
		},
		{
			"name": "halo (32)_38",
			"from": [13.75, 0, 8.25],
			"to": [15.5, 0.25, 8.5],
			"faces": {
				"north": {"uv": [15.5, 8.25, 13.75, 8.5], "texture": "#0"},
				"east": {"uv": [15.25, 8.25, 15.5, 8.5], "rotation": 90, "texture": "#0"},
				"south": {"uv": [13.75, 8.25, 15.5, 8.5], "texture": "#0"},
				"west": {"uv": [13.75, 8.25, 14, 8.5], "rotation": 270, "texture": "#0"},
				"up": {"uv": [13.75, 8.25, 15.5, 8.5], "texture": "#0"},
				"down": {"uv": [13.75, 8.5, 15.5, 8.25], "texture": "#0"}
			}
		},
		{
			"name": "halo (32)_39",
			"from": [5.75, 0, 8.5],
			"to": [7.5, 0.25, 8.75],
			"faces": {
				"north": {"uv": [7.5, 8.5, 5.75, 8.75], "texture": "#0"},
				"east": {"uv": [7.25, 8.5, 7.5, 8.75], "rotation": 90, "texture": "#0"},
				"south": {"uv": [5.75, 8.5, 7.5, 8.75], "texture": "#0"},
				"west": {"uv": [5.75, 8.5, 6, 8.75], "rotation": 270, "texture": "#0"},
				"up": {"uv": [5.75, 8.5, 7.5, 8.75], "texture": "#0"},
				"down": {"uv": [5.75, 8.75, 7.5, 8.5], "texture": "#0"}
			}
		},
		{
			"name": "halo (32)_40",
			"from": [13.5, 0, 8.5],
			"to": [15.25, 0.25, 8.75],
			"faces": {
				"north": {"uv": [15.25, 8.5, 13.5, 8.75], "texture": "#0"},
				"east": {"uv": [15, 8.5, 15.25, 8.75], "rotation": 90, "texture": "#0"},
				"south": {"uv": [13.5, 8.5, 15.25, 8.75], "texture": "#0"},
				"west": {"uv": [13.5, 8.5, 13.75, 8.75], "rotation": 270, "texture": "#0"},
				"up": {"uv": [13.5, 8.5, 15.25, 8.75], "texture": "#0"},
				"down": {"uv": [13.5, 8.75, 15.25, 8.5], "texture": "#0"}
			}
		},
		{
			"name": "halo (32)_41",
			"from": [6, 0, 8.75],
			"to": [7.75, 0.25, 9],
			"faces": {
				"north": {"uv": [7.75, 8.75, 6, 9], "texture": "#0"},
				"east": {"uv": [7.5, 8.75, 7.75, 9], "rotation": 90, "texture": "#0"},
				"south": {"uv": [6, 8.75, 7.75, 9], "texture": "#0"},
				"west": {"uv": [6, 8.75, 6.25, 9], "rotation": 270, "texture": "#0"},
				"up": {"uv": [6, 8.75, 7.75, 9], "texture": "#0"},
				"down": {"uv": [6, 9, 7.75, 8.75], "texture": "#0"}
			}
		},
		{
			"name": "halo (32)_42",
			"from": [13.25, 0, 8.75],
			"to": [15, 0.25, 9],
			"faces": {
				"north": {"uv": [15, 8.75, 13.25, 9], "texture": "#0"},
				"east": {"uv": [14.75, 8.75, 15, 9], "rotation": 90, "texture": "#0"},
				"south": {"uv": [13.25, 8.75, 15, 9], "texture": "#0"},
				"west": {"uv": [13.25, 8.75, 13.5, 9], "rotation": 270, "texture": "#0"},
				"up": {"uv": [13.25, 8.75, 15, 9], "texture": "#0"},
				"down": {"uv": [13.25, 9, 15, 8.75], "texture": "#0"}
			}
		},
		{
			"name": "halo (32)_43",
			"from": [6.25, 0, 9],
			"to": [8, 0.25, 9.25],
			"faces": {
				"north": {"uv": [8, 9, 6.25, 9.25], "texture": "#0"},
				"east": {"uv": [7.75, 9, 8, 9.25], "rotation": 90, "texture": "#0"},
				"south": {"uv": [6.25, 9, 8, 9.25], "texture": "#0"},
				"west": {"uv": [6.25, 9, 6.5, 9.25], "rotation": 270, "texture": "#0"},
				"up": {"uv": [6.25, 9, 8, 9.25], "texture": "#0"},
				"down": {"uv": [6.25, 9.25, 8, 9], "texture": "#0"}
			}
		},
		{
			"name": "halo (32)_44",
			"from": [13, 0, 9],
			"to": [14.75, 0.25, 9.25],
			"faces": {
				"north": {"uv": [14.75, 9, 13, 9.25], "texture": "#0"},
				"east": {"uv": [14.5, 9, 14.75, 9.25], "rotation": 90, "texture": "#0"},
				"south": {"uv": [13, 9, 14.75, 9.25], "texture": "#0"},
				"west": {"uv": [13, 9, 13.25, 9.25], "rotation": 270, "texture": "#0"},
				"up": {"uv": [13, 9, 14.75, 9.25], "texture": "#0"},
				"down": {"uv": [13, 9.25, 14.75, 9], "texture": "#0"}
			}
		},
		{
			"name": "halo (32)_45",
			"from": [6.5, 0, 9.25],
			"to": [8.25, 0.25, 9.5],
			"faces": {
				"north": {"uv": [8.25, 9.25, 6.5, 9.5], "texture": "#0"},
				"east": {"uv": [8, 9.25, 8.25, 9.5], "rotation": 90, "texture": "#0"},
				"south": {"uv": [6.5, 9.25, 8.25, 9.5], "texture": "#0"},
				"west": {"uv": [6.5, 9.25, 6.75, 9.5], "rotation": 270, "texture": "#0"},
				"up": {"uv": [6.5, 9.25, 8.25, 9.5], "texture": "#0"},
				"down": {"uv": [6.5, 9.5, 8.25, 9.25], "texture": "#0"}
			}
		},
		{
			"name": "halo (32)_46",
			"from": [12.75, 0, 9.25],
			"to": [14.5, 0.25, 9.5],
			"faces": {
				"north": {"uv": [14.5, 9.25, 12.75, 9.5], "texture": "#0"},
				"east": {"uv": [14.25, 9.25, 14.5, 9.5], "rotation": 90, "texture": "#0"},
				"south": {"uv": [12.75, 9.25, 14.5, 9.5], "texture": "#0"},
				"west": {"uv": [12.75, 9.25, 13, 9.5], "rotation": 270, "texture": "#0"},
				"up": {"uv": [12.75, 9.25, 14.5, 9.5], "texture": "#0"},
				"down": {"uv": [12.75, 9.5, 14.5, 9.25], "texture": "#0"}
			}
		},
		{
			"name": "halo (32)_47",
			"from": [6.75, 0, 9.5],
			"to": [8.5, 0.25, 9.75],
			"faces": {
				"north": {"uv": [8.5, 9.5, 6.75, 9.75], "texture": "#0"},
				"east": {"uv": [8.25, 9.5, 8.5, 9.75], "rotation": 90, "texture": "#0"},
				"south": {"uv": [6.75, 9.5, 8.5, 9.75], "texture": "#0"},
				"west": {"uv": [6.75, 9.5, 7, 9.75], "rotation": 270, "texture": "#0"},
				"up": {"uv": [6.75, 9.5, 8.5, 9.75], "texture": "#0"},
				"down": {"uv": [6.75, 9.75, 8.5, 9.5], "texture": "#0"}
			}
		},
		{
			"name": "halo (32)_48",
			"from": [12.5, 0, 9.5],
			"to": [14.25, 0.25, 9.75],
			"faces": {
				"north": {"uv": [14.25, 9.5, 12.5, 9.75], "texture": "#0"},
				"east": {"uv": [14, 9.5, 14.25, 9.75], "rotation": 90, "texture": "#0"},
				"south": {"uv": [12.5, 9.5, 14.25, 9.75], "texture": "#0"},
				"west": {"uv": [12.5, 9.5, 12.75, 9.75], "rotation": 270, "texture": "#0"},
				"up": {"uv": [12.5, 9.5, 14.25, 9.75], "texture": "#0"},
				"down": {"uv": [12.5, 9.75, 14.25, 9.5], "texture": "#0"}
			}
		},
		{
			"name": "halo (32)_49",
			"from": [7, 0, 9.75],
			"to": [8.75, 0.25, 10],
			"faces": {
				"north": {"uv": [8.75, 9.75, 7, 10], "texture": "#0"},
				"east": {"uv": [8.5, 9.75, 8.75, 10], "rotation": 90, "texture": "#0"},
				"south": {"uv": [7, 9.75, 8.75, 10], "texture": "#0"},
				"west": {"uv": [7, 9.75, 7.25, 10], "rotation": 270, "texture": "#0"},
				"up": {"uv": [7, 9.75, 8.75, 10], "texture": "#0"},
				"down": {"uv": [7, 10, 8.75, 9.75], "texture": "#0"}
			}
		},
		{
			"name": "halo (32)_50",
			"from": [12.25, 0, 9.75],
			"to": [14, 0.25, 10],
			"faces": {
				"north": {"uv": [14, 9.75, 12.25, 10], "texture": "#0"},
				"east": {"uv": [13.75, 9.75, 14, 10], "rotation": 90, "texture": "#0"},
				"south": {"uv": [12.25, 9.75, 14, 10], "texture": "#0"},
				"west": {"uv": [12.25, 9.75, 12.5, 10], "rotation": 270, "texture": "#0"},
				"up": {"uv": [12.25, 9.75, 14, 10], "texture": "#0"},
				"down": {"uv": [12.25, 10, 14, 9.75], "texture": "#0"}
			}
		},
		{
			"name": "halo (32)_51",
			"from": [7.25, 0, 10],
			"to": [9, 0.25, 10.25],
			"faces": {
				"north": {"uv": [9, 10, 7.25, 10.25], "texture": "#0"},
				"east": {"uv": [8.75, 10, 9, 10.25], "rotation": 90, "texture": "#0"},
				"south": {"uv": [7.25, 10, 9, 10.25], "texture": "#0"},
				"west": {"uv": [7.25, 10, 7.5, 10.25], "rotation": 270, "texture": "#0"},
				"up": {"uv": [7.25, 10, 9, 10.25], "texture": "#0"},
				"down": {"uv": [7.25, 10.25, 9, 10], "texture": "#0"}
			}
		},
		{
			"name": "halo (32)_52",
			"from": [12, 0, 10],
			"to": [13.75, 0.25, 10.25],
			"faces": {
				"north": {"uv": [13.75, 10, 12, 10.25], "texture": "#0"},
				"east": {"uv": [13.5, 10, 13.75, 10.25], "rotation": 90, "texture": "#0"},
				"south": {"uv": [12, 10, 13.75, 10.25], "texture": "#0"},
				"west": {"uv": [12, 10, 12.25, 10.25], "rotation": 270, "texture": "#0"},
				"up": {"uv": [12, 10, 13.75, 10.25], "texture": "#0"},
				"down": {"uv": [12, 10.25, 13.75, 10], "texture": "#0"}
			}
		},
		{
			"name": "halo (32)_53",
			"from": [7.5, 0, 10.25],
			"to": [9.25, 0.25, 10.5],
			"faces": {
				"north": {"uv": [9.25, 10.25, 7.5, 10.5], "texture": "#0"},
				"east": {"uv": [9, 10.25, 9.25, 10.5], "rotation": 90, "texture": "#0"},
				"south": {"uv": [7.5, 10.25, 9.25, 10.5], "texture": "#0"},
				"west": {"uv": [7.5, 10.25, 7.75, 10.5], "rotation": 270, "texture": "#0"},
				"up": {"uv": [7.5, 10.25, 9.25, 10.5], "texture": "#0"},
				"down": {"uv": [7.5, 10.5, 9.25, 10.25], "texture": "#0"}
			}
		},
		{
			"name": "halo (32)_54",
			"from": [11.75, 0, 10.25],
			"to": [13.5, 0.25, 10.5],
			"faces": {
				"north": {"uv": [13.5, 10.25, 11.75, 10.5], "texture": "#0"},
				"east": {"uv": [13.25, 10.25, 13.5, 10.5], "rotation": 90, "texture": "#0"},
				"south": {"uv": [11.75, 10.25, 13.5, 10.5], "texture": "#0"},
				"west": {"uv": [11.75, 10.25, 12, 10.5], "rotation": 270, "texture": "#0"},
				"up": {"uv": [11.75, 10.25, 13.5, 10.5], "texture": "#0"},
				"down": {"uv": [11.75, 10.5, 13.5, 10.25], "texture": "#0"}
			}
		},
		{
			"name": "halo (32)_55",
			"from": [7.75, 0, 10.5],
			"to": [9.5, 0.25, 10.75],
			"faces": {
				"north": {"uv": [9.5, 10.5, 7.75, 10.75], "texture": "#0"},
				"east": {"uv": [9.25, 10.5, 9.5, 10.75], "rotation": 90, "texture": "#0"},
				"south": {"uv": [7.75, 10.5, 9.5, 10.75], "texture": "#0"},
				"west": {"uv": [7.75, 10.5, 8, 10.75], "rotation": 270, "texture": "#0"},
				"up": {"uv": [7.75, 10.5, 9.5, 10.75], "texture": "#0"},
				"down": {"uv": [7.75, 10.75, 9.5, 10.5], "texture": "#0"}
			}
		},
		{
			"name": "halo (32)_56",
			"from": [11.5, 0, 10.5],
			"to": [13.25, 0.25, 10.75],
			"faces": {
				"north": {"uv": [13.25, 10.5, 11.5, 10.75], "texture": "#0"},
				"east": {"uv": [13, 10.5, 13.25, 10.75], "rotation": 90, "texture": "#0"},
				"south": {"uv": [11.5, 10.5, 13.25, 10.75], "texture": "#0"},
				"west": {"uv": [11.5, 10.5, 11.75, 10.75], "rotation": 270, "texture": "#0"},
				"up": {"uv": [11.5, 10.5, 13.25, 10.75], "texture": "#0"},
				"down": {"uv": [11.5, 10.75, 13.25, 10.5], "texture": "#0"}
			}
		},
		{
			"name": "halo (32)_57",
			"from": [8, 0, 10.75],
			"to": [9.75, 0.25, 11],
			"faces": {
				"north": {"uv": [9.75, 10.75, 8, 11], "texture": "#0"},
				"east": {"uv": [9.5, 10.75, 9.75, 11], "rotation": 90, "texture": "#0"},
				"south": {"uv": [8, 10.75, 9.75, 11], "texture": "#0"},
				"west": {"uv": [8, 10.75, 8.25, 11], "rotation": 270, "texture": "#0"},
				"up": {"uv": [8, 10.75, 9.75, 11], "texture": "#0"},
				"down": {"uv": [8, 11, 9.75, 10.75], "texture": "#0"}
			}
		},
		{
			"name": "halo (32)_58",
			"from": [11.25, 0, 10.75],
			"to": [13, 0.25, 11],
			"faces": {
				"north": {"uv": [13, 10.75, 11.25, 11], "texture": "#0"},
				"east": {"uv": [12.75, 10.75, 13, 11], "rotation": 90, "texture": "#0"},
				"south": {"uv": [11.25, 10.75, 13, 11], "texture": "#0"},
				"west": {"uv": [11.25, 10.75, 11.5, 11], "rotation": 270, "texture": "#0"},
				"up": {"uv": [11.25, 10.75, 13, 11], "texture": "#0"},
				"down": {"uv": [11.25, 11, 13, 10.75], "texture": "#0"}
			}
		},
		{
			"name": "halo (32)_59",
			"from": [8.25, 0, 11],
			"to": [10, 0.25, 11.25],
			"faces": {
				"north": {"uv": [10, 11, 8.25, 11.25], "texture": "#0"},
				"east": {"uv": [9.75, 11, 10, 11.25], "rotation": 90, "texture": "#0"},
				"south": {"uv": [8.25, 11, 10, 11.25], "texture": "#0"},
				"west": {"uv": [8.25, 11, 8.5, 11.25], "rotation": 270, "texture": "#0"},
				"up": {"uv": [8.25, 11, 10, 11.25], "texture": "#0"},
				"down": {"uv": [8.25, 11.25, 10, 11], "texture": "#0"}
			}
		},
		{
			"name": "halo (32)_60",
			"from": [11, 0, 11],
			"to": [12.75, 0.25, 11.25],
			"faces": {
				"north": {"uv": [12.75, 11, 11, 11.25], "texture": "#0"},
				"east": {"uv": [12.5, 11, 12.75, 11.25], "rotation": 90, "texture": "#0"},
				"south": {"uv": [11, 11, 12.75, 11.25], "texture": "#0"},
				"west": {"uv": [11, 11, 11.25, 11.25], "rotation": 270, "texture": "#0"},
				"up": {"uv": [11, 11, 12.75, 11.25], "texture": "#0"},
				"down": {"uv": [11, 11.25, 12.75, 11], "texture": "#0"}
			}
		},
		{
			"name": "halo (32)_61",
			"from": [8.5, 0, 11.25],
			"to": [10.25, 0.25, 11.5],
			"faces": {
				"north": {"uv": [10.25, 11.25, 8.5, 11.5], "texture": "#0"},
				"east": {"uv": [10, 11.25, 10.25, 11.5], "rotation": 90, "texture": "#0"},
				"south": {"uv": [8.5, 11.25, 10.25, 11.5], "texture": "#0"},
				"west": {"uv": [8.5, 11.25, 8.75, 11.5], "rotation": 270, "texture": "#0"},
				"up": {"uv": [8.5, 11.25, 10.25, 11.5], "texture": "#0"},
				"down": {"uv": [8.5, 11.5, 10.25, 11.25], "texture": "#0"}
			}
		},
		{
			"name": "halo (32)_62",
			"from": [10.75, 0, 11.25],
			"to": [12.5, 0.25, 11.5],
			"faces": {
				"north": {"uv": [12.5, 11.25, 10.75, 11.5], "texture": "#0"},
				"east": {"uv": [12.25, 11.25, 12.5, 11.5], "rotation": 90, "texture": "#0"},
				"south": {"uv": [10.75, 11.25, 12.5, 11.5], "texture": "#0"},
				"west": {"uv": [10.75, 11.25, 11, 11.5], "rotation": 270, "texture": "#0"},
				"up": {"uv": [10.75, 11.25, 12.5, 11.5], "texture": "#0"},
				"down": {"uv": [10.75, 11.5, 12.5, 11.25], "texture": "#0"}
			}
		},
		{
			"name": "halo (32)_63",
			"from": [8.75, 0, 11.5],
			"to": [12.25, 0.25, 11.75],
			"faces": {
				"north": {"uv": [12.25, 11.5, 8.75, 11.75], "texture": "#0"},
				"east": {"uv": [12, 11.5, 12.25, 11.75], "rotation": 90, "texture": "#0"},
				"south": {"uv": [8.75, 11.5, 12.25, 11.75], "texture": "#0"},
				"west": {"uv": [8.75, 11.5, 9, 11.75], "rotation": 270, "texture": "#0"},
				"up": {"uv": [8.75, 11.5, 12.25, 11.75], "texture": "#0"},
				"down": {"uv": [8.75, 11.75, 12.25, 11.5], "texture": "#0"}
			}
		},
		{
			"name": "halo (32)_64",
			"from": [9, 0, 11.75],
			"to": [12, 0.25, 12],
			"faces": {
				"north": {"uv": [12, 11.75, 9, 12], "texture": "#0"},
				"east": {"uv": [11.75, 11.75, 12, 12], "rotation": 90, "texture": "#0"},
				"south": {"uv": [9, 11.75, 12, 12], "texture": "#0"},
				"west": {"uv": [9, 11.75, 9.25, 12], "rotation": 270, "texture": "#0"},
				"up": {"uv": [9, 11.75, 12, 12], "texture": "#0"},
				"down": {"uv": [9, 12, 12, 11.75], "texture": "#0"}
			}
		},
		{
			"name": "halo (32)_65",
			"from": [9.25, 0, 12],
			"to": [11.75, 0.25, 12.25],
			"faces": {
				"north": {"uv": [11.75, 12, 9.25, 12.25], "texture": "#0"},
				"east": {"uv": [11.5, 12, 11.75, 12.25], "rotation": 90, "texture": "#0"},
				"south": {"uv": [9.25, 12, 11.75, 12.25], "texture": "#0"},
				"west": {"uv": [9.25, 12, 9.5, 12.25], "rotation": 270, "texture": "#0"},
				"up": {"uv": [9.25, 12, 11.75, 12.25], "texture": "#0"},
				"down": {"uv": [9.25, 12.25, 11.75, 12], "texture": "#0"}
			}
		},
		{
			"name": "halo (32)_66",
			"from": [9.5, 0, 12.25],
			"to": [11.5, 0.25, 12.5],
			"faces": {
				"north": {"uv": [11.5, 12.25, 9.5, 12.5], "texture": "#0"},
				"east": {"uv": [11.25, 12.25, 11.5, 12.5], "rotation": 90, "texture": "#0"},
				"south": {"uv": [9.5, 12.25, 11.5, 12.5], "texture": "#0"},
				"west": {"uv": [9.5, 12.25, 9.75, 12.5], "rotation": 270, "texture": "#0"},
				"up": {"uv": [9.5, 12.25, 11.5, 12.5], "texture": "#0"},
				"down": {"uv": [9.5, 12.5, 11.5, 12.25], "texture": "#0"}
			}
		},
		{
			"name": "halo (32)_67",
			"from": [9.75, 0, 12.5],
			"to": [11.25, 0.25, 12.75],
			"faces": {
				"north": {"uv": [11.25, 12.5, 9.75, 12.75], "texture": "#0"},
				"east": {"uv": [11, 12.5, 11.25, 12.75], "rotation": 90, "texture": "#0"},
				"south": {"uv": [9.75, 12.5, 11.25, 12.75], "texture": "#0"},
				"west": {"uv": [9.75, 12.5, 10, 12.75], "rotation": 270, "texture": "#0"},
				"up": {"uv": [9.75, 12.5, 11.25, 12.75], "texture": "#0"},
				"down": {"uv": [9.75, 12.75, 11.25, 12.5], "texture": "#0"}
			}
		},
		{
			"name": "halo (32)_68",
			"from": [10, 0, 12.75],
			"to": [11, 0.25, 13],
			"faces": {
				"north": {"uv": [11, 12.75, 10, 13], "texture": "#0"},
				"east": {"uv": [10.75, 12.75, 11, 13], "rotation": 90, "texture": "#0"},
				"south": {"uv": [10, 12.75, 11, 13], "texture": "#0"},
				"west": {"uv": [10, 12.75, 10.25, 13], "rotation": 270, "texture": "#0"},
				"up": {"uv": [10, 12.75, 11, 13], "texture": "#0"},
				"down": {"uv": [10, 13, 11, 12.75], "texture": "#0"}
			}
		},
		{
			"name": "halo (32)_69",
			"from": [10.25, 0, 13],
			"to": [10.75, 0.25, 13.25],
			"faces": {
				"north": {"uv": [10.75, 13, 10.25, 13.25], "texture": "#0"},
				"east": {"uv": [10.5, 13, 10.75, 13.25], "rotation": 90, "texture": "#0"},
				"south": {"uv": [10.25, 13, 10.75, 13.25], "texture": "#0"},
				"west": {"uv": [10.25, 13, 10.5, 13.25], "rotation": 270, "texture": "#0"},
				"up": {"uv": [10.25, 13, 10.75, 13.25], "texture": "#0"},
				"down": {"uv": [10.25, 13.25, 10.75, 13], "texture": "#0"}
			}
		}
	],
	"display": {
		"gui": {
			"rotation": [90, 0, 0]
		},
		"head": {
			"rotation": [20, 0, 0],
			"translation": [0, 17, 10]
		}
	},
	"groups": [
		{
			"name": "halo (32)",
			"origin": [8, 8, 8],
			"color": 0,
			"children": [
				0,
				1,
				2,
				3,
				4,
				5,
				6,
				7,
				8,
				9,
				10,
				11,
				12,
				13,
				14,
				15,
				16,
				17,
				18,
				19,
				20,
				21,
				22,
				23,
				24,
				25,
				26,
				27,
				28,
				29,
				30,
				31,
				32,
				33,
				34,
				35,
				36,
				37,
				38,
				39,
				40,
				41,
				42,
				43,
				44,
				45,
				46,
				47,
				48,
				49,
				50,
				51,
				52,
				53,
				54,
				55,
				56,
				57,
				58,
				59,
				60,
				61,
				62,
				63,
				64,
				65,
				66,
				67,
				68,
				69
			]
		}
	]
}