{
	"credit": "Made with Blockbench",
	"textures": {
		"0": "items/3d/halo (7)",
		"particle": "items/3d/halo (7)"
	},
	"elements": [
		{
			"name": "halo_00_0",
			"from": [6.75, 7.875, 11.625],
			"to": [9.25, 8.625, 11.875],
			"rotation": {"angle": 0, "axis": "x", "origin": [8, 8, 0.125]},
			"faces": {
				"north": {"uv": [6.75, 3.25, 9.25, 3.5], "rotation": 180, "texture": "#0"},
				"east": {"uv": [9, 3.25, 9.25, 3.5], "rotation": 270, "texture": "#0"},
				"south": {"uv": [6.75, 3.25, 9.25, 3.5], "texture": "#0"},
				"west": {"uv": [6.75, 3.25, 7, 3.5], "rotation": 90, "texture": "#0"},
				"up": {"uv": [9.25, 3.25, 6.75, 3.5], "rotation": 180, "texture": "#0"},
				"down": {"uv": [6.75, 3.25, 9.25, 3.5], "texture": "#0"}
			}
		},
		{
			"name": "halo_00_1",
			"from": [6, 7.875, 11.375],
			"to": [10, 8.625, 11.625],
			"rotation": {"angle": 0, "axis": "x", "origin": [8, 8, 0.125]},
			"faces": {
				"north": {"uv": [6, 3.5, 10, 3.75], "rotation": 180, "texture": "#0"},
				"east": {"uv": [9.75, 3.5, 10, 3.75], "rotation": 270, "texture": "#0"},
				"south": {"uv": [6, 3.5, 10, 3.75], "texture": "#0"},
				"west": {"uv": [6, 3.5, 6.25, 3.75], "rotation": 90, "texture": "#0"},
				"up": {"uv": [10, 3.5, 6, 3.75], "rotation": 180, "texture": "#0"},
				"down": {"uv": [6, 3.5, 10, 3.75], "texture": "#0"}
			}
		},
		{
			"name": "halo_00_2",
			"from": [5.5, 7.875, 11.125],
			"to": [10.5, 8.625, 11.375],
			"rotation": {"angle": 0, "axis": "x", "origin": [8, 8, 0.125]},
			"faces": {
				"north": {"uv": [5.5, 3.75, 10.5, 4], "rotation": 180, "texture": "#0"},
				"east": {"uv": [10.25, 3.75, 10.5, 4], "rotation": 270, "texture": "#0"},
				"south": {"uv": [5.5, 3.75, 10.5, 4], "texture": "#0"},
				"west": {"uv": [5.5, 3.75, 5.75, 4], "rotation": 90, "texture": "#0"},
				"up": {"uv": [10.5, 3.75, 5.5, 4], "rotation": 180, "texture": "#0"},
				"down": {"uv": [5.5, 3.75, 10.5, 4], "texture": "#0"}
			}
		},
		{
			"name": "halo_00_3",
			"from": [5.25, 7.875, 10.875],
			"to": [10.75, 8.625, 11.125],
			"rotation": {"angle": 0, "axis": "x", "origin": [8, 8, 0.125]},
			"faces": {
				"north": {"uv": [5.25, 4, 10.75, 4.25], "rotation": 180, "texture": "#0"},
				"east": {"uv": [10.5, 4, 10.75, 4.25], "rotation": 270, "texture": "#0"},
				"south": {"uv": [5.25, 4, 10.75, 4.25], "texture": "#0"},
				"west": {"uv": [5.25, 4, 5.5, 4.25], "rotation": 90, "texture": "#0"},
				"up": {"uv": [10.75, 4, 5.25, 4.25], "rotation": 180, "texture": "#0"},
				"down": {"uv": [5.25, 4, 10.75, 4.25], "texture": "#0"}
			}
		},
		{
			"name": "halo_00_4",
			"from": [4.75, 7.875, 10.625],
			"to": [7, 8.625, 10.875],
			"rotation": {"angle": 0, "axis": "x", "origin": [8, 8, 0.125]},
			"faces": {
				"north": {"uv": [4.75, 4.25, 7, 4.5], "rotation": 180, "texture": "#0"},
				"east": {"uv": [7, 4.5, 6.75, 4.25], "rotation": 90, "texture": "#0"},
				"south": {"uv": [4.75, 4.25, 7, 4.5], "texture": "#0"},
				"west": {"uv": [5, 4.5, 4.75, 4.25], "rotation": 270, "texture": "#0"},
				"up": {"uv": [7, 4.25, 4.75, 4.5], "rotation": 180, "texture": "#0"},
				"down": {"uv": [4.75, 4.25, 7, 4.5], "texture": "#0"}
			}
		},
		{
			"name": "halo_00_5",
			"from": [9, 7.875, 10.625],
			"to": [11.25, 8.625, 10.875],
			"rotation": {"angle": 0, "axis": "x", "origin": [8, 8, 0.125]},
			"faces": {
				"north": {"uv": [9, 4.25, 11.25, 4.5], "rotation": 180, "texture": "#0"},
				"east": {"uv": [11.25, 4.5, 11, 4.25], "rotation": 90, "texture": "#0"},
				"south": {"uv": [9, 4.25, 11.25, 4.5], "texture": "#0"},
				"west": {"uv": [9.25, 4.5, 9, 4.25], "rotation": 270, "texture": "#0"},
				"up": {"uv": [11.25, 4.25, 9, 4.5], "rotation": 180, "texture": "#0"},
				"down": {"uv": [9, 4.25, 11.25, 4.5], "texture": "#0"}
			}
		},
		{
			"name": "halo_00_6",
			"from": [4.5, 7.875, 10.375],
			"to": [6.25, 8.625, 10.625],
			"rotation": {"angle": 0, "axis": "x", "origin": [8, 8, 0.125]},
			"faces": {
				"north": {"uv": [4.5, 4.5, 6.25, 4.75], "rotation": 180, "texture": "#0"},
				"east": {"uv": [6.25, 4.75, 6, 4.5], "rotation": 90, "texture": "#0"},
				"south": {"uv": [4.5, 4.5, 6.25, 4.75], "texture": "#0"},
				"west": {"uv": [4.75, 4.75, 4.5, 4.5], "rotation": 270, "texture": "#0"},
				"up": {"uv": [6.25, 4.5, 4.5, 4.75], "rotation": 180, "texture": "#0"},
				"down": {"uv": [4.5, 4.5, 6.25, 4.75], "texture": "#0"}
			}
		},
		{
			"name": "halo_00_7",
			"from": [9.75, 7.875, 10.375],
			"to": [11.5, 8.625, 10.625],
			"rotation": {"angle": 0, "axis": "x", "origin": [8, 8, 0.125]},
			"faces": {
				"north": {"uv": [9.75, 4.5, 11.5, 4.75], "rotation": 180, "texture": "#0"},
				"east": {"uv": [11.5, 4.75, 11.25, 4.5], "rotation": 90, "texture": "#0"},
				"south": {"uv": [9.75, 4.5, 11.5, 4.75], "texture": "#0"},
				"west": {"uv": [10, 4.75, 9.75, 4.5], "rotation": 270, "texture": "#0"},
				"up": {"uv": [11.5, 4.5, 9.75, 4.75], "rotation": 180, "texture": "#0"},
				"down": {"uv": [9.75, 4.5, 11.5, 4.75], "texture": "#0"}
			}
		},
		{
			"name": "halo_00_8",
			"from": [4.25, 7.875, 10.125],
			"to": [5.75, 8.625, 10.375],
			"rotation": {"angle": 0, "axis": "x", "origin": [8, 8, 0.125]},
			"faces": {
				"north": {"uv": [4.25, 4.75, 5.75, 5], "rotation": 180, "texture": "#0"},
				"east": {"uv": [5.75, 5, 5.5, 4.75], "rotation": 90, "texture": "#0"},
				"south": {"uv": [4.25, 4.75, 5.75, 5], "texture": "#0"},
				"west": {"uv": [4.5, 5, 4.25, 4.75], "rotation": 270, "texture": "#0"},
				"up": {"uv": [5.75, 4.75, 4.25, 5], "rotation": 180, "texture": "#0"},
				"down": {"uv": [4.25, 4.75, 5.75, 5], "texture": "#0"}
			}
		},
		{
			"name": "halo_00_9",
			"from": [10.25, 7.875, 10.125],
			"to": [11.75, 8.625, 10.375],
			"rotation": {"angle": 0, "axis": "x", "origin": [8, 8, 0.125]},
			"faces": {
				"north": {"uv": [10.25, 4.75, 11.75, 5], "rotation": 180, "texture": "#0"},
				"east": {"uv": [11.75, 5, 11.5, 4.75], "rotation": 90, "texture": "#0"},
				"south": {"uv": [10.25, 4.75, 11.75, 5], "texture": "#0"},
				"west": {"uv": [10.5, 5, 10.25, 4.75], "rotation": 270, "texture": "#0"},
				"up": {"uv": [11.75, 4.75, 10.25, 5], "rotation": 180, "texture": "#0"},
				"down": {"uv": [10.25, 4.75, 11.75, 5], "texture": "#0"}
			}
		},
		{
			"name": "halo_00_10",
			"from": [4.25, 7.875, 9.875],
			"to": [5.5, 8.625, 10.125],
			"rotation": {"angle": 0, "axis": "x", "origin": [8, 8, 0.125]},
			"faces": {
				"north": {"uv": [4.25, 5, 5.5, 5.25], "rotation": 180, "texture": "#0"},
				"east": {"uv": [5.5, 5.25, 5.25, 5], "rotation": 90, "texture": "#0"},
				"south": {"uv": [4.25, 5, 5.5, 5.25], "texture": "#0"},
				"west": {"uv": [4.5, 5.25, 4.25, 5], "rotation": 270, "texture": "#0"},
				"up": {"uv": [5.5, 5, 4.25, 5.25], "rotation": 180, "texture": "#0"},
				"down": {"uv": [4.25, 5, 5.5, 5.25], "texture": "#0"}
			}
		},
		{
			"name": "halo_00_11",
			"from": [10.5, 7.875, 9.875],
			"to": [11.75, 8.625, 10.125],
			"rotation": {"angle": 0, "axis": "x", "origin": [8, 8, 0.125]},
			"faces": {
				"north": {"uv": [10.5, 5, 11.75, 5.25], "rotation": 180, "texture": "#0"},
				"east": {"uv": [11.75, 5.25, 11.5, 5], "rotation": 90, "texture": "#0"},
				"south": {"uv": [10.5, 5, 11.75, 5.25], "texture": "#0"},
				"west": {"uv": [10.75, 5.25, 10.5, 5], "rotation": 270, "texture": "#0"},
				"up": {"uv": [11.75, 5, 10.5, 5.25], "rotation": 180, "texture": "#0"},
				"down": {"uv": [10.5, 5, 11.75, 5.25], "texture": "#0"}
			}
		},
		{
			"name": "halo_00_12",
			"from": [4, 7.875, 9.625],
			"to": [5.25, 8.625, 9.875],
			"rotation": {"angle": 0, "axis": "x", "origin": [8, 8, 0.125]},
			"faces": {
				"north": {"uv": [4, 5.25, 5.25, 5.5], "rotation": 180, "texture": "#0"},
				"east": {"uv": [5.25, 5.5, 5, 5.25], "rotation": 90, "texture": "#0"},
				"south": {"uv": [4, 5.25, 5.25, 5.5], "texture": "#0"},
				"west": {"uv": [4.25, 5.5, 4, 5.25], "rotation": 270, "texture": "#0"},
				"up": {"uv": [5.25, 5.25, 4, 5.5], "rotation": 180, "texture": "#0"},
				"down": {"uv": [4, 5.25, 5.25, 5.5], "texture": "#0"}
			}
		},
		{
			"name": "halo_00_13",
			"from": [10.75, 7.875, 9.625],
			"to": [12, 8.625, 9.875],
			"rotation": {"angle": 0, "axis": "x", "origin": [8, 8, 0.125]},
			"faces": {
				"north": {"uv": [10.75, 5.25, 12, 5.5], "rotation": 180, "texture": "#0"},
				"east": {"uv": [12, 5.5, 11.75, 5.25], "rotation": 90, "texture": "#0"},
				"south": {"uv": [10.75, 5.25, 12, 5.5], "texture": "#0"},
				"west": {"uv": [11, 5.5, 10.75, 5.25], "rotation": 270, "texture": "#0"},
				"up": {"uv": [12, 5.25, 10.75, 5.5], "rotation": 180, "texture": "#0"},
				"down": {"uv": [10.75, 5.25, 12, 5.5], "texture": "#0"}
			}
		},
		{
			"name": "halo_00_14",
			"from": [3.75, 7.875, 9.375],
			"to": [5, 8.625, 9.625],
			"rotation": {"angle": 0, "axis": "x", "origin": [8, 8, 0.125]},
			"faces": {
				"north": {"uv": [3.75, 5.5, 5, 5.75], "rotation": 180, "texture": "#0"},
				"east": {"uv": [5, 5.75, 4.75, 5.5], "rotation": 90, "texture": "#0"},
				"south": {"uv": [3.75, 5.5, 5, 5.75], "texture": "#0"},
				"west": {"uv": [4, 5.75, 3.75, 5.5], "rotation": 270, "texture": "#0"},
				"up": {"uv": [5, 5.5, 3.75, 5.75], "rotation": 180, "texture": "#0"},
				"down": {"uv": [3.75, 5.5, 5, 5.75], "texture": "#0"}
			}
		},
		{
			"name": "halo_00_15",
			"from": [11, 7.875, 9.375],
			"to": [12.25, 8.625, 9.625],
			"rotation": {"angle": 0, "axis": "x", "origin": [8, 8, 0.125]},
			"faces": {
				"north": {"uv": [11, 5.5, 12.25, 5.75], "rotation": 180, "texture": "#0"},
				"east": {"uv": [12.25, 5.75, 12, 5.5], "rotation": 90, "texture": "#0"},
				"south": {"uv": [11, 5.5, 12.25, 5.75], "texture": "#0"},
				"west": {"uv": [11.25, 5.75, 11, 5.5], "rotation": 270, "texture": "#0"},
				"up": {"uv": [12.25, 5.5, 11, 5.75], "rotation": 180, "texture": "#0"},
				"down": {"uv": [11, 5.5, 12.25, 5.75], "texture": "#0"}
			}
		},
		{
			"name": "halo_00_16",
			"from": [3.75, 7.875, 9.125],
			"to": [4.75, 8.625, 9.375],
			"rotation": {"angle": 0, "axis": "x", "origin": [8, 8, 0.125]},
			"faces": {
				"north": {"uv": [3.75, 5.75, 4.75, 6], "rotation": 180, "texture": "#0"},
				"east": {"uv": [4.75, 6, 4.5, 5.75], "rotation": 90, "texture": "#0"},
				"south": {"uv": [3.75, 5.75, 4.75, 6], "texture": "#0"},
				"west": {"uv": [4, 6, 3.75, 5.75], "rotation": 270, "texture": "#0"},
				"up": {"uv": [4.75, 5.75, 3.75, 6], "rotation": 180, "texture": "#0"},
				"down": {"uv": [3.75, 5.75, 4.75, 6], "texture": "#0"}
			}
		},
		{
			"name": "halo_00_17",
			"from": [11.25, 7.875, 9.125],
			"to": [12.25, 8.625, 9.375],
			"rotation": {"angle": 0, "axis": "x", "origin": [8, 8, 0.125]},
			"faces": {
				"north": {"uv": [11.25, 5.75, 12.25, 6], "rotation": 180, "texture": "#0"},
				"east": {"uv": [12.25, 6, 12, 5.75], "rotation": 90, "texture": "#0"},
				"south": {"uv": [11.25, 5.75, 12.25, 6], "texture": "#0"},
				"west": {"uv": [11.5, 6, 11.25, 5.75], "rotation": 270, "texture": "#0"},
				"up": {"uv": [12.25, 5.75, 11.25, 6], "rotation": 180, "texture": "#0"},
				"down": {"uv": [11.25, 5.75, 12.25, 6], "texture": "#0"}
			}
		},
		{
			"name": "halo_00_18",
			"from": [3.5, 7.875, 8.875],
			"to": [4.75, 8.625, 9.125],
			"rotation": {"angle": 0, "axis": "x", "origin": [8, 8, 0.125]},
			"faces": {
				"north": {"uv": [3.5, 6, 4.75, 6.25], "rotation": 180, "texture": "#0"},
				"east": {"uv": [4.75, 6.25, 4.5, 6], "rotation": 90, "texture": "#0"},
				"south": {"uv": [3.5, 6, 4.75, 6.25], "texture": "#0"},
				"west": {"uv": [3.75, 6.25, 3.5, 6], "rotation": 270, "texture": "#0"},
				"up": {"uv": [4.75, 6, 3.5, 6.25], "rotation": 180, "texture": "#0"},
				"down": {"uv": [3.5, 6, 4.75, 6.25], "texture": "#0"}
			}
		},
		{
			"name": "halo_00_19",
			"from": [11.25, 7.875, 8.875],
			"to": [12.5, 8.625, 9.125],
			"rotation": {"angle": 0, "axis": "x", "origin": [8, 8, 0.125]},
			"faces": {
				"north": {"uv": [11.25, 6, 12.5, 6.25], "rotation": 180, "texture": "#0"},
				"east": {"uv": [12.5, 6.25, 12.25, 6], "rotation": 90, "texture": "#0"},
				"south": {"uv": [11.25, 6, 12.5, 6.25], "texture": "#0"},
				"west": {"uv": [11.5, 6.25, 11.25, 6], "rotation": 270, "texture": "#0"},
				"up": {"uv": [12.5, 6, 11.25, 6.25], "rotation": 180, "texture": "#0"},
				"down": {"uv": [11.25, 6, 12.5, 6.25], "texture": "#0"}
			}
		},
		{
			"name": "halo_00_20",
			"from": [3.5, 7.875, 8.625],
			"to": [4.5, 8.625, 8.875],
			"rotation": {"angle": 0, "axis": "x", "origin": [8, 8, 0.125]},
			"faces": {
				"north": {"uv": [3.5, 6.25, 4.5, 6.5], "rotation": 180, "texture": "#0"},
				"east": {"uv": [4.5, 6.5, 4.25, 6.25], "rotation": 90, "texture": "#0"},
				"south": {"uv": [3.5, 6.25, 4.5, 6.5], "texture": "#0"},
				"west": {"uv": [3.75, 6.5, 3.5, 6.25], "rotation": 270, "texture": "#0"},
				"up": {"uv": [4.5, 6.25, 3.5, 6.5], "rotation": 180, "texture": "#0"},
				"down": {"uv": [3.5, 6.25, 4.5, 6.5], "texture": "#0"}
			}
		},
		{
			"name": "halo_00_21",
			"from": [11.5, 7.875, 8.625],
			"to": [12.5, 8.625, 8.875],
			"rotation": {"angle": 0, "axis": "x", "origin": [8, 8, 0.125]},
			"faces": {
				"north": {"uv": [11.5, 6.25, 12.5, 6.5], "rotation": 180, "texture": "#0"},
				"east": {"uv": [12.5, 6.5, 12.25, 6.25], "rotation": 90, "texture": "#0"},
				"south": {"uv": [11.5, 6.25, 12.5, 6.5], "texture": "#0"},
				"west": {"uv": [11.75, 6.5, 11.5, 6.25], "rotation": 270, "texture": "#0"},
				"up": {"uv": [12.5, 6.25, 11.5, 6.5], "rotation": 180, "texture": "#0"},
				"down": {"uv": [11.5, 6.25, 12.5, 6.5], "texture": "#0"}
			}
		},
		{
			"name": "halo_00_22",
			"from": [3.5, 7.875, 8.375],
			"to": [4.5, 8.625, 8.625],
			"rotation": {"angle": 0, "axis": "x", "origin": [8, 8, 0.125]},
			"faces": {
				"north": {"uv": [3.5, 6.5, 4.5, 6.75], "rotation": 180, "texture": "#0"},
				"east": {"uv": [4.5, 6.75, 4.25, 6.5], "rotation": 90, "texture": "#0"},
				"south": {"uv": [3.5, 6.5, 4.5, 6.75], "texture": "#0"},
				"west": {"uv": [3.75, 6.75, 3.5, 6.5], "rotation": 270, "texture": "#0"},
				"up": {"uv": [4.5, 6.5, 3.5, 6.75], "rotation": 180, "texture": "#0"},
				"down": {"uv": [3.5, 6.5, 4.5, 6.75], "texture": "#0"}
			}
		},
		{
			"name": "halo_00_23",
			"from": [11.5, 7.875, 8.375],
			"to": [12.5, 8.625, 8.625],
			"rotation": {"angle": 0, "axis": "x", "origin": [8, 8, 0.125]},
			"faces": {
				"north": {"uv": [11.5, 6.5, 12.5, 6.75], "rotation": 180, "texture": "#0"},
				"east": {"uv": [12.5, 6.75, 12.25, 6.5], "rotation": 90, "texture": "#0"},
				"south": {"uv": [11.5, 6.5, 12.5, 6.75], "texture": "#0"},
				"west": {"uv": [11.75, 6.75, 11.5, 6.5], "rotation": 270, "texture": "#0"},
				"up": {"uv": [12.5, 6.5, 11.5, 6.75], "rotation": 180, "texture": "#0"},
				"down": {"uv": [11.5, 6.5, 12.5, 6.75], "texture": "#0"}
			}
		},
		{
			"name": "halo_00_24",
			"from": [3.25, 7.875, 8.125],
			"to": [4.5, 8.625, 8.375],
			"rotation": {"angle": 0, "axis": "x", "origin": [8, 8, 0.125]},
			"faces": {
				"north": {"uv": [3.25, 6.75, 4.5, 7], "rotation": 180, "texture": "#0"},
				"east": {"uv": [4.5, 7, 4.25, 6.75], "rotation": 90, "texture": "#0"},
				"south": {"uv": [3.25, 6.75, 4.5, 7], "texture": "#0"},
				"west": {"uv": [3.5, 7, 3.25, 6.75], "rotation": 270, "texture": "#0"},
				"up": {"uv": [4.5, 6.75, 3.25, 7], "rotation": 180, "texture": "#0"},
				"down": {"uv": [3.25, 6.75, 4.5, 7], "texture": "#0"}
			}
		},
		{
			"name": "halo_00_25",
			"from": [11.5, 7.875, 8.125],
			"to": [12.75, 8.625, 8.375],
			"rotation": {"angle": 0, "axis": "x", "origin": [8, 8, 0.125]},
			"faces": {
				"north": {"uv": [11.5, 6.75, 12.75, 7], "rotation": 180, "texture": "#0"},
				"east": {"uv": [12.75, 7, 12.5, 6.75], "rotation": 90, "texture": "#0"},
				"south": {"uv": [11.5, 6.75, 12.75, 7], "texture": "#0"},
				"west": {"uv": [11.75, 7, 11.5, 6.75], "rotation": 270, "texture": "#0"},
				"up": {"uv": [12.75, 6.75, 11.5, 7], "rotation": 180, "texture": "#0"},
				"down": {"uv": [11.5, 6.75, 12.75, 7], "texture": "#0"}
			}
		},
		{
			"name": "halo_00_26",
			"from": [3.25, 7.875, 7.875],
			"to": [4.25, 8.625, 8.125],
			"rotation": {"angle": 0, "axis": "x", "origin": [8, 8, 0.125]},
			"faces": {
				"north": {"uv": [3.25, 7, 4.25, 7.25], "rotation": 180, "texture": "#0"},
				"east": {"uv": [4.25, 7.25, 4, 7], "rotation": 90, "texture": "#0"},
				"south": {"uv": [3.25, 7, 4.25, 7.25], "texture": "#0"},
				"west": {"uv": [3.5, 7.25, 3.25, 7], "rotation": 270, "texture": "#0"},
				"up": {"uv": [4.25, 7, 3.25, 7.25], "rotation": 180, "texture": "#0"},
				"down": {"uv": [3.25, 7, 4.25, 7.25], "texture": "#0"}
			}
		},
		{
			"name": "halo_00_27",
			"from": [11.75, 7.875, 7.875],
			"to": [12.75, 8.625, 8.125],
			"rotation": {"angle": 0, "axis": "x", "origin": [8, 8, 0.125]},
			"faces": {
				"north": {"uv": [11.75, 7, 12.75, 7.25], "rotation": 180, "texture": "#0"},
				"east": {"uv": [12.75, 7.25, 12.5, 7], "rotation": 90, "texture": "#0"},
				"south": {"uv": [11.75, 7, 12.75, 7.25], "texture": "#0"},
				"west": {"uv": [12, 7.25, 11.75, 7], "rotation": 270, "texture": "#0"},
				"up": {"uv": [12.75, 7, 11.75, 7.25], "rotation": 180, "texture": "#0"},
				"down": {"uv": [11.75, 7, 12.75, 7.25], "texture": "#0"}
			}
		},
		{
			"name": "halo_00_28",
			"from": [3.25, 7.875, 7.625],
			"to": [4.25, 8.625, 7.875],
			"rotation": {"angle": 0, "axis": "x", "origin": [8, 8, 0.125]},
			"faces": {
				"north": {"uv": [3.25, 7.25, 4.25, 7.5], "rotation": 180, "texture": "#0"},
				"east": {"uv": [4.25, 7.5, 4, 7.25], "rotation": 90, "texture": "#0"},
				"south": {"uv": [3.25, 7.25, 4.25, 7.5], "texture": "#0"},
				"west": {"uv": [3.5, 7.5, 3.25, 7.25], "rotation": 270, "texture": "#0"},
				"up": {"uv": [4.25, 7.25, 3.25, 7.5], "rotation": 180, "texture": "#0"},
				"down": {"uv": [3.25, 7.25, 4.25, 7.5], "texture": "#0"}
			}
		},
		{
			"name": "halo_00_29",
			"from": [11.75, 7.875, 7.625],
			"to": [12.75, 8.625, 7.875],
			"rotation": {"angle": 0, "axis": "x", "origin": [8, 8, 0.125]},
			"faces": {
				"north": {"uv": [11.75, 7.25, 12.75, 7.5], "rotation": 180, "texture": "#0"},
				"east": {"uv": [12.75, 7.5, 12.5, 7.25], "rotation": 90, "texture": "#0"},
				"south": {"uv": [11.75, 7.25, 12.75, 7.5], "texture": "#0"},
				"west": {"uv": [12, 7.5, 11.75, 7.25], "rotation": 270, "texture": "#0"},
				"up": {"uv": [12.75, 7.25, 11.75, 7.5], "rotation": 180, "texture": "#0"},
				"down": {"uv": [11.75, 7.25, 12.75, 7.5], "texture": "#0"}
			}
		},
		{
			"name": "halo_00_30",
			"from": [3.25, 7.875, 7.375],
			"to": [4.25, 8.625, 7.625],
			"rotation": {"angle": 0, "axis": "x", "origin": [8, 8, 0.125]},
			"faces": {
				"north": {"uv": [3.25, 7.5, 4.25, 7.75], "rotation": 180, "texture": "#0"},
				"east": {"uv": [4.25, 7.75, 4, 7.5], "rotation": 90, "texture": "#0"},
				"south": {"uv": [3.25, 7.5, 4.25, 7.75], "texture": "#0"},
				"west": {"uv": [3.5, 7.75, 3.25, 7.5], "rotation": 270, "texture": "#0"},
				"up": {"uv": [4.25, 7.5, 3.25, 7.75], "rotation": 180, "texture": "#0"},
				"down": {"uv": [3.25, 7.5, 4.25, 7.75], "texture": "#0"}
			}
		},
		{
			"name": "halo_00_31",
			"from": [11.75, 7.875, 7.375],
			"to": [12.75, 8.625, 7.625],
			"rotation": {"angle": 0, "axis": "x", "origin": [8, 8, 0.125]},
			"faces": {
				"north": {"uv": [11.75, 7.5, 12.75, 7.75], "rotation": 180, "texture": "#0"},
				"east": {"uv": [12.75, 7.75, 12.5, 7.5], "rotation": 90, "texture": "#0"},
				"south": {"uv": [11.75, 7.5, 12.75, 7.75], "texture": "#0"},
				"west": {"uv": [12, 7.75, 11.75, 7.5], "rotation": 270, "texture": "#0"},
				"up": {"uv": [12.75, 7.5, 11.75, 7.75], "rotation": 180, "texture": "#0"},
				"down": {"uv": [11.75, 7.5, 12.75, 7.75], "texture": "#0"}
			}
		},
		{
			"name": "halo_00_32",
			"from": [3.25, 7.875, 7.125],
			"to": [4.25, 8.625, 7.375],
			"rotation": {"angle": 0, "axis": "x", "origin": [8, 8, 0.125]},
			"faces": {
				"north": {"uv": [3.25, 7.75, 4.25, 8], "rotation": 180, "texture": "#0"},
				"east": {"uv": [4.25, 8, 4, 7.75], "rotation": 90, "texture": "#0"},
				"south": {"uv": [3.25, 7.75, 4.25, 8], "texture": "#0"},
				"west": {"uv": [3.5, 8, 3.25, 7.75], "rotation": 270, "texture": "#0"},
				"up": {"uv": [4.25, 7.75, 3.25, 8], "rotation": 180, "texture": "#0"},
				"down": {"uv": [3.25, 7.75, 4.25, 8], "texture": "#0"}
			}
		},
		{
			"name": "halo_00_33",
			"from": [11.75, 7.875, 7.125],
			"to": [12.75, 8.625, 7.375],
			"rotation": {"angle": 0, "axis": "x", "origin": [8, 8, 0.125]},
			"faces": {
				"north": {"uv": [11.75, 7.75, 12.75, 8], "rotation": 180, "texture": "#0"},
				"east": {"uv": [12.75, 8, 12.5, 7.75], "rotation": 90, "texture": "#0"},
				"south": {"uv": [11.75, 7.75, 12.75, 8], "texture": "#0"},
				"west": {"uv": [12, 8, 11.75, 7.75], "rotation": 270, "texture": "#0"},
				"up": {"uv": [12.75, 7.75, 11.75, 8], "rotation": 180, "texture": "#0"},
				"down": {"uv": [11.75, 7.75, 12.75, 8], "texture": "#0"}
			}
		},
		{
			"name": "halo_00_34",
			"from": [3.25, 7.875, 6.875],
			"to": [4.25, 8.625, 7.125],
			"rotation": {"angle": 0, "axis": "x", "origin": [8, 8, 0.125]},
			"faces": {
				"north": {"uv": [3.25, 8, 4.25, 8.25], "rotation": 180, "texture": "#0"},
				"east": {"uv": [4.25, 8.25, 4, 8], "rotation": 90, "texture": "#0"},
				"south": {"uv": [3.25, 8, 4.25, 8.25], "texture": "#0"},
				"west": {"uv": [3.5, 8.25, 3.25, 8], "rotation": 270, "texture": "#0"},
				"up": {"uv": [4.25, 8, 3.25, 8.25], "rotation": 180, "texture": "#0"},
				"down": {"uv": [3.25, 8, 4.25, 8.25], "texture": "#0"}
			}
		},
		{
			"name": "halo_00_35",
			"from": [11.75, 7.875, 6.875],
			"to": [12.75, 8.625, 7.125],
			"rotation": {"angle": 0, "axis": "x", "origin": [8, 8, 0.125]},
			"faces": {
				"north": {"uv": [11.75, 8, 12.75, 8.25], "rotation": 180, "texture": "#0"},
				"east": {"uv": [12.75, 8.25, 12.5, 8], "rotation": 90, "texture": "#0"},
				"south": {"uv": [11.75, 8, 12.75, 8.25], "texture": "#0"},
				"west": {"uv": [12, 8.25, 11.75, 8], "rotation": 270, "texture": "#0"},
				"up": {"uv": [12.75, 8, 11.75, 8.25], "rotation": 180, "texture": "#0"},
				"down": {"uv": [11.75, 8, 12.75, 8.25], "texture": "#0"}
			}
		},
		{
			"name": "halo_00_36",
			"from": [3.25, 7.875, 6.625],
			"to": [4.25, 8.625, 6.875],
			"rotation": {"angle": 0, "axis": "x", "origin": [8, 8, 0.125]},
			"faces": {
				"north": {"uv": [3.25, 8.25, 4.25, 8.5], "rotation": 180, "texture": "#0"},
				"east": {"uv": [4.25, 8.5, 4, 8.25], "rotation": 90, "texture": "#0"},
				"south": {"uv": [3.25, 8.25, 4.25, 8.5], "texture": "#0"},
				"west": {"uv": [3.5, 8.5, 3.25, 8.25], "rotation": 270, "texture": "#0"},
				"up": {"uv": [4.25, 8.25, 3.25, 8.5], "rotation": 180, "texture": "#0"},
				"down": {"uv": [3.25, 8.25, 4.25, 8.5], "texture": "#0"}
			}
		},
		{
			"name": "halo_00_37",
			"from": [11.75, 7.875, 6.625],
			"to": [12.75, 8.625, 6.875],
			"rotation": {"angle": 0, "axis": "x", "origin": [8, 8, 0.125]},
			"faces": {
				"north": {"uv": [11.75, 8.25, 12.75, 8.5], "rotation": 180, "texture": "#0"},
				"east": {"uv": [12.75, 8.5, 12.5, 8.25], "rotation": 90, "texture": "#0"},
				"south": {"uv": [11.75, 8.25, 12.75, 8.5], "texture": "#0"},
				"west": {"uv": [12, 8.5, 11.75, 8.25], "rotation": 270, "texture": "#0"},
				"up": {"uv": [12.75, 8.25, 11.75, 8.5], "rotation": 180, "texture": "#0"},
				"down": {"uv": [11.75, 8.25, 12.75, 8.5], "texture": "#0"}
			}
		},
		{
			"name": "halo_00_38",
			"from": [3.25, 7.875, 6.375],
			"to": [4.25, 8.625, 6.625],
			"rotation": {"angle": 0, "axis": "x", "origin": [8, 8, 0.125]},
			"faces": {
				"north": {"uv": [3.25, 8.5, 4.25, 8.75], "rotation": 180, "texture": "#0"},
				"east": {"uv": [4.25, 8.75, 4, 8.5], "rotation": 90, "texture": "#0"},
				"south": {"uv": [3.25, 8.5, 4.25, 8.75], "texture": "#0"},
				"west": {"uv": [3.5, 8.75, 3.25, 8.5], "rotation": 270, "texture": "#0"},
				"up": {"uv": [4.25, 8.5, 3.25, 8.75], "rotation": 180, "texture": "#0"},
				"down": {"uv": [3.25, 8.5, 4.25, 8.75], "texture": "#0"}
			}
		},
		{
			"name": "halo_00_39",
			"from": [11.75, 7.875, 6.375],
			"to": [12.75, 8.625, 6.625],
			"rotation": {"angle": 0, "axis": "x", "origin": [8, 8, 0.125]},
			"faces": {
				"north": {"uv": [11.75, 8.5, 12.75, 8.75], "rotation": 180, "texture": "#0"},
				"east": {"uv": [12.75, 8.75, 12.5, 8.5], "rotation": 90, "texture": "#0"},
				"south": {"uv": [11.75, 8.5, 12.75, 8.75], "texture": "#0"},
				"west": {"uv": [12, 8.75, 11.75, 8.5], "rotation": 270, "texture": "#0"},
				"up": {"uv": [12.75, 8.5, 11.75, 8.75], "rotation": 180, "texture": "#0"},
				"down": {"uv": [11.75, 8.5, 12.75, 8.75], "texture": "#0"}
			}
		},
		{
			"name": "halo_00_40",
			"from": [3.25, 7.875, 6.125],
			"to": [4.25, 8.625, 6.375],
			"rotation": {"angle": 0, "axis": "x", "origin": [8, 8, 0.125]},
			"faces": {
				"north": {"uv": [3.25, 8.75, 4.25, 9], "rotation": 180, "texture": "#0"},
				"east": {"uv": [4.25, 9, 4, 8.75], "rotation": 90, "texture": "#0"},
				"south": {"uv": [3.25, 8.75, 4.25, 9], "texture": "#0"},
				"west": {"uv": [3.5, 9, 3.25, 8.75], "rotation": 270, "texture": "#0"},
				"up": {"uv": [4.25, 8.75, 3.25, 9], "rotation": 180, "texture": "#0"},
				"down": {"uv": [3.25, 8.75, 4.25, 9], "texture": "#0"}
			}
		},
		{
			"name": "halo_00_41",
			"from": [11.75, 7.875, 6.125],
			"to": [12.75, 8.625, 6.375],
			"rotation": {"angle": 0, "axis": "x", "origin": [8, 8, 0.125]},
			"faces": {
				"north": {"uv": [11.75, 8.75, 12.75, 9], "rotation": 180, "texture": "#0"},
				"east": {"uv": [12.75, 9, 12.5, 8.75], "rotation": 90, "texture": "#0"},
				"south": {"uv": [11.75, 8.75, 12.75, 9], "texture": "#0"},
				"west": {"uv": [12, 9, 11.75, 8.75], "rotation": 270, "texture": "#0"},
				"up": {"uv": [12.75, 8.75, 11.75, 9], "rotation": 180, "texture": "#0"},
				"down": {"uv": [11.75, 8.75, 12.75, 9], "texture": "#0"}
			}
		},
		{
			"name": "halo_00_42",
			"from": [3.25, 7.875, 5.875],
			"to": [4.5, 8.625, 6.125],
			"rotation": {"angle": 0, "axis": "x", "origin": [8, 8, 0.125]},
			"faces": {
				"north": {"uv": [3.25, 9, 4.5, 9.25], "rotation": 180, "texture": "#0"},
				"east": {"uv": [4.5, 9.25, 4.25, 9], "rotation": 90, "texture": "#0"},
				"south": {"uv": [3.25, 9, 4.5, 9.25], "texture": "#0"},
				"west": {"uv": [3.5, 9.25, 3.25, 9], "rotation": 270, "texture": "#0"},
				"up": {"uv": [4.5, 9, 3.25, 9.25], "rotation": 180, "texture": "#0"},
				"down": {"uv": [3.25, 9, 4.5, 9.25], "texture": "#0"}
			}
		},
		{
			"name": "halo_00_43",
			"from": [11.5, 7.875, 5.875],
			"to": [12.75, 8.625, 6.125],
			"rotation": {"angle": 0, "axis": "x", "origin": [8, 8, 0.125]},
			"faces": {
				"north": {"uv": [11.5, 9, 12.75, 9.25], "rotation": 180, "texture": "#0"},
				"east": {"uv": [12.75, 9.25, 12.5, 9], "rotation": 90, "texture": "#0"},
				"south": {"uv": [11.5, 9, 12.75, 9.25], "texture": "#0"},
				"west": {"uv": [11.75, 9.25, 11.5, 9], "rotation": 270, "texture": "#0"},
				"up": {"uv": [12.75, 9, 11.5, 9.25], "rotation": 180, "texture": "#0"},
				"down": {"uv": [11.5, 9, 12.75, 9.25], "texture": "#0"}
			}
		},
		{
			"name": "halo_00_44",
			"from": [3.5, 7.875, 5.625],
			"to": [4.5, 8.625, 5.875],
			"rotation": {"angle": 0, "axis": "x", "origin": [8, 8, 0.125]},
			"faces": {
				"north": {"uv": [3.5, 9.25, 4.5, 9.5], "rotation": 180, "texture": "#0"},
				"east": {"uv": [4.5, 9.5, 4.25, 9.25], "rotation": 90, "texture": "#0"},
				"south": {"uv": [3.5, 9.25, 4.5, 9.5], "texture": "#0"},
				"west": {"uv": [3.75, 9.5, 3.5, 9.25], "rotation": 270, "texture": "#0"},
				"up": {"uv": [4.5, 9.25, 3.5, 9.5], "rotation": 180, "texture": "#0"},
				"down": {"uv": [3.5, 9.25, 4.5, 9.5], "texture": "#0"}
			}
		},
		{
			"name": "halo_00_45",
			"from": [11.5, 7.875, 5.625],
			"to": [12.5, 8.625, 5.875],
			"rotation": {"angle": 0, "axis": "x", "origin": [8, 8, 0.125]},
			"faces": {
				"north": {"uv": [11.5, 9.25, 12.5, 9.5], "rotation": 180, "texture": "#0"},
				"east": {"uv": [12.5, 9.5, 12.25, 9.25], "rotation": 90, "texture": "#0"},
				"south": {"uv": [11.5, 9.25, 12.5, 9.5], "texture": "#0"},
				"west": {"uv": [11.75, 9.5, 11.5, 9.25], "rotation": 270, "texture": "#0"},
				"up": {"uv": [12.5, 9.25, 11.5, 9.5], "rotation": 180, "texture": "#0"},
				"down": {"uv": [11.5, 9.25, 12.5, 9.5], "texture": "#0"}
			}
		},
		{
			"name": "halo_00_46",
			"from": [3.5, 7.875, 5.375],
			"to": [4.5, 8.625, 5.625],
			"rotation": {"angle": 0, "axis": "x", "origin": [8, 8, 0.125]},
			"faces": {
				"north": {"uv": [3.5, 9.5, 4.5, 9.75], "rotation": 180, "texture": "#0"},
				"east": {"uv": [4.5, 9.75, 4.25, 9.5], "rotation": 90, "texture": "#0"},
				"south": {"uv": [3.5, 9.5, 4.5, 9.75], "texture": "#0"},
				"west": {"uv": [3.75, 9.75, 3.5, 9.5], "rotation": 270, "texture": "#0"},
				"up": {"uv": [4.5, 9.5, 3.5, 9.75], "rotation": 180, "texture": "#0"},
				"down": {"uv": [3.5, 9.5, 4.5, 9.75], "texture": "#0"}
			}
		},
		{
			"name": "halo_00_47",
			"from": [11.5, 7.875, 5.375],
			"to": [12.5, 8.625, 5.625],
			"rotation": {"angle": 0, "axis": "x", "origin": [8, 8, 0.125]},
			"faces": {
				"north": {"uv": [11.5, 9.5, 12.5, 9.75], "rotation": 180, "texture": "#0"},
				"east": {"uv": [12.5, 9.75, 12.25, 9.5], "rotation": 90, "texture": "#0"},
				"south": {"uv": [11.5, 9.5, 12.5, 9.75], "texture": "#0"},
				"west": {"uv": [11.75, 9.75, 11.5, 9.5], "rotation": 270, "texture": "#0"},
				"up": {"uv": [12.5, 9.5, 11.5, 9.75], "rotation": 180, "texture": "#0"},
				"down": {"uv": [11.5, 9.5, 12.5, 9.75], "texture": "#0"}
			}
		},
		{
			"name": "halo_00_48",
			"from": [3.5, 7.875, 5.125],
			"to": [4.75, 8.625, 5.375],
			"rotation": {"angle": 0, "axis": "x", "origin": [8, 8, 0.125]},
			"faces": {
				"north": {"uv": [3.5, 9.75, 4.75, 10], "rotation": 180, "texture": "#0"},
				"east": {"uv": [4.75, 10, 4.5, 9.75], "rotation": 90, "texture": "#0"},
				"south": {"uv": [3.5, 9.75, 4.75, 10], "texture": "#0"},
				"west": {"uv": [3.75, 10, 3.5, 9.75], "rotation": 270, "texture": "#0"},
				"up": {"uv": [4.75, 9.75, 3.5, 10], "rotation": 180, "texture": "#0"},
				"down": {"uv": [3.5, 9.75, 4.75, 10], "texture": "#0"}
			}
		},
		{
			"name": "halo_00_49",
			"from": [11.25, 7.875, 5.125],
			"to": [12.5, 8.625, 5.375],
			"rotation": {"angle": 0, "axis": "x", "origin": [8, 8, 0.125]},
			"faces": {
				"north": {"uv": [11.25, 9.75, 12.5, 10], "rotation": 180, "texture": "#0"},
				"east": {"uv": [12.5, 10, 12.25, 9.75], "rotation": 90, "texture": "#0"},
				"south": {"uv": [11.25, 9.75, 12.5, 10], "texture": "#0"},
				"west": {"uv": [11.5, 10, 11.25, 9.75], "rotation": 270, "texture": "#0"},
				"up": {"uv": [12.5, 9.75, 11.25, 10], "rotation": 180, "texture": "#0"},
				"down": {"uv": [11.25, 9.75, 12.5, 10], "texture": "#0"}
			}
		},
		{
			"name": "halo_00_50",
			"from": [3.75, 7.875, 4.875],
			"to": [4.75, 8.625, 5.125],
			"rotation": {"angle": 0, "axis": "x", "origin": [8, 8, 0.125]},
			"faces": {
				"north": {"uv": [3.75, 10, 4.75, 10.25], "rotation": 180, "texture": "#0"},
				"east": {"uv": [4.75, 10.25, 4.5, 10], "rotation": 90, "texture": "#0"},
				"south": {"uv": [3.75, 10, 4.75, 10.25], "texture": "#0"},
				"west": {"uv": [4, 10.25, 3.75, 10], "rotation": 270, "texture": "#0"},
				"up": {"uv": [4.75, 10, 3.75, 10.25], "rotation": 180, "texture": "#0"},
				"down": {"uv": [3.75, 10, 4.75, 10.25], "texture": "#0"}
			}
		},
		{
			"name": "halo_00_51",
			"from": [11.25, 7.875, 4.875],
			"to": [12.25, 8.625, 5.125],
			"rotation": {"angle": 0, "axis": "x", "origin": [8, 8, 0.125]},
			"faces": {
				"north": {"uv": [11.25, 10, 12.25, 10.25], "rotation": 180, "texture": "#0"},
				"east": {"uv": [12.25, 10.25, 12, 10], "rotation": 90, "texture": "#0"},
				"south": {"uv": [11.25, 10, 12.25, 10.25], "texture": "#0"},
				"west": {"uv": [11.5, 10.25, 11.25, 10], "rotation": 270, "texture": "#0"},
				"up": {"uv": [12.25, 10, 11.25, 10.25], "rotation": 180, "texture": "#0"},
				"down": {"uv": [11.25, 10, 12.25, 10.25], "texture": "#0"}
			}
		},
		{
			"name": "halo_00_52",
			"from": [3.75, 7.875, 4.625],
			"to": [5, 8.625, 4.875],
			"rotation": {"angle": 0, "axis": "x", "origin": [8, 8, 0.125]},
			"faces": {
				"north": {"uv": [3.75, 10.25, 5, 10.5], "rotation": 180, "texture": "#0"},
				"east": {"uv": [5, 10.5, 4.75, 10.25], "rotation": 90, "texture": "#0"},
				"south": {"uv": [3.75, 10.25, 5, 10.5], "texture": "#0"},
				"west": {"uv": [4, 10.5, 3.75, 10.25], "rotation": 270, "texture": "#0"},
				"up": {"uv": [5, 10.25, 3.75, 10.5], "rotation": 180, "texture": "#0"},
				"down": {"uv": [3.75, 10.25, 5, 10.5], "texture": "#0"}
			}
		},
		{
			"name": "halo_00_53",
			"from": [11, 7.875, 4.625],
			"to": [12.25, 8.625, 4.875],
			"rotation": {"angle": 0, "axis": "x", "origin": [8, 8, 0.125]},
			"faces": {
				"north": {"uv": [11, 10.25, 12.25, 10.5], "rotation": 180, "texture": "#0"},
				"east": {"uv": [12.25, 10.5, 12, 10.25], "rotation": 90, "texture": "#0"},
				"south": {"uv": [11, 10.25, 12.25, 10.5], "texture": "#0"},
				"west": {"uv": [11.25, 10.5, 11, 10.25], "rotation": 270, "texture": "#0"},
				"up": {"uv": [12.25, 10.25, 11, 10.5], "rotation": 180, "texture": "#0"},
				"down": {"uv": [11, 10.25, 12.25, 10.5], "texture": "#0"}
			}
		},
		{
			"name": "halo_00_54",
			"from": [4, 7.875, 4.375],
			"to": [5.25, 8.625, 4.625],
			"rotation": {"angle": 0, "axis": "x", "origin": [8, 8, 0.125]},
			"faces": {
				"north": {"uv": [4, 10.5, 5.25, 10.75], "rotation": 180, "texture": "#0"},
				"east": {"uv": [5.25, 10.75, 5, 10.5], "rotation": 90, "texture": "#0"},
				"south": {"uv": [4, 10.5, 5.25, 10.75], "texture": "#0"},
				"west": {"uv": [4.25, 10.75, 4, 10.5], "rotation": 270, "texture": "#0"},
				"up": {"uv": [5.25, 10.5, 4, 10.75], "rotation": 180, "texture": "#0"},
				"down": {"uv": [4, 10.5, 5.25, 10.75], "texture": "#0"}
			}
		},
		{
			"name": "halo_00_55",
			"from": [10.75, 7.875, 4.375],
			"to": [12, 8.625, 4.625],
			"rotation": {"angle": 0, "axis": "x", "origin": [8, 8, 0.125]},
			"faces": {
				"north": {"uv": [10.75, 10.5, 12, 10.75], "rotation": 180, "texture": "#0"},
				"east": {"uv": [12, 10.75, 11.75, 10.5], "rotation": 90, "texture": "#0"},
				"south": {"uv": [10.75, 10.5, 12, 10.75], "texture": "#0"},
				"west": {"uv": [11, 10.75, 10.75, 10.5], "rotation": 270, "texture": "#0"},
				"up": {"uv": [12, 10.5, 10.75, 10.75], "rotation": 180, "texture": "#0"},
				"down": {"uv": [10.75, 10.5, 12, 10.75], "texture": "#0"}
			}
		},
		{
			"name": "halo_00_56",
			"from": [4.25, 7.875, 4.125],
			"to": [5.5, 8.625, 4.375],
			"rotation": {"angle": 0, "axis": "x", "origin": [8, 8, 0.125]},
			"faces": {
				"north": {"uv": [4.25, 10.75, 5.5, 11], "rotation": 180, "texture": "#0"},
				"east": {"uv": [5.5, 11, 5.25, 10.75], "rotation": 90, "texture": "#0"},
				"south": {"uv": [4.25, 10.75, 5.5, 11], "texture": "#0"},
				"west": {"uv": [4.5, 11, 4.25, 10.75], "rotation": 270, "texture": "#0"},
				"up": {"uv": [5.5, 10.75, 4.25, 11], "rotation": 180, "texture": "#0"},
				"down": {"uv": [4.25, 10.75, 5.5, 11], "texture": "#0"}
			}
		},
		{
			"name": "halo_00_57",
			"from": [10.5, 7.875, 4.125],
			"to": [11.75, 8.625, 4.375],
			"rotation": {"angle": 0, "axis": "x", "origin": [8, 8, 0.125]},
			"faces": {
				"north": {"uv": [10.5, 10.75, 11.75, 11], "rotation": 180, "texture": "#0"},
				"east": {"uv": [11.75, 11, 11.5, 10.75], "rotation": 90, "texture": "#0"},
				"south": {"uv": [10.5, 10.75, 11.75, 11], "texture": "#0"},
				"west": {"uv": [10.75, 11, 10.5, 10.75], "rotation": 270, "texture": "#0"},
				"up": {"uv": [11.75, 10.75, 10.5, 11], "rotation": 180, "texture": "#0"},
				"down": {"uv": [10.5, 10.75, 11.75, 11], "texture": "#0"}
			}
		},
		{
			"name": "halo_00_58",
			"from": [4.25, 7.875, 3.875],
			"to": [5.75, 8.625, 4.125],
			"rotation": {"angle": 0, "axis": "x", "origin": [8, 8, 0.125]},
			"faces": {
				"north": {"uv": [4.25, 11, 5.75, 11.25], "rotation": 180, "texture": "#0"},
				"east": {"uv": [5.75, 11.25, 5.5, 11], "rotation": 90, "texture": "#0"},
				"south": {"uv": [4.25, 11, 5.75, 11.25], "texture": "#0"},
				"west": {"uv": [4.5, 11.25, 4.25, 11], "rotation": 270, "texture": "#0"},
				"up": {"uv": [5.75, 11, 4.25, 11.25], "rotation": 180, "texture": "#0"},
				"down": {"uv": [4.25, 11, 5.75, 11.25], "texture": "#0"}
			}
		},
		{
			"name": "halo_00_59",
			"from": [10.25, 7.875, 3.875],
			"to": [11.75, 8.625, 4.125],
			"rotation": {"angle": 0, "axis": "x", "origin": [8, 8, 0.125]},
			"faces": {
				"north": {"uv": [10.25, 11, 11.75, 11.25], "rotation": 180, "texture": "#0"},
				"east": {"uv": [11.75, 11.25, 11.5, 11], "rotation": 90, "texture": "#0"},
				"south": {"uv": [10.25, 11, 11.75, 11.25], "texture": "#0"},
				"west": {"uv": [10.5, 11.25, 10.25, 11], "rotation": 270, "texture": "#0"},
				"up": {"uv": [11.75, 11, 10.25, 11.25], "rotation": 180, "texture": "#0"},
				"down": {"uv": [10.25, 11, 11.75, 11.25], "texture": "#0"}
			}
		},
		{
			"name": "halo_00_60",
			"from": [4.5, 7.875, 3.625],
			"to": [6.25, 8.625, 3.875],
			"rotation": {"angle": 0, "axis": "x", "origin": [8, 8, 0.125]},
			"faces": {
				"north": {"uv": [4.5, 11.25, 6.25, 11.5], "rotation": 180, "texture": "#0"},
				"east": {"uv": [6.25, 11.5, 6, 11.25], "rotation": 90, "texture": "#0"},
				"south": {"uv": [4.5, 11.25, 6.25, 11.5], "texture": "#0"},
				"west": {"uv": [4.75, 11.5, 4.5, 11.25], "rotation": 270, "texture": "#0"},
				"up": {"uv": [6.25, 11.25, 4.5, 11.5], "rotation": 180, "texture": "#0"},
				"down": {"uv": [4.5, 11.25, 6.25, 11.5], "texture": "#0"}
			}
		},
		{
			"name": "halo_00_61",
			"from": [9.75, 7.875, 3.625],
			"to": [11.5, 8.625, 3.875],
			"rotation": {"angle": 0, "axis": "x", "origin": [8, 8, 0.125]},
			"faces": {
				"north": {"uv": [9.75, 11.25, 11.5, 11.5], "rotation": 180, "texture": "#0"},
				"east": {"uv": [11.5, 11.5, 11.25, 11.25], "rotation": 90, "texture": "#0"},
				"south": {"uv": [9.75, 11.25, 11.5, 11.5], "texture": "#0"},
				"west": {"uv": [10, 11.5, 9.75, 11.25], "rotation": 270, "texture": "#0"},
				"up": {"uv": [11.5, 11.25, 9.75, 11.5], "rotation": 180, "texture": "#0"},
				"down": {"uv": [9.75, 11.25, 11.5, 11.5], "texture": "#0"}
			}
		},
		{
			"name": "halo_00_62",
			"from": [4.75, 7.875, 3.375],
			"to": [7, 8.625, 3.625],
			"rotation": {"angle": 0, "axis": "x", "origin": [8, 8, 0.125]},
			"faces": {
				"north": {"uv": [4.75, 11.5, 7, 11.75], "rotation": 180, "texture": "#0"},
				"east": {"uv": [7, 11.75, 6.75, 11.5], "rotation": 90, "texture": "#0"},
				"south": {"uv": [4.75, 11.5, 7, 11.75], "texture": "#0"},
				"west": {"uv": [5, 11.75, 4.75, 11.5], "rotation": 270, "texture": "#0"},
				"up": {"uv": [7, 11.5, 4.75, 11.75], "rotation": 180, "texture": "#0"},
				"down": {"uv": [4.75, 11.5, 7, 11.75], "texture": "#0"}
			}
		},
		{
			"name": "halo_00_63",
			"from": [9, 7.875, 3.375],
			"to": [11.25, 8.625, 3.625],
			"rotation": {"angle": 0, "axis": "x", "origin": [8, 8, 0.125]},
			"faces": {
				"north": {"uv": [9, 11.5, 11.25, 11.75], "rotation": 180, "texture": "#0"},
				"east": {"uv": [11.25, 11.75, 11, 11.5], "rotation": 90, "texture": "#0"},
				"south": {"uv": [9, 11.5, 11.25, 11.75], "texture": "#0"},
				"west": {"uv": [9.25, 11.75, 9, 11.5], "rotation": 270, "texture": "#0"},
				"up": {"uv": [11.25, 11.5, 9, 11.75], "rotation": 180, "texture": "#0"},
				"down": {"uv": [9, 11.5, 11.25, 11.75], "texture": "#0"}
			}
		},
		{
			"name": "halo_00_64",
			"from": [5.25, 7.875, 3.125],
			"to": [10.75, 8.625, 3.375],
			"rotation": {"angle": 0, "axis": "x", "origin": [8, 8, 0.125]},
			"faces": {
				"north": {"uv": [5.25, 11.75, 10.75, 12], "rotation": 180, "texture": "#0"},
				"east": {"uv": [10.5, 11.75, 10.75, 12], "rotation": 270, "texture": "#0"},
				"south": {"uv": [5.25, 11.75, 10.75, 12], "texture": "#0"},
				"west": {"uv": [5.25, 11.75, 5.5, 12], "rotation": 90, "texture": "#0"},
				"up": {"uv": [10.75, 11.75, 5.25, 12], "rotation": 180, "texture": "#0"},
				"down": {"uv": [5.25, 11.75, 10.75, 12], "texture": "#0"}
			}
		},
		{
			"name": "halo_00_65",
			"from": [5.5, 7.875, 2.875],
			"to": [10.5, 8.625, 3.125],
			"rotation": {"angle": 0, "axis": "x", "origin": [8, 8, 0.125]},
			"faces": {
				"north": {"uv": [5.5, 12, 10.5, 12.25], "rotation": 180, "texture": "#0"},
				"east": {"uv": [10.25, 12, 10.5, 12.25], "rotation": 270, "texture": "#0"},
				"south": {"uv": [5.5, 12, 10.5, 12.25], "texture": "#0"},
				"west": {"uv": [5.5, 12, 5.75, 12.25], "rotation": 90, "texture": "#0"},
				"up": {"uv": [10.5, 12, 5.5, 12.25], "rotation": 180, "texture": "#0"},
				"down": {"uv": [5.5, 12, 10.5, 12.25], "texture": "#0"}
			}
		},
		{
			"name": "halo_00_66",
			"from": [6, 7.875, 2.625],
			"to": [10, 8.625, 2.875],
			"rotation": {"angle": 0, "axis": "x", "origin": [8, 8, 0.125]},
			"faces": {
				"north": {"uv": [6, 12.25, 10, 12.5], "rotation": 180, "texture": "#0"},
				"east": {"uv": [9.75, 12.25, 10, 12.5], "rotation": 270, "texture": "#0"},
				"south": {"uv": [6, 12.25, 10, 12.5], "texture": "#0"},
				"west": {"uv": [6, 12.25, 6.25, 12.5], "rotation": 90, "texture": "#0"},
				"up": {"uv": [10, 12.25, 6, 12.5], "rotation": 180, "texture": "#0"},
				"down": {"uv": [6, 12.25, 10, 12.5], "texture": "#0"}
			}
		},
		{
			"name": "halo_00_67",
			"from": [6.75, 7.875, 2.375],
			"to": [9.25, 8.625, 2.625],
			"rotation": {"angle": 0, "axis": "x", "origin": [8, 8, 0.125]},
			"faces": {
				"north": {"uv": [6.75, 12.5, 9.25, 12.75], "rotation": 180, "texture": "#0"},
				"east": {"uv": [9, 12.5, 9.25, 12.75], "rotation": 270, "texture": "#0"},
				"south": {"uv": [6.75, 12.5, 9.25, 12.75], "texture": "#0"},
				"west": {"uv": [6.75, 12.5, 7, 12.75], "rotation": 90, "texture": "#0"},
				"up": {"uv": [9.25, 12.5, 6.75, 12.75], "rotation": 180, "texture": "#0"},
				"down": {"uv": [6.75, 12.5, 9.25, 12.75], "texture": "#0"}
			}
		},
		{
			"name": "halo_00_4",
			"from": [9, 7.875, 10.625],
			"to": [11.25, 8.625, 10.875],
			"rotation": {"angle": 0, "axis": "x", "origin": [8, 8, 0.125]},
			"faces": {
				"north": {"uv": [7, 4.25, 4.75, 4.5], "rotation": 180, "texture": "#0"},
				"east": {"uv": [5, 4.25, 4.75, 4.5], "rotation": 270, "texture": "#0"},
				"south": {"uv": [7, 4.25, 4.75, 4.5], "texture": "#0"},
				"west": {"uv": [7, 4.25, 6.75, 4.5], "rotation": 90, "texture": "#0"},
				"up": {"uv": [4.75, 4.25, 7, 4.5], "rotation": 180, "texture": "#0"},
				"down": {"uv": [7, 4.25, 4.75, 4.5], "texture": "#0"}
			}
		},
		{
			"name": "halo_00_5",
			"from": [4.75, 7.875, 10.625],
			"to": [7, 8.625, 10.875],
			"rotation": {"angle": 0, "axis": "x", "origin": [8, 8, 0.125]},
			"faces": {
				"north": {"uv": [11.25, 4.25, 9, 4.5], "rotation": 180, "texture": "#0"},
				"east": {"uv": [9.25, 4.25, 9, 4.5], "rotation": 270, "texture": "#0"},
				"south": {"uv": [11.25, 4.25, 9, 4.5], "texture": "#0"},
				"west": {"uv": [11.25, 4.25, 11, 4.5], "rotation": 90, "texture": "#0"},
				"up": {"uv": [9, 4.25, 11.25, 4.5], "rotation": 180, "texture": "#0"},
				"down": {"uv": [11.25, 4.25, 9, 4.5], "texture": "#0"}
			}
		},
		{
			"name": "halo_00_6",
			"from": [9.75, 7.875, 10.375],
			"to": [11.5, 8.625, 10.625],
			"rotation": {"angle": 0, "axis": "x", "origin": [8, 8, 0.125]},
			"faces": {
				"north": {"uv": [6.25, 4.5, 4.5, 4.75], "rotation": 180, "texture": "#0"},
				"east": {"uv": [4.75, 4.5, 4.5, 4.75], "rotation": 270, "texture": "#0"},
				"south": {"uv": [6.25, 4.5, 4.5, 4.75], "texture": "#0"},
				"west": {"uv": [6.25, 4.5, 6, 4.75], "rotation": 90, "texture": "#0"},
				"up": {"uv": [4.5, 4.5, 6.25, 4.75], "rotation": 180, "texture": "#0"},
				"down": {"uv": [6.25, 4.5, 4.5, 4.75], "texture": "#0"}
			}
		},
		{
			"name": "halo_00_7",
			"from": [4.5, 7.875, 10.375],
			"to": [6.25, 8.625, 10.625],
			"rotation": {"angle": 0, "axis": "x", "origin": [8, 8, 0.125]},
			"faces": {
				"north": {"uv": [11.5, 4.5, 9.75, 4.75], "rotation": 180, "texture": "#0"},
				"east": {"uv": [10, 4.5, 9.75, 4.75], "rotation": 270, "texture": "#0"},
				"south": {"uv": [11.5, 4.5, 9.75, 4.75], "texture": "#0"},
				"west": {"uv": [11.5, 4.5, 11.25, 4.75], "rotation": 90, "texture": "#0"},
				"up": {"uv": [9.75, 4.5, 11.5, 4.75], "rotation": 180, "texture": "#0"},
				"down": {"uv": [11.5, 4.5, 9.75, 4.75], "texture": "#0"}
			}
		},
		{
			"name": "halo_00_8",
			"from": [10.25, 7.875, 10.125],
			"to": [11.75, 8.625, 10.375],
			"rotation": {"angle": 0, "axis": "x", "origin": [8, 8, 0.125]},
			"faces": {
				"north": {"uv": [5.75, 4.75, 4.25, 5], "rotation": 180, "texture": "#0"},
				"east": {"uv": [4.5, 4.75, 4.25, 5], "rotation": 270, "texture": "#0"},
				"south": {"uv": [5.75, 4.75, 4.25, 5], "texture": "#0"},
				"west": {"uv": [5.75, 4.75, 5.5, 5], "rotation": 90, "texture": "#0"},
				"up": {"uv": [4.25, 4.75, 5.75, 5], "rotation": 180, "texture": "#0"},
				"down": {"uv": [5.75, 4.75, 4.25, 5], "texture": "#0"}
			}
		},
		{
			"name": "halo_00_9",
			"from": [4.25, 7.875, 10.125],
			"to": [5.75, 8.625, 10.375],
			"rotation": {"angle": 0, "axis": "x", "origin": [8, 8, 0.125]},
			"faces": {
				"north": {"uv": [11.75, 4.75, 10.25, 5], "rotation": 180, "texture": "#0"},
				"east": {"uv": [10.5, 4.75, 10.25, 5], "rotation": 270, "texture": "#0"},
				"south": {"uv": [11.75, 4.75, 10.25, 5], "texture": "#0"},
				"west": {"uv": [11.75, 4.75, 11.5, 5], "rotation": 90, "texture": "#0"},
				"up": {"uv": [10.25, 4.75, 11.75, 5], "rotation": 180, "texture": "#0"},
				"down": {"uv": [11.75, 4.75, 10.25, 5], "texture": "#0"}
			}
		},
		{
			"name": "halo_00_10",
			"from": [10.5, 7.875, 9.875],
			"to": [11.75, 8.625, 10.125],
			"rotation": {"angle": 0, "axis": "x", "origin": [8, 8, 0.125]},
			"faces": {
				"north": {"uv": [5.5, 5, 4.25, 5.25], "rotation": 180, "texture": "#0"},
				"east": {"uv": [4.5, 5, 4.25, 5.25], "rotation": 270, "texture": "#0"},
				"south": {"uv": [5.5, 5, 4.25, 5.25], "texture": "#0"},
				"west": {"uv": [5.5, 5, 5.25, 5.25], "rotation": 90, "texture": "#0"},
				"up": {"uv": [4.25, 5, 5.5, 5.25], "rotation": 180, "texture": "#0"},
				"down": {"uv": [5.5, 5, 4.25, 5.25], "texture": "#0"}
			}
		},
		{
			"name": "halo_00_11",
			"from": [4.25, 7.875, 9.875],
			"to": [5.5, 8.625, 10.125],
			"rotation": {"angle": 0, "axis": "x", "origin": [8, 8, 0.125]},
			"faces": {
				"north": {"uv": [11.75, 5, 10.5, 5.25], "rotation": 180, "texture": "#0"},
				"east": {"uv": [10.75, 5, 10.5, 5.25], "rotation": 270, "texture": "#0"},
				"south": {"uv": [11.75, 5, 10.5, 5.25], "texture": "#0"},
				"west": {"uv": [11.75, 5, 11.5, 5.25], "rotation": 90, "texture": "#0"},
				"up": {"uv": [10.5, 5, 11.75, 5.25], "rotation": 180, "texture": "#0"},
				"down": {"uv": [11.75, 5, 10.5, 5.25], "texture": "#0"}
			}
		},
		{
			"name": "halo_00_12",
			"from": [10.75, 7.875, 9.625],
			"to": [12, 8.625, 9.875],
			"rotation": {"angle": 0, "axis": "x", "origin": [8, 8, 0.125]},
			"faces": {
				"north": {"uv": [5.25, 5.25, 4, 5.5], "rotation": 180, "texture": "#0"},
				"east": {"uv": [4.25, 5.25, 4, 5.5], "rotation": 270, "texture": "#0"},
				"south": {"uv": [5.25, 5.25, 4, 5.5], "texture": "#0"},
				"west": {"uv": [5.25, 5.25, 5, 5.5], "rotation": 90, "texture": "#0"},
				"up": {"uv": [4, 5.25, 5.25, 5.5], "rotation": 180, "texture": "#0"},
				"down": {"uv": [5.25, 5.25, 4, 5.5], "texture": "#0"}
			}
		},
		{
			"name": "halo_00_13",
			"from": [4, 7.875, 9.625],
			"to": [5.25, 8.625, 9.875],
			"rotation": {"angle": 0, "axis": "x", "origin": [8, 8, 0.125]},
			"faces": {
				"north": {"uv": [12, 5.25, 10.75, 5.5], "rotation": 180, "texture": "#0"},
				"east": {"uv": [11, 5.25, 10.75, 5.5], "rotation": 270, "texture": "#0"},
				"south": {"uv": [12, 5.25, 10.75, 5.5], "texture": "#0"},
				"west": {"uv": [12, 5.25, 11.75, 5.5], "rotation": 90, "texture": "#0"},
				"up": {"uv": [10.75, 5.25, 12, 5.5], "rotation": 180, "texture": "#0"},
				"down": {"uv": [12, 5.25, 10.75, 5.5], "texture": "#0"}
			}
		},
		{
			"name": "halo_00_14",
			"from": [11, 7.875, 9.375],
			"to": [12.25, 8.625, 9.625],
			"rotation": {"angle": 0, "axis": "x", "origin": [8, 8, 0.125]},
			"faces": {
				"north": {"uv": [5, 5.5, 3.75, 5.75], "rotation": 180, "texture": "#0"},
				"east": {"uv": [4, 5.5, 3.75, 5.75], "rotation": 270, "texture": "#0"},
				"south": {"uv": [5, 5.5, 3.75, 5.75], "texture": "#0"},
				"west": {"uv": [5, 5.5, 4.75, 5.75], "rotation": 90, "texture": "#0"},
				"up": {"uv": [3.75, 5.5, 5, 5.75], "rotation": 180, "texture": "#0"},
				"down": {"uv": [5, 5.5, 3.75, 5.75], "texture": "#0"}
			}
		},
		{
			"name": "halo_00_15",
			"from": [3.75, 7.875, 9.375],
			"to": [5, 8.625, 9.625],
			"rotation": {"angle": 0, "axis": "x", "origin": [8, 8, 0.125]},
			"faces": {
				"north": {"uv": [12.25, 5.5, 11, 5.75], "rotation": 180, "texture": "#0"},
				"east": {"uv": [11.25, 5.5, 11, 5.75], "rotation": 270, "texture": "#0"},
				"south": {"uv": [12.25, 5.5, 11, 5.75], "texture": "#0"},
				"west": {"uv": [12.25, 5.5, 12, 5.75], "rotation": 90, "texture": "#0"},
				"up": {"uv": [11, 5.5, 12.25, 5.75], "rotation": 180, "texture": "#0"},
				"down": {"uv": [12.25, 5.5, 11, 5.75], "texture": "#0"}
			}
		},
		{
			"name": "halo_00_16",
			"from": [11.25, 7.875, 9.125],
			"to": [12.25, 8.625, 9.375],
			"rotation": {"angle": 0, "axis": "x", "origin": [8, 8, 0.125]},
			"faces": {
				"north": {"uv": [4.75, 5.75, 3.75, 6], "rotation": 180, "texture": "#0"},
				"east": {"uv": [4, 5.75, 3.75, 6], "rotation": 270, "texture": "#0"},
				"south": {"uv": [4.75, 5.75, 3.75, 6], "texture": "#0"},
				"west": {"uv": [4.75, 5.75, 4.5, 6], "rotation": 90, "texture": "#0"},
				"up": {"uv": [3.75, 5.75, 4.75, 6], "rotation": 180, "texture": "#0"},
				"down": {"uv": [4.75, 5.75, 3.75, 6], "texture": "#0"}
			}
		},
		{
			"name": "halo_00_17",
			"from": [3.75, 7.875, 9.125],
			"to": [4.75, 8.625, 9.375],
			"rotation": {"angle": 0, "axis": "x", "origin": [8, 8, 0.125]},
			"faces": {
				"north": {"uv": [12.25, 5.75, 11.25, 6], "rotation": 180, "texture": "#0"},
				"east": {"uv": [11.5, 5.75, 11.25, 6], "rotation": 270, "texture": "#0"},
				"south": {"uv": [12.25, 5.75, 11.25, 6], "texture": "#0"},
				"west": {"uv": [12.25, 5.75, 12, 6], "rotation": 90, "texture": "#0"},
				"up": {"uv": [11.25, 5.75, 12.25, 6], "rotation": 180, "texture": "#0"},
				"down": {"uv": [12.25, 5.75, 11.25, 6], "texture": "#0"}
			}
		},
		{
			"name": "halo_00_18",
			"from": [11.25, 7.875, 8.875],
			"to": [12.5, 8.625, 9.125],
			"rotation": {"angle": 0, "axis": "x", "origin": [8, 8, 0.125]},
			"faces": {
				"north": {"uv": [4.75, 6, 3.5, 6.25], "rotation": 180, "texture": "#0"},
				"east": {"uv": [3.75, 6, 3.5, 6.25], "rotation": 270, "texture": "#0"},
				"south": {"uv": [4.75, 6, 3.5, 6.25], "texture": "#0"},
				"west": {"uv": [4.75, 6, 4.5, 6.25], "rotation": 90, "texture": "#0"},
				"up": {"uv": [3.5, 6, 4.75, 6.25], "rotation": 180, "texture": "#0"},
				"down": {"uv": [4.75, 6, 3.5, 6.25], "texture": "#0"}
			}
		},
		{
			"name": "halo_00_19",
			"from": [3.5, 7.875, 8.875],
			"to": [4.75, 8.625, 9.125],
			"rotation": {"angle": 0, "axis": "x", "origin": [8, 8, 0.125]},
			"faces": {
				"north": {"uv": [12.5, 6, 11.25, 6.25], "rotation": 180, "texture": "#0"},
				"east": {"uv": [11.5, 6, 11.25, 6.25], "rotation": 270, "texture": "#0"},
				"south": {"uv": [12.5, 6, 11.25, 6.25], "texture": "#0"},
				"west": {"uv": [12.5, 6, 12.25, 6.25], "rotation": 90, "texture": "#0"},
				"up": {"uv": [11.25, 6, 12.5, 6.25], "rotation": 180, "texture": "#0"},
				"down": {"uv": [12.5, 6, 11.25, 6.25], "texture": "#0"}
			}
		},
		{
			"name": "halo_00_20",
			"from": [11.5, 7.875, 8.625],
			"to": [12.5, 8.625, 8.875],
			"rotation": {"angle": 0, "axis": "x", "origin": [8, 8, 0.125]},
			"faces": {
				"north": {"uv": [4.5, 6.25, 3.5, 6.5], "rotation": 180, "texture": "#0"},
				"east": {"uv": [3.75, 6.25, 3.5, 6.5], "rotation": 270, "texture": "#0"},
				"south": {"uv": [4.5, 6.25, 3.5, 6.5], "texture": "#0"},
				"west": {"uv": [4.5, 6.25, 4.25, 6.5], "rotation": 90, "texture": "#0"},
				"up": {"uv": [3.5, 6.25, 4.5, 6.5], "rotation": 180, "texture": "#0"},
				"down": {"uv": [4.5, 6.25, 3.5, 6.5], "texture": "#0"}
			}
		},
		{
			"name": "halo_00_21",
			"from": [3.5, 7.875, 8.625],
			"to": [4.5, 8.625, 8.875],
			"rotation": {"angle": 0, "axis": "x", "origin": [8, 8, 0.125]},
			"faces": {
				"north": {"uv": [12.5, 6.25, 11.5, 6.5], "rotation": 180, "texture": "#0"},
				"east": {"uv": [11.75, 6.25, 11.5, 6.5], "rotation": 270, "texture": "#0"},
				"south": {"uv": [12.5, 6.25, 11.5, 6.5], "texture": "#0"},
				"west": {"uv": [12.5, 6.25, 12.25, 6.5], "rotation": 90, "texture": "#0"},
				"up": {"uv": [11.5, 6.25, 12.5, 6.5], "rotation": 180, "texture": "#0"},
				"down": {"uv": [12.5, 6.25, 11.5, 6.5], "texture": "#0"}
			}
		},
		{
			"name": "halo_00_22",
			"from": [11.5, 7.875, 8.375],
			"to": [12.5, 8.625, 8.625],
			"rotation": {"angle": 0, "axis": "x", "origin": [8, 8, 0.125]},
			"faces": {
				"north": {"uv": [4.5, 6.5, 3.5, 6.75], "rotation": 180, "texture": "#0"},
				"east": {"uv": [3.75, 6.5, 3.5, 6.75], "rotation": 270, "texture": "#0"},
				"south": {"uv": [4.5, 6.5, 3.5, 6.75], "texture": "#0"},
				"west": {"uv": [4.5, 6.5, 4.25, 6.75], "rotation": 90, "texture": "#0"},
				"up": {"uv": [3.5, 6.5, 4.5, 6.75], "rotation": 180, "texture": "#0"},
				"down": {"uv": [4.5, 6.5, 3.5, 6.75], "texture": "#0"}
			}
		},
		{
			"name": "halo_00_23",
			"from": [3.5, 7.875, 8.375],
			"to": [4.5, 8.625, 8.625],
			"rotation": {"angle": 0, "axis": "x", "origin": [8, 8, 0.125]},
			"faces": {
				"north": {"uv": [12.5, 6.5, 11.5, 6.75], "rotation": 180, "texture": "#0"},
				"east": {"uv": [11.75, 6.5, 11.5, 6.75], "rotation": 270, "texture": "#0"},
				"south": {"uv": [12.5, 6.5, 11.5, 6.75], "texture": "#0"},
				"west": {"uv": [12.5, 6.5, 12.25, 6.75], "rotation": 90, "texture": "#0"},
				"up": {"uv": [11.5, 6.5, 12.5, 6.75], "rotation": 180, "texture": "#0"},
				"down": {"uv": [12.5, 6.5, 11.5, 6.75], "texture": "#0"}
			}
		},
		{
			"name": "halo_00_24",
			"from": [11.5, 7.875, 8.125],
			"to": [12.75, 8.625, 8.375],
			"rotation": {"angle": 0, "axis": "x", "origin": [8, 8, 0.125]},
			"faces": {
				"north": {"uv": [4.5, 6.75, 3.25, 7], "rotation": 180, "texture": "#0"},
				"east": {"uv": [3.5, 6.75, 3.25, 7], "rotation": 270, "texture": "#0"},
				"south": {"uv": [4.5, 6.75, 3.25, 7], "texture": "#0"},
				"west": {"uv": [4.5, 6.75, 4.25, 7], "rotation": 90, "texture": "#0"},
				"up": {"uv": [3.25, 6.75, 4.5, 7], "rotation": 180, "texture": "#0"},
				"down": {"uv": [4.5, 6.75, 3.25, 7], "texture": "#0"}
			}
		},
		{
			"name": "halo_00_25",
			"from": [3.25, 7.875, 8.125],
			"to": [4.5, 8.625, 8.375],
			"rotation": {"angle": 0, "axis": "x", "origin": [8, 8, 0.125]},
			"faces": {
				"north": {"uv": [12.75, 6.75, 11.5, 7], "rotation": 180, "texture": "#0"},
				"east": {"uv": [11.75, 6.75, 11.5, 7], "rotation": 270, "texture": "#0"},
				"south": {"uv": [12.75, 6.75, 11.5, 7], "texture": "#0"},
				"west": {"uv": [12.75, 6.75, 12.5, 7], "rotation": 90, "texture": "#0"},
				"up": {"uv": [11.5, 6.75, 12.75, 7], "rotation": 180, "texture": "#0"},
				"down": {"uv": [12.75, 6.75, 11.5, 7], "texture": "#0"}
			}
		},
		{
			"name": "halo_00_26",
			"from": [11.75, 7.875, 7.875],
			"to": [12.75, 8.625, 8.125],
			"rotation": {"angle": 0, "axis": "x", "origin": [8, 8, 0.125]},
			"faces": {
				"north": {"uv": [4.25, 7, 3.25, 7.25], "rotation": 180, "texture": "#0"},
				"east": {"uv": [3.5, 7, 3.25, 7.25], "rotation": 270, "texture": "#0"},
				"south": {"uv": [4.25, 7, 3.25, 7.25], "texture": "#0"},
				"west": {"uv": [4.25, 7, 4, 7.25], "rotation": 90, "texture": "#0"},
				"up": {"uv": [3.25, 7, 4.25, 7.25], "rotation": 180, "texture": "#0"},
				"down": {"uv": [4.25, 7, 3.25, 7.25], "texture": "#0"}
			}
		},
		{
			"name": "halo_00_27",
			"from": [3.25, 7.875, 7.875],
			"to": [4.25, 8.625, 8.125],
			"rotation": {"angle": 0, "axis": "x", "origin": [8, 8, 0.125]},
			"faces": {
				"north": {"uv": [12.75, 7, 11.75, 7.25], "rotation": 180, "texture": "#0"},
				"east": {"uv": [12, 7, 11.75, 7.25], "rotation": 270, "texture": "#0"},
				"south": {"uv": [12.75, 7, 11.75, 7.25], "texture": "#0"},
				"west": {"uv": [12.75, 7, 12.5, 7.25], "rotation": 90, "texture": "#0"},
				"up": {"uv": [11.75, 7, 12.75, 7.25], "rotation": 180, "texture": "#0"},
				"down": {"uv": [12.75, 7, 11.75, 7.25], "texture": "#0"}
			}
		},
		{
			"name": "halo_00_28",
			"from": [11.75, 7.875, 7.625],
			"to": [12.75, 8.625, 7.875],
			"rotation": {"angle": 0, "axis": "x", "origin": [8, 8, 0.125]},
			"faces": {
				"north": {"uv": [4.25, 7.25, 3.25, 7.5], "rotation": 180, "texture": "#0"},
				"east": {"uv": [3.5, 7.25, 3.25, 7.5], "rotation": 270, "texture": "#0"},
				"south": {"uv": [4.25, 7.25, 3.25, 7.5], "texture": "#0"},
				"west": {"uv": [4.25, 7.25, 4, 7.5], "rotation": 90, "texture": "#0"},
				"up": {"uv": [3.25, 7.25, 4.25, 7.5], "rotation": 180, "texture": "#0"},
				"down": {"uv": [4.25, 7.25, 3.25, 7.5], "texture": "#0"}
			}
		},
		{
			"name": "halo_00_29",
			"from": [3.25, 7.875, 7.625],
			"to": [4.25, 8.625, 7.875],
			"rotation": {"angle": 0, "axis": "x", "origin": [8, 8, 0.125]},
			"faces": {
				"north": {"uv": [12.75, 7.25, 11.75, 7.5], "rotation": 180, "texture": "#0"},
				"east": {"uv": [12, 7.25, 11.75, 7.5], "rotation": 270, "texture": "#0"},
				"south": {"uv": [12.75, 7.25, 11.75, 7.5], "texture": "#0"},
				"west": {"uv": [12.75, 7.25, 12.5, 7.5], "rotation": 90, "texture": "#0"},
				"up": {"uv": [11.75, 7.25, 12.75, 7.5], "rotation": 180, "texture": "#0"},
				"down": {"uv": [12.75, 7.25, 11.75, 7.5], "texture": "#0"}
			}
		},
		{
			"name": "halo_00_30",
			"from": [11.75, 7.875, 7.375],
			"to": [12.75, 8.625, 7.625],
			"rotation": {"angle": 0, "axis": "x", "origin": [8, 8, 0.125]},
			"faces": {
				"north": {"uv": [4.25, 7.5, 3.25, 7.75], "rotation": 180, "texture": "#0"},
				"east": {"uv": [3.5, 7.5, 3.25, 7.75], "rotation": 270, "texture": "#0"},
				"south": {"uv": [4.25, 7.5, 3.25, 7.75], "texture": "#0"},
				"west": {"uv": [4.25, 7.5, 4, 7.75], "rotation": 90, "texture": "#0"},
				"up": {"uv": [3.25, 7.5, 4.25, 7.75], "rotation": 180, "texture": "#0"},
				"down": {"uv": [4.25, 7.5, 3.25, 7.75], "texture": "#0"}
			}
		},
		{
			"name": "halo_00_31",
			"from": [3.25, 7.875, 7.375],
			"to": [4.25, 8.625, 7.625],
			"rotation": {"angle": 0, "axis": "x", "origin": [8, 8, 0.125]},
			"faces": {
				"north": {"uv": [12.75, 7.5, 11.75, 7.75], "rotation": 180, "texture": "#0"},
				"east": {"uv": [12, 7.5, 11.75, 7.75], "rotation": 270, "texture": "#0"},
				"south": {"uv": [12.75, 7.5, 11.75, 7.75], "texture": "#0"},
				"west": {"uv": [12.75, 7.5, 12.5, 7.75], "rotation": 90, "texture": "#0"},
				"up": {"uv": [11.75, 7.5, 12.75, 7.75], "rotation": 180, "texture": "#0"},
				"down": {"uv": [12.75, 7.5, 11.75, 7.75], "texture": "#0"}
			}
		},
		{
			"name": "halo_00_32",
			"from": [11.75, 7.875, 7.125],
			"to": [12.75, 8.625, 7.375],
			"rotation": {"angle": 0, "axis": "x", "origin": [8, 8, 0.125]},
			"faces": {
				"north": {"uv": [4.25, 7.75, 3.25, 8], "rotation": 180, "texture": "#0"},
				"east": {"uv": [3.5, 7.75, 3.25, 8], "rotation": 270, "texture": "#0"},
				"south": {"uv": [4.25, 7.75, 3.25, 8], "texture": "#0"},
				"west": {"uv": [4.25, 7.75, 4, 8], "rotation": 90, "texture": "#0"},
				"up": {"uv": [3.25, 7.75, 4.25, 8], "rotation": 180, "texture": "#0"},
				"down": {"uv": [4.25, 7.75, 3.25, 8], "texture": "#0"}
			}
		},
		{
			"name": "halo_00_33",
			"from": [3.25, 7.875, 7.125],
			"to": [4.25, 8.625, 7.375],
			"rotation": {"angle": 0, "axis": "x", "origin": [8, 8, 0.125]},
			"faces": {
				"north": {"uv": [12.75, 7.75, 11.75, 8], "rotation": 180, "texture": "#0"},
				"east": {"uv": [12, 7.75, 11.75, 8], "rotation": 270, "texture": "#0"},
				"south": {"uv": [12.75, 7.75, 11.75, 8], "texture": "#0"},
				"west": {"uv": [12.75, 7.75, 12.5, 8], "rotation": 90, "texture": "#0"},
				"up": {"uv": [11.75, 7.75, 12.75, 8], "rotation": 180, "texture": "#0"},
				"down": {"uv": [12.75, 7.75, 11.75, 8], "texture": "#0"}
			}
		},
		{
			"name": "halo_00_34",
			"from": [11.75, 7.875, 6.875],
			"to": [12.75, 8.625, 7.125],
			"rotation": {"angle": 0, "axis": "x", "origin": [8, 8, 0.125]},
			"faces": {
				"north": {"uv": [4.25, 8, 3.25, 8.25], "rotation": 180, "texture": "#0"},
				"east": {"uv": [3.5, 8, 3.25, 8.25], "rotation": 270, "texture": "#0"},
				"south": {"uv": [4.25, 8, 3.25, 8.25], "texture": "#0"},
				"west": {"uv": [4.25, 8, 4, 8.25], "rotation": 90, "texture": "#0"},
				"up": {"uv": [3.25, 8, 4.25, 8.25], "rotation": 180, "texture": "#0"},
				"down": {"uv": [4.25, 8, 3.25, 8.25], "texture": "#0"}
			}
		},
		{
			"name": "halo_00_35",
			"from": [3.25, 7.875, 6.875],
			"to": [4.25, 8.625, 7.125],
			"rotation": {"angle": 0, "axis": "x", "origin": [8, 8, 0.125]},
			"faces": {
				"north": {"uv": [12.75, 8, 11.75, 8.25], "rotation": 180, "texture": "#0"},
				"east": {"uv": [12, 8, 11.75, 8.25], "rotation": 270, "texture": "#0"},
				"south": {"uv": [12.75, 8, 11.75, 8.25], "texture": "#0"},
				"west": {"uv": [12.75, 8, 12.5, 8.25], "rotation": 90, "texture": "#0"},
				"up": {"uv": [11.75, 8, 12.75, 8.25], "rotation": 180, "texture": "#0"},
				"down": {"uv": [12.75, 8, 11.75, 8.25], "texture": "#0"}
			}
		},
		{
			"name": "halo_00_36",
			"from": [11.75, 7.875, 6.625],
			"to": [12.75, 8.625, 6.875],
			"rotation": {"angle": 0, "axis": "x", "origin": [8, 8, 0.125]},
			"faces": {
				"north": {"uv": [4.25, 8.25, 3.25, 8.5], "rotation": 180, "texture": "#0"},
				"east": {"uv": [3.5, 8.25, 3.25, 8.5], "rotation": 270, "texture": "#0"},
				"south": {"uv": [4.25, 8.25, 3.25, 8.5], "texture": "#0"},
				"west": {"uv": [4.25, 8.25, 4, 8.5], "rotation": 90, "texture": "#0"},
				"up": {"uv": [3.25, 8.25, 4.25, 8.5], "rotation": 180, "texture": "#0"},
				"down": {"uv": [4.25, 8.25, 3.25, 8.5], "texture": "#0"}
			}
		},
		{
			"name": "halo_00_37",
			"from": [3.25, 7.875, 6.625],
			"to": [4.25, 8.625, 6.875],
			"rotation": {"angle": 0, "axis": "x", "origin": [8, 8, 0.125]},
			"faces": {
				"north": {"uv": [12.75, 8.25, 11.75, 8.5], "rotation": 180, "texture": "#0"},
				"east": {"uv": [12, 8.25, 11.75, 8.5], "rotation": 270, "texture": "#0"},
				"south": {"uv": [12.75, 8.25, 11.75, 8.5], "texture": "#0"},
				"west": {"uv": [12.75, 8.25, 12.5, 8.5], "rotation": 90, "texture": "#0"},
				"up": {"uv": [11.75, 8.25, 12.75, 8.5], "rotation": 180, "texture": "#0"},
				"down": {"uv": [12.75, 8.25, 11.75, 8.5], "texture": "#0"}
			}
		},
		{
			"name": "halo_00_38",
			"from": [11.75, 7.875, 6.375],
			"to": [12.75, 8.625, 6.625],
			"rotation": {"angle": 0, "axis": "x", "origin": [8, 8, 0.125]},
			"faces": {
				"north": {"uv": [4.25, 8.5, 3.25, 8.75], "rotation": 180, "texture": "#0"},
				"east": {"uv": [3.5, 8.5, 3.25, 8.75], "rotation": 270, "texture": "#0"},
				"south": {"uv": [4.25, 8.5, 3.25, 8.75], "texture": "#0"},
				"west": {"uv": [4.25, 8.5, 4, 8.75], "rotation": 90, "texture": "#0"},
				"up": {"uv": [3.25, 8.5, 4.25, 8.75], "rotation": 180, "texture": "#0"},
				"down": {"uv": [4.25, 8.5, 3.25, 8.75], "texture": "#0"}
			}
		},
		{
			"name": "halo_00_39",
			"from": [3.25, 7.875, 6.375],
			"to": [4.25, 8.625, 6.625],
			"rotation": {"angle": 0, "axis": "x", "origin": [8, 8, 0.125]},
			"faces": {
				"north": {"uv": [12.75, 8.5, 11.75, 8.75], "rotation": 180, "texture": "#0"},
				"east": {"uv": [12, 8.5, 11.75, 8.75], "rotation": 270, "texture": "#0"},
				"south": {"uv": [12.75, 8.5, 11.75, 8.75], "texture": "#0"},
				"west": {"uv": [12.75, 8.5, 12.5, 8.75], "rotation": 90, "texture": "#0"},
				"up": {"uv": [11.75, 8.5, 12.75, 8.75], "rotation": 180, "texture": "#0"},
				"down": {"uv": [12.75, 8.5, 11.75, 8.75], "texture": "#0"}
			}
		},
		{
			"name": "halo_00_40",
			"from": [11.75, 7.875, 6.125],
			"to": [12.75, 8.625, 6.375],
			"rotation": {"angle": 0, "axis": "x", "origin": [8, 8, 0.125]},
			"faces": {
				"north": {"uv": [4.25, 8.75, 3.25, 9], "rotation": 180, "texture": "#0"},
				"east": {"uv": [3.5, 8.75, 3.25, 9], "rotation": 270, "texture": "#0"},
				"south": {"uv": [4.25, 8.75, 3.25, 9], "texture": "#0"},
				"west": {"uv": [4.25, 8.75, 4, 9], "rotation": 90, "texture": "#0"},
				"up": {"uv": [3.25, 8.75, 4.25, 9], "rotation": 180, "texture": "#0"},
				"down": {"uv": [4.25, 8.75, 3.25, 9], "texture": "#0"}
			}
		},
		{
			"name": "halo_00_41",
			"from": [3.25, 7.875, 6.125],
			"to": [4.25, 8.625, 6.375],
			"rotation": {"angle": 0, "axis": "x", "origin": [8, 8, 0.125]},
			"faces": {
				"north": {"uv": [12.75, 8.75, 11.75, 9], "rotation": 180, "texture": "#0"},
				"east": {"uv": [12, 8.75, 11.75, 9], "rotation": 270, "texture": "#0"},
				"south": {"uv": [12.75, 8.75, 11.75, 9], "texture": "#0"},
				"west": {"uv": [12.75, 8.75, 12.5, 9], "rotation": 90, "texture": "#0"},
				"up": {"uv": [11.75, 8.75, 12.75, 9], "rotation": 180, "texture": "#0"},
				"down": {"uv": [12.75, 8.75, 11.75, 9], "texture": "#0"}
			}
		},
		{
			"name": "halo_00_42",
			"from": [11.5, 7.875, 5.875],
			"to": [12.75, 8.625, 6.125],
			"rotation": {"angle": 0, "axis": "x", "origin": [8, 8, 0.125]},
			"faces": {
				"north": {"uv": [4.5, 9, 3.25, 9.25], "rotation": 180, "texture": "#0"},
				"east": {"uv": [3.5, 9, 3.25, 9.25], "rotation": 270, "texture": "#0"},
				"south": {"uv": [4.5, 9, 3.25, 9.25], "texture": "#0"},
				"west": {"uv": [4.5, 9, 4.25, 9.25], "rotation": 90, "texture": "#0"},
				"up": {"uv": [3.25, 9, 4.5, 9.25], "rotation": 180, "texture": "#0"},
				"down": {"uv": [4.5, 9, 3.25, 9.25], "texture": "#0"}
			}
		},
		{
			"name": "halo_00_43",
			"from": [3.25, 7.875, 5.875],
			"to": [4.5, 8.625, 6.125],
			"rotation": {"angle": 0, "axis": "x", "origin": [8, 8, 0.125]},
			"faces": {
				"north": {"uv": [12.75, 9, 11.5, 9.25], "rotation": 180, "texture": "#0"},
				"east": {"uv": [11.75, 9, 11.5, 9.25], "rotation": 270, "texture": "#0"},
				"south": {"uv": [12.75, 9, 11.5, 9.25], "texture": "#0"},
				"west": {"uv": [12.75, 9, 12.5, 9.25], "rotation": 90, "texture": "#0"},
				"up": {"uv": [11.5, 9, 12.75, 9.25], "rotation": 180, "texture": "#0"},
				"down": {"uv": [12.75, 9, 11.5, 9.25], "texture": "#0"}
			}
		},
		{
			"name": "halo_00_44",
			"from": [11.5, 7.875, 5.625],
			"to": [12.5, 8.625, 5.875],
			"rotation": {"angle": 0, "axis": "x", "origin": [8, 8, 0.125]},
			"faces": {
				"north": {"uv": [4.5, 9.25, 3.5, 9.5], "rotation": 180, "texture": "#0"},
				"east": {"uv": [3.75, 9.25, 3.5, 9.5], "rotation": 270, "texture": "#0"},
				"south": {"uv": [4.5, 9.25, 3.5, 9.5], "texture": "#0"},
				"west": {"uv": [4.5, 9.25, 4.25, 9.5], "rotation": 90, "texture": "#0"},
				"up": {"uv": [3.5, 9.25, 4.5, 9.5], "rotation": 180, "texture": "#0"},
				"down": {"uv": [4.5, 9.25, 3.5, 9.5], "texture": "#0"}
			}
		},
		{
			"name": "halo_00_45",
			"from": [3.5, 7.875, 5.625],
			"to": [4.5, 8.625, 5.875],
			"rotation": {"angle": 0, "axis": "x", "origin": [8, 8, 0.125]},
			"faces": {
				"north": {"uv": [12.5, 9.25, 11.5, 9.5], "rotation": 180, "texture": "#0"},
				"east": {"uv": [11.75, 9.25, 11.5, 9.5], "rotation": 270, "texture": "#0"},
				"south": {"uv": [12.5, 9.25, 11.5, 9.5], "texture": "#0"},
				"west": {"uv": [12.5, 9.25, 12.25, 9.5], "rotation": 90, "texture": "#0"},
				"up": {"uv": [11.5, 9.25, 12.5, 9.5], "rotation": 180, "texture": "#0"},
				"down": {"uv": [12.5, 9.25, 11.5, 9.5], "texture": "#0"}
			}
		},
		{
			"name": "halo_00_46",
			"from": [11.5, 7.875, 5.375],
			"to": [12.5, 8.625, 5.625],
			"rotation": {"angle": 0, "axis": "x", "origin": [8, 8, 0.125]},
			"faces": {
				"north": {"uv": [4.5, 9.5, 3.5, 9.75], "rotation": 180, "texture": "#0"},
				"east": {"uv": [3.75, 9.5, 3.5, 9.75], "rotation": 270, "texture": "#0"},
				"south": {"uv": [4.5, 9.5, 3.5, 9.75], "texture": "#0"},
				"west": {"uv": [4.5, 9.5, 4.25, 9.75], "rotation": 90, "texture": "#0"},
				"up": {"uv": [3.5, 9.5, 4.5, 9.75], "rotation": 180, "texture": "#0"},
				"down": {"uv": [4.5, 9.5, 3.5, 9.75], "texture": "#0"}
			}
		},
		{
			"name": "halo_00_47",
			"from": [3.5, 7.875, 5.375],
			"to": [4.5, 8.625, 5.625],
			"rotation": {"angle": 0, "axis": "x", "origin": [8, 8, 0.125]},
			"faces": {
				"north": {"uv": [12.5, 9.5, 11.5, 9.75], "rotation": 180, "texture": "#0"},
				"east": {"uv": [11.75, 9.5, 11.5, 9.75], "rotation": 270, "texture": "#0"},
				"south": {"uv": [12.5, 9.5, 11.5, 9.75], "texture": "#0"},
				"west": {"uv": [12.5, 9.5, 12.25, 9.75], "rotation": 90, "texture": "#0"},
				"up": {"uv": [11.5, 9.5, 12.5, 9.75], "rotation": 180, "texture": "#0"},
				"down": {"uv": [12.5, 9.5, 11.5, 9.75], "texture": "#0"}
			}
		},
		{
			"name": "halo_00_48",
			"from": [11.25, 7.875, 5.125],
			"to": [12.5, 8.625, 5.375],
			"rotation": {"angle": 0, "axis": "x", "origin": [8, 8, 0.125]},
			"faces": {
				"north": {"uv": [4.75, 9.75, 3.5, 10], "rotation": 180, "texture": "#0"},
				"east": {"uv": [3.75, 9.75, 3.5, 10], "rotation": 270, "texture": "#0"},
				"south": {"uv": [4.75, 9.75, 3.5, 10], "texture": "#0"},
				"west": {"uv": [4.75, 9.75, 4.5, 10], "rotation": 90, "texture": "#0"},
				"up": {"uv": [3.5, 9.75, 4.75, 10], "rotation": 180, "texture": "#0"},
				"down": {"uv": [4.75, 9.75, 3.5, 10], "texture": "#0"}
			}
		},
		{
			"name": "halo_00_49",
			"from": [3.5, 7.875, 5.125],
			"to": [4.75, 8.625, 5.375],
			"rotation": {"angle": 0, "axis": "x", "origin": [8, 8, 0.125]},
			"faces": {
				"north": {"uv": [12.5, 9.75, 11.25, 10], "rotation": 180, "texture": "#0"},
				"east": {"uv": [11.5, 9.75, 11.25, 10], "rotation": 270, "texture": "#0"},
				"south": {"uv": [12.5, 9.75, 11.25, 10], "texture": "#0"},
				"west": {"uv": [12.5, 9.75, 12.25, 10], "rotation": 90, "texture": "#0"},
				"up": {"uv": [11.25, 9.75, 12.5, 10], "rotation": 180, "texture": "#0"},
				"down": {"uv": [12.5, 9.75, 11.25, 10], "texture": "#0"}
			}
		},
		{
			"name": "halo_00_50",
			"from": [11.25, 7.875, 4.875],
			"to": [12.25, 8.625, 5.125],
			"rotation": {"angle": 0, "axis": "x", "origin": [8, 8, 0.125]},
			"faces": {
				"north": {"uv": [4.75, 10, 3.75, 10.25], "rotation": 180, "texture": "#0"},
				"east": {"uv": [4, 10, 3.75, 10.25], "rotation": 270, "texture": "#0"},
				"south": {"uv": [4.75, 10, 3.75, 10.25], "texture": "#0"},
				"west": {"uv": [4.75, 10, 4.5, 10.25], "rotation": 90, "texture": "#0"},
				"up": {"uv": [3.75, 10, 4.75, 10.25], "rotation": 180, "texture": "#0"},
				"down": {"uv": [4.75, 10, 3.75, 10.25], "texture": "#0"}
			}
		},
		{
			"name": "halo_00_51",
			"from": [3.75, 7.875, 4.875],
			"to": [4.75, 8.625, 5.125],
			"rotation": {"angle": 0, "axis": "x", "origin": [8, 8, 0.125]},
			"faces": {
				"north": {"uv": [12.25, 10, 11.25, 10.25], "rotation": 180, "texture": "#0"},
				"east": {"uv": [11.5, 10, 11.25, 10.25], "rotation": 270, "texture": "#0"},
				"south": {"uv": [12.25, 10, 11.25, 10.25], "texture": "#0"},
				"west": {"uv": [12.25, 10, 12, 10.25], "rotation": 90, "texture": "#0"},
				"up": {"uv": [11.25, 10, 12.25, 10.25], "rotation": 180, "texture": "#0"},
				"down": {"uv": [12.25, 10, 11.25, 10.25], "texture": "#0"}
			}
		},
		{
			"name": "halo_00_52",
			"from": [11, 7.875, 4.625],
			"to": [12.25, 8.625, 4.875],
			"rotation": {"angle": 0, "axis": "x", "origin": [8, 8, 0.125]},
			"faces": {
				"north": {"uv": [5, 10.25, 3.75, 10.5], "rotation": 180, "texture": "#0"},
				"east": {"uv": [4, 10.25, 3.75, 10.5], "rotation": 270, "texture": "#0"},
				"south": {"uv": [5, 10.25, 3.75, 10.5], "texture": "#0"},
				"west": {"uv": [5, 10.25, 4.75, 10.5], "rotation": 90, "texture": "#0"},
				"up": {"uv": [3.75, 10.25, 5, 10.5], "rotation": 180, "texture": "#0"},
				"down": {"uv": [5, 10.25, 3.75, 10.5], "texture": "#0"}
			}
		},
		{
			"name": "halo_00_53",
			"from": [3.75, 7.875, 4.625],
			"to": [5, 8.625, 4.875],
			"rotation": {"angle": 0, "axis": "x", "origin": [8, 8, 0.125]},
			"faces": {
				"north": {"uv": [12.25, 10.25, 11, 10.5], "rotation": 180, "texture": "#0"},
				"east": {"uv": [11.25, 10.25, 11, 10.5], "rotation": 270, "texture": "#0"},
				"south": {"uv": [12.25, 10.25, 11, 10.5], "texture": "#0"},
				"west": {"uv": [12.25, 10.25, 12, 10.5], "rotation": 90, "texture": "#0"},
				"up": {"uv": [11, 10.25, 12.25, 10.5], "rotation": 180, "texture": "#0"},
				"down": {"uv": [12.25, 10.25, 11, 10.5], "texture": "#0"}
			}
		},
		{
			"name": "halo_00_54",
			"from": [10.75, 7.875, 4.375],
			"to": [12, 8.625, 4.625],
			"rotation": {"angle": 0, "axis": "x", "origin": [8, 8, 0.125]},
			"faces": {
				"north": {"uv": [5.25, 10.5, 4, 10.75], "rotation": 180, "texture": "#0"},
				"east": {"uv": [4.25, 10.5, 4, 10.75], "rotation": 270, "texture": "#0"},
				"south": {"uv": [5.25, 10.5, 4, 10.75], "texture": "#0"},
				"west": {"uv": [5.25, 10.5, 5, 10.75], "rotation": 90, "texture": "#0"},
				"up": {"uv": [4, 10.5, 5.25, 10.75], "rotation": 180, "texture": "#0"},
				"down": {"uv": [5.25, 10.5, 4, 10.75], "texture": "#0"}
			}
		},
		{
			"name": "halo_00_55",
			"from": [4, 7.875, 4.375],
			"to": [5.25, 8.625, 4.625],
			"rotation": {"angle": 0, "axis": "x", "origin": [8, 8, 0.125]},
			"faces": {
				"north": {"uv": [12, 10.5, 10.75, 10.75], "rotation": 180, "texture": "#0"},
				"east": {"uv": [11, 10.5, 10.75, 10.75], "rotation": 270, "texture": "#0"},
				"south": {"uv": [12, 10.5, 10.75, 10.75], "texture": "#0"},
				"west": {"uv": [12, 10.5, 11.75, 10.75], "rotation": 90, "texture": "#0"},
				"up": {"uv": [10.75, 10.5, 12, 10.75], "rotation": 180, "texture": "#0"},
				"down": {"uv": [12, 10.5, 10.75, 10.75], "texture": "#0"}
			}
		},
		{
			"name": "halo_00_56",
			"from": [10.5, 7.875, 4.125],
			"to": [11.75, 8.625, 4.375],
			"rotation": {"angle": 0, "axis": "x", "origin": [8, 8, 0.125]},
			"faces": {
				"north": {"uv": [5.5, 10.75, 4.25, 11], "rotation": 180, "texture": "#0"},
				"east": {"uv": [4.5, 10.75, 4.25, 11], "rotation": 270, "texture": "#0"},
				"south": {"uv": [5.5, 10.75, 4.25, 11], "texture": "#0"},
				"west": {"uv": [5.5, 10.75, 5.25, 11], "rotation": 90, "texture": "#0"},
				"up": {"uv": [4.25, 10.75, 5.5, 11], "rotation": 180, "texture": "#0"},
				"down": {"uv": [5.5, 10.75, 4.25, 11], "texture": "#0"}
			}
		},
		{
			"name": "halo_00_57",
			"from": [4.25, 7.875, 4.125],
			"to": [5.5, 8.625, 4.375],
			"rotation": {"angle": 0, "axis": "x", "origin": [8, 8, 0.125]},
			"faces": {
				"north": {"uv": [11.75, 10.75, 10.5, 11], "rotation": 180, "texture": "#0"},
				"east": {"uv": [10.75, 10.75, 10.5, 11], "rotation": 270, "texture": "#0"},
				"south": {"uv": [11.75, 10.75, 10.5, 11], "texture": "#0"},
				"west": {"uv": [11.75, 10.75, 11.5, 11], "rotation": 90, "texture": "#0"},
				"up": {"uv": [10.5, 10.75, 11.75, 11], "rotation": 180, "texture": "#0"},
				"down": {"uv": [11.75, 10.75, 10.5, 11], "texture": "#0"}
			}
		},
		{
			"name": "halo_00_58",
			"from": [10.25, 7.875, 3.875],
			"to": [11.75, 8.625, 4.125],
			"rotation": {"angle": 0, "axis": "x", "origin": [8, 8, 0.125]},
			"faces": {
				"north": {"uv": [5.75, 11, 4.25, 11.25], "rotation": 180, "texture": "#0"},
				"east": {"uv": [4.5, 11, 4.25, 11.25], "rotation": 270, "texture": "#0"},
				"south": {"uv": [5.75, 11, 4.25, 11.25], "texture": "#0"},
				"west": {"uv": [5.75, 11, 5.5, 11.25], "rotation": 90, "texture": "#0"},
				"up": {"uv": [4.25, 11, 5.75, 11.25], "rotation": 180, "texture": "#0"},
				"down": {"uv": [5.75, 11, 4.25, 11.25], "texture": "#0"}
			}
		},
		{
			"name": "halo_00_59",
			"from": [4.25, 7.875, 3.875],
			"to": [5.75, 8.625, 4.125],
			"rotation": {"angle": 0, "axis": "x", "origin": [8, 8, 0.125]},
			"faces": {
				"north": {"uv": [11.75, 11, 10.25, 11.25], "rotation": 180, "texture": "#0"},
				"east": {"uv": [10.5, 11, 10.25, 11.25], "rotation": 270, "texture": "#0"},
				"south": {"uv": [11.75, 11, 10.25, 11.25], "texture": "#0"},
				"west": {"uv": [11.75, 11, 11.5, 11.25], "rotation": 90, "texture": "#0"},
				"up": {"uv": [10.25, 11, 11.75, 11.25], "rotation": 180, "texture": "#0"},
				"down": {"uv": [11.75, 11, 10.25, 11.25], "texture": "#0"}
			}
		},
		{
			"name": "halo_00_60",
			"from": [9.75, 7.875, 3.625],
			"to": [11.5, 8.625, 3.875],
			"rotation": {"angle": 0, "axis": "x", "origin": [8, 8, 0.125]},
			"faces": {
				"north": {"uv": [6.25, 11.25, 4.5, 11.5], "rotation": 180, "texture": "#0"},
				"east": {"uv": [4.75, 11.25, 4.5, 11.5], "rotation": 270, "texture": "#0"},
				"south": {"uv": [6.25, 11.25, 4.5, 11.5], "texture": "#0"},
				"west": {"uv": [6.25, 11.25, 6, 11.5], "rotation": 90, "texture": "#0"},
				"up": {"uv": [4.5, 11.25, 6.25, 11.5], "rotation": 180, "texture": "#0"},
				"down": {"uv": [6.25, 11.25, 4.5, 11.5], "texture": "#0"}
			}
		},
		{
			"name": "halo_00_61",
			"from": [4.5, 7.875, 3.625],
			"to": [6.25, 8.625, 3.875],
			"rotation": {"angle": 0, "axis": "x", "origin": [8, 8, 0.125]},
			"faces": {
				"north": {"uv": [11.5, 11.25, 9.75, 11.5], "rotation": 180, "texture": "#0"},
				"east": {"uv": [10, 11.25, 9.75, 11.5], "rotation": 270, "texture": "#0"},
				"south": {"uv": [11.5, 11.25, 9.75, 11.5], "texture": "#0"},
				"west": {"uv": [11.5, 11.25, 11.25, 11.5], "rotation": 90, "texture": "#0"},
				"up": {"uv": [9.75, 11.25, 11.5, 11.5], "rotation": 180, "texture": "#0"},
				"down": {"uv": [11.5, 11.25, 9.75, 11.5], "texture": "#0"}
			}
		},
		{
			"name": "halo_00_62",
			"from": [9, 7.875, 3.375],
			"to": [11.25, 8.625, 3.625],
			"rotation": {"angle": 0, "axis": "x", "origin": [8, 8, 0.125]},
			"faces": {
				"north": {"uv": [7, 11.5, 4.75, 11.75], "rotation": 180, "texture": "#0"},
				"east": {"uv": [5, 11.5, 4.75, 11.75], "rotation": 270, "texture": "#0"},
				"south": {"uv": [7, 11.5, 4.75, 11.75], "texture": "#0"},
				"west": {"uv": [7, 11.5, 6.75, 11.75], "rotation": 90, "texture": "#0"},
				"up": {"uv": [4.75, 11.5, 7, 11.75], "rotation": 180, "texture": "#0"},
				"down": {"uv": [7, 11.5, 4.75, 11.75], "texture": "#0"}
			}
		},
		{
			"name": "halo_00_63",
			"from": [4.75, 7.875, 3.375],
			"to": [7, 8.625, 3.625],
			"rotation": {"angle": 0, "axis": "x", "origin": [8, 8, 0.125]},
			"faces": {
				"north": {"uv": [11.25, 11.5, 9, 11.75], "rotation": 180, "texture": "#0"},
				"east": {"uv": [9.25, 11.5, 9, 11.75], "rotation": 270, "texture": "#0"},
				"south": {"uv": [11.25, 11.5, 9, 11.75], "texture": "#0"},
				"west": {"uv": [11.25, 11.5, 11, 11.75], "rotation": 90, "texture": "#0"},
				"up": {"uv": [9, 11.5, 11.25, 11.75], "rotation": 180, "texture": "#0"},
				"down": {"uv": [11.25, 11.5, 9, 11.75], "texture": "#0"}
			}
		}
	],
	"display": {
		"gui": {
			"rotation": [90, 0, 0]
		},
		"head": {
			"rotation": [21.75, 0, 0],
			"translation": [0, 10.25, 4.75]
		}
	},
	"groups": [
		{
			"name": "halo_00",
			"origin": [8, 8, 8],
			"color": 0,
			"children": [
				0,
				1,
				2,
				3,
				4,
				5,
				6,
				7,
				8,
				9,
				10,
				11,
				12,
				13,
				14,
				15,
				16,
				17,
				18,
				19,
				20,
				21,
				22,
				23,
				24,
				25,
				26,
				27,
				28,
				29,
				30,
				31,
				32,
				33,
				34,
				35,
				36,
				37,
				38,
				39,
				40,
				41,
				42,
				43,
				44,
				45,
				46,
				47,
				48,
				49,
				50,
				51,
				52,
				53,
				54,
				55,
				56,
				57,
				58,
				59,
				60,
				61,
				62,
				63,
				64,
				65,
				66,
				67,
				68,
				69,
				70,
				71,
				72,
				73,
				74,
				75,
				76,
				77,
				78,
				79,
				80,
				81,
				82,
				83,
				84,
				85,
				86,
				87,
				88,
				89,
				90,
				91,
				92,
				93,
				94,
				95,
				96,
				97,
				98,
				99,
				100,
				101,
				102,
				103,
				104,
				105,
				106,
				107,
				108,
				109,
				110,
				111,
				112,
				113,
				114,
				115,
				116,
				117,
				118,
				119,
				120,
				121,
				122,
				123,
				124,
				125,
				126,
				127
			]
		}
	]
}