{
	"credit": "Made with Blockbench",
	"parent": "item/generated",
	"textures": {
		"layer0": "items/dye_1"
	},
	"display": {
		"thirdperson_righthand": {
			"scale": [0, 0, 0]
		},
		"thirdperson_lefthand": {
			"scale": [0, 0, 0]
		},
		"firstperson_righthand": {
			"translation": [-9.035, 8.1, 0],
			"scale": [1, 1, 0.1]
		},
		"firstperson_lefthand": {
			"translation": [-9.035, 8.1, 0],
			"scale": [1, 1, 0.1]
		},
		"gui": {
			"rotation": [45, -30, 45],
			"scale": [0.25, 0.25, 0.1]
		}
	}
}