{
	"credit": "Made with Blockbench",
	"ambientocclusion": false,
	"textures": {
		"2": "blocks/lantern_hook",
		"particle": "blocks/lantern",
		"lantern": "blocks/lantern"
	},
	"elements": [
		{
			"from": [7, 1, 5],
			"to": [13, 8, 11],
			"rotation": {"angle": 0, "axis": "y", "origin": [2, 0, 0]},
			"faces": {
				"north": {"uv": [0, 2, 6, 9], "texture": "#lantern"},
				"east": {"uv": [0, 2, 6, 9], "texture": "#lantern"},
				"south": {"uv": [0, 2, 6, 9], "texture": "#lantern"},
				"west": {"uv": [0, 2, 6, 9], "texture": "#lantern"},
				"up": {"uv": [0, 9, 6, 15], "texture": "#lantern"},
				"down": {"uv": [0, 9, 6, 15], "texture": "#lantern"}
			}
		},
		{
			"from": [8, 8, 6],
			"to": [12, 10, 10],
			"rotation": {"angle": 0, "axis": "y", "origin": [2, 0, 0]},
			"faces": {
				"north": {"uv": [1, 0, 5, 2], "texture": "#lantern"},
				"east": {"uv": [1, 0, 5, 2], "texture": "#lantern"},
				"south": {"uv": [1, 0, 5, 2], "texture": "#lantern"},
				"west": {"uv": [1, 0, 5, 2], "texture": "#lantern"},
				"up": {"uv": [1, 10, 5, 14], "texture": "#lantern"},
				"down": {"uv": [1, 10, 5, 14], "texture": "#lantern"}
			}
		},
		{
			"from": [10, 10, 6.5],
			"to": [10, 15, 9.5],
			"shade": false,
			"rotation": {"angle": 45, "axis": "y", "origin": [10, 8, 8]},
			"faces": {
				"east": {"uv": [11, 8, 14, 13], "texture": "#lantern"},
				"west": {"uv": [14, 8, 11, 13], "texture": "#lantern"}
			}
		},
		{
			"from": [0, 5, 6],
			"to": [1, 14, 10],
			"faces": {
				"north": {"uv": [4, 0, 5, 9], "texture": "#2"},
				"east": {"uv": [0, 0, 4, 9], "texture": "#2"},
				"south": {"uv": [4, 0, 5, 9], "texture": "#2"},
				"west": {"uv": [0, 0, 4, 9], "texture": "#2"},
				"up": {"uv": [4, 9, 5, 13], "texture": "#2"},
				"down": {"uv": [4, 9, 5, 13], "texture": "#2"}
			}
		},
		{
			"from": [1, 11, 7.5],
			"to": [11, 12, 8.5],
			"faces": {
				"north": {"uv": [5, 0, 6, 10], "rotation": 270, "texture": "#2"},
				"south": {"uv": [5, 0, 6, 10], "rotation": 90, "texture": "#2"},
				"up": {"uv": [5, 0, 6, 10], "rotation": 90, "texture": "#2"},
				"down": {"uv": [5, 0, 6, 10], "rotation": 90, "texture": "#2"}
			}
		},
		{
			"from": [11, 10.5, 7],
			"to": [12, 12.5, 9],
			"faces": {
				"north": {"uv": [2, 9, 3, 11], "texture": "#2"},
				"east": {"uv": [0, 9, 2, 11], "texture": "#2"},
				"south": {"uv": [2, 9, 3, 11], "texture": "#2"},
				"west": {"uv": [0, 9, 2, 11], "texture": "#2"},
				"up": {"uv": [2, 9, 3, 11], "texture": "#2"},
				"down": {"uv": [2, 9, 3, 11], "texture": "#2"}
			}
		}
	]
}