{
	"credit": "Made with Blockbench",
	"parent": "minecraft:item/handheld",
	"textures": {
		"1": "item/gun/ar/vandal_r",
		"particle": "item/gun/ar/vandal_r",
		"layer0": "item/gun/ar/vandal"
	},
	"display": {
		"thirdperson_righthand": {
			"rotation": [-45, -110, 0],
			"translation": [-1, 1, -2]
		},
		"thirdperson_lefthand": {
			"rotation": [-45, 70, 0],
			"translation": [-1, 1, -2]
		},
		"firstperson_righthand": {
			"rotation": [163, -80.5, -151],
			"translation": [1, 6.75, 2]
		},
		"firstperson_lefthand": {
			"rotation": [-25, 110, 0],
			"translation": [8, 6, 2]
		},
		"head": {
			"rotation": [90, 0, 0],
			"scale": [1.5, 1.5, 1]
		}
	}
}