{
	"credit": "Made with Blockbench",
	"parent": "item/handheld",
	"textures": {
		"layer0": "items/1037"
	},
	"display": {
		"thirdperson_righthand": {
			"rotation": [0, -90, 45],
			"translation": [0, 1.5, -1.75]
		},
		"thirdperson_lefthand": {
			"rotation": [0, 90, -45],
			"translation": [0, 1.5, -1.75]
		},
		"firstperson_righthand": {
			"rotation": [-27.25, -88.25, 8.5],
			"translation": [2.5, 0, 0]
		},
		"firstperson_lefthand": {
			"rotation": [-44.25, 88.25, 8.5],
			"translation": [2.5, 0, 0]
		},
		"head": {
			"rotation": [90, 0, 0],
			"translation": [0, -5.25, 0],
			"scale": [2, 2, 1.5]
		}
	}
}