{
	"credit": "Made with Blockbench",
	"parent": "item/handheld",
	"textures": {
		"layer0": "items/0198"
	},
	"display": {
		"thirdperson_righthand": {
			"rotation": [0, -90, 45],
			"translation": [0, 8.5, -3.25],
			"scale": [2, 2, 1]
		},
		"thirdperson_lefthand": {
			"rotation": [0, 90, -45],
			"translation": [0, 8.5, -3.5],
			"scale": [2, 2, 1]
		},
		"firstperson_righthand": {
			"rotation": [0, -90, 55],
			"translation": [3, 3, 0],
			"scale": [1.5, 1.5, 1]
		},
		"firstperson_lefthand": {
			"rotation": [-55, 90, 0],
			"translation": [3, 3, 0],
			"scale": [1.5, 1.5, 1]
		},
		"ground": {
			"rotation": [90, 0, 0],
			"translation": [0, -3, 0],
			"scale": [2, 2, 1]
		},
		"gui": {
			"scale": [1.2, 1.2, 1]
		},
		"head": {
			"rotation": [0, 0, -180],
			"translation": [0, -19, 7],
			"scale": [2.5, 2.5, 1]
		}
	}
}