{
	"credit": "Made with Blockbench",
	"parent": "item/handheld",
	"texture_size": [15, 15],
	"textures": {
		"particle": "items/0107",
		"layer0": "items/0107"
	},
	"display": {
		"thirdperson_righthand": {
			"rotation": [-47, -89, 0],
			"translation": [0, 1, -3],
			"scale": [1.18, 1.18, 1.18]
		},
		"firstperson_righthand": {
			"rotation": [-55, -85, -3],
			"translation": [1.75, 1.25, -2.25],
			"scale": [1.38, 1.38, 1.38]
		},
		"firstperson_lefthand": {
			"translation": [80, 80, 80],
			"scale": [0, 0, 0]
		},
		"ground": {
			"rotation": [87, 0, -1],
			"translation": [0, -1.25, 0],
			"scale": [1.81, 1.81, 1.2]
		},
		"gui": {
			"rotation": [0, 180, 8],
			"translation": [-1.25, -0.25, 0],
			"scale": [1.16, 1.16, 1.16]
		},
		"fixed": {
			"translation": [1.5, -0.25, 0.25],
			"scale": [1.4, 1.4, 1.45]
		}
	}
}